"row_index","batch","cell_type","cell_observed_mixing_score"
1,"P56_batch2","PT2",0.233333333333333
2,"P56_batch2","PT2",0.466666666666667
3,"P56_batch2","PT",0.566666666666667
4,"P56_batch2","PT2",0.266666666666667
5,"P56_batch2","immune",0.6
6,"P56_batch2","DCT",0.366666666666667
7,"P56_batch2","PT",0.633333333333333
8,"P56_batch2","LOH",0.466666666666667
9,"P56_batch2","PT",0.666666666666667
10,"P56_batch2","PT",0.266666666666667
11,"P56_batch2","DCT",0.433333333333333
12,"P56_batch2","CNT",0.366666666666667
13,"P56_batch2","CNT",0.466666666666667
14,"P56_batch2","PT",0.6
15,"P56_batch2","stroma1",0.266666666666667
16,"P56_batch2","DCT",0.433333333333333
17,"P56_batch2","DCT",0.4
18,"P56_batch2","DCT",0.566666666666667
19,"P56_batch2","CNT",0.1
20,"P56_batch2","PT2",0.433333333333333
21,"P56_batch2","PT2",0.3
22,"P56_batch2","PT",0.7
23,"P56_batch2","PT2",0.433333333333333
24,"P56_batch2","PT",0.5
25,"P56_batch2","PT2",0.5
26,"P56_batch2","PT",0.433333333333333
27,"P56_batch2","PT",0.633333333333333
28,"P56_batch2","PT2",0.5
29,"P56_batch2","PT",0.533333333333333
30,"P56_batch2","PT",0.6
31,"P56_batch2","PT_out",0.433333333333333
32,"P56_batch2","LOH",0.433333333333333
33,"P56_batch2","PT",0.566666666666667
34,"P56_batch2","Endo",0.666666666666667
35,"P56_batch2","PT",0.266666666666667
36,"P56_batch2","IC",0.3
37,"P56_batch2","DCT",0.633333333333333
38,"P56_batch2","PT",0.466666666666667
39,"P56_batch2","stroma2",0.433333333333333
40,"P56_batch2","PT",0.266666666666667
41,"P56_batch2","PT",0.433333333333333
42,"P56_batch2","PT",0.533333333333333
43,"P56_batch2","PT",0.5
44,"P56_batch2","PT",0.433333333333333
45,"P56_batch2","PT",0.466666666666667
46,"P56_batch2","LOH",0.7
47,"P56_batch2","DCT",0.466666666666667
48,"P56_batch2","DCT",0.5
49,"P56_batch2","PT2",0.5
50,"P56_batch2","immune",0.2
51,"P56_batch2","immune",0.6
52,"P56_batch2","IC",0.433333333333333
53,"P56_batch2","PT",0.466666666666667
54,"P56_batch2","LOH",0.6
55,"P56_batch2","PT2",0.333333333333333
56,"P56_batch2","PT",0.533333333333333
57,"P56_batch2","immune",0.2
58,"P56_batch2","DCT",0.233333333333333
59,"P56_batch2","PT",0.366666666666667
60,"P56_batch2","PT",0.633333333333333
61,"P56_batch2","LOH",0.6
62,"P56_batch2","PT2",0.2
63,"P56_batch2","PT",0.5
64,"P56_batch2","LOH",0.466666666666667
65,"P56_batch2","LOH",0.566666666666667
66,"P56_batch2","PT_out",0.5
67,"P56_batch2","LOH",0.7
68,"P56_batch2","PT_out",0.666666666666667
69,"P56_batch2","Endo",0.833333333333333
70,"P56_batch2","PT",0.266666666666667
71,"P56_batch2","DCT",0.266666666666667
72,"P56_batch2","PT2",0.333333333333333
73,"P56_batch2","PT2",0.266666666666667
74,"P56_batch2","LOH",0.566666666666667
75,"P56_batch2","PT2",0.533333333333333
76,"P56_batch2","LOH",0.633333333333333
77,"P56_batch2","PT2",0.4
78,"P56_batch2","PT",0.433333333333333
79,"P56_batch2","DCT",0.466666666666667
80,"P56_batch2","PC",0.333333333333333
81,"P56_batch2","IC",0.466666666666667
82,"P56_batch2","DCT",0.433333333333333
83,"P56_batch2","PT",0.266666666666667
84,"P56_batch2","PT",0.533333333333333
85,"P56_batch2","PT",0.3
86,"P56_batch2","DCT",0.266666666666667
87,"P56_batch2","IC",0.4
88,"P56_batch2","LOH",0.5
89,"P56_batch2","LOH",0.466666666666667
90,"P56_batch2","stroma2",0.533333333333333
91,"P56_batch2","PT2",0.466666666666667
92,"P56_batch2","Endo",0.666666666666667
93,"P56_batch2","LOH",0.8
94,"P56_batch2","Endo",0.666666666666667
95,"P56_batch2","PT",0.533333333333333
96,"P56_batch2","PT",0.4
97,"P56_batch2","PT",0.366666666666667
98,"P56_batch2","PT",0.566666666666667
99,"P56_batch2","PT2",0.466666666666667
100,"P56_batch2","LOH",0.4
101,"P56_batch2","PT2",0.0666666666666667
102,"P56_batch2","stroma2",0.5
103,"P56_batch2","CNT",0.266666666666667
104,"P56_batch2","stroma2",0.7
105,"P56_batch2","CNT",0.666666666666667
106,"P56_batch2","PT2",0.666666666666667
107,"P56_batch2","PT",0.266666666666667
108,"P56_batch2","DCT",0.2
109,"P56_batch2","LOH",0.466666666666667
110,"P56_batch2","PT2",0.333333333333333
111,"P56_batch2","Podo",0.633333333333333
112,"P56_batch2","PT2",0.366666666666667
113,"P56_batch2","stroma2",0.666666666666667
114,"P56_batch2","PT",0.5
115,"P56_batch2","PT",0.566666666666667
116,"P56_batch2","Endo",0.533333333333333
117,"P56_batch2","PT2",0.5
118,"P56_batch2","PT",0.666666666666667
119,"P56_batch2","PT2",0.266666666666667
120,"P56_batch2","LOH",0.533333333333333
121,"P56_batch2","PT2",0.533333333333333
122,"P56_batch2","stroma2",0.5
123,"P56_batch2","stroma2",0.533333333333333
124,"P56_batch2","PC",0.366666666666667
125,"P56_batch2","PT",0.6
126,"P56_batch2","PT2",0.266666666666667
127,"P56_batch2","PT",0.4
128,"P56_batch2","DCT",0.266666666666667
129,"P56_batch2","DCT",0.4
130,"P56_batch2","PT",0.333333333333333
131,"P56_batch2","CNT",0.3
132,"P56_batch2","CNT",0.3
133,"P56_batch2","PT2",0.566666666666667
134,"P56_batch2","PT2",0.333333333333333
135,"P56_batch2","PT",0.666666666666667
136,"P56_batch2","PT2",0.566666666666667
137,"P56_batch2","PT",0.433333333333333
138,"P56_batch2","PT",0.333333333333333
139,"P56_batch2","PT_out",0.433333333333333
140,"P56_batch2","PT",0.566666666666667
141,"P56_batch2","stroma2",0.6
142,"P56_batch2","PT",0.733333333333333
143,"P56_batch2","PT",0.666666666666667
144,"P56_batch2","LOH",0.5
145,"P56_batch2","PT",0.566666666666667
146,"P56_batch2","PT",0.6
147,"P56_batch2","LOH",0.4
148,"P56_batch2","LOH",0.5
149,"P56_batch2","PT",0.633333333333333
150,"P56_batch2","PT_out",0.166666666666667
151,"P56_batch2","LOH",0.5
152,"P56_batch2","DCT",0.5
153,"P56_batch2","DCT",0.466666666666667
154,"P56_batch2","PT",0.233333333333333
155,"P56_batch2","PT",0.6
156,"P56_batch2","PT_out",0.166666666666667
157,"P56_batch2","DCT",0.666666666666667
158,"P56_batch2","PT2",0.633333333333333
159,"P56_batch2","PT",0.533333333333333
160,"P56_batch2","NP_LOH",0.566666666666667
161,"P56_batch2","LOH",0.633333333333333
162,"P56_batch2","PT2",0.4
163,"P56_batch2","Endo",0.7
164,"P56_batch2","IC",0.733333333333333
165,"P56_batch2","PT2",0.166666666666667
166,"P56_batch2","stroma2",0.4
167,"P56_batch2","Endo",0.6
168,"P56_batch2","PT",0.333333333333333
169,"P56_batch2","LOH",0.433333333333333
170,"P56_batch2","Endo",0.766666666666667
171,"P56_batch2","LOH",0.566666666666667
172,"P56_batch2","DCT",0.366666666666667
173,"P56_batch2","PT",0.433333333333333
174,"P56_batch2","PC",0.4
175,"P56_batch2","PC",0.8
176,"P56_batch2","LOH",0.233333333333333
177,"P56_batch2","LOH",0.5
178,"P56_batch2","PT2",0.266666666666667
179,"P56_batch2","PT2",0.666666666666667
180,"P56_batch2","PT",0.3
181,"P56_batch2","PT2",0.3
182,"P56_batch2","PT",0.5
183,"P56_batch2","PT",0.5
184,"P56_batch2","PT",0.6
185,"P56_batch2","stroma1",0.566666666666667
186,"P56_batch2","PC",0.566666666666667
187,"P56_batch2","PT",0.533333333333333
188,"P56_batch2","PT",0.4
189,"P56_batch2","DCT",0.5
190,"P56_batch2","stroma1",0.266666666666667
191,"P56_batch2","PT",0.366666666666667
192,"P56_batch2","PT",0.7
193,"P56_batch2","PT",0.266666666666667
194,"P56_batch2","PT",0.433333333333333
195,"P56_batch2","PT",0.433333333333333
196,"P56_batch2","stroma2",0.533333333333333
197,"P56_batch2","PT",0.466666666666667
198,"P56_batch2","LOH",0.333333333333333
199,"P56_batch2","LOH",0.5
200,"P56_batch2","PT",0.433333333333333
201,"P56_batch2","LOH",0.166666666666667
202,"P56_batch2","Endo",0.566666666666667
203,"P56_batch2","PT",0.566666666666667
204,"P56_batch2","PT",0.466666666666667
205,"P56_batch2","PT",0.633333333333333
206,"P56_batch2","PT2",0.366666666666667
207,"P56_batch2","LOH",0.533333333333333
208,"P56_batch2","PT",0.333333333333333
209,"P56_batch2","stroma2",0.7
210,"P56_batch2","PT",0.466666666666667
211,"P56_batch2","PT",0.4
212,"P56_batch2","immune",0.633333333333333
213,"P56_batch2","DCT",0.5
214,"P56_batch2","LOH",0.5
215,"P56_batch2","DCT",0.5
216,"P56_batch2","LOH",0.733333333333333
217,"P56_batch2","PT",0.566666666666667
218,"P56_batch2","PT",0.7
219,"P56_batch2","PT_out",0.466666666666667
220,"P56_batch2","LOH",0.7
221,"P56_batch2","PT",0.4
222,"P56_batch2","stroma2",0.733333333333333
223,"P56_batch2","PT",0.6
224,"P56_batch2","DCT",0.5
225,"P56_batch2","Endo",0.5
226,"P56_batch2","PT",0.4
227,"P56_batch2","LOH",0.5
228,"P56_batch2","IC",0.4
229,"P56_batch2","PT",0.466666666666667
230,"P56_batch2","DCT",0.266666666666667
231,"P56_batch2","PT",0.666666666666667
232,"P56_batch2","PT",0.733333333333333
233,"P56_batch2","PT_out",0.5
234,"P56_batch2","PT",0.466666666666667
235,"P56_batch2","PT",0.533333333333333
236,"P56_batch2","PT",0.533333333333333
237,"P56_batch2","DCT",0.233333333333333
238,"P56_batch2","PT2",0.433333333333333
239,"P56_batch2","DCT",0.266666666666667
240,"P56_batch2","LOH",0.633333333333333
241,"P56_batch2","CNT",0.5
242,"P56_batch2","PT",0.266666666666667
243,"P56_batch2","PT",0.433333333333333
244,"P56_batch2","Endo",0.433333333333333
245,"P56_batch2","PT",0.433333333333333
246,"P56_batch2","LOH",0.5
247,"P56_batch2","PT",0.333333333333333
248,"P56_batch2","PT2",0.8
249,"P56_batch2","IC",0.4
250,"P56_batch2","PT",0.6
251,"P56_batch2","LOH",0.533333333333333
252,"P56_batch2","PC",0.9
253,"P56_batch2","stroma2",0.6
254,"P56_batch2","LOH",0.4
255,"P56_batch2","DCT",0.433333333333333
256,"P56_batch2","PT",0.766666666666667
257,"P56_batch2","PT2",0.466666666666667
258,"P56_batch2","LOH",0.5
259,"P56_batch2","PT",0.633333333333333
260,"P56_batch2","PT",0.533333333333333
261,"P56_batch2","PT",0.6
262,"P56_batch2","PC",0.233333333333333
263,"P56_batch2","stroma2",0.566666666666667
264,"P56_batch2","PT",0.733333333333333
265,"P56_batch2","IC",0.366666666666667
266,"P56_batch2","PT2",0.0666666666666667
267,"P56_batch2","PT",0.333333333333333
268,"P56_batch2","PT2",0.3
269,"P56_batch2","PT2",0.433333333333333
270,"P56_batch2","PT",0.433333333333333
271,"P56_batch2","PT",0.766666666666667
272,"P56_batch2","PT",0.433333333333333
273,"P56_batch2","PT",0.333333333333333
274,"P56_batch2","stroma2",0.633333333333333
275,"P56_batch2","stroma2",0.5
276,"P56_batch2","PT",0.4
277,"P56_batch2","LOH",0.633333333333333
278,"P56_batch2","LOH",0.433333333333333
279,"P56_batch2","stroma2",0.333333333333333
280,"P56_batch2","PT",0.4
281,"P56_batch2","PT",0.6
282,"P56_batch2","PT2",0.633333333333333
283,"P56_batch2","PT2",0.333333333333333
284,"P56_batch2","PT",0.5
285,"P56_batch2","PT",0.6
286,"P56_batch2","PT",0.533333333333333
287,"P56_batch2","PT",0.666666666666667
288,"P56_batch2","PT",0.566666666666667
289,"P56_batch2","LOH",0.5
290,"P56_batch2","PT2",0.2
291,"P56_batch2","PT",0.6
292,"P56_batch2","PT",0.733333333333333
293,"P56_batch2","PT",0.366666666666667
294,"P56_batch2","stroma2",0.466666666666667
295,"P56_batch2","PT",0.433333333333333
296,"P56_batch2","PC",0.333333333333333
297,"P56_batch2","PT",0.466666666666667
298,"P56_batch2","LOH",0.466666666666667
299,"P56_batch2","PT2",0.566666666666667
300,"P56_batch2","stroma2",0.466666666666667
301,"P56_batch2","PT2",0.133333333333333
302,"P56_batch2","PT",0.633333333333333
303,"P56_batch2","PT2",0.466666666666667
304,"P56_batch2","PT",0.4
305,"P56_batch2","LOH",0.366666666666667
306,"P56_batch2","PT",0.333333333333333
307,"P56_batch2","PT",0.5
308,"P56_batch2","LOH",0.4
309,"P56_batch2","PT",0.666666666666667
310,"P56_batch2","PT",0.4
311,"P56_batch2","PT",0.4
312,"P56_batch2","LOH",0.633333333333333
313,"P56_batch2","PC",0.4
314,"P56_batch2","PT2",0.433333333333333
315,"P56_batch2","PT",0.433333333333333
316,"P56_batch2","PT",0.566666666666667
317,"P56_batch2","PT",0.433333333333333
318,"P56_batch2","PT",0.366666666666667
319,"P56_batch2","LOH",0.466666666666667
320,"P56_batch2","CNT",0.233333333333333
321,"P56_batch2","CNT",0.466666666666667
322,"P56_batch2","stroma1",0.533333333333333
323,"P56_batch2","PT",0.5
324,"P56_batch2","PT_out",0.433333333333333
325,"P56_batch2","PT",0.7
326,"P56_batch2","PT2",0.233333333333333
327,"P56_batch2","LOH",0.533333333333333
328,"P56_batch2","LOH",0.6
329,"P56_batch2","PT",0.633333333333333
330,"P56_batch2","stroma2",0.633333333333333
331,"P56_batch2","LOH",0.466666666666667
332,"P56_batch2","LOH",0.533333333333333
333,"P56_batch2","PT",0.533333333333333
334,"P56_batch2","PC",0.4
335,"P56_batch2","Endo",0.5
336,"P56_batch2","IC",0.433333333333333
337,"P56_batch2","PT",0.466666666666667
338,"P56_batch2","PT",0.533333333333333
339,"P56_batch2","immune",0.366666666666667
340,"P56_batch2","CNT",0.733333333333333
341,"P56_batch2","Endo",0.733333333333333
342,"P56_batch2","LOH",0.6
343,"P56_batch2","PT",0.366666666666667
344,"P56_batch2","DCT",0.366666666666667
345,"P56_batch2","DCT",0.5
346,"P56_batch2","PT",0.5
347,"P56_batch2","PT2",0.633333333333333
348,"P56_batch2","PT",0.733333333333333
349,"P56_batch2","LOH",0.733333333333333
350,"P56_batch2","IC",0.333333333333333
351,"P56_batch2","stroma2",0.533333333333333
352,"P56_batch2","PT",0.3
353,"P56_batch2","PT2",0.433333333333333
354,"P56_batch2","PT",0.433333333333333
355,"P56_batch2","PT2",0.166666666666667
356,"P56_batch2","LOH",0.233333333333333
357,"P56_batch2","LOH",0.333333333333333
358,"P56_batch2","PT",0.466666666666667
359,"P56_batch2","PT",0.5
360,"P56_batch2","PT",0.4
361,"P56_batch2","PT",0.666666666666667
362,"P56_batch2","DCT",0.466666666666667
363,"P56_batch2","DCT",0.433333333333333
364,"P56_batch2","PT",0.333333333333333
365,"P56_batch2","PT",0.633333333333333
366,"P56_batch2","PT2",0.6
367,"P56_batch2","LOH",0.533333333333333
368,"P56_batch2","PT",0.4
369,"P56_batch2","DCT",0.4
370,"P56_batch2","LOH",0.466666666666667
371,"P56_batch2","DCT",0.666666666666667
372,"P56_batch2","PT2",0.2
373,"P56_batch2","Podo",0.466666666666667
374,"P56_batch2","PT2",0.2
375,"P56_batch2","LOH",0.366666666666667
376,"P56_batch2","PT",0.333333333333333
377,"P56_batch2","IC",0.866666666666667
378,"P56_batch2","LOH",0.233333333333333
379,"P56_batch2","PT",0.2
380,"P56_batch2","PT",0.566666666666667
381,"P56_batch2","IC",0.366666666666667
382,"P56_batch2","NP_LOH",0.7
383,"P56_batch2","stroma2",0.6
384,"P56_batch2","Endo",0.733333333333333
385,"P56_batch2","PT",0.366666666666667
386,"P56_batch2","stroma2",0.566666666666667
387,"P56_batch2","PT",0.533333333333333
388,"P56_batch2","stroma2",0.766666666666667
389,"P56_batch2","LOH",0.4
390,"P56_batch2","stroma2",0.9
391,"P56_batch2","PT",0.366666666666667
392,"P56_batch2","PT",0.766666666666667
393,"P56_batch2","LOH",0.433333333333333
394,"P56_batch2","PT",0.366666666666667
395,"P56_batch2","LOH",0.566666666666667
396,"P56_batch2","LOH",0.5
397,"P56_batch2","PT",0.4
398,"P56_batch2","CNT",0.133333333333333
399,"P56_batch2","PT",0.566666666666667
400,"P56_batch2","LOH",0.466666666666667
401,"P56_batch2","stroma2",0.533333333333333
402,"P56_batch2","stroma2",0.533333333333333
403,"P56_batch2","PT2",0.566666666666667
404,"P56_batch2","stroma2",0.8
405,"P56_batch2","PT",0.566666666666667
406,"P56_batch2","PT",0.733333333333333
407,"P56_batch2","PT",0.666666666666667
408,"P56_batch2","stroma1",0.433333333333333
409,"P56_batch2","PT",0.6
410,"P56_batch2","PT",0.466666666666667
411,"P56_batch2","PT",0.433333333333333
412,"P56_batch2","stroma2",0.533333333333333
413,"P56_batch2","PT",0.4
414,"P56_batch2","IC",0.766666666666667
415,"P56_batch2","stroma2",0.9
416,"P56_batch2","CNT",0.2
417,"P56_batch2","PT",0.566666666666667
418,"P56_batch2","Endo",0.433333333333333
419,"P56_batch2","PT",0.4
420,"P56_batch2","IC",0.333333333333333
421,"P56_batch2","PT2",0.5
422,"P56_batch2","PT",0.433333333333333
423,"P56_batch2","NP_LOH",0.7
424,"P56_batch2","CNT",0.466666666666667
425,"P56_batch2","PT",0.333333333333333
426,"P56_batch2","PT",0.666666666666667
427,"P56_batch2","Endo",0.633333333333333
428,"P56_batch2","PT",0.7
429,"P56_batch2","stroma2",0.533333333333333
430,"P56_batch2","PT",0.5
431,"P56_batch2","DCT",0.633333333333333
432,"P56_batch2","PT",0.366666666666667
433,"P56_batch2","PT",0.3
434,"P56_batch2","PT",0.633333333333333
435,"P56_batch2","PT",0.266666666666667
436,"P56_batch2","PT",0.5
437,"P56_batch2","PT",0.2
438,"P56_batch2","CNT",0.2
439,"P56_batch2","Endo",0.633333333333333
440,"P56_batch2","PT",0.4
441,"P56_batch2","LOH",0.8
442,"P56_batch2","LOH",0.666666666666667
443,"P56_batch2","LOH",0.633333333333333
444,"P56_batch2","PT",0.633333333333333
445,"P56_batch2","PT",0.266666666666667
446,"P56_batch2","Endo",0.433333333333333
447,"P56_batch2","CNT",0.366666666666667
448,"P56_batch2","DCT",0.5
449,"P56_batch2","immune",0.5
450,"P56_batch2","Endo",0.5
451,"P56_batch2","PT",0.6
452,"P56_batch2","PT",0.466666666666667
453,"P56_batch2","PT",0.533333333333333
454,"P56_batch2","PT",0.533333333333333
455,"P56_batch2","PT",0.233333333333333
456,"P56_batch2","PT2",0.233333333333333
457,"P56_batch2","LOH",0.266666666666667
458,"P56_batch2","LOH",0.466666666666667
459,"P56_batch2","PT",0.5
460,"P56_batch2","PT",0.3
461,"P56_batch2","PT",0.5
462,"P56_batch2","PT",0.6
463,"P56_batch2","PT_out",0.266666666666667
464,"P56_batch2","Endo",0.433333333333333
465,"P56_batch2","LOH",0.5
466,"P56_batch2","PT",0.433333333333333
467,"P56_batch2","PT2",0.1
468,"P56_batch2","PC",0.5
469,"P56_batch2","PT",0.7
470,"P56_batch2","PT",0.4
471,"P56_batch2","PT",0.433333333333333
472,"P56_batch2","PT",0.633333333333333
473,"P56_batch2","PT2",0.366666666666667
474,"P56_batch2","PT2",0.5
475,"P56_batch2","Endo",0.666666666666667
476,"P56_batch2","NP_LOH",0.333333333333333
477,"P56_batch2","PT",0.566666666666667
478,"P56_batch2","PT",0.5
479,"P56_batch2","LOH",0.433333333333333
480,"P56_batch2","PT2",0.333333333333333
481,"P56_batch2","Endo",0.7
482,"P56_batch2","PT_out",0.233333333333333
483,"P56_batch2","LOH",0.5
484,"P56_batch2","stroma2",0.5
485,"P56_batch2","PT",0.6
486,"P56_batch2","LOH",0.5
487,"P56_batch2","LOH",0.533333333333333
488,"P56_batch2","PT",0.233333333333333
489,"P56_batch2","LOH",0.466666666666667
490,"P56_batch2","LOH",0.6
491,"P56_batch2","LOH",0.5
492,"P56_batch2","PT2",0.433333333333333
493,"P56_batch2","NP_LOH",0.266666666666667
494,"P56_batch2","PC",0.6
495,"P56_batch2","Endo",0.6
496,"P56_batch2","IC",0.433333333333333
497,"P56_batch2","PT",0.766666666666667
498,"P56_batch2","LOH",0.633333333333333
499,"P56_batch2","PC",0.633333333333333
500,"P56_batch2","IC",0.466666666666667
501,"P56_batch2","LOH",0.5
502,"P56_batch2","PT",0.4
503,"P56_batch2","PT2",0.3
504,"P56_batch2","PT",0.6
505,"P56_batch2","PT2",0.366666666666667
506,"P56_batch2","PT",0.733333333333333
507,"P56_batch2","stroma2",0.666666666666667
508,"P56_batch2","PT",0.4
509,"P56_batch2","PT2",0.4
510,"P56_batch2","stroma2",0.566666666666667
511,"P56_batch2","PT",0.633333333333333
512,"P56_batch2","PT",0.5
513,"P56_batch2","PC",0.333333333333333
514,"P56_batch2","DCT",0.466666666666667
515,"P56_batch2","PT",0.466666666666667
516,"P56_batch2","LOH",0.633333333333333
517,"P56_batch2","PT",0.4
518,"P56_batch2","stroma1",0.666666666666667
519,"P56_batch2","Endo",0.466666666666667
520,"P56_batch2","PT",0.633333333333333
521,"P56_batch2","PT_out",0.6
522,"P56_batch2","PT",0.466666666666667
523,"P56_batch2","Endo",0.666666666666667
524,"P56_batch2","Endo",0.666666666666667
525,"P56_batch2","PT2",0.3
526,"P56_batch2","LOH",0.6
527,"P56_batch2","PT",0.6
528,"P56_batch2","LOH",0.5
529,"P56_batch2","stroma2",0.6
530,"P56_batch2","PT",0.566666666666667
531,"P56_batch2","PT",0.433333333333333
532,"P56_batch2","CNT",0.7
533,"P56_batch2","Endo",0.7
534,"P56_batch2","PT",0.433333333333333
535,"P56_batch2","LOH",0.633333333333333
536,"P56_batch2","LOH",0.633333333333333
537,"P56_batch2","PT2",0.3
538,"P56_batch2","PC",0.533333333333333
539,"P56_batch2","PT",0.566666666666667
540,"P56_batch2","PT",0.433333333333333
541,"P56_batch2","LOH",0.733333333333333
542,"P56_batch2","PT2",0.0666666666666667
543,"P56_batch2","PT_out",0.166666666666667
544,"P56_batch2","PT",0.6
545,"P56_batch2","PT",0.6
546,"P56_batch2","PT",0.533333333333333
547,"P56_batch2","PT2",0.233333333333333
548,"P56_batch2","PT",0.7
549,"P56_batch2","Endo",0.633333333333333
550,"P56_batch2","Endo",0.8
551,"P56_batch2","IC",0.5
552,"P56_batch2","PT",0.566666666666667
553,"P56_batch2","PC",0.433333333333333
554,"P56_batch2","LOH",0.4
555,"P56_batch2","LOH",0.5
556,"P56_batch2","PT",0.466666666666667
557,"P56_batch2","PT_out",0.266666666666667
558,"P56_batch2","DCT",0.2
559,"P56_batch2","PT2",0.3
560,"P56_batch2","PT",0.466666666666667
561,"P56_batch2","PT",0.533333333333333
562,"P56_batch2","immune",0.233333333333333
563,"P56_batch2","CNT",0.666666666666667
564,"P56_batch2","PT_out",0.666666666666667
565,"P56_batch2","PT",0.6
566,"P56_batch2","PT2",0.233333333333333
567,"P56_batch2","LOH",0.6
568,"P56_batch2","PT2",0.2
569,"P56_batch2","PT",0.5
570,"P56_batch2","Endo",0.6
571,"P56_batch2","DCT",0.433333333333333
572,"P56_batch2","PT2",0.566666666666667
573,"P56_batch2","Endo",0.666666666666667
574,"P56_batch2","PT",0.4
575,"P56_batch2","PT2",0.6
576,"P56_batch2","PC",0.2
577,"P56_batch2","PC",0.2
578,"P56_batch2","LOH",0.433333333333333
579,"P56_batch2","LOH",0.533333333333333
580,"P56_batch2","PT",0.433333333333333
581,"P56_batch2","NP_LOH",0.466666666666667
582,"P56_batch2","PT",0.566666666666667
583,"P56_batch2","PT",0.633333333333333
584,"P56_batch2","IC",0.4
585,"P56_batch2","PT",0.5
586,"P56_batch2","PT_out",0.4
587,"P56_batch2","LOH",0.7
588,"P56_batch2","PT2",0.333333333333333
589,"P56_batch2","PT",0.433333333333333
590,"P56_batch2","PT",0.633333333333333
591,"P56_batch2","PT",0.4
592,"P56_batch2","LOH",0.6
593,"P56_batch2","Endo",0.6
594,"P56_batch2","DCT",0.433333333333333
595,"P56_batch2","PT",0.533333333333333
596,"P56_batch2","LOH",0.333333333333333
597,"P56_batch2","DCT",0.533333333333333
598,"P56_batch2","PT",0.333333333333333
599,"P56_batch2","DCT",0.4
600,"P56_batch2","PT",0.3
601,"P56_batch2","PT2",0.333333333333333
602,"P56_batch2","stroma2",0.766666666666667
603,"P56_batch2","PT",0.166666666666667
604,"P56_batch2","immune",0.2
605,"P56_batch2","PT",0.533333333333333
606,"P56_batch2","DCT",0.266666666666667
607,"P56_batch2","PT2",0.533333333333333
608,"P56_batch2","PT",0.6
609,"P56_batch2","PT",0.433333333333333
610,"P56_batch2","Endo",0.466666666666667
611,"P56_batch2","Podo",0.633333333333333
612,"P56_batch2","stroma2",0.466666666666667
613,"P56_batch2","PT",0.633333333333333
614,"P56_batch2","PT",0.266666666666667
615,"P56_batch2","PT2",0.633333333333333
616,"P56_batch2","DCT",0.233333333333333
617,"P56_batch2","DCT",0.266666666666667
618,"P56_batch2","PT",0.433333333333333
619,"P56_batch2","PT",0.666666666666667
620,"P56_batch2","PT2",0.466666666666667
621,"P56_batch2","PT2",0.2
622,"P56_batch2","immune",0.566666666666667
623,"P56_batch2","PT2",0.2
624,"P56_batch2","LOH",0.433333333333333
625,"P56_batch2","DCT",0.4
626,"P56_batch2","PT",0.466666666666667
627,"P56_batch2","PT2",0.5
628,"P56_batch2","PT",0.4
629,"P56_batch2","Endo",0.533333333333333
630,"P56_batch2","Endo",0.466666666666667
631,"P56_batch2","PT2",0.133333333333333
632,"P56_batch2","DCT",0.4
633,"P56_batch2","Podo",0.6
634,"P56_batch2","immune",0.4
635,"P56_batch2","LOH",0.533333333333333
636,"P56_batch2","PT2",0.466666666666667
637,"P56_batch2","PT",0.666666666666667
638,"P56_batch2","CNT",0.566666666666667
639,"P56_batch2","LOH",0.4
640,"P56_batch2","LOH",0.433333333333333
641,"P56_batch2","Endo",0.733333333333333
642,"P56_batch2","DCT",0.4
643,"P56_batch2","LOH",0.466666666666667
644,"P56_batch2","immune",0.233333333333333
645,"P56_batch2","PT",0.266666666666667
646,"P56_batch2","LOH",0.333333333333333
647,"P56_batch2","LOH",0.366666666666667
648,"P56_batch2","PT2",0.666666666666667
649,"P56_batch2","PT",0.3
650,"P56_batch2","stroma2",0.5
651,"P56_batch2","PT2",0.466666666666667
652,"P56_batch2","PT2",0.233333333333333
653,"P56_batch2","PT2",0.7
654,"P56_batch2","Endo",0.533333333333333
655,"P56_batch2","PT",0.533333333333333
656,"P56_batch2","LOH",0.633333333333333
657,"P56_batch2","Endo",0.8
658,"P56_batch2","LOH",0.333333333333333
659,"P56_batch2","CNT",0.633333333333333
660,"P56_batch2","CNT",0.8
661,"P56_batch2","CNT",0.633333333333333
662,"P56_batch2","PT",0.866666666666667
663,"P56_batch2","LOH",0.366666666666667
664,"P56_batch2","PT_out",0.6
665,"P56_batch2","PT",0.366666666666667
666,"P56_batch2","PT",0.333333333333333
667,"P56_batch2","LOH",0.333333333333333
668,"P56_batch2","PT",0.433333333333333
669,"P56_batch2","PT2",0.133333333333333
670,"P56_batch2","PT",0.466666666666667
671,"P56_batch2","PT",0.833333333333333
672,"P56_batch2","PT2",0.366666666666667
673,"P56_batch2","PT",0.533333333333333
674,"P56_batch2","DCT",0.433333333333333
675,"P56_batch2","LOH",0.466666666666667
676,"P56_batch2","PT",0.533333333333333
677,"P56_batch2","PT2",0.166666666666667
678,"P56_batch2","PT",0.433333333333333
679,"P56_batch2","LOH",0.333333333333333
680,"P56_batch2","LOH",0.6
681,"P56_batch2","PT2",0.566666666666667
682,"P56_batch2","NP_LOH",0.266666666666667
683,"P56_batch2","stroma2",0.5
684,"P56_batch2","PT",0.433333333333333
685,"P56_batch2","PT",0.4
686,"P56_batch2","stroma2",0.533333333333333
687,"P56_batch2","PT2",0.266666666666667
688,"P56_batch2","PT",0.3
689,"P56_batch2","Endo",0.566666666666667
690,"P56_batch2","stroma2",0.366666666666667
691,"P56_batch2","PT",0.333333333333333
692,"P56_batch2","PT",0.466666666666667
693,"P56_batch2","PT",0.533333333333333
694,"P56_batch2","PT",0.666666666666667
695,"P56_batch2","PT2",0.333333333333333
696,"P56_batch2","PT",0.6
697,"P56_batch2","Endo",0.366666666666667
698,"P56_batch2","DCT",0.366666666666667
699,"P56_batch2","PT2",0.1
700,"P56_batch2","PT",0.3
701,"P56_batch2","LOH",0.466666666666667
702,"P56_batch2","CNT",0.566666666666667
703,"P56_batch2","LOH",0.5
704,"P56_batch2","PT",0.633333333333333
705,"P56_batch2","IC",0.4
706,"P56_batch2","immune",0.233333333333333
707,"P56_batch2","PT",0.333333333333333
708,"P56_batch2","PT2",0.533333333333333
709,"P56_batch2","PT",0.466666666666667
710,"P56_batch2","PT",0.233333333333333
711,"P56_batch2","CNT",0.533333333333333
712,"P56_batch2","DCT",0.433333333333333
713,"P56_batch2","LOH",0.6
714,"P56_batch2","PC",0.366666666666667
715,"P56_batch2","immune",0.233333333333333
716,"P56_batch2","LOH",0.7
717,"P56_batch2","PT",0.6
718,"P56_batch2","PT",0.466666666666667
719,"P56_batch2","PC",0.366666666666667
720,"P56_batch2","PT",0.6
721,"P56_batch2","LOH",0.533333333333333
722,"P56_batch2","PT2",0.266666666666667
723,"P56_batch2","LOH",0.5
724,"P56_batch2","PT2",0.766666666666667
725,"P56_batch2","Podo",0.6
726,"P56_batch2","stroma2",0.5
727,"P56_batch2","PT2",0.133333333333333
728,"P56_batch2","PT",0.333333333333333
729,"P56_batch2","PT",0.4
730,"P56_batch2","PT",0.333333333333333
731,"P56_batch2","PT2",0.5
732,"P56_batch2","PT",0.5
733,"P56_batch2","LOH",0.566666666666667
734,"P56_batch2","PT",0.533333333333333
735,"P56_batch2","PT2",0.5
736,"P56_batch2","DCT",0.366666666666667
737,"P56_batch2","PT",0.766666666666667
738,"P56_batch2","DCT",0.4
739,"P56_batch2","PT",0.566666666666667
740,"P56_batch2","PT",0.333333333333333
741,"P56_batch2","PT",0.733333333333333
742,"P56_batch2","PT2",0.3
743,"P56_batch2","PT2",0.7
744,"P56_batch2","CNT",0.266666666666667
745,"P56_batch2","CNT",0.5
746,"P56_batch2","PT",0.633333333333333
747,"P56_batch2","DCT",0.433333333333333
748,"P56_batch2","PT",0.466666666666667
749,"P56_batch2","DCT",0.6
750,"P56_batch2","NP_LOH",0.5
751,"P56_batch2","PT",0.566666666666667
752,"P56_batch2","Endo",0.633333333333333
753,"P56_batch2","PT",0.333333333333333
754,"P56_batch2","Endo",0.533333333333333
755,"P56_batch2","PT",0.433333333333333
756,"P56_batch2","Endo",0.333333333333333
757,"P56_batch2","Endo",0.533333333333333
758,"P56_batch2","DCT",0.4
759,"P56_batch2","Endo",0.666666666666667
760,"P56_batch2","PC",0.466666666666667
761,"P56_batch2","PT2",0.633333333333333
762,"P56_batch2","PT",0.333333333333333
763,"P56_batch2","NP_LOH",0.266666666666667
764,"P56_batch2","PT",0.4
765,"P56_batch2","PT",0.366666666666667
766,"P56_batch2","stroma2",0.3
767,"P56_batch2","PT",0.366666666666667
768,"P56_batch2","immune",0.4
769,"P56_batch2","PT",0.533333333333333
770,"P56_batch2","PT",0.366666666666667
771,"P56_batch2","NP_LOH",0.666666666666667
772,"P56_batch2","Endo",0.7
773,"P56_batch2","stroma2",0.466666666666667
774,"P56_batch2","PT",0.4
775,"P56_batch2","PT2",0.5
776,"P56_batch2","PT",0.566666666666667
777,"P56_batch2","Endo",0.466666666666667
778,"P56_batch2","PT",0.366666666666667
779,"P56_batch2","LOH",0.533333333333333
780,"P56_batch2","PT2",0.266666666666667
781,"P56_batch2","LOH",0.266666666666667
782,"P56_batch2","PT",0.666666666666667
783,"P56_batch2","IC",0.7
784,"P56_batch2","PC",0.866666666666667
785,"P56_batch2","IC",0.633333333333333
786,"P56_batch2","Endo",0.466666666666667
787,"P56_batch2","PT",0.666666666666667
788,"P56_batch2","PC",0.2
789,"P56_batch2","LOH",0.566666666666667
790,"P56_batch2","PT",0.266666666666667
791,"P56_batch2","PT2",0.6
792,"P56_batch2","stroma2",0.4
793,"P56_batch2","Endo",0.366666666666667
794,"P56_batch2","LOH",0.566666666666667
795,"P56_batch2","IC",0.2
796,"P56_batch2","PT2",0.533333333333333
797,"P56_batch2","PT",0.566666666666667
798,"P56_batch2","Endo",0.533333333333333
799,"P56_batch2","PT",0.5
800,"P56_batch2","stroma2",0.566666666666667
801,"P56_batch2","PT",0.533333333333333
802,"P56_batch2","Endo",0.7
803,"P56_batch2","IC",0.766666666666667
804,"P56_batch2","PT",0.7
805,"P56_batch2","IC",0.666666666666667
806,"P56_batch2","NP_LOH",0.466666666666667
807,"P56_batch2","PT",0.3
808,"P56_batch2","PT",0.466666666666667
809,"P56_batch2","PT",0.4
810,"P56_batch2","CNT",0.7
811,"P56_batch2","PT",0.666666666666667
812,"P56_batch2","CNT",0.766666666666667
813,"P56_batch2","DCT",0.4
814,"P56_batch2","LOH",0.266666666666667
815,"P56_batch2","PT2",0.4
816,"P56_batch2","PT2",0.2
817,"P56_batch2","PT",0.666666666666667
818,"P56_batch2","LOH",0.6
819,"P56_batch2","PT",0.733333333333333
820,"P56_batch2","DCT",0.5
821,"P56_batch2","DCT",0.533333333333333
822,"P56_batch2","stroma2",0.366666666666667
823,"P56_batch2","LOH",0.566666666666667
824,"P56_batch2","IC",0.733333333333333
825,"P56_batch2","PT",0.566666666666667
826,"P56_batch2","CNT",0.333333333333333
827,"P56_batch2","PT",0.533333333333333
828,"P56_batch2","LOH",0.566666666666667
829,"P56_batch2","PT2",0.4
830,"P56_batch2","PT",0.3
831,"P56_batch2","PT",0.3
832,"P56_batch2","PT",0.4
833,"P56_batch2","PT",0.333333333333333
834,"P56_batch2","stroma2",0.466666666666667
835,"P56_batch2","PT",0.566666666666667
836,"P56_batch2","PC",0.6
837,"P56_batch2","PC",0.566666666666667
838,"P56_batch2","immune",0.366666666666667
839,"P56_batch2","PT",0.333333333333333
840,"P56_batch2","Endo",0.5
841,"P56_batch2","PT",0.7
842,"P56_batch2","PT",0.733333333333333
843,"P56_batch2","LOH",0.566666666666667
844,"P56_batch2","PT",0.4
845,"P56_batch2","Endo",0.433333333333333
846,"P56_batch2","PT",0.6
847,"P56_batch2","Endo",0.433333333333333
848,"P56_batch2","stroma2",0.466666666666667
849,"P56_batch2","PT",0.5
850,"P56_batch2","PC",0.6
851,"P56_batch2","PT2",0.333333333333333
852,"P56_batch2","PT",0.633333333333333
853,"P56_batch2","PT2",0.566666666666667
854,"P56_batch2","PT",0.5
855,"P56_batch2","PT",0.366666666666667
856,"P56_batch2","immune",0.566666666666667
857,"P56_batch2","PT2",0.4
858,"P56_batch2","PT",0.633333333333333
859,"P56_batch2","PT_out",0.3
860,"P56_batch2","PT",0.3
861,"P56_batch2","LOH",0.633333333333333
862,"P56_batch2","PT2",0.466666666666667
863,"P56_batch2","PT_out",0.5
864,"P56_batch2","PT_out",0.633333333333333
865,"P56_batch2","PT",0.333333333333333
866,"P56_batch2","immune",0.2
867,"P56_batch2","NP_LOH",0.466666666666667
868,"P56_batch2","PT",0.366666666666667
869,"P56_batch2","PT",0.3
870,"P56_batch2","PT",0.4
871,"P56_batch2","LOH",0.5
872,"P56_batch2","PT",0.4
873,"P56_batch2","PT2",0.166666666666667
874,"P56_batch2","DCT",0.4
875,"P56_batch2","LOH",0.7
876,"P56_batch2","DCT",0.433333333333333
877,"P56_batch2","stroma1",0.333333333333333
878,"P56_batch2","PT",0.5
879,"P56_batch2","PT",0.5
880,"P56_batch2","DCT",0.2
881,"P56_batch2","Endo",0.766666666666667
882,"P56_batch2","PT",0.533333333333333
883,"P56_batch2","CNT",0.733333333333333
884,"P56_batch2","PT",0.566666666666667
885,"P56_batch2","stroma2",0.366666666666667
886,"P56_batch2","Endo",0.5
887,"P56_batch2","PT",0.4
888,"P56_batch2","CNT",0.233333333333333
889,"P56_batch2","PT",0.6
890,"P56_batch2","LOH",0.4
891,"P56_batch2","DCT",0.466666666666667
892,"P56_batch2","LOH",0.4
893,"P56_batch2","PT2",0.3
894,"P56_batch2","DCT",0.833333333333333
895,"P56_batch2","PT",0.566666666666667
896,"P56_batch2","PT",0.4
897,"P56_batch2","PT",0.566666666666667
898,"P56_batch2","LOH",0.4
899,"P56_batch2","PT",0.733333333333333
900,"P56_batch2","PT",0.4
901,"P56_batch2","PC",0.8
902,"P56_batch2","LOH",0.533333333333333
903,"P56_batch2","PC",0.833333333333333
904,"P56_batch2","DCT",0.6
905,"P56_batch2","PC",0.5
906,"P56_batch2","PT",0.633333333333333
907,"P56_batch2","stroma2",0.6
908,"P56_batch2","PT",0.366666666666667
909,"P56_batch2","CNT",0.666666666666667
910,"P56_batch2","PT",0.633333333333333
911,"P56_batch2","LOH",0.5
912,"P56_batch2","PC",0.7
913,"P56_batch2","PT",0.666666666666667
914,"P56_batch2","CNT",0.233333333333333
915,"P56_batch2","PT",0.3
916,"P56_batch2","PT",0.233333333333333
917,"P56_batch2","PT2",0.7
918,"P56_batch2","LOH",0.6
919,"P56_batch2","LOH",0.666666666666667
920,"P56_batch2","LOH",0.466666666666667
921,"P56_batch2","PT2",0.2
922,"P56_batch2","PT2",0.733333333333333
923,"P56_batch2","Endo",0.566666666666667
924,"P56_batch2","PT2",0.666666666666667
925,"P56_batch2","Endo",0.633333333333333
926,"P56_batch2","Endo",0.566666666666667
927,"P56_batch2","PT2",0.1
928,"P56_batch2","PT2",0.133333333333333
929,"P56_batch2","CNT",0.533333333333333
930,"P56_batch2","LOH",0.633333333333333
931,"P56_batch2","LOH",0.766666666666667
932,"P56_batch2","LOH",0.533333333333333
933,"P56_batch2","DCT",0.4
934,"P56_batch2","PT",0.366666666666667
935,"P56_batch2","PT",0.6
936,"P56_batch2","LOH",0.466666666666667
937,"P56_batch2","DCT",0.366666666666667
938,"P56_batch2","Endo",0.533333333333333
939,"P56_batch2","PT",0.433333333333333
940,"P56_batch2","CNT",0.333333333333333
941,"P56_batch2","PT",0.433333333333333
942,"P56_batch2","NP_LOH",0.533333333333333
943,"P56_batch2","Endo",0.766666666666667
944,"P56_batch2","LOH",0.533333333333333
945,"P56_batch2","PT",0.533333333333333
946,"P56_batch2","PT2",0.166666666666667
947,"P56_batch2","NP_LOH",0.533333333333333
948,"P56_batch2","IC",0.433333333333333
949,"P56_batch2","LOH",0.433333333333333
950,"P56_batch2","CNT",0.633333333333333
951,"P56_batch2","stroma2",0.433333333333333
952,"P56_batch2","stroma2",0.633333333333333
953,"P56_batch2","PT",0.7
954,"P56_batch2","LOH",0.466666666666667
955,"P56_batch2","DCT",0.366666666666667
956,"P56_batch2","stroma2",0.5
957,"P56_batch2","PT2",0.3
958,"P56_batch2","PT",0.366666666666667
959,"P56_batch2","PT",0.4
960,"P56_batch2","Endo",0.666666666666667
961,"P56_batch2","PT",0.433333333333333
962,"P56_batch2","LOH",0.5
963,"P56_batch2","DCT",0.366666666666667
964,"P56_batch2","PT",0.466666666666667
965,"P56_batch2","CNT",0.5
966,"P56_batch2","PT_out",0.5
967,"P56_batch2","PT",0.666666666666667
968,"P56_batch2","PT",0.566666666666667
969,"P56_batch2","PT2",0.433333333333333
970,"P56_batch2","Endo",0.9
971,"P56_batch2","DCT",0.3
972,"P56_batch2","CNT",0.3
973,"P56_batch2","CNT",0.533333333333333
974,"P56_batch2","PT",0.7
975,"P56_batch2","stroma2",0.733333333333333
976,"P56_batch2","PT",0.6
977,"P56_batch2","PT2",0.666666666666667
978,"P56_batch2","PT",0.4
979,"P56_batch2","IC",0.4
980,"P56_batch2","Endo",0.566666666666667
981,"P56_batch2","PT2",0.0666666666666667
982,"P56_batch2","stroma1",0.4
983,"P56_batch2","PT2",0.5
984,"P56_batch2","DCT",0.5
985,"P56_batch2","PT",0.733333333333333
986,"P56_batch2","DCT",0.4
987,"P56_batch2","PT",0.533333333333333
988,"P56_batch2","stroma1",0.333333333333333
989,"P56_batch2","LOH",0.533333333333333
990,"P56_batch2","PT",0.666666666666667
991,"P56_batch2","LOH",0.566666666666667
992,"P56_batch2","PT",0.4
993,"P56_batch2","PT",0.466666666666667
994,"P56_batch2","LOH",0.3
995,"P56_batch2","PT",0.5
996,"P56_batch2","stroma1",0.2
997,"P56_batch2","PT2",0.466666666666667
998,"P56_batch2","PT",0.533333333333333
999,"P56_batch2","LOH",0.566666666666667
1000,"P56_batch2","Endo",0.433333333333333
1001,"P56_batch2","PT",0.566666666666667
1002,"P56_batch2","PT2",0.366666666666667
1003,"P56_batch2","LOH",0.433333333333333
1004,"P56_batch2","Endo",0.6
1005,"P56_batch2","PC",0.633333333333333
1006,"P56_batch2","LOH",0.566666666666667
1007,"P56_batch2","Endo",0.666666666666667
1008,"P56_batch2","LOH",0.466666666666667
1009,"P56_batch2","PT2",0.633333333333333
1010,"P56_batch2","PT2",0.466666666666667
1011,"P56_batch2","PT",0.4
1012,"P56_batch2","stroma1",0.266666666666667
1013,"P56_batch2","NP_LOH",0.566666666666667
1014,"P56_batch2","DCT",0.533333333333333
1015,"P56_batch2","PT",0.4
1016,"P56_batch2","DCT",0.366666666666667
1017,"P56_batch2","PT",0.633333333333333
1018,"P56_batch2","PT",0.466666666666667
1019,"P56_batch2","DCT",0.366666666666667
1020,"P56_batch2","PT2",0.366666666666667
1021,"P56_batch2","LOH",0.4
1022,"P56_batch2","stroma2",0.533333333333333
1023,"P56_batch2","LOH",0.666666666666667
1024,"P56_batch2","PT2",0.366666666666667
1025,"P56_batch2","LOH",0.533333333333333
1026,"P56_batch2","PT",0.433333333333333
1027,"P56_batch2","PT2",0.5
1028,"P56_batch2","PT",0.666666666666667
1029,"P56_batch2","PT_out",0.233333333333333
1030,"P56_batch2","NP_LOH",0.633333333333333
1031,"P56_batch2","stroma2",0.466666666666667
1032,"P56_batch2","stroma2",0.566666666666667
1033,"P56_batch2","immune",0.2
1034,"P56_batch2","PT_out",0.5
1035,"P56_batch2","PT",0.4
1036,"P56_batch2","PT_out",0.666666666666667
1037,"P56_batch2","PT_out",0.566666666666667
1038,"P56_batch2","stroma2",0.733333333333333
1039,"P56_batch2","stroma2",0.533333333333333
1040,"P56_batch2","LOH",0.7
1041,"P56_batch2","Endo",0.466666666666667
1042,"P56_batch2","PT",0.366666666666667
1043,"P56_batch2","stroma1",0.6
1044,"P56_batch2","CNT",0.7
1045,"P56_batch2","LOH",0.4
1046,"P56_batch2","PT",0.566666666666667
1047,"P56_batch2","PT",0.633333333333333
1048,"P56_batch2","DCT",0.5
1049,"P56_batch2","PT2",0.533333333333333
1050,"P56_batch2","PT",0.633333333333333
1051,"P56_batch2","DCT",0.5
1052,"P56_batch2","stroma2",0.466666666666667
1053,"P56_batch2","PT2",0.466666666666667
1054,"P56_batch2","IC",0.866666666666667
1055,"P56_batch2","PT",0.433333333333333
1056,"P56_batch2","PT",0.5
1057,"P56_batch2","PT",0.5
1058,"P56_batch2","PT",0.7
1059,"P56_batch2","PT",0.566666666666667
1060,"P56_batch2","PT",0.5
1061,"P56_batch2","PT",0.233333333333333
1062,"P56_batch2","PT_out",0.566666666666667
1063,"P56_batch2","PT",0.466666666666667
1064,"P56_batch2","PT",0.566666666666667
1065,"P56_batch2","PT2",0.433333333333333
1066,"P56_batch2","PC",0.333333333333333
1067,"P56_batch2","DCT",0.5
1068,"P56_batch2","PT2",0.533333333333333
1069,"P56_batch2","PT",0.533333333333333
1070,"P56_batch2","DCT",0.4
1071,"P56_batch2","stroma2",0.466666666666667
1072,"P56_batch2","stroma2",0.5
1073,"P56_batch2","PT_out",0.166666666666667
1074,"P56_batch2","CNT",0.533333333333333
1075,"P56_batch2","DCT",0.333333333333333
1076,"P56_batch2","DCT",0.166666666666667
1077,"P56_batch2","LOH",0.5
1078,"P56_batch2","PT",0.733333333333333
1079,"P56_batch2","PC",0.2
1080,"P56_batch2","LOH",0.533333333333333
1081,"P56_batch2","PT2",0.533333333333333
1082,"P56_batch2","PT",0.7
1083,"P56_batch2","PT",0.333333333333333
1084,"P56_batch2","PT",0.566666666666667
1085,"P56_batch2","LOH",0.366666666666667
1086,"P56_batch2","LOH",0.5
1087,"P56_batch2","PT",0.3
1088,"P56_batch2","PT",0.6
1089,"P56_batch2","PT",0.233333333333333
1090,"P56_batch2","PT",0.666666666666667
1091,"P56_batch2","PT2",0.566666666666667
1092,"P56_batch2","PT2",0.466666666666667
1093,"P56_batch2","PT",0.433333333333333
1094,"P56_batch2","PT",0.366666666666667
1095,"P56_batch2","stroma2",0.5
1096,"P56_batch2","LOH",0.733333333333333
1097,"P56_batch2","NP",0.366666666666667
1098,"P56_batch2","DCT",0.4
1099,"P56_batch2","PT",0.633333333333333
1100,"P56_batch2","PT",0.433333333333333
1101,"P56_batch2","CNT",0.6
1102,"P56_batch2","PT",0.633333333333333
1103,"P56_batch2","LOH",0.5
1104,"P56_batch2","IC",0.266666666666667
1105,"P56_batch2","IC",0.3
1106,"P56_batch2","PT",0.7
1107,"P56_batch2","PT",0.4
1108,"P56_batch2","PT",0.666666666666667
1109,"P56_batch2","PT2",0.2
1110,"P56_batch2","PT2",0.766666666666667
1111,"P56_batch2","PT",0.4
1112,"P56_batch2","PT",0.266666666666667
1113,"P56_batch2","PT",0.433333333333333
1114,"P56_batch2","LOH",0.8
1115,"P56_batch2","LOH",0.466666666666667
1116,"P56_batch2","PT",0.6
1117,"P56_batch2","PT",0.6
1118,"P56_batch2","PT",0.6
1119,"P56_batch2","Podo",0.466666666666667
1120,"P56_batch2","immune",0.333333333333333
1121,"P56_batch2","LOH",0.6
1122,"P56_batch2","IC",0.466666666666667
1123,"P56_batch2","Endo",0.633333333333333
1124,"P56_batch2","stroma1",0.5
1125,"P56_batch2","PT",0.6
1126,"P56_batch2","PC",0.366666666666667
1127,"P56_batch2","DCT",0.266666666666667
1128,"P56_batch2","PT2",0.233333333333333
1129,"P56_batch2","CNT",0.533333333333333
1130,"P56_batch2","PC",0.766666666666667
1131,"P56_batch2","Endo",0.733333333333333
1132,"P56_batch2","PT",0.5
1133,"P56_batch2","PT",0.466666666666667
1134,"P56_batch2","PT",0.466666666666667
1135,"P56_batch2","PT",0.533333333333333
1136,"P56_batch2","immune",0.2
1137,"P56_batch2","stroma2",0.633333333333333
1138,"P56_batch2","PC",0.6
1139,"P56_batch2","IC",0.7
1140,"P56_batch2","stroma2",0.533333333333333
1141,"P56_batch2","LOH",0.533333333333333
1142,"P56_batch2","CNT",0.366666666666667
1143,"P56_batch2","CNT",0.366666666666667
1144,"P56_batch2","PT",0.366666666666667
1145,"P56_batch2","LOH",0.533333333333333
1146,"P56_batch2","PT",0.7
1147,"P56_batch2","PT2",0.6
1148,"P56_batch2","PT2",0.4
1149,"P56_batch2","LOH",0.6
1150,"P56_batch2","PT",0.466666666666667
1151,"P56_batch2","stroma2",0.666666666666667
1152,"P56_batch2","LOH",0.5
1153,"P56_batch2","LOH",0.566666666666667
1154,"P56_batch2","PT2",0.4
1155,"P56_batch2","LOH",0.666666666666667
1156,"P56_batch2","Endo",0.633333333333333
1157,"P56_batch2","LOH",0.566666666666667
1158,"P56_batch2","PT",0.633333333333333
1159,"P56_batch2","stroma2",0.666666666666667
1160,"P56_batch2","LOH",0.366666666666667
1161,"P56_batch2","NP_LOH",0.5
1162,"P56_batch2","PT2",0.233333333333333
1163,"P56_batch2","immune",0.366666666666667
1164,"P56_batch2","LOH",0.233333333333333
1165,"P56_batch2","PT",0.466666666666667
1166,"P56_batch2","PT2",0.433333333333333
1167,"P56_batch2","PT2",0.466666666666667
1168,"P56_batch2","LOH",0.4
1169,"P56_batch2","PT",0.7
1170,"P56_batch2","Podo",0.533333333333333
1171,"P56_batch2","PT2",0.333333333333333
1172,"P56_batch2","NP",0.766666666666667
1173,"P56_batch2","PT",0.533333333333333
1174,"P56_batch2","Endo",0.633333333333333
1175,"P56_batch2","Endo",0.733333333333333
1176,"P56_batch2","PT2",0.433333333333333
1177,"P56_batch2","LOH",0.766666666666667
1178,"P56_batch2","PT",0.533333333333333
1179,"P56_batch2","PT2",0.433333333333333
1180,"P56_batch2","PT",0.5
1181,"P56_batch2","Endo",0.433333333333333
1182,"P56_batch2","DCT",0.566666666666667
1183,"P56_batch2","LOH",0.5
1184,"P56_batch2","LOH",0.766666666666667
1185,"P56_batch2","PC",0.566666666666667
1186,"P56_batch2","PT",0.266666666666667
1187,"P56_batch2","LOH",0.666666666666667
1188,"P56_batch2","PT",0.666666666666667
1189,"P56_batch2","LOH",0.233333333333333
1190,"P56_batch2","DCT",0.266666666666667
1191,"P56_batch2","PT",0.5
1192,"P56_batch2","PT",0.533333333333333
1193,"P56_batch2","PT",0.6
1194,"P56_batch2","PT_out",0.433333333333333
1195,"P56_batch2","PT",0.433333333333333
1196,"P56_batch2","PT",0.533333333333333
1197,"P56_batch2","PT",0.4
1198,"P56_batch2","PT",0.666666666666667
1199,"P56_batch2","DCT",0.433333333333333
1200,"P56_batch2","PT_out",0.166666666666667
1201,"P56_batch2","stroma2",0.8
1202,"P56_batch2","PT2",0.766666666666667
1203,"P56_batch2","PT",0.233333333333333
1204,"P56_batch2","IC",0.366666666666667
1205,"P56_batch2","IC",0.366666666666667
1206,"P56_batch2","PT2",0.666666666666667
1207,"P56_batch2","PT",0.466666666666667
1208,"P56_batch2","PT",0.433333333333333
1209,"P56_batch2","PT",0.633333333333333
1210,"P56_batch2","PT",0.5
1211,"P56_batch2","DCT",0.3
1212,"P56_batch2","LOH",0.433333333333333
1213,"P56_batch2","DCT",0.533333333333333
1214,"P56_batch2","Endo",0.6
1215,"P56_batch2","PT",0.466666666666667
1216,"P56_batch2","PT",0.533333333333333
1217,"P56_batch2","PT",0.233333333333333
1218,"P56_batch2","PT",0.333333333333333
1219,"P56_batch2","Podo",0.466666666666667
1220,"P56_batch2","Endo",0.533333333333333
1221,"P56_batch2","PT2",0.433333333333333
1222,"P56_batch2","Endo",0.333333333333333
1223,"P56_batch2","LOH",0.5
1224,"P56_batch2","PT",0.433333333333333
1225,"P56_batch2","PT",0.4
1226,"P56_batch2","PT",0.5
1227,"P56_batch2","IC",0.466666666666667
1228,"P56_batch2","PT",0.466666666666667
1229,"P56_batch2","IC",0.433333333333333
1230,"P56_batch2","PT",0.533333333333333
1231,"P56_batch2","LOH",0.566666666666667
1232,"P56_batch2","LOH",0.4
1233,"P56_batch2","PT2",0.2
1234,"P56_batch2","LOH",0.4
1235,"P56_batch2","CNT",0.4
1236,"P56_batch2","PT",0.533333333333333
1237,"P56_batch2","PT",0.533333333333333
1238,"P56_batch2","PT",0.533333333333333
1239,"P56_batch2","PT",0.5
1240,"P56_batch2","PT2",0.3
1241,"P56_batch2","PT2",0.533333333333333
1242,"P56_batch2","LOH",0.4
1243,"P56_batch2","PT",0.566666666666667
1244,"P56_batch2","stroma2",0.633333333333333
1245,"P56_batch2","CNT",0.633333333333333
1246,"P56_batch2","LOH",0.533333333333333
1247,"P56_batch2","PT2",0.366666666666667
1248,"P56_batch2","PC",0.333333333333333
1249,"P56_batch2","IC",0.366666666666667
1250,"P56_batch2","PT2",0.1
1251,"P56_batch2","DCT",0.2
1252,"P56_batch2","PT",0.5
1253,"P56_batch2","DCT",0.466666666666667
1254,"P56_batch2","IC",0.366666666666667
1255,"P56_batch2","LOH",0.6
1256,"P56_batch2","PT",0.4
1257,"P56_batch2","PT",0.433333333333333
1258,"P56_batch2","NP_LOH",0.8
1259,"P56_batch2","PT",0.333333333333333
1260,"P56_batch2","LOH",0.233333333333333
1261,"P56_batch2","PT_out",0.2
1262,"P56_batch2","Endo",0.5
1263,"P56_batch2","stroma2",0.5
1264,"P56_batch2","LOH",0.6
1265,"P56_batch2","Podo",0.766666666666667
1266,"P56_batch2","PT",0.466666666666667
1267,"P56_batch2","Endo",0.333333333333333
1268,"P56_batch2","PT",0.366666666666667
1269,"P56_batch2","Endo",0.7
1270,"P56_batch2","PC",0.333333333333333
1271,"P56_batch2","PT",0.466666666666667
1272,"P56_batch2","PT",0.6
1273,"P56_batch2","PT2",0.4
1274,"P56_batch2","LOH",0.4
1275,"P56_batch2","PT",0.7
1276,"P56_batch2","Endo",0.666666666666667
1277,"P56_batch2","LOH",0.466666666666667
1278,"P56_batch2","PT",0.6
1279,"P56_batch2","LOH",0.6
1280,"P56_batch2","PT",0.6
1281,"P56_batch2","PT2",0.3
1282,"P56_batch2","LOH",0.5
1283,"P56_batch2","IC",0.733333333333333
1284,"P56_batch2","immune",0.333333333333333
1285,"P56_batch2","PT",0.6
1286,"P56_batch2","NP_LOH",0.266666666666667
1287,"P56_batch2","immune",0.8
1288,"P56_batch2","PT",0.333333333333333
1289,"P56_batch2","DCT",0.366666666666667
1290,"P56_batch2","LOH",0.5
1291,"P56_batch2","LOH",0.666666666666667
1292,"P56_batch2","PT",0.433333333333333
1293,"P56_batch2","PT",0.633333333333333
1294,"P56_batch2","CNT",0.633333333333333
1295,"P56_batch2","PT",0.466666666666667
1296,"P56_batch2","PT",0.466666666666667
1297,"P56_batch2","PT",0.633333333333333
1298,"P56_batch2","PT",0.6
1299,"P56_batch2","DCT",0.266666666666667
1300,"P56_batch2","PT_out",0.2
1301,"P56_batch2","PT",0.466666666666667
1302,"P56_batch2","IC",0.366666666666667
1303,"P56_batch2","PT",0.466666666666667
1304,"P56_batch2","LOH",0.566666666666667
1305,"P56_batch2","PT",0.6
1306,"P56_batch2","PT",0.5
1307,"P56_batch2","PT2",0.366666666666667
1308,"P56_batch2","DCT",0.6
1309,"P56_batch2","NP",0.5
1310,"P56_batch2","PT",0.266666666666667
1311,"P56_batch2","PT",0.566666666666667
1312,"P56_batch2","immune",0.233333333333333
1313,"P56_batch2","DCT",0.3
1314,"P56_batch2","PC",0.5
1315,"P56_batch2","immune",0.633333333333333
1316,"P56_batch2","PT2",0.4
1317,"P56_batch2","DCT",0.266666666666667
1318,"P56_batch2","PT",0.3
1319,"P56_batch2","Endo",0.6
1320,"P56_batch2","PT2",0.333333333333333
1321,"P56_batch2","Endo",0.8
1322,"P56_batch2","NP",0.366666666666667
1323,"P56_batch2","PT",0.566666666666667
1324,"P56_batch2","DCT",0.433333333333333
1325,"P56_batch2","PT2",0.133333333333333
1326,"P56_batch2","Endo",0.766666666666667
1327,"P56_batch2","PT",0.433333333333333
1328,"P56_batch2","stroma2",0.533333333333333
1329,"P56_batch2","PT2",0.4
1330,"P56_batch2","PT",0.466666666666667
1331,"P56_batch2","DCT",0.333333333333333
1332,"P56_batch2","PT2",0.4
1333,"P56_batch2","stroma1",0.2
1334,"P56_batch2","LOH",0.633333333333333
1335,"P56_batch2","DCT",0.433333333333333
1336,"P56_batch2","CNT",0.533333333333333
1337,"P56_batch2","DCT",0.266666666666667
1338,"P56_batch2","PT",0.6
1339,"P56_batch2","IC",0.3
1340,"P56_batch2","CNT",0.6
1341,"P56_batch2","PT",0.533333333333333
1342,"P56_batch2","PT2",0.466666666666667
1343,"P56_batch2","PT",0.566666666666667
1344,"P56_batch2","LOH",0.5
1345,"P56_batch2","PT2",0.4
1346,"P56_batch2","PT",0.333333333333333
1347,"P56_batch2","immune",0.333333333333333
1348,"P56_batch2","stroma2",0.666666666666667
1349,"P56_batch2","PT",0.466666666666667
1350,"P56_batch2","PT",0.366666666666667
1351,"P56_batch2","PT",0.6
1352,"P56_batch2","DCT",0.3
1353,"P56_batch2","PT",0.4
1354,"P56_batch2","PT",0.466666666666667
1355,"P56_batch2","DCT",0.5
1356,"P56_batch2","CNT",0.233333333333333
1357,"P56_batch2","Podo",0.466666666666667
1358,"P56_batch2","PT",0.433333333333333
1359,"P56_batch2","PC",0.533333333333333
1360,"P56_batch2","Endo",0.9
1361,"P56_batch2","LOH",0.633333333333333
1362,"P56_batch2","PT",0.433333333333333
1363,"P56_batch2","stroma2",0.833333333333333
1364,"P56_batch2","PT",0.466666666666667
1365,"P56_batch2","PT",0.466666666666667
1366,"P56_batch2","PT",0.8
1367,"P56_batch2","PT2",0.566666666666667
1368,"P56_batch2","PT2",0.433333333333333
1369,"P56_batch2","PT",0.333333333333333
1370,"P56_batch2","Endo",0.466666666666667
1371,"P56_batch2","PT",0.566666666666667
1372,"P56_batch2","LOH",0.6
1373,"P56_batch2","LOH",0.533333333333333
1374,"P56_batch2","immune",0.166666666666667
1375,"P56_batch2","PT",0.5
1376,"P56_batch2","PT2",0.366666666666667
1377,"P56_batch2","Endo",0.6
1378,"P56_batch2","stroma2",0.8
1379,"P56_batch2","stroma2",0.633333333333333
1380,"P56_batch2","PC",0.733333333333333
1381,"P56_batch2","CNT",0.533333333333333
1382,"P56_batch2","PT",0.4
1383,"P56_batch2","CNT",0.6
1384,"P56_batch2","PT2",0.233333333333333
1385,"P56_batch2","PT_out",0.566666666666667
1386,"P56_batch2","PT",0.366666666666667
1387,"P56_batch2","PT",0.7
1388,"P56_batch2","PT_out",0.566666666666667
1389,"P56_batch2","PC",0.466666666666667
1390,"P56_batch2","DCT",0.5
1391,"P56_batch2","Podo",0.5
1392,"P56_batch2","LOH",0.566666666666667
1393,"P56_batch2","PT",0.566666666666667
1394,"P56_batch2","PT",0.233333333333333
1395,"P56_batch2","LOH",0.566666666666667
1396,"P56_batch2","PT",0.3
1397,"P56_batch2","PT",0.233333333333333
1398,"P56_batch2","PT",0.266666666666667
1399,"P56_batch2","IC",0.6
1400,"P56_batch2","PT",0.633333333333333
1401,"P56_batch2","IC",0.6
1402,"P56_batch2","PT",0.366666666666667
1403,"P56_batch2","PT",0.433333333333333
1404,"P56_batch2","stroma2",0.566666666666667
1405,"P56_batch2","Podo",0.466666666666667
1406,"P56_batch2","PT_out",0.466666666666667
1407,"P56_batch2","PT",0.566666666666667
1408,"P56_batch2","DCT",0.5
1409,"P56_batch2","stroma2",0.633333333333333
1410,"P56_batch2","PT",0.466666666666667
1411,"P56_batch2","PT2",0.2
1412,"P56_batch2","PT2",0.266666666666667
1413,"P56_batch2","stroma1",0.533333333333333
1414,"P56_batch2","LOH",0.766666666666667
1415,"P56_batch2","immune",0.5
1416,"P56_batch2","PT",0.433333333333333
1417,"P56_batch2","PT",0.466666666666667
1418,"P56_batch2","PT2",0.3
1419,"P56_batch2","PT",0.5
1420,"P56_batch2","immune",0.633333333333333
1421,"P56_batch2","IC",0.433333333333333
1422,"P56_batch2","DCT",0.266666666666667
1423,"P56_batch2","CNT",0.733333333333333
1424,"P56_batch2","PT",0.5
1425,"P56_batch2","PT",0.7
1426,"P56_batch2","PT",0.233333333333333
1427,"P56_batch2","stroma2",0.7
1428,"P56_batch2","IC",0.433333333333333
1429,"P56_batch2","IC",0.433333333333333
1430,"P56_batch2","PT",0.6
1431,"P56_batch2","PT",0.7
1432,"P56_batch2","LOH",0.8
1433,"P56_batch2","PT2",0.5
1434,"P56_batch2","CNT",0.133333333333333
1435,"P56_batch2","PT",0.233333333333333
1436,"P56_batch2","NP_LOH",0.733333333333333
1437,"P56_batch2","LOH",0.4
1438,"P56_batch2","Endo",0.6
1439,"P56_batch2","stroma2",0.6
1440,"P56_batch2","DCT",0.3
1441,"P56_batch2","PT",0.566666666666667
1442,"P56_batch2","PT",0.5
1443,"P56_batch2","PT",0.533333333333333
1444,"P56_batch2","PT",0.233333333333333
1445,"P56_batch2","PT2",0.433333333333333
1446,"P56_batch2","PT",0.333333333333333
1447,"P56_batch2","PT",0.466666666666667
1448,"P56_batch2","LOH",0.533333333333333
1449,"P56_batch2","LOH",0.533333333333333
1450,"P56_batch2","NP",0.633333333333333
1451,"P56_batch2","PT",0.466666666666667
1452,"P56_batch2","LOH",0.3
1453,"P56_batch2","LOH",0.533333333333333
1454,"P56_batch2","PT_out",0.166666666666667
1455,"P56_batch2","PT2",0.666666666666667
1456,"P56_batch2","PT",0.3
1457,"P56_batch2","IC",0.366666666666667
1458,"P56_batch2","PT",0.3
1459,"P56_batch2","PT",0.333333333333333
1460,"P56_batch2","immune",0.733333333333333
1461,"P56_batch2","DCT",0.333333333333333
1462,"P56_batch2","NP_LOH",0.266666666666667
1463,"P56_batch2","PT",0.533333333333333
1464,"P56_batch2","PT",0.5
1465,"P56_batch2","PT2",0.566666666666667
1466,"P56_batch2","stroma2",0.5
1467,"P56_batch2","immune",0.566666666666667
1468,"P56_batch2","PT",0.733333333333333
1469,"P56_batch2","PT2",0.633333333333333
1470,"P56_batch2","LOH",0.5
1471,"P56_batch2","PT_out",0.333333333333333
1472,"P56_batch2","PT",0.533333333333333
1473,"P56_batch2","Endo",0.433333333333333
1474,"P56_batch2","LOH",0.7
1475,"P56_batch2","PT",0.533333333333333
1476,"P56_batch2","PT",0.566666666666667
1477,"P56_batch2","CNT",0.5
1478,"P56_batch2","PT2",0.466666666666667
1479,"P56_batch2","PT",0.733333333333333
1480,"P56_batch2","PT",0.566666666666667
1481,"P56_batch2","PT2",0.233333333333333
1482,"P56_batch2","PT",0.433333333333333
1483,"P56_batch2","PT",0.633333333333333
1484,"P56_batch2","PT2",0.266666666666667
1485,"P56_batch2","PT",0.366666666666667
1486,"P56_batch2","PT2",0.833333333333333
1487,"P56_batch2","stroma1",0.5
1488,"P56_batch2","DCT",0.433333333333333
1489,"P56_batch2","CNT",0.633333333333333
1490,"P56_batch2","PT2",0.466666666666667
1491,"P56_batch2","LOH",0.5
1492,"P56_batch2","PT",0.6
1493,"P56_batch2","PT2",0.733333333333333
1494,"P56_batch2","CNT",0.3
1495,"P56_batch2","stroma2",0.566666666666667
1496,"P56_batch2","DCT",0.333333333333333
1497,"P56_batch2","immune",0.566666666666667
1498,"P56_batch2","LOH",0.733333333333333
1499,"P56_batch2","PT",0.5
1500,"P56_batch2","immune",0.233333333333333
1501,"P56_batch2","PT2",0.366666666666667
1502,"P56_batch2","stroma2",0.666666666666667
1503,"P56_batch2","PC",0.6
1504,"P56_batch2","PT",0.166666666666667
1505,"P56_batch2","LOH",0.633333333333333
1506,"P56_batch2","LOH",0.566666666666667
1507,"P56_batch2","Endo",0.533333333333333
1508,"P56_batch2","DCT",0.5
1509,"P56_batch2","IC",0.533333333333333
1510,"P56_batch2","PT",0.433333333333333
1511,"P56_batch2","PT",0.233333333333333
1512,"P56_batch2","PT",0.8
1513,"P56_batch2","PT2",0.3
1514,"P56_batch2","LOH",0.566666666666667
1515,"P56_batch2","NP_LOH",0.433333333333333
1516,"P56_batch2","DCT",0.5
1517,"P56_batch2","DCT",0.466666666666667
1518,"P56_batch2","PT",0.6
1519,"P56_batch2","PT",0.366666666666667
1520,"P56_batch2","PT",0.733333333333333
1521,"P56_batch2","immune",0.233333333333333
1522,"P56_batch2","stroma2",0.733333333333333
1523,"P56_batch2","PT",0.633333333333333
1524,"P56_batch2","IC",0.5
1525,"P56_batch2","DCT",0.5
1526,"P56_batch2","PT",0.233333333333333
1527,"P56_batch2","stroma2",0.566666666666667
1528,"P56_batch2","IC",0.233333333333333
1529,"P56_batch2","PT",0.3
1530,"P56_batch2","PT",0.433333333333333
1531,"P56_batch2","PT",0.666666666666667
1532,"P56_batch2","LOH",0.566666666666667
1533,"P56_batch2","DCT",0.266666666666667
1534,"P56_batch2","LOH",0.566666666666667
1535,"P56_batch2","PT2",0.1
1536,"P56_batch2","PT",0.633333333333333
1537,"P56_batch2","PT",0.266666666666667
1538,"P56_batch2","PT",0.233333333333333
1539,"P56_batch2","PT",0.6
1540,"P56_batch2","PT",0.733333333333333
1541,"P56_batch2","PT_out",0.466666666666667
1542,"P56_batch2","PC",0.566666666666667
1543,"P56_batch2","stroma2",0.6
1544,"P56_batch2","PT",0.266666666666667
1545,"P56_batch2","PT_out",0.533333333333333
1546,"P56_batch2","CNT",0.666666666666667
1547,"P56_batch2","IC",0.4
1548,"P56_batch2","PT",0.5
1549,"P56_batch2","PT",0.6
1550,"P56_batch2","Endo",0.666666666666667
1551,"P56_batch2","LOH",0.366666666666667
1552,"P56_batch2","PT",0.3
1553,"P56_batch2","PT2",0.6
1554,"P56_batch2","PT",0.6
1555,"P56_batch2","stroma2",0.7
1556,"P56_batch2","LOH",0.566666666666667
1557,"P56_batch2","PT",0.366666666666667
1558,"P56_batch2","PT2",0.4
1559,"P56_batch2","DCT",0.4
1560,"P56_batch2","PT",0.633333333333333
1561,"P56_batch2","PT",0.3
1562,"P56_batch2","PT",0.833333333333333
1563,"P56_batch2","stroma2",0.5
1564,"P56_batch2","stroma2",0.433333333333333
1565,"P56_batch2","DCT",0.433333333333333
1566,"P56_batch2","Endo",0.7
1567,"P56_batch2","CNT",0.333333333333333
1568,"P56_batch2","DCT",0.266666666666667
1569,"P56_batch2","PT",0.4
1570,"P56_batch2","Endo",0.566666666666667
1571,"P56_batch2","LOH",0.533333333333333
1572,"P56_batch2","PT",0.333333333333333
1573,"P56_batch2","PT",0.5
1574,"P56_batch2","PT",0.433333333333333
1575,"P56_batch2","stroma2",0.366666666666667
1576,"P56_batch2","PT2",0.266666666666667
1577,"P56_batch2","LOH",0.466666666666667
1578,"P56_batch2","stroma2",0.366666666666667
1579,"P56_batch2","PT2",0.233333333333333
1580,"P56_batch2","PT",0.366666666666667
1581,"P56_batch2","PT",0.566666666666667
1582,"P56_batch2","LOH",0.466666666666667
1583,"P56_batch2","stroma2",0.466666666666667
1584,"P56_batch2","PT",0.333333333333333
1585,"P56_batch2","IC",0.733333333333333
1586,"P56_batch2","PT2",0.4
1587,"P56_batch2","LOH",0.433333333333333
1588,"P56_batch2","PT",0.366666666666667
1589,"P56_batch2","PT",0.533333333333333
1590,"P56_batch2","PC",0.533333333333333
1591,"P56_batch2","LOH",0.6
1592,"P56_batch2","stroma1",0.666666666666667
1593,"P56_batch2","PT",0.466666666666667
1594,"P56_batch2","PT",0.4
1595,"P56_batch2","PT2",0.366666666666667
1596,"P56_batch2","PT2",0.433333333333333
1597,"P56_batch2","PT2",0.4
1598,"P56_batch2","PT2",0.6
1599,"P56_batch2","immune",0.2
1600,"P56_batch2","PT2",0.733333333333333
1601,"P56_batch2","NP",0.7
1602,"P56_batch2","LOH",0.566666666666667
1603,"P56_batch2","stroma2",0.6
1604,"P56_batch2","LOH",0.466666666666667
1605,"P56_batch2","PT",0.333333333333333
1606,"P56_batch2","LOH",0.566666666666667
1607,"P56_batch2","stroma2",0.566666666666667
1608,"P56_batch2","PT_out",0.433333333333333
1609,"P56_batch2","PT2",0.5
1610,"P56_batch2","PT2",0.266666666666667
1611,"P56_batch2","PC",0.466666666666667
1612,"P56_batch2","stroma2",0.833333333333333
1613,"P56_batch2","PT",0.5
1614,"P56_batch2","PT",0.566666666666667
1615,"P56_batch2","PT",0.233333333333333
1616,"P56_batch2","Endo",0.7
1617,"P56_batch2","PT",0.566666666666667
1618,"P56_batch2","PT2",0.633333333333333
1619,"P56_batch2","DCT",0.2
1620,"P56_batch2","PT",0.633333333333333
1621,"P56_batch2","PT",0.566666666666667
1622,"P56_batch2","CNT",0.533333333333333
1623,"P56_batch2","stroma1",0.533333333333333
1624,"P56_batch2","PT",0.566666666666667
1625,"P56_batch2","PT2",0.633333333333333
1626,"P56_batch2","PT2",0.466666666666667
1627,"P56_batch2","PT",0.4
1628,"P56_batch2","CNT",0.466666666666667
1629,"P56_batch2","Endo",0.7
1630,"P56_batch2","NP_LOH",0.633333333333333
1631,"P56_batch2","LOH",0.633333333333333
1632,"P56_batch2","DCT",0.366666666666667
1633,"P56_batch2","PT",0.633333333333333
1634,"P56_batch2","LOH",0.5
1635,"P56_batch2","DCT",0.533333333333333
1636,"P56_batch2","CNT",0.233333333333333
1637,"P56_batch2","DCT",0.433333333333333
1638,"P56_batch2","DCT",0.333333333333333
1639,"P56_batch2","PT",0.6
1640,"P56_batch2","LOH",0.233333333333333
1641,"P56_batch2","PC",0.666666666666667
1642,"P56_batch2","PT2",0.433333333333333
1643,"P56_batch2","PT",0.4
1644,"P56_batch2","stroma2",0.666666666666667
1645,"P56_batch2","NP",0.466666666666667
1646,"P56_batch2","PT",0.4
1647,"P56_batch2","PT",0.6
1648,"P56_batch2","DCT",0.566666666666667
1649,"P56_batch2","PT",0.433333333333333
1650,"P56_batch2","PT2",0.333333333333333
1651,"P56_batch2","PT2",0.566666666666667
1652,"P56_batch2","PT",0.233333333333333
1653,"P56_batch2","PT2",0.6
1654,"P56_batch2","PT2",0.266666666666667
1655,"P56_batch2","LOH",0.633333333333333
1656,"P56_batch2","PC",0.266666666666667
1657,"P56_batch2","PT2",0.166666666666667
1658,"P56_batch2","Endo",0.633333333333333
1659,"P56_batch2","PT",0.5
1660,"P56_batch2","DCT",0.366666666666667
1661,"P56_batch2","Endo",0.733333333333333
1662,"P56_batch2","DCT",0.3
1663,"P56_batch2","LOH",0.333333333333333
1664,"P56_batch2","PT2",0.3
1665,"P56_batch2","CNT",0.666666666666667
1666,"P56_batch2","Endo",0.633333333333333
1667,"P56_batch2","Endo",0.633333333333333
1668,"P56_batch2","CNT",0.733333333333333
1669,"P56_batch2","PT2",0.233333333333333
1670,"P56_batch2","PT",0.5
1671,"P56_batch2","PC",0.9
1672,"P56_batch2","LOH",0.6
1673,"P56_batch2","PT",0.466666666666667
1674,"P56_batch2","LOH",0.5
1675,"P56_batch2","PT2",0.5
1676,"P56_batch2","NP",0.7
1677,"P56_batch2","stroma2",0.7
1678,"P56_batch2","IC",0.433333333333333
1679,"P56_batch2","stroma2",0.5
1680,"P56_batch2","PT",0.233333333333333
1681,"P56_batch2","PT2",0.366666666666667
1682,"P56_batch2","IC",0.7
1683,"P56_batch2","PT",0.366666666666667
1684,"P56_batch2","PT2",0.333333333333333
1685,"P56_batch2","Endo",0.7
1686,"P56_batch2","PT",0.4
1687,"P56_batch2","PT_out",0.466666666666667
1688,"P56_batch2","PT",0.4
1689,"P56_batch2","PT",0.666666666666667
1690,"P56_batch2","PT",0.666666666666667
1691,"P56_batch2","PT",0.433333333333333
1692,"P56_batch2","DCT",0.366666666666667
1693,"P56_batch2","CNT",0.266666666666667
1694,"P56_batch2","LOH",0.5
1695,"P56_batch2","Endo",0.8
1696,"P56_batch2","IC",0.466666666666667
1697,"P56_batch2","stroma2",0.333333333333333
1698,"P56_batch2","PT",0.266666666666667
1699,"P56_batch2","PT",0.5
1700,"P56_batch2","stroma1",0.266666666666667
1701,"P56_batch2","PT",0.4
1702,"P56_batch2","PT",0.533333333333333
1703,"P56_batch2","PT2",0.233333333333333
1704,"P56_batch2","PT",0.433333333333333
1705,"P56_batch2","PT",0.566666666666667
1706,"P56_batch2","PT",0.433333333333333
1707,"P56_batch2","PT",0.666666666666667
1708,"P56_batch2","immune",0.2
1709,"P56_batch2","PT",0.333333333333333
1710,"P56_batch2","PT",0.6
1711,"P56_batch2","PT",0.333333333333333
1712,"P56_batch2","NP",0.5
1713,"P56_batch2","NP",0.5
1714,"P56_batch2","stroma2",0.733333333333333
1715,"P56_batch2","DCT",0.4
1716,"P56_batch2","NP",0.366666666666667
1717,"P56_batch2","stroma2",0.5
1718,"P56_batch2","PT",0.6
1719,"P56_batch2","LOH",0.366666666666667
1720,"P56_batch2","CNT",0.666666666666667
1721,"P56_batch2","CNT",0.533333333333333
1722,"P56_batch2","Endo",0.366666666666667
1723,"P56_batch2","PT",0.4
1724,"P56_batch2","immune",0.233333333333333
1725,"P56_batch2","CNT",0.633333333333333
1726,"P56_batch2","PT2",0.4
1727,"P56_batch2","PT",0.6
1728,"P56_batch2","PT",0.2
1729,"P56_batch2","PT",0.433333333333333
1730,"P56_batch2","PT",0.4
1731,"P56_batch2","PT_out",0.6
1732,"P56_batch2","PT",0.333333333333333
1733,"P56_batch2","LOH",0.466666666666667
1734,"P56_batch2","DCT",0.266666666666667
1735,"P56_batch2","LOH",0.6
1736,"P56_batch2","PT",0.7
1737,"P56_batch2","PT2",0.4
1738,"P56_batch2","DCT",0.433333333333333
1739,"P56_batch2","PT",0.4
1740,"P56_batch2","DCT",0.466666666666667
1741,"P56_batch2","PT",0.4
1742,"P56_batch2","PC",0.6
1743,"P56_batch2","Endo",0.5
1744,"P56_batch2","LOH",0.5
1745,"P56_batch2","stroma2",0.533333333333333
1746,"P56_batch2","IC",0.666666666666667
1747,"P56_batch2","PT",0.266666666666667
1748,"P56_batch2","PT",0.266666666666667
1749,"P56_batch2","PT2",0.266666666666667
1750,"P56_batch2","CNT",0.233333333333333
1751,"P56_batch2","immune",0.233333333333333
1752,"P56_batch2","PT2",0.4
1753,"P56_batch2","Endo",0.633333333333333
1754,"P56_batch2","stroma1",0.466666666666667
1755,"P56_batch2","LOH",0.466666666666667
1756,"P56_batch2","PT",0.5
1757,"P56_batch2","DCT",0.5
1758,"P56_batch2","Endo",0.4
1759,"P56_batch2","PT",0.2
1760,"P56_batch2","PT",0.3
1761,"P56_batch2","PC",0.166666666666667
1762,"P56_batch2","DCT",0.533333333333333
1763,"P56_batch2","PT",0.633333333333333
1764,"P56_batch2","LOH",0.5
1765,"P56_batch2","DCT",0.133333333333333
1766,"P56_batch2","LOH",0.266666666666667
1767,"P56_batch2","PT",0.233333333333333
1768,"P56_batch2","PC",0.5
1769,"P56_batch2","LOH",0.533333333333333
1770,"P56_batch2","PT",0.4
1771,"P56_batch2","PT2",0.4
1772,"P56_batch2","PT",0.5
1773,"P56_batch2","NP_LOH",0.633333333333333
1774,"P56_batch2","PT",0.533333333333333
1775,"P56_batch2","PT",0.5
1776,"P56_batch2","PT2",0.4
1777,"P56_batch2","PT",0.533333333333333
1778,"P56_batch2","LOH",0.5
1779,"P56_batch2","Endo",0.466666666666667
1780,"P56_batch2","PT",0.433333333333333
1781,"P56_batch2","PT2",0.0333333333333333
1782,"P56_batch2","PT",0.366666666666667
1783,"P56_batch2","LOH",0.633333333333333
1784,"P56_batch2","Endo",0.533333333333333
1785,"P56_batch2","PT",0.333333333333333
1786,"P56_batch2","Endo",0.866666666666667
1787,"P56_batch2","stroma2",0.533333333333333
1788,"P56_batch2","PT",0.4
1789,"P56_batch2","LOH",0.433333333333333
1790,"P56_batch2","PT",0.6
1791,"P56_batch2","LOH",0.533333333333333
1792,"P56_batch2","immune",0.333333333333333
1793,"P56_batch2","IC",0.366666666666667
1794,"P56_batch2","PT2",0.333333333333333
1795,"P56_batch2","LOH",0.8
1796,"P56_batch2","Endo",0.7
1797,"P56_batch2","PT",0.633333333333333
1798,"P56_batch2","PT",0.366666666666667
1799,"P56_batch2","PT2",0.2
1800,"P56_batch2","LOH",0.533333333333333
1801,"P56_batch2","PT2",0.3
1802,"P56_batch2","PT",0.533333333333333
1803,"P56_batch2","Endo",0.566666666666667
1804,"P56_batch2","CNT",0.533333333333333
1805,"P56_batch2","PT",0.5
1806,"P56_batch2","CNT",0.2
1807,"P56_batch2","PT",0.6
1808,"P56_batch2","DCT",0.266666666666667
1809,"P56_batch2","LOH",0.633333333333333
1810,"P56_batch2","PT",0.366666666666667
1811,"P56_batch2","Endo",0.633333333333333
1812,"P56_batch2","NP_LOH",0.266666666666667
1813,"P56_batch2","PT",0.566666666666667
1814,"P56_batch2","CNT",0.5
1815,"P56_batch2","PT2",0.366666666666667
1816,"P56_batch2","PT",0.633333333333333
1817,"P56_batch2","DCT",0.533333333333333
1818,"P56_batch2","PT",0.266666666666667
1819,"P56_batch2","LOH",0.8
1820,"P56_batch2","PT",0.466666666666667
1821,"P56_batch2","PT",0.4
1822,"P56_batch2","CNT",0.6
1823,"P56_batch2","PT",0.533333333333333
1824,"P56_batch2","LOH",0.666666666666667
1825,"P56_batch2","PT2",0.233333333333333
1826,"P56_batch2","Endo",0.433333333333333
1827,"P56_batch2","PT2",0.733333333333333
1828,"P56_batch2","stroma2",0.466666666666667
1829,"P56_batch2","PT",0.666666666666667
1830,"P56_batch2","PT2",0.4
1831,"P56_batch2","Endo",0.566666666666667
1832,"P56_batch2","PT",0.433333333333333
1833,"P56_batch2","DCT",0.466666666666667
1834,"P56_batch2","PT",0.433333333333333
1835,"P56_batch2","PT_out",0.166666666666667
1836,"P56_batch2","PT",0.333333333333333
1837,"P56_batch2","PT",0.233333333333333
1838,"P56_batch2","Endo",0.433333333333333
1839,"P56_batch2","PT",0.333333333333333
1840,"P56_batch2","stroma2",0.633333333333333
1841,"P56_batch2","DCT",0.433333333333333
1842,"P56_batch2","PT2",0.333333333333333
1843,"P56_batch2","PT2",0.233333333333333
1844,"P56_batch2","PT",0.2
1845,"P56_batch2","PT_out",0.366666666666667
1846,"P56_batch2","PT",0.566666666666667
1847,"P56_batch2","PT2",0.633333333333333
1848,"P56_batch2","PT2",0.1
1849,"P56_batch2","LOH",0.5
1850,"P56_batch2","PC",0.366666666666667
1851,"P56_batch2","DCT",0.166666666666667
1852,"P56_batch2","PT2",0.466666666666667
1853,"P56_batch2","LOH",0.666666666666667
1854,"P56_batch2","Endo",0.666666666666667
1855,"P56_batch2","stroma2",0.5
1856,"P56_batch2","PT2",0.766666666666667
1857,"P56_batch2","PT",0.633333333333333
1858,"P56_batch2","PT",0.466666666666667
1859,"P56_batch2","PT",0.466666666666667
1860,"P56_batch2","DCT",0.266666666666667
1861,"P56_batch2","LOH",0.6
1862,"P56_batch2","PT",0.7
1863,"P56_batch2","LOH",0.433333333333333
1864,"P56_batch2","stroma2",0.533333333333333
1865,"P56_batch2","PT2",0.266666666666667
1866,"P56_batch2","stroma2",0.5
1867,"P56_batch2","PC",0.2
1868,"P56_batch2","PT",0.266666666666667
1869,"P56_batch2","PT",0.533333333333333
1870,"P56_batch2","CNT",0.233333333333333
1871,"P56_batch2","LOH",0.533333333333333
1872,"P56_batch2","PT",0.566666666666667
1873,"P56_batch2","DCT",0.333333333333333
1874,"P56_batch2","PT",0.5
1875,"P56_batch2","DCT",0.533333333333333
1876,"P56_batch2","IC",0.433333333333333
1877,"P56_batch2","stroma2",0.4
1878,"P56_batch2","LOH",0.466666666666667
1879,"P56_batch2","LOH",0.333333333333333
1880,"P56_batch2","DCT",0.433333333333333
1881,"P56_batch2","LOH",0.466666666666667
1882,"P56_batch2","LOH",0.566666666666667
1883,"P56_batch2","PT",0.2
1884,"P56_batch2","DCT",0.433333333333333
1885,"P56_batch2","PT",0.533333333333333
1886,"P56_batch2","IC",0.2
1887,"P56_batch2","PT",0.366666666666667
1888,"P56_batch2","PT",0.633333333333333
1889,"P56_batch2","Endo",0.666666666666667
1890,"P56_batch2","IC",0.233333333333333
1891,"P56_batch2","NP",0.366666666666667
1892,"P56_batch2","LOH",0.533333333333333
1893,"P56_batch2","PT2",0.433333333333333
1894,"P56_batch2","PC",0.166666666666667
1895,"P56_batch2","PT",0.6
1896,"P56_batch2","PT",0.466666666666667
1897,"P56_batch2","IC",0.5
1898,"P56_batch2","Endo",0.6
1899,"P56_batch2","LOH",0.5
1900,"P56_batch2","PT",0.566666666666667
1901,"P56_batch2","Endo",0.666666666666667
1902,"P56_batch2","DCT",0.4
1903,"P56_batch2","CNT",0.533333333333333
1904,"P56_batch2","PC",0.2
1905,"P56_batch2","PT",0.333333333333333
1906,"P56_batch2","Endo",0.7
1907,"P56_batch2","immune",0.366666666666667
1908,"P56_batch2","PT",0.6
1909,"P56_batch2","PT2",0.666666666666667
1910,"P56_batch2","PT2",0.3
1911,"P56_batch2","stroma1",0.2
1912,"P56_batch2","PT",0.533333333333333
1913,"P56_batch2","PT2",0.666666666666667
1914,"P56_batch2","Endo",0.5
1915,"P56_batch2","LOH",0.366666666666667
1916,"P56_batch2","PT",0.566666666666667
1917,"P56_batch2","PT",0.366666666666667
1918,"P56_batch2","PT",0.4
1919,"P56_batch2","IC",0.333333333333333
1920,"P56_batch2","PT",0.666666666666667
1921,"P56_batch2","stroma1",0.366666666666667
1922,"P56_batch2","PT",0.433333333333333
1923,"P56_batch2","PT",0.366666666666667
1924,"P56_batch2","PT",0.366666666666667
1925,"P56_batch2","LOH",0.533333333333333
1926,"P56_batch2","stroma2",0.5
1927,"P56_batch2","PT2",0.6
1928,"P56_batch2","PC",0.166666666666667
1929,"P56_batch2","Endo",0.566666666666667
1930,"P56_batch2","IC",0.433333333333333
1931,"P56_batch2","LOH",0.6
1932,"P56_batch2","PT",0.433333333333333
1933,"P56_batch2","PT2",0.333333333333333
1934,"P56_batch2","PT2",0.2
1935,"P56_batch2","PT",0.533333333333333
1936,"P56_batch2","LOH",0.733333333333333
1937,"P56_batch2","PT2",0.2
1938,"P56_batch2","LOH",0.433333333333333
1939,"P56_batch2","PT",0.566666666666667
1940,"P56_batch2","PT",0.366666666666667
1941,"P56_batch2","Endo",0.6
1942,"P56_batch2","PT",0.466666666666667
1943,"P56_batch2","PT2",0.433333333333333
1944,"P56_batch2","PT",0.566666666666667
1945,"P56_batch2","PT",0.8
1946,"P56_batch2","PT",0.633333333333333
1947,"P56_batch2","PT",0.466666666666667
1948,"P56_batch2","LOH",0.5
1949,"P56_batch2","PT2",0.3
1950,"P56_batch2","LOH",0.533333333333333
1951,"P56_batch2","PT2",0.366666666666667
1952,"P56_batch2","PC",0.5
1953,"P56_batch2","Endo",0.566666666666667
1954,"P56_batch2","LOH",0.5
1955,"P56_batch2","PT",0.266666666666667
1956,"P56_batch2","PT",0.6
1957,"P56_batch2","Endo",0.566666666666667
1958,"P56_batch2","LOH",0.5
1959,"P56_batch2","PT",0.566666666666667
1960,"P56_batch2","PT2",0.533333333333333
1961,"P56_batch2","PT",0.466666666666667
1962,"P56_batch2","LOH",0.433333333333333
1963,"P56_batch2","CNT",0.766666666666667
1964,"P56_batch2","PT",0.433333333333333
1965,"P56_batch2","CNT",0.6
1966,"P56_batch2","LOH",0.566666666666667
1967,"P56_batch2","PC",0.433333333333333
1968,"P56_batch2","LOH",0.533333333333333
1969,"P56_batch2","PC",0.4
1970,"P56_batch2","PT",0.633333333333333
1971,"P56_batch2","PT2",0.7
1972,"P56_batch2","DCT",0.533333333333333
1973,"P56_batch2","LOH",0.5
1974,"P56_batch2","LOH",0.5
1975,"P56_batch2","LOH",0.4
1976,"P56_batch2","PT_out",0.5
1977,"P56_batch2","LOH",0.6
1978,"P56_batch2","Endo",0.7
1979,"P56_batch2","PT",0.6
1980,"P56_batch2","PT2",0.366666666666667
1981,"P56_batch2","Endo",0.466666666666667
1982,"P56_batch2","PT2",0.3
1983,"P56_batch2","stroma2",0.6
1984,"P56_batch2","stroma2",0.533333333333333
1985,"P56_batch2","PT",0.433333333333333
1986,"P56_batch2","PT2",0.566666666666667
1987,"P56_batch2","PT",0.533333333333333
1988,"P56_batch2","LOH",0.466666666666667
1989,"P56_batch2","LOH",0.6
1990,"P56_batch2","LOH",0.633333333333333
1991,"P56_batch2","PT",0.3
1992,"P56_batch2","PT",0.333333333333333
1993,"P56_batch2","PT",0.5
1994,"P56_batch2","IC",0.666666666666667
1995,"P56_batch2","PT2",0.133333333333333
1996,"P56_batch2","CNT",0.2
1997,"P56_batch2","PT",0.4
1998,"P56_batch2","PT",0.4
1999,"P56_batch2","Endo",0.6
2000,"P56_batch2","PT2",0.4
2001,"P56_batch2","PT2",0.333333333333333
2002,"P56_batch2","PT",0.466666666666667
2003,"P56_batch2","PT",0.733333333333333
2004,"P56_batch2","PT",0.333333333333333
2005,"P56_batch2","IC",0.433333333333333
2006,"P56_batch2","Podo",0.633333333333333
2007,"P56_batch2","Endo",0.7
2008,"P56_batch2","PT2",0.4
2009,"P56_batch2","LOH",0.333333333333333
2010,"P56_batch2","PT",0.4
2011,"P56_batch2","CNT",0.533333333333333
2012,"P56_batch2","PT",0.6
2013,"P56_batch2","PT",0.366666666666667
2014,"P56_batch2","LOH",0.7
2015,"P56_batch2","PT2",0.266666666666667
2016,"P56_batch2","PT",0.466666666666667
2017,"P56_batch2","DCT",0.333333333333333
2018,"P56_batch2","PT",0.533333333333333
2019,"P56_batch2","PT",0.266666666666667
2020,"P56_batch2","LOH",0.633333333333333
2021,"P56_batch2","immune",0.233333333333333
2022,"P56_batch2","DCT",0.4
2023,"P56_batch2","PT",0.566666666666667
2024,"P56_batch2","PT",0.6
2025,"P56_batch2","LOH",0.266666666666667
2026,"P56_batch2","stroma2",0.566666666666667
2027,"P56_batch2","DCT",0.366666666666667
2028,"P56_batch2","PT",0.566666666666667
2029,"P56_batch2","immune",0.533333333333333
2030,"P56_batch2","PT",0.4
2031,"P56_batch2","Endo",0.733333333333333
2032,"P56_batch2","PT",0.333333333333333
2033,"P56_batch2","Endo",0.366666666666667
2034,"P56_batch2","LOH",0.533333333333333
2035,"P56_batch2","PT2",0.5
2036,"P56_batch2","CNT",0.566666666666667
2037,"P56_batch2","CNT",0.433333333333333
2038,"P56_batch2","PT",0.6
2039,"P56_batch2","PC",0.4
2040,"P56_batch2","Endo",0.666666666666667
2041,"P56_batch2","PT",0.733333333333333
2042,"P56_batch2","immune",0.2
2043,"P56_batch2","immune",0.6
2044,"P56_batch2","DCT",0.5
2045,"P56_batch2","LOH",0.533333333333333
2046,"P56_batch2","PT",0.266666666666667
2047,"P56_batch2","LOH",0.6
2048,"P56_batch2","IC",0.533333333333333
2049,"P56_batch2","LOH",0.466666666666667
2050,"P56_batch2","PT",0.433333333333333
2051,"P56_batch2","PT2",0.3
2052,"P56_batch2","PC",0.366666666666667
2053,"P56_batch2","LOH",0.6
2054,"P56_batch2","PT2",0.233333333333333
2055,"P56_batch2","LOH",0.466666666666667
2056,"P56_batch2","LOH",0.6
2057,"P56_batch2","Endo",0.533333333333333
2058,"P56_batch2","PT",0.433333333333333
2059,"P56_batch2","PT",0.366666666666667
2060,"P56_batch2","NP_LOH",0.266666666666667
2061,"P56_batch2","PT",0.3
2062,"P56_batch2","LOH",0.466666666666667
2063,"P56_batch2","CNT",0.633333333333333
2064,"P56_batch2","PT_out",0.366666666666667
2065,"P56_batch2","PT2",0.633333333333333
2066,"P56_batch2","PT",0.633333333333333
2067,"P56_batch2","PT",0.366666666666667
2068,"P56_batch2","PT",0.533333333333333
2069,"P56_batch2","PT",0.5
2070,"P56_batch2","PT",0.3
2071,"P56_batch2","CNT",0.2
2072,"P56_batch2","PT",0.566666666666667
2073,"P56_batch2","LOH",0.566666666666667
2074,"P56_batch2","PT",0.366666666666667
2075,"P56_batch2","LOH",0.266666666666667
2076,"P56_batch2","PT",0.533333333333333
2077,"P56_batch2","PT2",0.7
2078,"P56_batch2","PT",0.6
2079,"P56_batch2","Endo",0.566666666666667
2080,"P56_batch2","PT",0.566666666666667
2081,"P56_batch2","LOH",0.7
2082,"P56_batch2","PT2",0.233333333333333
2083,"P56_batch2","LOH",0.466666666666667
2084,"P56_batch2","LOH",0.6
2085,"P56_batch2","PT_out",0.633333333333333
2086,"P56_batch2","LOH",0.666666666666667
2087,"P56_batch2","stroma2",0.433333333333333
2088,"P56_batch2","DCT",0.266666666666667
2089,"P56_batch2","LOH",0.4
2090,"P56_batch2","NP_LOH",0.6
2091,"P56_batch2","PT",0.5
2092,"P56_batch2","PT",0.266666666666667
2093,"P56_batch2","PT",0.433333333333333
2094,"P56_batch2","PC",0.533333333333333
2095,"P56_batch2","Endo",0.533333333333333
2096,"P56_batch2","PT",0.366666666666667
2097,"P56_batch2","LOH",0.4
2098,"P56_batch2","stroma2",0.766666666666667
2099,"P56_batch2","LOH",0.533333333333333
2100,"P56_batch2","LOH",0.5
2101,"P56_batch2","PC",0.5
2102,"P56_batch2","IC",0.7
2103,"P56_batch2","PT",0.7
2104,"P56_batch2","Endo",0.5
2105,"P56_batch2","stroma2",0.8
2106,"P56_batch2","PT",0.6
2107,"P56_batch2","LOH",0.333333333333333
2108,"P56_batch2","LOH",0.566666666666667
2109,"P56_batch2","PT2",0.466666666666667
2110,"P56_batch2","PT",0.433333333333333
2111,"P56_batch2","PT",0.5
2112,"P56_batch2","LOH",0.5
2113,"P56_batch2","PT",0.433333333333333
2114,"P56_batch2","LOH",0.566666666666667
2115,"P56_batch2","PT2",0.4
2116,"P56_batch2","LOH",0.466666666666667
2117,"P56_batch2","stroma2",0.533333333333333
2118,"P56_batch2","PT",0.3
2119,"P56_batch2","PT",0.6
2120,"P56_batch2","stroma2",0.533333333333333
2121,"P56_batch2","PT2",0.366666666666667
2122,"P56_batch2","immune",0.566666666666667
2123,"P56_batch2","CNT",0.6
2124,"P56_batch2","PT2",0.733333333333333
2125,"P56_batch2","LOH",0.6
2126,"P56_batch2","PT",0.5
2127,"P56_batch2","PC",0.633333333333333
2128,"P56_batch2","PT2",0.433333333333333
2129,"P56_batch2","IC",0.366666666666667
2130,"P56_batch2","PT",0.566666666666667
2131,"P56_batch2","LOH",0.6
2132,"P56_batch2","IC",0.533333333333333
2133,"P56_batch2","IC",0.666666666666667
2134,"P56_batch2","IC",0.7
2135,"P56_batch2","PT2",0.5
2136,"P56_batch2","LOH",0.5
2137,"P56_batch2","LOH",0.866666666666667
2138,"P56_batch2","stroma2",0.7
2139,"P56_batch2","LOH",0.466666666666667
2140,"P56_batch2","PT",0.666666666666667
2141,"P56_batch2","LOH",0.633333333333333
2142,"P56_batch2","CNT",0.466666666666667
2143,"P56_batch2","Endo",0.466666666666667
2144,"P56_batch2","LOH",0.4
2145,"P56_batch2","PT",0.266666666666667
2146,"P56_batch2","LOH",0.6
2147,"P56_batch2","PT",0.533333333333333
2148,"P56_batch2","PT_out",0.2
2149,"P56_batch2","PT",0.566666666666667
2150,"P56_batch2","LOH",0.433333333333333
2151,"P56_batch2","Podo",0.733333333333333
2152,"P56_batch2","LOH",0.333333333333333
2153,"P56_batch2","Endo",0.733333333333333
2154,"P56_batch2","IC",0.433333333333333
2155,"P56_batch2","PT",0.5
2156,"P56_batch2","PT_out",0.5
2157,"P56_batch2","PT2",0.2
2158,"P56_batch2","stroma1",0.366666666666667
2159,"P56_batch2","PT",0.333333333333333
2160,"P56_batch2","PT",0.533333333333333
2161,"P56_batch2","LOH",0.433333333333333
2162,"P56_batch2","LOH",0.6
2163,"P56_batch2","LOH",0.5
2164,"P56_batch2","PT",0.666666666666667
2165,"P56_batch2","PT",0.433333333333333
2166,"P56_batch2","PT",0.6
2167,"P56_batch2","PT",0.633333333333333
2168,"P56_batch2","PT2",0.433333333333333
2169,"P56_batch2","DCT",0.3
2170,"P56_batch2","LOH",0.566666666666667
2171,"P56_batch2","PT2",0.366666666666667
2172,"P56_batch2","PT",0.366666666666667
2173,"P56_batch2","PT",0.333333333333333
2174,"P56_batch2","PT",0.3
2175,"P56_batch2","PT",0.8
2176,"P56_batch2","PT2",0.233333333333333
2177,"P56_batch2","PT2",0.466666666666667
2178,"P56_batch2","PT",0.433333333333333
2179,"P56_batch2","CNT",0.5
2180,"P56_batch2","PT",0.3
2181,"P56_batch2","PT",0.433333333333333
2182,"P56_batch2","PT",0.4
2183,"P56_batch2","stroma1",0.233333333333333
2184,"P56_batch2","PT2",0.266666666666667
2185,"P56_batch2","PT",0.633333333333333
2186,"P56_batch2","DCT",0.3
2187,"P56_batch2","PT2",0.466666666666667
2188,"P56_batch2","PT",0.266666666666667
2189,"P56_batch2","PT",0.366666666666667
2190,"P56_batch2","LOH",0.666666666666667
2191,"P56_batch2","DCT",0.533333333333333
2192,"P56_batch2","PT",0.366666666666667
2193,"P56_batch2","PT",0.266666666666667
2194,"P56_batch2","DCT",0.4
2195,"P56_batch2","CNT",0.633333333333333
2196,"P56_batch2","PT2",0.5
2197,"P56_batch2","PT",0.4
2198,"P56_batch2","immune",0.3
2199,"P56_batch2","DCT",0.133333333333333
2200,"P56_batch2","LOH",0.5
2201,"P56_batch2","PT",0.4
2202,"P56_batch2","LOH",0.3
2203,"P56_batch2","PT",0.566666666666667
2204,"P56_batch2","PT2",0.333333333333333
2205,"P56_batch2","PT2",0.366666666666667
2206,"P56_batch2","PT",0.433333333333333
2207,"P56_batch2","PT",0.5
2208,"P56_batch2","PT",0.466666666666667
2209,"P56_batch2","PC",0.666666666666667
2210,"P56_batch2","Endo",0.533333333333333
2211,"P56_batch2","PT2",0.133333333333333
2212,"P56_batch2","Endo",0.633333333333333
2213,"P56_batch2","PT",0.466666666666667
2214,"P56_batch2","DCT",0.4
2215,"P56_batch2","stroma1",0.666666666666667
2216,"P56_batch2","PT2",0.366666666666667
2217,"P56_batch2","Endo",0.566666666666667
2218,"P56_batch2","PC",0.166666666666667
2219,"P56_batch2","PT",0.533333333333333
2220,"P56_batch2","PT",0.733333333333333
2221,"P56_batch2","CNT",0.866666666666667
2222,"P56_batch2","Endo",0.666666666666667
2223,"P56_batch2","PT",0.6
2224,"P56_batch2","PT",0.366666666666667
2225,"P56_batch2","PT",0.6
2226,"P56_batch2","DCT",0.266666666666667
2227,"P56_batch2","NP_LOH",0.6
2228,"P56_batch2","LOH",0.433333333333333
2229,"P56_batch2","PT",0.366666666666667
2230,"P56_batch2","stroma1",0.666666666666667
2231,"P56_batch2","LOH",0.533333333333333
2232,"P56_batch2","immune",0.333333333333333
2233,"P56_batch2","DCT",0.366666666666667
2234,"P56_batch2","CNT",0.366666666666667
2235,"P56_batch2","PT",0.5
2236,"P56_batch2","stroma2",0.466666666666667
2237,"P56_batch2","PT",0.666666666666667
2238,"P56_batch2","LOH",0.733333333333333
2239,"P56_batch2","PT",0.466666666666667
2240,"P56_batch2","stroma2",0.6
2241,"P56_batch2","PT2",0.366666666666667
2242,"P56_batch2","DCT",0.333333333333333
2243,"P56_batch2","PT",0.6
2244,"P56_batch2","CNT",0.366666666666667
2245,"P56_batch2","PT",0.3
2246,"P56_batch2","PT",0.4
2247,"P56_batch2","stroma1",0.433333333333333
2248,"P56_batch2","stroma2",0.666666666666667
2249,"P56_batch2","PT",0.6
2250,"P56_batch2","PT",0.5
2251,"P56_batch2","stroma2",0.8
2252,"P56_batch2","CNT",0.6
2253,"P56_batch2","DCT",0.4
2254,"P56_batch2","PT2",0.466666666666667
2255,"P56_batch2","PT",0.5
2256,"P56_batch2","LOH",0.466666666666667
2257,"P56_batch2","LOH",0.5
2258,"P56_batch2","Endo",0.666666666666667
2259,"P56_batch2","PT",0.4
2260,"P56_batch2","CNT",0.466666666666667
2261,"P56_batch2","stroma1",0.566666666666667
2262,"P56_batch2","PT",0.533333333333333
2263,"P56_batch2","CNT",0.466666666666667
2264,"P56_batch2","PT",0.7
2265,"P56_batch2","PT",0.566666666666667
2266,"P56_batch2","PT",0.466666666666667
2267,"P56_batch2","stroma1",0.466666666666667
2268,"P56_batch2","PT",0.533333333333333
2269,"P56_batch2","LOH",0.366666666666667
2270,"P56_batch2","stroma2",0.5
2271,"P56_batch2","PT2",0.2
2272,"P56_batch2","PT",0.633333333333333
2273,"P56_batch2","PT2",0.466666666666667
2274,"P56_batch2","Endo",0.6
2275,"P56_batch2","PT",0.466666666666667
2276,"P56_batch2","Endo",0.666666666666667
2277,"P56_batch2","PT",0.4
2278,"P56_batch2","Endo",0.466666666666667
2279,"P56_batch2","PC",0.633333333333333
2280,"P56_batch2","PT",0.466666666666667
2281,"P56_batch2","PT2",0.3
2282,"P56_batch2","PC",0.333333333333333
2283,"P56_batch2","stroma1",0.366666666666667
2284,"P56_batch2","NP_LOH",0.666666666666667
2285,"P56_batch2","LOH",0.6
2286,"P56_batch2","Podo",0.433333333333333
2287,"P56_batch2","DCT",0.3
2288,"P56_batch2","PC",0.533333333333333
2289,"P56_batch2","Podo",0.466666666666667
2290,"P56_batch2","PT2",0.366666666666667
2291,"P56_batch2","CNT",0.3
2292,"P56_batch2","Endo",0.6
2293,"P56_batch2","PT",0.566666666666667
2294,"P56_batch2","DCT",0.566666666666667
2295,"P56_batch2","PT",0.7
2296,"P56_batch2","PT2",0.3
2297,"P56_batch2","Endo",0.733333333333333
2298,"P56_batch2","PT",0.666666666666667
2299,"P56_batch2","PC",0.4
2300,"P56_batch2","PT",0.433333333333333
2301,"P56_batch2","PT_out",0.433333333333333
2302,"P56_batch2","PT_out",0.433333333333333
2303,"P56_batch2","LOH",0.6
2304,"P56_batch2","PT",0.633333333333333
2305,"P56_batch2","LOH",0.533333333333333
2306,"P56_batch2","PT",0.466666666666667
2307,"P56_batch2","LOH",0.266666666666667
2308,"P56_batch2","CNT",0.5
2309,"P56_batch2","PT",0.366666666666667
2310,"P56_batch2","PT",0.666666666666667
2311,"P56_batch2","PT2",0.333333333333333
2312,"P56_batch2","LOH",0.8
2313,"P56_batch2","PT",0.5
2314,"P56_batch2","NP_LOH",0.266666666666667
2315,"P56_batch2","LOH",0.566666666666667
2316,"P56_batch2","stroma2",0.733333333333333
2317,"P56_batch2","CNT",0.5
2318,"P56_batch2","PT_out",0.5
2319,"P56_batch2","PT",0.533333333333333
2320,"P56_batch2","PT2",0.166666666666667
2321,"P56_batch2","PT2",0.5
2322,"P56_batch2","PT",0.366666666666667
2323,"P56_batch2","stroma1",0.433333333333333
2324,"P56_batch2","PT",0.466666666666667
2325,"P56_batch2","LOH",0.633333333333333
2326,"P56_batch2","Endo",0.633333333333333
2327,"P56_batch2","stroma1",0.433333333333333
2328,"P56_batch2","stroma1",0.4
2329,"P56_batch2","LOH",0.666666666666667
2330,"P56_batch2","PT",0.433333333333333
2331,"P56_batch2","PT2",0.766666666666667
2332,"P56_batch2","PT2",0.4
2333,"P56_batch2","LOH",0.4
2334,"P56_batch2","PT",0.433333333333333
2335,"P56_batch2","stroma2",0.6
2336,"P56_batch2","PT",0.433333333333333
2337,"P56_batch2","PC",0.2
2338,"P56_batch2","DCT",0.5
2339,"P56_batch2","IC",0.766666666666667
2340,"P56_batch2","LOH",0.666666666666667
2341,"P56_batch2","PT",0.7
2342,"P56_batch2","PT2",0.166666666666667
2343,"P56_batch2","LOH",0.633333333333333
2344,"P56_batch2","Endo",0.633333333333333
2345,"P56_batch2","IC",0.433333333333333
2346,"P56_batch2","PT",0.233333333333333
2347,"P56_batch2","PT",0.433333333333333
2348,"P56_batch2","PT_out",0.4
2349,"P56_batch2","PT",0.6
2350,"P56_batch2","PT",0.5
2351,"P56_batch2","DCT",0.266666666666667
2352,"P56_batch2","LOH",0.533333333333333
2353,"P56_batch2","PT",0.6
2354,"P56_batch2","PT",0.266666666666667
2355,"P56_batch2","PT2",0.433333333333333
2356,"P56_batch2","IC",0.466666666666667
2357,"P56_batch2","immune",0.233333333333333
2358,"P56_batch2","PT",0.533333333333333
2359,"P56_batch2","PT",0.366666666666667
2360,"P56_batch2","PT",0.666666666666667
2361,"P56_batch2","DCT",0.3
2362,"P56_batch2","stroma2",0.633333333333333
2363,"P56_batch2","LOH",0.633333333333333
2364,"P56_batch2","PT",0.466666666666667
2365,"P56_batch2","PT",0.5
2366,"P56_batch2","PT2",0.166666666666667
2367,"P56_batch2","stroma1",0.533333333333333
2368,"P56_batch2","LOH",0.533333333333333
2369,"P56_batch2","DCT",0.266666666666667
2370,"P56_batch2","PT2",0.533333333333333
2371,"P56_batch2","PT",0.433333333333333
2372,"P56_batch2","PC",0.633333333333333
2373,"P56_batch2","PT",0.4
2374,"P56_batch2","IC",0.566666666666667
2375,"P56_batch2","PT",0.733333333333333
2376,"P56_batch2","PT",0.566666666666667
2377,"P56_batch2","PT",0.5
2378,"P56_batch2","PT",0.366666666666667
2379,"P56_batch2","PT2",0.466666666666667
2380,"P56_batch2","PT",0.233333333333333
2381,"P56_batch2","LOH",0.533333333333333
2382,"P56_batch2","DCT",0.4
2383,"P56_batch2","IC",0.333333333333333
2384,"P56_batch2","DCT",0.466666666666667
2385,"P56_batch2","Endo",0.4
2386,"P56_batch2","PT",0.466666666666667
2387,"P56_batch2","LOH",0.9
2388,"P56_batch2","PT",0.366666666666667
2389,"P56_batch2","LOH",0.3
2390,"P56_batch2","Podo",0.466666666666667
2391,"P56_batch2","NP_LOH",0.833333333333333
2392,"P56_batch2","stroma2",0.7
2393,"P56_batch2","PT",0.4
2394,"P56_batch2","PT",0.333333333333333
2395,"P56_batch2","PT",0.466666666666667
2396,"P56_batch2","PT",0.433333333333333
2397,"P56_batch2","PT",0.566666666666667
2398,"P56_batch2","stroma2",0.5
2399,"P56_batch2","PT",0.5
2400,"P56_batch2","PT",0.6
2401,"P56_batch2","PC",0.366666666666667
2402,"P56_batch2","CNT",0.766666666666667
2403,"P56_batch2","PT_out",0.4
2404,"P56_batch2","LOH",0.5
2405,"P56_batch2","DCT",0.366666666666667
2406,"P56_batch2","PT2",0.366666666666667
2407,"P56_batch2","PT2",0.166666666666667
2408,"P56_batch2","Endo",0.6
2409,"P56_batch2","Endo",0.5
2410,"P56_batch2","LOH",0.433333333333333
2411,"P56_batch2","PT",0.533333333333333
2412,"P56_batch2","LOH",0.533333333333333
2413,"P56_batch2","PT",0.4
2414,"P56_batch2","stroma1",0.4
2415,"P56_batch2","PT",0.766666666666667
2416,"P56_batch2","PT2",0.233333333333333
2417,"P56_batch2","PT",0.233333333333333
2418,"P56_batch2","PC",0.5
2419,"P56_batch2","LOH",0.666666666666667
2420,"P56_batch2","LOH",0.433333333333333
2421,"P56_batch2","PT",0.666666666666667
2422,"P56_batch2","Endo",0.433333333333333
2423,"P56_batch2","PC",0.7
2424,"P56_batch2","PT",0.633333333333333
2425,"P56_batch2","LOH",0.6
2426,"P56_batch2","stroma2",0.566666666666667
2427,"P56_batch2","LOH",0.566666666666667
2428,"P56_batch2","PT_out",0.533333333333333
2429,"P56_batch2","PT",0.433333333333333
2430,"P56_batch2","NP",0.7
2431,"P56_batch2","PT2",0.266666666666667
2432,"P56_batch2","PT",0.566666666666667
2433,"P56_batch2","Endo",0.7
2434,"P56_batch2","stroma2",0.4
2435,"P56_batch2","immune",0.233333333333333
2436,"P56_batch2","LOH",0.6
2437,"P56_batch2","LOH",0.533333333333333
2438,"P56_batch2","DCT",0.366666666666667
2439,"P56_batch2","PT",0.366666666666667
2440,"P56_batch2","LOH",0.433333333333333
2441,"P56_batch2","stroma2",0.566666666666667
2442,"P56_batch2","PT",0.433333333333333
2443,"P56_batch2","LOH",0.6
2444,"P56_batch2","PT",0.6
2445,"P56_batch2","LOH",0.466666666666667
2446,"P56_batch2","PT",0.566666666666667
2447,"P56_batch2","PT",0.7
2448,"P56_batch2","LOH",0.3
2449,"P56_batch2","PT",0.366666666666667
2450,"P56_batch2","PC",0.8
2451,"P56_batch2","LOH",0.633333333333333
2452,"P56_batch2","DCT",0.533333333333333
2453,"P56_batch2","DCT",0.466666666666667
2454,"P56_batch2","PT",0.433333333333333
2455,"P56_batch2","PT",0.7
2456,"P56_batch2","PT",0.366666666666667
2457,"P56_batch2","PT",0.233333333333333
2458,"P56_batch2","PT",0.3
2459,"P56_batch2","LOH",0.5
2460,"P56_batch2","CNT",0.866666666666667
2461,"P56_batch2","PT",0.733333333333333
2462,"P56_batch2","PT2",0.533333333333333
2463,"P56_batch2","DCT",0.533333333333333
2464,"P56_batch2","LOH",0.433333333333333
2465,"P56_batch2","immune",0.2
2466,"P56_batch2","PT2",0.366666666666667
2467,"P56_batch2","PT",0.4
2468,"P56_batch2","PT2",0.566666666666667
2469,"P56_batch2","LOH",0.6
2470,"P56_batch2","PT",0.5
2471,"P56_batch2","PT",0.633333333333333
2472,"P56_batch2","Endo",0.6
2473,"P56_batch2","Endo",0.6
2474,"P56_batch2","NP_LOH",0.566666666666667
2475,"P56_batch2","Endo",0.533333333333333
2476,"P56_batch2","LOH",0.533333333333333
2477,"P56_batch2","LOH",0.6
2478,"P56_batch2","LOH",0.333333333333333
2479,"P56_batch2","PT",0.466666666666667
2480,"P56_batch2","LOH",0.833333333333333
2481,"P56_batch2","Endo",0.666666666666667
2482,"P56_batch2","Endo",0.6
2483,"P56_batch2","PT",0.2
2484,"P56_batch2","PT2",0.566666666666667
2485,"P56_batch2","PT2",0.366666666666667
2486,"P56_batch2","PT",0.6
2487,"P56_batch2","NP",0.666666666666667
2488,"P56_batch2","PT",0.233333333333333
2489,"P56_batch2","PT",0.5
2490,"P56_batch2","PT",0.466666666666667
2491,"P56_batch2","PT",0.666666666666667
2492,"P56_batch2","PT",0.466666666666667
2493,"P56_batch2","PT2",0.4
2494,"P56_batch2","PT",0.466666666666667
2495,"P56_batch2","PT_out",0.266666666666667
2496,"P56_batch2","PT_out",0.233333333333333
2497,"P56_batch2","PT",0.466666666666667
2498,"P56_batch2","PC",0.4
2499,"P56_batch2","PT",0.366666666666667
2500,"P56_batch2","PT",0.8
2501,"P56_batch2","stroma2",0.566666666666667
2502,"P56_batch2","Endo",0.7
2503,"P56_batch2","IC",0.2
2504,"P56_batch2","Podo",0.6
2505,"P56_batch2","DCT",0.266666666666667
2506,"P56_batch2","DCT",0.366666666666667
2507,"P56_batch2","PT",0.4
2508,"P56_batch2","PT",0.6
2509,"P56_batch2","PT",0.666666666666667
2510,"P56_batch2","DCT",0.333333333333333
2511,"P56_batch2","LOH",0.633333333333333
2512,"P56_batch2","PC",0.333333333333333
2513,"P56_batch2","CNT",0.533333333333333
2514,"P56_batch2","LOH",0.333333333333333
2515,"P56_batch2","PT2",0.4
2516,"P56_batch2","DCT",0.533333333333333
2517,"P56_batch2","PT",0.366666666666667
2518,"P56_batch2","PT2",0.3
2519,"P56_batch2","PT",0.433333333333333
2520,"P56_batch2","LOH",0.4
2521,"P56_batch2","LOH",0.433333333333333
2522,"P56_batch2","PT",0.166666666666667
2523,"P56_batch2","LOH",0.5
2524,"P56_batch2","DCT",0.533333333333333
2525,"P56_batch2","PT",0.433333333333333
2526,"P56_batch2","PT",0.466666666666667
2527,"P56_batch2","PT",0.466666666666667
2528,"P56_batch2","PT",0.533333333333333
2529,"P56_batch2","Endo",0.7
2530,"P56_batch2","PT",0.433333333333333
2531,"P56_batch2","PT",0.533333333333333
2532,"P56_batch2","LOH",0.533333333333333
2533,"P56_batch2","LOH",0.633333333333333
2534,"P56_batch2","LOH",0.633333333333333
2535,"P56_batch2","LOH",0.366666666666667
2536,"P56_batch2","PT",0.566666666666667
2537,"P56_batch2","stroma2",0.7
2538,"P56_batch2","PT",0.666666666666667
2539,"P56_batch2","PT",0.6
2540,"P56_batch2","PT2",0.633333333333333
2541,"P56_batch2","PT",0.566666666666667
2542,"P56_batch2","DCT",0.466666666666667
2543,"P56_batch2","LOH",0.7
2544,"P56_batch2","LOH",0.533333333333333
2545,"P56_batch2","PT",0.466666666666667
2546,"P56_batch2","Endo",0.566666666666667
2547,"P56_batch2","DCT",0.2
2548,"P56_batch2","LOH",0.533333333333333
2549,"P56_batch2","PT",0.533333333333333
2550,"P56_batch2","DCT",0.366666666666667
2551,"P56_batch2","LOH",0.6
2552,"P56_batch2","DCT",0.533333333333333
2553,"P56_batch2","PT",0.366666666666667
2554,"P56_batch2","Endo",0.8
2555,"P56_batch2","PT",0.333333333333333
2556,"P56_batch2","LOH",0.5
2557,"P56_batch2","PT2",0.366666666666667
2558,"P56_batch2","PT2",0.533333333333333
2559,"P56_batch2","PT",0.466666666666667
2560,"P56_batch2","PT2",0.133333333333333
2561,"P56_batch2","PT",0.433333333333333
2562,"P56_batch2","PT",0.5
2563,"P56_batch2","PT",0.466666666666667
2564,"P56_batch2","PT",0.433333333333333
2565,"P56_batch2","PT",0.166666666666667
2566,"P56_batch2","PC",0.733333333333333
2567,"P56_batch2","IC",0.466666666666667
2568,"P56_batch2","PT2",0.266666666666667
2569,"P56_batch2","PT",0.533333333333333
2570,"P56_batch2","PT",0.466666666666667
2571,"P56_batch2","LOH",0.566666666666667
2572,"P56_batch2","PT",0.633333333333333
2573,"P56_batch2","PT2",0.266666666666667
2574,"P56_batch2","PT",0.366666666666667
2575,"P56_batch2","PT2",0.3
2576,"P56_batch2","PT",0.8
2577,"P56_batch2","PT",0.466666666666667
2578,"P56_batch2","Endo",0.466666666666667
2579,"P56_batch2","IC",0.8
2580,"P56_batch2","stroma2",0.566666666666667
2581,"P56_batch2","PT2",0.566666666666667
2582,"P56_batch2","PT",0.333333333333333
2583,"P56_batch2","PT",0.533333333333333
2584,"P56_batch2","PT",0.633333333333333
2585,"P56_batch2","PC",0.5
2586,"P56_batch2","LOH",0.633333333333333
2587,"P56_batch2","PT",0.7
2588,"P56_batch2","LOH",0.366666666666667
2589,"P56_batch2","PT",0.333333333333333
2590,"P56_batch2","LOH",0.566666666666667
2591,"P56_batch2","PT",0.666666666666667
2592,"P56_batch2","PT",0.666666666666667
2593,"P56_batch2","LOH",0.533333333333333
2594,"P56_batch2","Endo",0.633333333333333
2595,"P56_batch2","PT_out",0.533333333333333
2596,"P56_batch2","PT",0.333333333333333
2597,"P56_batch2","Endo",0.666666666666667
2598,"P56_batch2","PT2",0.4
2599,"P56_batch2","LOH",0.7
2600,"P56_batch2","PT2",0.466666666666667
2601,"P56_batch2","PT",0.433333333333333
2602,"P56_batch2","stroma2",0.666666666666667
2603,"P56_batch2","LOH",0.6
2604,"P56_batch2","LOH",0.533333333333333
2605,"P56_batch2","PT2",0.433333333333333
2606,"P56_batch2","PT2",0.3
2607,"P56_batch2","PT",0.266666666666667
2608,"P56_batch2","stroma2",0.833333333333333
2609,"P56_batch2","immune",0.866666666666667
2610,"P56_batch2","PT",0.533333333333333
2611,"P56_batch2","PT",0.3
2612,"P56_batch2","PC",0.866666666666667
2613,"P56_batch2","PT",0.466666666666667
2614,"P56_batch2","NP_LOH",0.733333333333333
2615,"P56_batch2","PT_out",0.6
2616,"P56_batch2","PC",0.7
2617,"P56_batch2","PT2",0.366666666666667
2618,"P56_batch2","PT_out",0.433333333333333
2619,"P56_batch2","PT2",0.533333333333333
2620,"P56_batch2","LOH",0.5
2621,"P56_batch2","NP_LOH",0.633333333333333
2622,"P56_batch2","Podo",0.466666666666667
2623,"P56_batch2","PT",0.233333333333333
2624,"P56_batch2","PT",0.4
2625,"P56_batch2","PT",0.7
2626,"P56_batch2","PT2",0.366666666666667
2627,"P56_batch2","PT",0.6
2628,"P56_batch2","CNT",0.5
2629,"P56_batch2","LOH",0.666666666666667
2630,"P56_batch2","PT",0.2
2631,"P56_batch2","PT2",0.1
2632,"P56_batch2","IC",0.7
2633,"P56_batch2","stroma2",0.5
2634,"P56_batch2","PT",0.366666666666667
2635,"P56_batch2","PT",0.433333333333333
2636,"P56_batch2","PT",0.533333333333333
2637,"P56_batch2","PT",0.5
2638,"P56_batch2","PT",0.533333333333333
2639,"P56_batch2","CNT",0.4
2640,"P56_batch2","PT2",0.2
2641,"P56_batch2","PT",0.4
2642,"P56_batch2","PT2",0.4
2643,"P56_batch2","LOH",0.5
2644,"P56_batch2","PT2",0.666666666666667
2645,"P56_batch2","PT2",0.366666666666667
2646,"P56_batch2","PT",0.633333333333333
2647,"P56_batch2","PT",0.566666666666667
2648,"P56_batch2","PT2",0.5
2649,"P56_batch2","LOH",0.666666666666667
2650,"P56_batch2","PT",0.433333333333333
2651,"P56_batch2","PT2",0.3
2652,"P56_batch2","PT",0.566666666666667
2653,"P56_batch2","PT",0.5
2654,"P56_batch2","CNT",0.3
2655,"P56_batch2","PT2",0.0666666666666667
2656,"P56_batch2","PT2",0.466666666666667
2657,"P56_batch2","PT",0.533333333333333
2658,"P56_batch2","NP_LOH",0.366666666666667
2659,"P56_batch2","PT",0.6
2660,"P56_batch2","PT_out",0.6
2661,"P56_batch2","PT2",0.166666666666667
2662,"P56_batch2","PT_out",0.5
2663,"P56_batch2","PT",0.4
2664,"P56_batch2","PT",0.7
2665,"P56_batch2","Endo",0.4
2666,"P56_batch2","PT",0.466666666666667
2667,"P56_batch2","PT",0.5
2668,"P56_batch2","LOH",0.5
2669,"P56_batch2","PT",0.433333333333333
2670,"P56_batch2","PT",0.466666666666667
2671,"P56_batch2","LOH",0.433333333333333
2672,"P56_batch2","PT2",0.233333333333333
2673,"P56_batch2","PT2",0.6
2674,"P56_batch2","LOH",0.566666666666667
2675,"P56_batch2","DCT",0.433333333333333
2676,"P56_batch2","stroma2",0.566666666666667
2677,"P56_batch2","Endo",0.8
2678,"P56_batch2","PT2",0.3
2679,"P56_batch2","PC",0.466666666666667
2680,"P56_batch2","Endo",0.8
2681,"P56_batch2","PC",0.6
2682,"P56_batch2","PT2",0.3
2683,"P56_batch2","stroma2",0.533333333333333
2684,"P56_batch2","PT",0.4
2685,"P56_batch2","Endo",0.8
2686,"P56_batch2","PT",0.4
2687,"P56_batch2","PT",0.366666666666667
2688,"P56_batch2","LOH",0.6
2689,"P56_batch2","Endo",0.533333333333333
2690,"P56_batch2","PT",0.366666666666667
2691,"P56_batch2","LOH",0.533333333333333
2692,"P56_batch2","PT",0.266666666666667
2693,"P56_batch2","PT",0.566666666666667
2694,"P56_batch2","PT",0.6
2695,"P56_batch2","PT_out",0.533333333333333
2696,"P56_batch2","LOH",0.866666666666667
2697,"P56_batch2","PT2",0.633333333333333
2698,"P56_batch2","DCT",0.433333333333333
2699,"P56_batch2","PT",0.633333333333333
2700,"P56_batch2","Endo",0.3
2701,"P56_batch2","PT",0.3
2702,"P56_batch2","PT",0.466666666666667
2703,"P56_batch2","IC",0.433333333333333
2704,"P56_batch2","LOH",0.3
2705,"P56_batch2","Endo",0.566666666666667
2706,"P56_batch2","PT2",0.533333333333333
2707,"P56_batch2","PT2",0.366666666666667
2708,"P56_batch2","PT",0.366666666666667
2709,"P56_batch2","PT2",0.5
2710,"P56_batch2","Endo",0.3
2711,"P56_batch2","PT2",0.0666666666666667
2712,"P56_batch2","LOH",0.666666666666667
2713,"P56_batch2","Endo",0.733333333333333
2714,"P56_batch2","LOH",0.666666666666667
2715,"P56_batch2","PT",0.7
2716,"P56_batch2","DCT",0.566666666666667
2717,"P56_batch2","PT",0.633333333333333
2718,"P56_batch2","PT",0.666666666666667
2719,"P56_batch2","Endo",0.766666666666667
2720,"P56_batch2","PT",0.366666666666667
2721,"P56_batch2","stroma1",0.466666666666667
2722,"P56_batch2","PT_out",0.433333333333333
2723,"P56_batch2","PT",0.3
2724,"P56_batch2","PT",0.4
2725,"P56_batch2","PT",0.5
2726,"P56_batch2","PC",0.666666666666667
2727,"P56_batch2","LOH",0.533333333333333
2728,"P56_batch2","PT",0.466666666666667
2729,"P56_batch2","PT",0.733333333333333
2730,"P56_batch2","PT2",0.4
2731,"P56_batch2","PT",0.333333333333333
2732,"P56_batch2","PT",0.366666666666667
2733,"P56_batch2","PT",0.6
2734,"P56_batch2","LOH",0.433333333333333
2735,"P56_batch2","PC",0.366666666666667
2736,"P56_batch2","PT",0.533333333333333
2737,"P56_batch2","PC",0.5
2738,"P56_batch2","LOH",0.466666666666667
2739,"P56_batch2","LOH",0.533333333333333
2740,"P56_batch2","PT2",0.366666666666667
2741,"P56_batch2","PT",0.7
2742,"P56_batch2","PT",0.333333333333333
2743,"P56_batch2","Endo",0.666666666666667
2744,"P56_batch2","PT",0.3
2745,"P56_batch2","IC",0.366666666666667
2746,"P56_batch2","PT",0.566666666666667
2747,"P56_batch2","PT",0.666666666666667
2748,"P56_batch2","PC",0.5
2749,"P56_batch2","PT",0.5
2750,"P56_batch2","DCT",0.433333333333333
2751,"P56_batch2","stroma2",0.9
2752,"P56_batch2","PT",0.4
2753,"P56_batch2","PT",0.7
2754,"P56_batch2","NP_LOH",0.633333333333333
2755,"P56_batch2","stroma2",0.633333333333333
2756,"P56_batch2","LOH",0.533333333333333
2757,"P56_batch2","IC",0.633333333333333
2758,"P56_batch2","DCT",0.533333333333333
2759,"P56_batch2","PT",0.566666666666667
2760,"P56_batch2","LOH",0.566666666666667
2761,"P56_batch2","PT",0.3
2762,"P56_batch2","stroma2",0.666666666666667
2763,"P56_batch2","PT",0.633333333333333
2764,"P56_batch2","Endo",0.666666666666667
2765,"P56_batch2","CNT",0.633333333333333
2766,"P56_batch2","PT",0.366666666666667
2767,"P56_batch2","LOH",0.466666666666667
2768,"P56_batch2","LOH",0.666666666666667
2769,"P56_batch2","PT",0.4
2770,"P56_batch2","PT",0.566666666666667
2771,"P56_batch2","PT",0.533333333333333
2772,"P56_batch2","PT",0.566666666666667
2773,"P56_batch2","PT",0.6
2774,"P56_batch2","PT",0.4
2775,"P56_batch2","PT",0.566666666666667
2776,"P56_batch2","PT",0.5
2777,"P56_batch2","PC",0.433333333333333
2778,"P56_batch2","PT",0.6
2779,"P56_batch2","LOH",0.4
2780,"P56_batch2","Endo",0.433333333333333
2781,"P56_batch2","PT",0.766666666666667
2782,"P56_batch2","PT",0.533333333333333
2783,"P56_batch2","stroma2",0.566666666666667
2784,"P56_batch2","PT",0.466666666666667
2785,"P56_batch2","PT",0.766666666666667
2786,"P56_batch2","Endo",0.633333333333333
2787,"P56_batch2","PT",0.366666666666667
2788,"P56_batch2","LOH",0.366666666666667
2789,"P56_batch2","PT",0.233333333333333
2790,"P56_batch2","LOH",0.566666666666667
2791,"P56_batch2","DCT",0.3
2792,"P56_batch2","Endo",0.666666666666667
2793,"P56_batch2","PT2",0.466666666666667
2794,"P56_batch2","DCT",0.466666666666667
2795,"P56_batch2","PT",0.633333333333333
2796,"P56_batch2","PT",0.4
2797,"P56_batch2","PC",0.466666666666667
2798,"P56_batch2","PT",0.7
2799,"P56_batch2","LOH",0.533333333333333
2800,"P56_batch2","LOH",0.533333333333333
2801,"P56_batch2","PT2",0.666666666666667
2802,"P56_batch2","PT2",0.5
2803,"P56_batch2","LOH",0.533333333333333
2804,"P56_batch2","Endo",0.633333333333333
2805,"P56_batch2","CNT",0.3
2806,"P56_batch2","PT",0.433333333333333
2807,"P56_batch2","Endo",0.666666666666667
2808,"P56_batch2","LOH",0.566666666666667
2809,"P56_batch2","IC",0.433333333333333
2810,"P56_batch2","PC",0.4
2811,"P56_batch2","PT2",0.466666666666667
2812,"P56_batch2","PT",0.633333333333333
2813,"P56_batch2","PT",0.666666666666667
2814,"P56_batch2","PT",0.4
2815,"P56_batch2","PT",0.233333333333333
2816,"P56_batch2","PT",0.466666666666667
2817,"P56_batch2","PT",0.3
2818,"P56_batch2","Endo",0.333333333333333
2819,"P56_batch2","immune",0.766666666666667
2820,"P56_batch2","IC",0.366666666666667
2821,"P56_batch2","PT2",0.233333333333333
2822,"P56_batch2","PT2",0.666666666666667
2823,"P56_batch2","PT",0.566666666666667
2824,"P56_batch2","PT2",0.7
2825,"P56_batch2","PT2",0.533333333333333
2826,"P56_batch2","PT",0.566666666666667
2827,"P56_batch2","stroma2",0.733333333333333
2828,"P56_batch2","DCT",0.6
2829,"P56_batch2","stroma2",0.833333333333333
2830,"P56_batch2","DCT",0.5
2831,"P56_batch2","LOH",0.466666666666667
2832,"P56_batch2","NP_LOH",0.666666666666667
2833,"P56_batch2","IC",0.433333333333333
2834,"P56_batch2","stroma2",0.4
2835,"P56_batch2","Endo",0.533333333333333
2836,"P56_batch2","PT",0.7
2837,"P56_batch2","stroma1",0.7
2838,"P56_batch2","PT2",0.433333333333333
2839,"P56_batch2","LOH",0.566666666666667
2840,"P56_batch2","LOH",0.7
2841,"P56_batch2","PT_out",0.566666666666667
2842,"P56_batch2","PT",0.433333333333333
2843,"P56_batch2","Endo",0.433333333333333
2844,"P56_batch2","PC",0.8
2845,"P56_batch2","PT",0.6
2846,"P56_batch2","IC",0.433333333333333
2847,"P56_batch2","PT",0.366666666666667
2848,"P56_batch2","LOH",0.5
2849,"P56_batch2","PT",0.566666666666667
2850,"P56_batch2","immune",0.566666666666667
2851,"P56_batch2","NP_LOH",0.666666666666667
2852,"P56_batch2","DCT",0.466666666666667
2853,"P56_batch2","CNT",0.466666666666667
2854,"P56_batch2","PT",0.4
2855,"P56_batch2","LOH",0.366666666666667
2856,"P56_batch2","PC",0.433333333333333
2857,"P56_batch2","PT",0.6
2858,"P56_batch2","PT",0.6
2859,"P56_batch2","PT",0.366666666666667
2860,"P56_batch2","PT",0.566666666666667
2861,"P56_batch2","PT",0.366666666666667
2862,"P56_batch2","PT2",0.0333333333333333
2863,"P56_batch2","PT2",0.233333333333333
2864,"P56_batch2","PC",0.533333333333333
2865,"P56_batch2","PT",0.6
2866,"P56_batch2","LOH",0.5
2867,"P56_batch2","PT",0.466666666666667
2868,"P56_batch2","PT",0.5
2869,"P56_batch2","CNT",0.433333333333333
2870,"P56_batch2","LOH",0.566666666666667
2871,"P56_batch2","PT",0.266666666666667
2872,"P56_batch2","DCT",0.333333333333333
2873,"P56_batch2","DCT",0.366666666666667
2874,"P56_batch2","CNT",0.233333333333333
2875,"P56_batch2","PT2",0.133333333333333
2876,"P56_batch2","DCT",0.466666666666667
2877,"P56_batch2","PT",0.466666666666667
2878,"P56_batch2","PT",0.333333333333333
2879,"P56_batch2","DCT",0.3
2880,"P56_batch2","LOH",0.5
2881,"P56_batch2","Podo",0.6
2882,"P56_batch2","PT",0.4
2883,"P56_batch2","LOH",0.6
2884,"P56_batch2","stroma2",0.566666666666667
2885,"P56_batch2","PT",0.4
2886,"P56_batch2","Endo",0.466666666666667
2887,"P56_batch2","LOH",0.5
2888,"P56_batch2","PT",0.5
2889,"P56_batch2","LOH",0.4
2890,"P56_batch2","PT",0.433333333333333
2891,"P56_batch2","DCT",0.266666666666667
2892,"P56_batch2","CNT",0.166666666666667
2893,"P56_batch2","PT",0.533333333333333
2894,"P56_batch2","PT",0.666666666666667
2895,"P56_batch2","LOH",0.5
2896,"P56_batch2","PT",0.633333333333333
2897,"P56_batch2","PT",0.5
2898,"P56_batch2","LOH",0.566666666666667
2899,"P56_batch2","NP_LOH",0.6
2900,"P56_batch2","CNT",0.566666666666667
2901,"P56_batch2","PT",0.433333333333333
2902,"P56_batch2","PT",0.433333333333333
2903,"P56_batch2","LOH",0.433333333333333
2904,"P56_batch2","Endo",0.5
2905,"P56_batch2","PT",0.4
2906,"P56_batch2","PT2",0.433333333333333
2907,"P56_batch2","PT2",0.433333333333333
2908,"P56_batch2","PT2",0.366666666666667
2909,"P56_batch2","NP_LOH",0.733333333333333
2910,"P56_batch2","PT",0.4
2911,"P56_batch2","PT",0.6
2912,"P56_batch2","PT",0.333333333333333
2913,"P56_batch2","PT",0.4
2914,"P56_batch2","LOH",0.4
2915,"P56_batch2","PT",0.433333333333333
2916,"P56_batch2","LOH",0.566666666666667
2917,"P56_batch2","CNT",0.233333333333333
2918,"P56_batch2","stroma2",0.566666666666667
2919,"P56_batch2","Podo",0.666666666666667
2920,"P56_batch2","DCT",0.366666666666667
2921,"P56_batch2","LOH",0.5
2922,"P56_batch2","PT",0.766666666666667
2923,"P56_batch2","DCT",0.333333333333333
2924,"P56_batch2","immune",0.566666666666667
2925,"P56_batch2","LOH",0.7
2926,"P56_batch2","LOH",0.433333333333333
2927,"P56_batch2","PT2",0.566666666666667
2928,"P56_batch2","PT2",0.433333333333333
2929,"P56_batch2","PT",0.4
2930,"P56_batch2","LOH",0.533333333333333
2931,"P56_batch2","PT2",0.433333333333333
2932,"P56_batch2","PT",0.366666666666667
2933,"P56_batch2","CNT",0.533333333333333
2934,"P56_batch2","PT",0.433333333333333
2935,"P56_batch2","PT",0.4
2936,"P56_batch2","stroma2",0.433333333333333
2937,"P56_batch2","stroma2",0.666666666666667
2938,"P56_batch2","PT",0.5
2939,"P56_batch2","Endo",0.6
2940,"P56_batch2","PT",0.533333333333333
2941,"P56_batch2","PT2",0.466666666666667
2942,"P56_batch2","PT",0.466666666666667
2943,"P56_batch2","stroma2",0.7
2944,"P56_batch2","PT",0.633333333333333
2945,"P56_batch2","LOH",0.4
2946,"P56_batch2","CNT",0.2
2947,"P56_batch2","CNT",0.566666666666667
2948,"P56_batch2","PT",0.7
2949,"P56_batch2","LOH",0.566666666666667
2950,"P56_batch2","NP",0.366666666666667
2951,"P56_batch2","PT2",0.4
2952,"P56_batch2","stroma2",0.533333333333333
2953,"P56_batch2","DCT",0.466666666666667
2954,"P56_batch2","LOH",0.5
2955,"P56_batch2","PT",0.333333333333333
2956,"P56_batch2","LOH",0.5
2957,"P56_batch2","stroma2",0.5
2958,"P56_batch2","PT2",0.233333333333333
2959,"P56_batch2","PT2",0.6
2960,"P56_batch2","PT",0.733333333333333
2961,"P56_batch2","LOH",0.8
2962,"P56_batch2","PT",0.433333333333333
2963,"P56_batch2","LOH",0.533333333333333
2964,"P56_batch2","PT",0.5
2965,"P56_batch2","PT",0.4
2966,"P56_batch2","CNT",0.766666666666667
2967,"P56_batch2","PC",0.633333333333333
2968,"P56_batch2","PT2",0.6
2969,"P56_batch2","PT",0.566666666666667
2970,"P56_batch2","PT2",0.366666666666667
2971,"P56_batch2","LOH",0.666666666666667
2972,"P56_batch2","PT",0.633333333333333
2973,"P56_batch2","PT",0.466666666666667
2974,"P56_batch2","PT",0.266666666666667
2975,"P56_batch2","PT2",0.666666666666667
2976,"P56_batch2","PT",0.433333333333333
2977,"P56_batch2","PT2",0.5
2978,"P56_batch2","PT",0.633333333333333
2979,"P56_batch2","DCT",0.5
2980,"P56_batch2","PT",0.666666666666667
2981,"P56_batch2","PT",0.533333333333333
2982,"P56_batch2","immune",0.4
2983,"P56_batch2","immune",0.333333333333333
2984,"P56_batch2","NP",0.5
2985,"P56_batch2","stroma2",0.6
2986,"P56_batch2","stroma1",0.533333333333333
2987,"P56_batch2","LOH",0.533333333333333
2988,"P56_batch2","PT",0.233333333333333
2989,"P56_batch2","PT",0.4
2990,"P56_batch2","stroma2",0.5
2991,"P56_batch2","PT",0.633333333333333
2992,"P56_batch2","Endo",0.466666666666667
2993,"P56_batch2","PT2",0.633333333333333
2994,"P56_batch2","PT",0.7
2995,"P56_batch2","stroma1",0.566666666666667
2996,"P56_batch2","PT",0.566666666666667
2997,"P56_batch2","PT",0.433333333333333
2998,"P56_batch2","PT2",0.633333333333333
2999,"P56_batch2","PT",0.433333333333333
3000,"P56_batch2","PT2",0.533333333333333
3001,"P56_batch2","LOH",0.533333333333333
3002,"P56_batch2","PT",0.2
3003,"P56_batch2","PT2",0.166666666666667
3004,"P56_batch2","Endo",0.7
3005,"P56_batch2","PT2",0.333333333333333
3006,"P56_batch2","LOH",0.566666666666667
3007,"P56_batch2","LOH",0.533333333333333
3008,"P56_batch2","DCT",0.5
3009,"P56_batch2","DCT",0.4
3010,"P56_batch2","stroma2",0.7
3011,"P56_batch2","Endo",0.566666666666667
3012,"P56_batch2","Endo",0.566666666666667
3013,"P56_batch2","Endo",0.733333333333333
3014,"P56_batch2","PT2",0.433333333333333
3015,"P56_batch2","stroma2",0.4
3016,"P56_batch2","PT",0.433333333333333
3017,"P56_batch2","PT",0.666666666666667
3018,"P56_batch2","PT2",0.333333333333333
3019,"P56_batch2","LOH",0.533333333333333
3020,"P56_batch2","LOH",0.366666666666667
3021,"P56_batch2","PT",0.366666666666667
3022,"P56_batch2","LOH",0.566666666666667
3023,"P56_batch2","Endo",0.7
3024,"P56_batch2","PT",0.366666666666667
3025,"P56_batch2","PT2",0.333333333333333
3026,"P56_batch2","PT",0.466666666666667
3027,"P56_batch2","PC",0.333333333333333
3028,"P56_batch2","stroma2",0.533333333333333
3029,"P56_batch2","LOH",0.4
3030,"P56_batch2","LOH",0.533333333333333
3031,"P56_batch2","PT",0.266666666666667
3032,"P56_batch2","Podo",0.6
3033,"P56_batch2","CNT",0.233333333333333
3034,"P56_batch2","PT2",0.266666666666667
3035,"P56_batch2","PT",0.4
3036,"P56_batch2","PT",0.566666666666667
3037,"P56_batch2","Endo",0.533333333333333
3038,"P56_batch2","stroma1",0.566666666666667
3039,"P56_batch2","PT",0.366666666666667
3040,"P56_batch2","IC",0.333333333333333
3041,"P56_batch2","Endo",0.4
3042,"P56_batch2","LOH",0.3
3043,"P56_batch2","LOH",0.4
3044,"P56_batch2","Endo",0.5
3045,"P56_batch2","PT2",0.233333333333333
3046,"P56_batch2","Endo",0.8
3047,"P56_batch2","PT",0.566666666666667
3048,"P56_batch2","CNT",0.366666666666667
3049,"P56_batch2","LOH",0.566666666666667
3050,"P56_batch2","PT2",0.166666666666667
3051,"P56_batch2","stroma1",0.3
3052,"P56_batch2","CNT",0.333333333333333
3053,"P56_batch2","PT",0.5
3054,"P56_batch2","stroma2",0.7
3055,"P56_batch2","stroma1",0.266666666666667
3056,"P56_batch2","PT",0.433333333333333
3057,"P56_batch2","PT",0.533333333333333
3058,"P56_batch2","PT2",0.433333333333333
3059,"P56_batch2","PT",0.333333333333333
3060,"P56_batch2","PT",0.6
3061,"P56_batch2","LOH",0.5
3062,"P56_batch2","IC",0.366666666666667
3063,"P56_batch2","PT",0.7
3064,"P56_batch2","Endo",0.433333333333333
3065,"P56_batch2","LOH",0.8
3066,"P56_batch2","PT",0.3
3067,"P56_batch2","PT",0.5
3068,"P56_batch2","PT",0.466666666666667
3069,"P56_batch2","LOH",0.633333333333333
3070,"P56_batch2","PT",0.566666666666667
3071,"P56_batch2","PT2",0.6
3072,"P56_batch2","PT",0.566666666666667
3073,"P56_batch2","DCT",0.4
3074,"P56_batch2","PT",0.2
3075,"P56_batch2","PT_out",0.233333333333333
3076,"P56_batch2","stroma2",0.566666666666667
3077,"P56_batch2","LOH",0.866666666666667
3078,"P56_batch2","PT",0.4
3079,"P56_batch2","PT",0.4
3080,"P56_batch2","stroma2",0.466666666666667
3081,"P56_batch2","PT2",0.366666666666667
3082,"P56_batch2","Endo",0.633333333333333
3083,"P56_batch2","IC",0.433333333333333
3084,"P56_batch2","PT2",0.366666666666667
3085,"P56_batch2","PT",0.366666666666667
3086,"P56_batch2","DCT",0.366666666666667
3087,"P56_batch2","IC",0.5
3088,"P56_batch2","LOH",0.6
3089,"P56_batch2","PT",0.533333333333333
3090,"P56_batch2","stroma1",0.666666666666667
3091,"P56_batch2","PT",0.6
3092,"P56_batch2","PT2",0.533333333333333
3093,"P56_batch2","stroma2",0.566666666666667
3094,"P56_batch2","LOH",0.566666666666667
3095,"P56_batch2","PT_out",0.533333333333333
3096,"P56_batch2","PT",0.333333333333333
3097,"P56_batch2","stroma2",0.7
3098,"P56_batch2","PC",0.533333333333333
3099,"P56_batch2","LOH",0.466666666666667
3100,"P56_batch2","CNT",0.333333333333333
3101,"P56_batch2","CNT",0.6
3102,"P56_batch2","PT",0.533333333333333
3103,"P56_batch2","PT",0.433333333333333
3104,"P56_batch2","LOH",0.433333333333333
3105,"P56_batch2","PT",0.4
3106,"P56_batch2","LOH",0.433333333333333
3107,"P56_batch2","PT",0.266666666666667
3108,"P56_batch2","PT",0.633333333333333
3109,"P56_batch2","LOH",0.566666666666667
3110,"P56_batch2","PT2",0.766666666666667
3111,"P56_batch2","PT",0.366666666666667
3112,"P56_batch2","PT",0.566666666666667
3113,"P56_batch2","stroma1",0.766666666666667
3114,"P56_batch2","LOH",0.733333333333333
3115,"P56_batch2","DCT",0.3
3116,"P56_batch2","LOH",0.533333333333333
3117,"P56_batch2","stroma2",0.6
3118,"P56_batch2","PT",0.566666666666667
3119,"P56_batch2","PT",0.366666666666667
3120,"P56_batch2","IC",0.433333333333333
3121,"P56_batch2","PT",0.333333333333333
3122,"P56_batch2","CNT",0.6
3123,"P56_batch2","PT2",0.733333333333333
3124,"P56_batch2","PT",0.5
3125,"P56_batch2","LOH",0.6
3126,"P56_batch2","PT",0.233333333333333
3127,"P56_batch2","PT2",0.533333333333333
3128,"P56_batch2","PT",0.5
3129,"P56_batch2","PT",0.3
3130,"P56_batch2","LOH",0.433333333333333
3131,"P56_batch2","PT2",0.333333333333333
3132,"P56_batch2","LOH",0.6
3133,"P56_batch2","PT",0.333333333333333
3134,"P56_batch2","PT",0.6
3135,"P56_batch2","Endo",0.3
3136,"P56_batch2","PT2",0.333333333333333
3137,"P56_batch2","PC",0.5
3138,"P56_batch2","NP",0.633333333333333
3139,"P56_batch2","Endo",0.366666666666667
3140,"P56_batch2","stroma1",0.3
3141,"P56_batch2","PT",0.633333333333333
3142,"P56_batch2","PT",0.533333333333333
3143,"P56_batch2","PT",0.566666666666667
3144,"P56_batch2","PT",0.4
3145,"P56_batch2","PT",0.166666666666667
3146,"P56_batch2","LOH",0.466666666666667
3147,"P56_batch2","IC",0.433333333333333
3148,"P56_batch2","PT",0.233333333333333
3149,"P56_batch2","immune",0.233333333333333
3150,"P56_batch2","CNT",0.366666666666667
3151,"P56_batch2","PT",0.333333333333333
3152,"P56_batch2","CNT",0.533333333333333
3153,"P56_batch2","PT",0.5
3154,"P56_batch2","NP",0.766666666666667
3155,"P56_batch2","PT2",0.333333333333333
3156,"P56_batch2","PT",0.5
3157,"P56_batch2","PT",0.366666666666667
3158,"P56_batch2","PT2",0.366666666666667
3159,"P56_batch2","PC",0.333333333333333
3160,"P56_batch2","PT",0.633333333333333
3161,"P56_batch2","Endo",0.7
3162,"P56_batch2","PT",0.366666666666667
3163,"P56_batch2","CNT",0.5
3164,"P56_batch2","DCT",0.5
3165,"P56_batch2","LOH",0.6
3166,"P56_batch2","LOH",0.633333333333333
3167,"P56_batch2","PC",0.333333333333333
3168,"P56_batch2","stroma2",0.4
3169,"P56_batch2","PT2",0.6
3170,"P56_batch2","PT",0.766666666666667
3171,"P56_batch2","PT2",0.166666666666667
3172,"P56_batch2","LOH",0.533333333333333
3173,"P56_batch2","PT",0.433333333333333
3174,"P56_batch2","DCT",0.266666666666667
3175,"P56_batch2","PT",0.4
3176,"P56_batch2","stroma2",0.633333333333333
3177,"P56_batch2","PT",0.533333333333333
3178,"P56_batch2","PT",0.666666666666667
3179,"P56_batch2","PT",0.5
3180,"P56_batch2","LOH",0.5
3181,"P56_batch2","PT",0.5
3182,"P56_batch2","PT",0.333333333333333
3183,"P56_batch2","PT",0.666666666666667
3184,"P56_batch2","PC",0.533333333333333
3185,"P56_batch2","PT2",0.266666666666667
3186,"P56_batch2","DCT",0.366666666666667
3187,"P56_batch2","PT",0.466666666666667
3188,"P56_batch2","PT",0.366666666666667
3189,"P56_batch2","PC",0.933333333333333
3190,"P56_batch2","PT",0.533333333333333
3191,"P56_batch2","IC",0.433333333333333
3192,"P56_batch2","PT2",0.4
3193,"P56_batch2","PT2",0.266666666666667
3194,"P56_batch2","PT2",0.3
3195,"P56_batch2","PT",0.5
3196,"P56_batch2","PT",0.6
3197,"P56_batch2","stroma2",0.466666666666667
3198,"P56_batch2","NP",0.7
3199,"P56_batch2","LOH",0.5
3200,"P56_batch2","PT_out",0.533333333333333
3201,"P56_batch2","LOH",0.466666666666667
3202,"P56_batch2","LOH",0.566666666666667
3203,"P56_batch2","PT",0.266666666666667
3204,"P56_batch2","LOH",0.566666666666667
3205,"P56_batch2","CNT",0.333333333333333
3206,"P56_batch2","Endo",0.566666666666667
3207,"P56_batch2","Endo",0.666666666666667
3208,"P56_batch2","LOH",0.233333333333333
3209,"P56_batch2","PT",0.266666666666667
3210,"P56_batch2","stroma1",0.266666666666667
3211,"P56_batch2","PT2",0.333333333333333
3212,"P56_batch2","PT",0.533333333333333
3213,"P56_batch2","PT2",0.366666666666667
3214,"P56_batch2","LOH",0.4
3215,"P56_batch2","PT2",0.5
3216,"P56_batch2","PT2",0.366666666666667
3217,"P56_batch2","PT2",0.466666666666667
3218,"P56_batch2","NP",0.666666666666667
3219,"P56_batch2","PT",0.433333333333333
3220,"P56_batch2","CNT",0.4
3221,"P56_batch2","PT_out",0.533333333333333
3222,"P56_batch2","PT",0.666666666666667
3223,"P56_batch2","DCT",0.5
3224,"P56_batch2","PT",0.433333333333333
3225,"P56_batch2","LOH",0.366666666666667
3226,"P56_batch2","DCT",0.566666666666667
3227,"P56_batch2","CNT",0.633333333333333
3228,"P56_batch2","PT2",0.4
3229,"P56_batch2","PT",0.266666666666667
3230,"P56_batch2","immune",0.6
3231,"P56_batch2","Endo",0.433333333333333
3232,"P56_batch2","LOH",0.533333333333333
3233,"P56_batch2","PT",0.6
3234,"P56_batch2","stroma2",0.833333333333333
3235,"P56_batch2","stroma2",0.5
3236,"P56_batch2","immune",0.233333333333333
3237,"P56_batch2","PT2",0.166666666666667
3238,"P56_batch2","PT",0.566666666666667
3239,"P56_batch2","PT",0.433333333333333
3240,"P56_batch2","PT",0.233333333333333
3241,"P56_batch2","PT2",0.366666666666667
3242,"P56_batch2","stroma2",0.566666666666667
3243,"P56_batch2","NP_LOH",0.333333333333333
3244,"P56_batch2","PT",0.6
3245,"P56_batch2","PT2",0.5
3246,"P56_batch2","PT",0.433333333333333
3247,"P56_batch2","IC",0.633333333333333
3248,"P56_batch2","Endo",0.433333333333333
3249,"P56_batch2","CNT",0.866666666666667
3250,"P56_batch2","NP",0.9
3251,"P56_batch2","PT",0.3
3252,"P56_batch2","PT",0.7
3253,"P56_batch2","PT",0.233333333333333
3254,"P56_batch2","CNT",0.666666666666667
3255,"P56_batch2","PT",0.366666666666667
3256,"P56_batch2","PT",0.233333333333333
3257,"P56_batch2","PT_out",0.3
3258,"P56_batch2","PT2",0.433333333333333
3259,"P56_batch2","PT",0.366666666666667
3260,"P56_batch2","PT2",0.2
3261,"P56_batch2","PT",0.466666666666667
3262,"P56_batch2","PT2",0.466666666666667
3263,"P56_batch2","LOH",0.533333333333333
3264,"P56_batch2","DCT",0.533333333333333
3265,"P56_batch2","PT2",0.3
3266,"P56_batch2","PT2",0.3
3267,"P56_batch2","PT2",0.166666666666667
3268,"P56_batch2","PC",0.533333333333333
3269,"P56_batch2","PT",0.633333333333333
3270,"P56_batch2","PT",0.6
3271,"P56_batch2","PT2",0.233333333333333
3272,"P56_batch2","PT",0.633333333333333
3273,"P56_batch2","PT",0.5
3274,"P56_batch2","PC",0.5
3275,"P56_batch2","CNT",0.6
3276,"P56_batch2","PT",0.6
3277,"P56_batch2","NP_LOH",0.366666666666667
3278,"P56_batch2","PT2",0.666666666666667
3279,"P56_batch2","PT",0.566666666666667
3280,"P56_batch2","LOH",0.566666666666667
3281,"P56_batch2","PT2",0.1
3282,"P56_batch2","PT2",0.7
3283,"P56_batch2","PT",0.633333333333333
3284,"P56_batch2","CNT",0.466666666666667
3285,"P56_batch2","LOH",0.766666666666667
3286,"P56_batch2","LOH",0.266666666666667
3287,"P56_batch2","PC",0.4
3288,"P56_batch2","PT2",0.166666666666667
3289,"P56_batch2","PT",0.5
3290,"P56_batch2","PT",0.466666666666667
3291,"P56_batch2","LOH",0.433333333333333
3292,"P56_batch2","PT",0.333333333333333
3293,"P56_batch2","DCT",0.566666666666667
3294,"P56_batch2","PT",0.566666666666667
3295,"P56_batch2","PT2",0.266666666666667
3296,"P56_batch2","LOH",0.566666666666667
3297,"P56_batch2","PT",0.466666666666667
3298,"P56_batch2","PT",0.533333333333333
3299,"P56_batch2","DCT",0.366666666666667
3300,"P56_batch2","PT",0.2
3301,"P56_batch2","Endo",0.6
3302,"P56_batch2","PT_out",0.433333333333333
3303,"P56_batch2","PT2",0.3
3304,"P56_batch2","stroma1",0.5
3305,"P56_batch2","Endo",0.533333333333333
3306,"P56_batch2","NP",0.366666666666667
3307,"P56_batch2","IC",0.4
3308,"P56_batch2","DCT",0.5
3309,"P56_batch2","Endo",0.466666666666667
3310,"P56_batch2","PT",0.666666666666667
3311,"P56_batch2","PT",0.733333333333333
3312,"P56_batch2","PT2",0.2
3313,"P56_batch2","Endo",0.466666666666667
3314,"P56_batch2","PT2",0.1
3315,"P56_batch2","PT2",0.4
3316,"P56_batch2","NP_LOH",0.5
3317,"P56_batch2","PT",0.433333333333333
3318,"P56_batch2","LOH",0.6
3319,"P56_batch2","PT",0.4
3320,"P56_batch2","PT2",0.3
3321,"P56_batch2","PT2",0.3
3322,"P56_batch2","PT2",0.366666666666667
3323,"P56_batch2","PT",0.4
3324,"P56_batch2","stroma2",0.6
3325,"P56_batch2","IC",0.4
3326,"P56_batch2","PT",0.533333333333333
3327,"P56_batch2","stroma2",0.566666666666667
3328,"P56_batch2","stroma2",0.566666666666667
3329,"P56_batch2","LOH",0.566666666666667
3330,"P56_batch2","PT",0.266666666666667
3331,"P56_batch2","PT_out",0.333333333333333
3332,"P56_batch2","immune",0.2
3333,"P56_batch2","PT",0.4
3334,"P56_batch2","PT",0.333333333333333
3335,"P56_batch2","CNT",0.6
3336,"P56_batch2","LOH",0.533333333333333
3337,"P56_batch2","Endo",0.433333333333333
3338,"P56_batch2","PT",0.333333333333333
3339,"P56_batch2","PT",0.366666666666667
3340,"P56_batch2","LOH",0.466666666666667
3341,"P56_batch2","PT",0.366666666666667
3342,"P56_batch2","PC",0.566666666666667
3343,"P56_batch2","PT",0.533333333333333
3344,"P56_batch2","PT",0.566666666666667
3345,"P56_batch2","stroma2",0.566666666666667
3346,"P56_batch2","PT",0.6
3347,"P56_batch2","LOH",0.666666666666667
3348,"P56_batch2","Endo",0.4
3349,"P56_batch2","Podo",0.6
3350,"P56_batch2","PT",0.333333333333333
3351,"P56_batch2","DCT",0.566666666666667
3352,"P56_batch2","PT",0.5
3353,"P56_batch2","IC",0.533333333333333
3354,"P56_batch2","LOH",0.533333333333333
3355,"P56_batch2","PT2",0.4
3356,"P56_batch2","PT",0.566666666666667
3357,"P56_batch2","PT2",0.3
3358,"P56_batch2","stroma1",0.466666666666667
3359,"P56_batch2","PT",0.666666666666667
3360,"P56_batch2","PT2",0.5
3361,"P56_batch2","PT",0.566666666666667
3362,"P56_batch2","DCT",0.3
3363,"P56_batch2","DCT",0.166666666666667
3364,"P56_batch2","NP",0.566666666666667
3365,"P56_batch2","immune",0.2
3366,"P56_batch2","PT",0.366666666666667
3367,"P56_batch2","LOH",0.666666666666667
3368,"P56_batch2","stroma2",0.4
3369,"P56_batch2","PT",0.4
3370,"P56_batch2","CNT",0.533333333333333
3371,"P56_batch2","LOH",0.5
3372,"P56_batch2","LOH",0.466666666666667
3373,"P56_batch2","stroma2",0.8
3374,"P56_batch2","DCT",0.266666666666667
3375,"P56_batch2","stroma2",0.533333333333333
3376,"P56_batch2","DCT",0.333333333333333
3377,"P56_batch2","PT",0.5
3378,"P56_batch2","PT2",0.233333333333333
3379,"P56_batch2","PT2",0.4
3380,"P56_batch2","LOH",0.633333333333333
3381,"P56_batch2","IC",0.333333333333333
3382,"P56_batch2","PT",0.166666666666667
3383,"P56_batch2","LOH",0.5
3384,"P56_batch2","PT",0.4
3385,"P56_batch2","PT",0.533333333333333
3386,"P56_batch2","LOH",0.333333333333333
3387,"P56_batch2","immune",0.233333333333333
3388,"P56_batch2","Endo",0.566666666666667
3389,"P56_batch2","PT",0.666666666666667
3390,"P56_batch2","immune",0.233333333333333
3391,"P56_batch2","PT",0.6
3392,"P56_batch2","DCT",0.266666666666667
3393,"P56_batch2","PT",0.6
3394,"P56_batch2","PT2",0.633333333333333
3395,"P56_batch2","PT2",0.333333333333333
3396,"P56_batch2","PT",0.4
3397,"P56_batch2","Endo",0.7
3398,"P56_batch2","IC",0.7
3399,"P56_batch2","Endo",0.7
3400,"P56_batch2","NP",0.666666666666667
3401,"P56_batch2","IC",0.366666666666667
3402,"P56_batch2","PT",0.8
3403,"P56_batch2","PT",0.666666666666667
3404,"P56_batch2","DCT",0.433333333333333
3405,"P56_batch2","PT",0.466666666666667
3406,"P56_batch2","LOH",0.666666666666667
3407,"P56_batch2","PT",0.866666666666667
3408,"P56_batch2","PT",0.6
3409,"P56_batch2","CNT",0.466666666666667
3410,"P56_batch2","DCT",0.266666666666667
3411,"P56_batch2","Endo",0.5
3412,"P56_batch2","PT",0.5
3413,"P56_batch2","PC",0.233333333333333
3414,"P56_batch2","LOH",0.6
3415,"P56_batch2","PC",0.5
3416,"P56_batch2","DCT",0.5
3417,"P56_batch2","PT_out",0.533333333333333
3418,"P56_batch2","DCT",0.566666666666667
3419,"P56_batch2","IC",0.7
3420,"P56_batch2","PT",0.5
3421,"P56_batch2","Endo",0.633333333333333
3422,"P56_batch2","Endo",0.566666666666667
3423,"P56_batch2","PT",0.6
3424,"P56_batch2","CNT",0.5
3425,"P56_batch2","PT",0.5
3426,"P56_batch2","PT2",0.266666666666667
3427,"P56_batch2","PT2",0.6
3428,"P56_batch2","LOH",0.5
3429,"P56_batch2","PT",0.7
3430,"P56_batch2","PC",0.366666666666667
3431,"P56_batch2","PT2",0.366666666666667
3432,"P56_batch2","DCT",0.2
3433,"P56_batch2","PC",0.466666666666667
3434,"P56_batch2","DCT",0.266666666666667
3435,"P56_batch2","PT",0.566666666666667
3436,"P56_batch2","stroma1",0.7
3437,"P56_batch2","PT",0.533333333333333
3438,"P56_batch2","stroma2",0.5
3439,"P56_batch2","PT",0.4
3440,"P56_batch2","stroma1",0.733333333333333
3441,"P56_batch2","PT",0.3
3442,"P56_batch2","PT",0.6
3443,"P56_batch2","PT",0.533333333333333
3444,"P56_batch2","LOH",0.433333333333333
3445,"P56_batch2","PT",0.666666666666667
3446,"P56_batch2","LOH",0.466666666666667
3447,"P56_batch2","LOH",0.4
3448,"P56_batch2","PT",0.433333333333333
3449,"P56_batch2","PT",0.466666666666667
3450,"P56_batch2","stroma2",0.5
3451,"P56_batch2","CNT",0.2
3452,"P56_batch2","PT2",0.0666666666666667
3453,"P56_batch2","PT2",0.5
3454,"P56_batch2","PT_out",0.533333333333333
3455,"P56_batch2","CNT",0.633333333333333
3456,"P56_batch2","PT",0.5
3457,"P56_batch2","PT",0.566666666666667
3458,"P56_batch2","PT",0.566666666666667
3459,"P56_batch2","LOH",0.633333333333333
3460,"P56_batch2","Endo",0.5
3461,"P56_batch2","PT_out",0.5
3462,"P56_batch2","PT",0.533333333333333
3463,"P56_batch2","DCT",0.3
3464,"P56_batch2","PT2",0.4
3465,"P56_batch2","LOH",0.333333333333333
3466,"P56_batch2","PT2",0.4
3467,"P56_batch2","stroma2",0.533333333333333
3468,"P56_batch2","PT2",0.333333333333333
3469,"P56_batch2","PT",0.533333333333333
3470,"P56_batch2","CNT",0.166666666666667
3471,"P56_batch2","LOH",0.566666666666667
3472,"P56_batch2","PT",0.5
3473,"P56_batch2","stroma2",0.633333333333333
3474,"P56_batch2","DCT",0.3
3475,"P56_batch2","PT",0.433333333333333
3476,"P56_batch2","PT",0.566666666666667
3477,"P56_batch2","PT",0.666666666666667
3478,"P56_batch2","PT",0.433333333333333
3479,"P56_batch2","PT",0.4
3480,"P56_batch2","PT",0.433333333333333
3481,"P56_batch2","PT",0.5
3482,"P56_batch2","PT2",0.166666666666667
3483,"P56_batch2","Endo",0.666666666666667
3484,"P56_batch2","PT2",0.433333333333333
3485,"P56_batch2","PT_out",0.4
3486,"P56_batch2","DCT",0.233333333333333
3487,"P56_batch2","Endo",0.7
3488,"P56_batch2","PT",0.766666666666667
3489,"P56_batch2","PT2",0.4
3490,"P56_batch2","Endo",0.366666666666667
3491,"P56_batch2","PT",0.366666666666667
3492,"P56_batch2","PT",0.5
3493,"P56_batch2","LOH",0.566666666666667
3494,"P56_batch2","PT",0.333333333333333
3495,"P56_batch2","PT",0.466666666666667
3496,"P56_batch2","DCT",0.466666666666667
3497,"P56_batch2","PT",0.466666666666667
3498,"P56_batch2","PT2",0.5
3499,"P56_batch2","PT2",0.633333333333333
3500,"P56_batch2","PC",0.6
3501,"P56_batch2","PT",0.433333333333333
3502,"P56_batch2","DCT",0.433333333333333
3503,"P56_batch2","PT",0.5
3504,"P56_batch2","PT",0.6
3505,"P56_batch2","IC",0.433333333333333
3506,"P56_batch2","CNT",0.533333333333333
3507,"P56_batch2","PT",0.666666666666667
3508,"P56_batch2","PT",0.5
3509,"P56_batch2","PT",0.5
3510,"P56_batch2","PT",0.3
3511,"P56_batch2","PT",0.433333333333333
3512,"P56_batch2","LOH",0.566666666666667
3513,"P56_batch2","PT",0.6
3514,"P56_batch2","PT",0.366666666666667
3515,"P56_batch2","PT",0.566666666666667
3516,"P56_batch2","PT",0.7
3517,"P56_batch2","CNT",0.6
3518,"P56_batch2","LOH",0.7
3519,"P56_batch2","PT",0.5
3520,"P56_batch2","LOH",0.5
3521,"P56_batch2","LOH",0.4
3522,"P56_batch2","PC",0.566666666666667
3523,"P56_batch2","PT",0.533333333333333
3524,"P56_batch2","stroma1",0.366666666666667
3525,"P56_batch2","DCT",0.5
3526,"P56_batch2","PT",0.4
3527,"P56_batch2","PT2",0.4
3528,"P56_batch2","CNT",0.6
3529,"P56_batch2","IC",0.3
3530,"P56_batch2","NP",0.433333333333333
3531,"P56_batch2","LOH",0.4
3532,"P56_batch2","PT2",0.266666666666667
3533,"P56_batch2","PT",0.6
3534,"P56_batch2","Endo",0.666666666666667
3535,"P56_batch2","PT",0.6
3536,"P56_batch2","PT",0.566666666666667
3537,"P56_batch2","PT2",0.433333333333333
3538,"P56_batch2","stroma1",0.3
3539,"P56_batch2","CNT",0.366666666666667
3540,"P56_batch2","LOH",0.433333333333333
3541,"P56_batch2","PT",0.5
3542,"P56_batch2","PT",0.333333333333333
3543,"P56_batch2","PT",0.533333333333333
3544,"P56_batch2","IC",0.6
3545,"P56_batch2","PT",0.6
3546,"P56_batch2","PT",0.466666666666667
3547,"P56_batch2","PT",0.466666666666667
3548,"P56_batch2","LOH",0.733333333333333
3549,"P56_batch2","PT",0.466666666666667
3550,"P56_batch2","Endo",0.466666666666667
3551,"P56_batch2","PT",0.233333333333333
3552,"P56_batch2","PT",0.4
3553,"P56_batch2","PT2",0.666666666666667
3554,"P56_batch2","PT",0.566666666666667
3555,"P56_batch2","PT2",0.266666666666667
3556,"P56_batch2","Endo",0.7
3557,"P56_batch2","PT",0.433333333333333
3558,"P56_batch2","PT",0.533333333333333
3559,"P56_batch2","PT",0.6
3560,"P56_batch2","PT",0.4
3561,"P56_batch2","DCT",0.233333333333333
3562,"P56_batch2","LOH",0.633333333333333
3563,"P56_batch2","LOH",0.6
3564,"P56_batch2","PT",0.5
3565,"P56_batch2","LOH",0.266666666666667
3566,"P56_batch2","PT",0.5
3567,"P56_batch2","PT",0.6
3568,"P56_batch2","stroma2",0.566666666666667
3569,"P56_batch2","DCT",0.333333333333333
3570,"P56_batch2","PT2",0.4
3571,"P56_batch2","stroma2",0.7
3572,"P56_batch2","PT_out",0.4
3573,"P56_batch2","PT",0.533333333333333
3574,"P56_batch2","LOH",0.466666666666667
3575,"P56_batch2","PT",0.633333333333333
3576,"P56_batch2","Endo",0.566666666666667
3577,"P56_batch2","Endo",0.366666666666667
3578,"P56_batch2","PT",0.466666666666667
3579,"P56_batch2","PT",0.366666666666667
3580,"P56_batch2","PC",0.6
3581,"P56_batch2","LOH",0.6
3582,"P56_batch2","PT",0.6
3583,"P56_batch2","Endo",0.7
3584,"P56_batch2","PT",0.8
3585,"P56_batch2","PT",0.466666666666667
3586,"P56_batch2","PT",0.5
3587,"P56_batch2","DCT",0.233333333333333
3588,"P56_batch2","PT",0.433333333333333
3589,"P56_batch2","LOH",0.8
3590,"P56_batch2","stroma2",0.7
3591,"P56_batch2","immune",0.633333333333333
3592,"P56_batch2","LOH",0.6
3593,"P56_batch2","stroma2",0.533333333333333
3594,"P56_batch2","DCT",0.433333333333333
3595,"P56_batch2","PT",0.366666666666667
3596,"P56_batch2","stroma1",0.233333333333333
3597,"P56_batch2","PT",0.466666666666667
3598,"P56_batch2","stroma2",0.533333333333333
3599,"P56_batch2","PC",0.633333333333333
3600,"P56_batch2","PT",0.566666666666667
3601,"P56_batch2","PT",0.4
3602,"P56_batch2","PT",0.433333333333333
3603,"P56_batch2","PT",0.433333333333333
3604,"P56_batch2","PT2",0.633333333333333
3605,"P56_batch2","PT2",0.633333333333333
3606,"P56_batch2","IC",0.4
3607,"P56_batch2","LOH",0.666666666666667
3608,"P56_batch2","PT2",0.366666666666667
3609,"P56_batch2","PC",0.533333333333333
3610,"P56_batch2","PT2",0.3
3611,"P56_batch2","PT_out",0.533333333333333
3612,"P56_batch2","PT2",0.366666666666667
3613,"P56_batch2","PT_out",0.633333333333333
3614,"P56_batch2","PT",0.366666666666667
3615,"P56_batch2","LOH",0.566666666666667
3616,"P56_batch2","PT",0.633333333333333
3617,"P56_batch2","DCT",0.366666666666667
3618,"P56_batch2","PT2",0.366666666666667
3619,"P56_batch2","stroma1",0.266666666666667
3620,"P56_batch2","LOH",0.6
3621,"P56_batch2","LOH",0.6
3622,"P56_batch2","LOH",0.233333333333333
3623,"P56_batch2","PT",0.5
3624,"P56_batch2","Endo",0.633333333333333
3625,"P56_batch2","PT",0.433333333333333
3626,"P56_batch2","LOH",0.6
3627,"P56_batch2","PC",0.733333333333333
3628,"P56_batch2","PT",0.733333333333333
3629,"P56_batch2","PT",0.233333333333333
3630,"P56_batch2","LOH",0.533333333333333
3631,"P56_batch2","PT2",0.4
3632,"P56_batch2","LOH",0.633333333333333
3633,"P56_batch2","LOH",0.466666666666667
3634,"P56_batch2","stroma1",0.266666666666667
3635,"P56_batch2","PT",0.4
3636,"P56_batch2","immune",0.633333333333333
3637,"P56_batch2","PT2",0.466666666666667
3638,"P56_batch2","LOH",0.633333333333333
3639,"P56_batch2","PT",0.566666666666667
3640,"P56_batch2","PT",0.233333333333333
3641,"P56_batch2","PT",0.533333333333333
3642,"P56_batch2","IC",0.466666666666667
3643,"P56_batch2","CNT",0.4
3644,"P56_batch2","LOH",0.8
3645,"P56_batch2","LOH",0.466666666666667
3646,"P56_batch2","DCT",0.4
3647,"P56_batch2","PT2",0.466666666666667
3648,"P56_batch2","DCT",0.466666666666667
3649,"P56_batch2","LOH",0.433333333333333
3650,"P56_batch2","PT",0.6
3651,"P56_batch2","stroma2",0.766666666666667
3652,"P56_batch2","DCT",0.366666666666667
3653,"P56_batch2","PT",0.433333333333333
3654,"P56_batch2","LOH",0.566666666666667
3655,"P56_batch2","NP_LOH",0.733333333333333
3656,"P56_batch2","PT",0.566666666666667
3657,"P56_batch2","PT",0.5
3658,"P56_batch2","IC",0.366666666666667
3659,"P56_batch2","DCT",0.466666666666667
3660,"P56_batch2","LOH",0.6
3661,"P56_batch2","Endo",0.666666666666667
3662,"P56_batch2","PT",0.433333333333333
3663,"P56_batch2","LOH",0.633333333333333
3664,"P56_batch2","PT",0.566666666666667
3665,"P56_batch2","PT",0.533333333333333
3666,"P56_batch2","PT2",0.4
3667,"P56_batch2","PT",0.4
3668,"P56_batch2","LOH",0.666666666666667
3669,"P56_batch2","IC",0.433333333333333
3670,"P56_batch2","NP_LOH",0.6
3671,"P56_batch2","stroma2",0.433333333333333
3672,"P56_batch2","Endo",0.633333333333333
3673,"P56_batch2","PT",0.233333333333333
3674,"P56_batch2","PT",0.366666666666667
3675,"P56_batch2","NP_LOH",0.266666666666667
3676,"P56_batch2","PT2",0.433333333333333
3677,"P56_batch2","PT",0.233333333333333
3678,"P56_batch2","LOH",0.533333333333333
3679,"P56_batch2","Endo",0.7
3680,"P56_batch2","PT2",0.8
3681,"P56_batch2","PT",0.466666666666667
3682,"P56_batch2","PT",0.6
3683,"P56_batch2","CNT",0.333333333333333
3684,"P56_batch2","CNT",0.566666666666667
3685,"P56_batch2","PT2",0.466666666666667
3686,"P56_batch2","PT_out",0.5
3687,"P56_batch2","PT",0.333333333333333
3688,"P56_batch2","PT",0.5
3689,"P56_batch2","PT2",0.566666666666667
3690,"P56_batch2","DCT",0.366666666666667
3691,"P56_batch2","PT",0.7
3692,"P56_batch2","LOH",0.466666666666667
3693,"P56_batch2","Endo",0.733333333333333
3694,"P56_batch2","PC",0.4
3695,"P56_batch2","PT",0.666666666666667
3696,"P56_batch2","PT",0.4
3697,"P56_batch2","PT",0.7
3698,"P56_batch2","CNT",0.4
3699,"P56_batch2","PC",0.666666666666667
3700,"P56_batch2","PT",0.566666666666667
3701,"P56_batch2","PT",0.7
3702,"P56_batch2","PT",0.433333333333333
3703,"P56_batch2","PT_out",0.5
3704,"P56_batch2","PT2",0.433333333333333
3705,"P56_batch2","PT",0.6
3706,"P56_batch2","PT",0.566666666666667
3707,"P56_batch2","DCT",0.633333333333333
3708,"P56_batch2","PC",0.366666666666667
3709,"P56_batch2","PT2",0.4
3710,"P56_batch2","PT2",0.233333333333333
3711,"P56_batch2","LOH",0.566666666666667
3712,"P56_batch2","stroma2",0.733333333333333
3713,"P56_batch2","stroma2",0.766666666666667
3714,"P56_batch2","PT2",0.5
3715,"P56_batch2","PT",0.233333333333333
3716,"P56_batch2","Endo",0.466666666666667
3717,"P56_batch2","Endo",0.7
3718,"P56_batch2","stroma2",0.333333333333333
3719,"P56_batch2","PT2",0.433333333333333
3720,"P56_batch2","CNT",0.666666666666667
3721,"P56_batch2","PT",0.533333333333333
3722,"P56_batch2","DCT",0.333333333333333
3723,"P56_batch2","PT2",0.566666666666667
3724,"P56_batch2","LOH",0.4
3725,"P56_batch2","LOH",0.733333333333333
3726,"P56_batch2","PT",0.5
3727,"P56_batch2","DCT",0.366666666666667
3728,"P56_batch2","PT2",0.733333333333333
3729,"P56_batch2","LOH",0.666666666666667
3730,"P56_batch2","PT2",0.366666666666667
3731,"P56_batch2","PT2",0.566666666666667
3732,"P56_batch2","CNT",0.2
3733,"P56_batch2","PT",0.466666666666667
3734,"P56_batch2","PT2",0.333333333333333
3735,"P56_batch2","CNT",0.366666666666667
3736,"P56_batch2","IC",0.433333333333333
3737,"P56_batch2","PT2",0.4
3738,"P56_batch2","immune",0.233333333333333
3739,"P56_batch2","PT2",0.6
3740,"P56_batch2","Endo",0.466666666666667
3741,"P56_batch2","CNT",0.566666666666667
3742,"P56_batch2","PT",0.6
3743,"P56_batch2","Endo",0.533333333333333
3744,"P56_batch2","PT",0.333333333333333
3745,"P56_batch2","PT",0.666666666666667
3746,"P56_batch2","PT",0.333333333333333
3747,"P56_batch2","Endo",0.533333333333333
3748,"P56_batch2","PT2",0.4
3749,"P56_batch2","CNT",0.6
3750,"P56_batch2","PT2",0.366666666666667
3751,"P56_batch2","PT",0.233333333333333
3752,"P56_batch2","immune",0.233333333333333
3753,"P56_batch2","PT",0.333333333333333
3754,"P56_batch2","Endo",0.633333333333333
3755,"P56_batch2","PT",0.433333333333333
3756,"P56_batch2","PT",0.733333333333333
3757,"P56_batch2","NP",0.566666666666667
3758,"P56_batch2","PT_out",0.333333333333333
3759,"P56_batch2","stroma2",0.766666666666667
3760,"P56_batch2","stroma2",0.7
3761,"P56_batch2","PT",0.333333333333333
3762,"P56_batch2","Podo",0.666666666666667
3763,"P56_batch2","PT",0.433333333333333
3764,"P56_batch2","PT",0.333333333333333
3765,"P56_batch2","stroma2",0.466666666666667
3766,"P56_batch2","PT2",0.6
3767,"P56_batch2","PT2",0.2
3768,"P56_batch2","LOH",0.533333333333333
3769,"P56_batch2","PT",0.5
3770,"P56_batch2","PT",0.5
3771,"P56_batch2","DCT",0.366666666666667
3772,"P56_batch2","LOH",0.2
3773,"P56_batch2","PT",0.6
3774,"P56_batch2","PT",0.5
3775,"P56_batch2","Endo",0.4
3776,"P56_batch2","PT_out",0.3
3777,"P56_batch2","stroma2",0.666666666666667
3778,"P56_batch2","PC",0.5
3779,"P56_batch2","PT",0.266666666666667
3780,"P56_batch2","PT2",0.733333333333333
3781,"P56_batch2","PT",0.633333333333333
3782,"P56_batch2","DCT",0.4
3783,"P56_batch2","PT",0.366666666666667
3784,"P56_batch2","Endo",0.333333333333333
3785,"P56_batch2","LOH",0.6
3786,"P56_batch2","PT2",0.333333333333333
3787,"P56_batch2","Endo",0.466666666666667
3788,"P56_batch2","DCT",0.466666666666667
3789,"P56_batch2","PT2",0.4
3790,"P56_batch2","PT",0.466666666666667
3791,"P56_batch2","PT",0.466666666666667
3792,"P56_batch2","DCT",0.3
3793,"P56_batch2","LOH",0.433333333333333
3794,"P56_batch2","PT",0.4
3795,"P56_batch2","PT2",0.333333333333333
3796,"P56_batch2","LOH",0.5
3797,"P56_batch2","DCT",0.433333333333333
3798,"P56_batch2","PT",0.433333333333333
3799,"P56_batch2","PT",0.366666666666667
3800,"P56_batch2","PT2",0.3
3801,"P56_batch2","PC",0.666666666666667
3802,"P56_batch2","PT2",0.333333333333333
3803,"P56_batch2","PT_out",0.6
3804,"P56_batch2","PT",0.533333333333333
3805,"P56_batch2","CNT",0.2
3806,"P56_batch2","IC",0.333333333333333
3807,"P56_batch2","PT",0.7
3808,"P56_batch2","stroma1",0.833333333333333
3809,"P56_batch2","PT",0.633333333333333
3810,"P56_batch2","stroma1",0.533333333333333
3811,"P56_batch2","PT",0.666666666666667
3812,"P56_batch2","PT",0.533333333333333
3813,"P56_batch2","PT",0.633333333333333
3814,"P56_batch2","PT",0.633333333333333
3815,"P56_batch2","LOH",0.566666666666667
3816,"P56_batch2","PT",0.566666666666667
3817,"P56_batch2","PT",0.8
3818,"P56_batch2","LOH",0.6
3819,"P56_batch2","PT2",0.333333333333333
3820,"P56_batch2","IC",0.2
3821,"P56_batch2","stroma2",0.533333333333333
3822,"P56_batch2","PT",0.633333333333333
3823,"P56_batch2","IC",0.366666666666667
3824,"P56_batch2","PT",0.333333333333333
3825,"P56_batch2","PT",0.4
3826,"P56_batch2","PT",0.533333333333333
3827,"P56_batch2","LOH",0.5
3828,"P56_batch2","PC",0.466666666666667
3829,"P56_batch2","stroma2",0.6
3830,"P56_batch2","PT",0.4
3831,"P56_batch2","PT",0.433333333333333
3832,"P56_batch2","LOH",0.4
3833,"P56_batch2","PT2",0.266666666666667
3834,"P56_batch2","IC",0.233333333333333
3835,"P56_batch2","NP",0.566666666666667
3836,"P56_batch2","PT2",0.3
3837,"P56_batch2","PT2",0.433333333333333
3838,"P56_batch2","IC",0.666666666666667
3839,"P56_batch2","PT",0.333333333333333
3840,"P56_batch2","PT",0.333333333333333
3841,"P56_batch2","PT2",0.466666666666667
3842,"P56_batch2","PT",0.433333333333333
3843,"P56_batch2","CNT",0.433333333333333
3844,"P56_batch2","PT",0.166666666666667
3845,"P56_batch2","PT",0.4
3846,"P56_batch2","PT",0.3
3847,"P56_batch2","PT2",0.533333333333333
3848,"P56_batch2","IC",0.366666666666667
3849,"P56_batch2","LOH",0.533333333333333
3850,"P56_batch2","LOH",0.4
3851,"P56_batch2","stroma2",0.633333333333333
3852,"P56_batch2","IC",0.466666666666667
3853,"P56_batch2","PT",0.433333333333333
3854,"P56_batch2","IC",0.466666666666667
3855,"P56_batch2","PT2",0.2
3856,"P56_batch2","PT",0.566666666666667
3857,"P56_batch2","PT",0.5
3858,"P56_batch2","PT2",0.366666666666667
3859,"P56_batch2","PT",0.466666666666667
3860,"P56_batch2","PT2",0.733333333333333
3861,"P56_batch2","PT",0.666666666666667
3862,"P56_batch2","stroma1",0.533333333333333
3863,"P56_batch2","PT",0.6
3864,"P56_batch2","LOH",0.533333333333333
3865,"P56_batch2","Endo",0.666666666666667
3866,"P56_batch2","stroma2",0.566666666666667
3867,"P56_batch2","Endo",0.7
3868,"P56_batch2","DCT",0.3
3869,"P56_batch2","PT",0.6
3870,"P56_batch2","PT",0.8
3871,"P56_batch2","PT",0.366666666666667
3872,"P56_batch2","PT_out",0.366666666666667
3873,"P56_batch2","PT",0.733333333333333
3874,"P56_batch2","Endo",0.7
3875,"P56_batch2","DCT",0.5
3876,"P56_batch2","PT",0.466666666666667
3877,"P56_batch2","NP_LOH",0.533333333333333
3878,"P56_batch2","PT",0.7
3879,"P56_batch2","stroma1",0.566666666666667
3880,"P56_batch2","LOH",0.6
3881,"P56_batch2","PT",0.266666666666667
3882,"P56_batch2","PT",0.4
3883,"P56_batch2","LOH",0.466666666666667
3884,"P56_batch2","DCT",0.533333333333333
3885,"P56_batch2","CNT",0.5
3886,"P56_batch2","PT2",0.366666666666667
3887,"P56_batch2","PT",0.5
3888,"P56_batch2","Endo",0.466666666666667
3889,"P56_batch2","LOH",0.5
3890,"P56_batch2","PT",0.433333333333333
3891,"P56_batch2","DCT",0.633333333333333
3892,"P56_batch2","PT2",0.366666666666667
3893,"P56_batch2","PT",0.433333333333333
3894,"P56_batch2","stroma2",0.633333333333333
3895,"P56_batch2","Endo",0.6
3896,"P56_batch2","DCT",0.466666666666667
3897,"P56_batch2","PT",0.5
3898,"P56_batch2","PT",0.533333333333333
3899,"P56_batch2","IC",0.333333333333333
3900,"P56_batch2","CNT",0.866666666666667
3901,"P56_batch2","PT",0.533333333333333
3902,"P56_batch2","LOH",0.566666666666667
3903,"P56_batch2","PC",0.5
3904,"P56_batch2","PT",0.4
3905,"P56_batch2","PT",0.633333333333333
3906,"P56_batch2","DCT",0.466666666666667
3907,"P56_batch2","LOH",0.533333333333333
3908,"P56_batch2","immune",0.6
3909,"P56_batch2","PT",0.4
3910,"P56_batch2","Endo",0.633333333333333
3911,"P56_batch2","stroma2",0.8
3912,"P56_batch2","DCT",0.333333333333333
3913,"P56_batch2","Endo",0.666666666666667
3914,"P56_batch2","PT2",0.133333333333333
3915,"P56_batch2","PT2",0.633333333333333
3916,"P56_batch2","PT2",0.333333333333333
3917,"P56_batch2","stroma2",0.5
3918,"P56_batch2","PT",0.433333333333333
3919,"P56_batch2","PT2",0.4
3920,"P56_batch2","Endo",0.733333333333333
3921,"P56_batch2","DCT",0.433333333333333
3922,"P56_batch2","CNT",0.233333333333333
3923,"P56_batch2","IC",0.4
3924,"P56_batch2","PT2",0.133333333333333
3925,"P56_batch2","PT",0.666666666666667
3926,"P56_batch2","PT",0.466666666666667
3927,"P56_batch2","LOH",0.6
3928,"P56_batch2","PT2",0.266666666666667
3929,"P56_batch2","DCT",0.5
3930,"P56_batch2","DCT",0.466666666666667
3931,"P56_batch2","PT",0.566666666666667
3932,"P56_batch2","Endo",0.5
3933,"P56_batch2","PT",0.333333333333333
3934,"P56_batch2","stroma2",0.533333333333333
3935,"P56_batch2","PT",0.333333333333333
3936,"P56_batch2","PT",0.366666666666667
3937,"P56_batch2","PT2",0.466666666666667
3938,"P56_batch2","PT",0.566666666666667
3939,"P56_batch2","Endo",0.733333333333333
3940,"P56_batch2","PT",0.466666666666667
3941,"P56_batch2","PT",0.3
3942,"P56_batch2","PT",0.566666666666667
3943,"P56_batch2","IC",0.4
3944,"P56_batch2","PT",0.6
3945,"P56_batch2","PT2",0.333333333333333
3946,"P56_batch2","stroma2",0.733333333333333
3947,"P56_batch2","LOH",0.333333333333333
3948,"P56_batch2","DCT",0.466666666666667
3949,"P56_batch2","IC",0.4
3950,"P56_batch2","PT",0.433333333333333
3951,"P56_batch2","PC",0.5
3952,"P56_batch2","PT",0.333333333333333
3953,"P56_batch2","DCT",0.7
3954,"P56_batch2","CNT",0.533333333333333
3955,"P56_batch2","DCT",0.466666666666667
3956,"P56_batch2","DCT",0.533333333333333
3957,"P56_batch2","stroma1",0.533333333333333
3958,"P56_batch2","PC",0.466666666666667
3959,"P56_batch2","Endo",0.666666666666667
3960,"P56_batch2","DCT",0.466666666666667
3961,"P56_batch2","LOH",0.5
3962,"P56_batch2","PT2",0.233333333333333
3963,"P56_batch2","Endo",0.7
3964,"P56_batch2","PT",0.666666666666667
3965,"P56_batch2","PT",0.7
3966,"P56_batch2","PT2",0.366666666666667
3967,"P56_batch2","PT",0.633333333333333
3968,"P56_batch2","PT",0.466666666666667
3969,"P56_batch2","PT2",0.233333333333333
3970,"P56_batch2","PT_out",0.666666666666667
3971,"P56_batch2","CNT",0.366666666666667
3972,"P56_batch2","PC",0.466666666666667
3973,"P56_batch2","LOH",0.433333333333333
3974,"P56_batch2","PT",0.366666666666667
3975,"P56_batch2","LOH",0.5
3976,"P56_batch2","NP",0.366666666666667
3977,"P56_batch2","PC",0.2
3978,"P56_batch2","stroma2",0.633333333333333
3979,"P56_batch2","LOH",0.533333333333333
3980,"P56_batch2","DCT",0.5
3981,"P56_batch2","LOH",0.533333333333333
3982,"P56_batch2","PT",0.433333333333333
3983,"P56_batch2","PT2",0.3
3984,"P56_batch2","Endo",0.566666666666667
3985,"P56_batch2","LOH",0.366666666666667
3986,"P56_batch2","stroma2",0.566666666666667
3987,"P56_batch2","PT",0.5
3988,"P56_batch2","PC",0.7
3989,"P56_batch2","PT2",0.433333333333333
3990,"P56_batch2","stroma2",0.466666666666667
3991,"P56_batch2","PT",0.8
3992,"P56_batch2","LOH",0.533333333333333
3993,"P56_batch2","CNT",0.333333333333333
3994,"P56_batch2","LOH",0.566666666666667
3995,"P56_batch2","PT",0.4
3996,"P56_batch2","LOH",0.566666666666667
3997,"P56_batch2","DCT",0.333333333333333
3998,"P56_batch2","IC",0.733333333333333
3999,"P56_batch2","PT",0.233333333333333
4000,"P56_batch2","stroma2",0.733333333333333
4001,"P56_batch2","stroma2",0.433333333333333
4002,"P56_batch2","PC",0.333333333333333
4003,"P56_batch2","PT",0.2
4004,"P56_batch2","PC",0.566666666666667
4005,"P56_batch2","stroma2",0.733333333333333
4006,"P56_batch2","PT2",0.233333333333333
4007,"P56_batch2","PT2",0.4
4008,"P56_batch2","stroma2",0.4
4009,"P56_batch2","PT",0.733333333333333
4010,"P56_batch2","IC",0.533333333333333
4011,"P56_batch2","stroma2",0.7
4012,"P56_batch2","stroma1",0.433333333333333
4013,"P56_batch2","PT",0.266666666666667
4014,"P56_batch2","PT",0.466666666666667
4015,"P56_batch2","PT",0.2
4016,"P56_batch2","PT",0.6
4017,"P56_batch2","PT",0.266666666666667
4018,"P56_batch2","PT2",0.3
4019,"P56_batch2","PC",0.2
4020,"P56_batch2","PT2",0.266666666666667
4021,"P56_batch2","PT",0.633333333333333
4022,"P56_batch2","PT",0.666666666666667
4023,"P56_batch2","PT2",0.533333333333333
4024,"P56_batch2","PT",0.3
4025,"P56_batch2","PT",0.466666666666667
4026,"P56_batch2","LOH",0.6
4027,"P56_batch2","stroma2",0.666666666666667
4028,"P56_batch2","PT2",0.333333333333333
4029,"P56_batch2","PT",0.633333333333333
4030,"P56_batch2","DCT",0.266666666666667
4031,"P56_batch2","PT",0.533333333333333
4032,"P56_batch2","PT",0.633333333333333
4033,"P56_batch2","PT",0.766666666666667
4034,"P56_batch2","PT2",0.3
4035,"P56_batch2","PT2",0.666666666666667
4036,"P56_batch2","PT",0.533333333333333
4037,"P56_batch2","Endo",0.533333333333333
4038,"P56_batch2","stroma2",0.533333333333333
4039,"P56_batch2","LOH",0.433333333333333
4040,"P56_batch2","PT",0.633333333333333
4041,"P56_batch2","Endo",0.566666666666667
4042,"P56_batch2","LOH",0.6
4043,"P56_batch2","Endo",0.666666666666667
4044,"P56_batch2","stroma2",0.533333333333333
4045,"P56_batch2","PT2",0.3
4046,"P56_batch2","Endo",0.666666666666667
4047,"P56_batch2","Podo",0.833333333333333
4048,"P56_batch2","LOH",0.433333333333333
4049,"P56_batch2","stroma2",0.5
4050,"P56_batch2","stroma2",0.766666666666667
4051,"P56_batch2","Endo",0.566666666666667
4052,"P56_batch2","PT",0.5
4053,"P56_batch2","LOH",0.433333333333333
4054,"P56_batch2","LOH",0.466666666666667
4055,"P56_batch2","DCT",0.433333333333333
4056,"P56_batch2","PT2",0.2
4057,"P56_batch2","PT",0.666666666666667
4058,"P56_batch2","Endo",0.533333333333333
4059,"P56_batch2","PT",0.566666666666667
4060,"P56_batch2","PT",0.7
4061,"P56_batch2","DCT",0.366666666666667
4062,"P56_batch2","LOH",0.466666666666667
4063,"P56_batch2","stroma2",0.4
4064,"P56_batch2","PT",0.4
4065,"P56_batch2","LOH",0.4
4066,"P56_batch2","PT_out",0.166666666666667
4067,"P56_batch2","DCT",0.466666666666667
4068,"P56_batch2","PT2",0.4
4069,"P56_batch2","PT2",0.4
4070,"P56_batch2","PT2",0.6
4071,"P56_batch2","PT",0.566666666666667
4072,"P56_batch2","DCT",0.466666666666667
4073,"P56_batch2","NP",0.366666666666667
4074,"P56_batch2","PT",0.633333333333333
4075,"P56_batch2","LOH",0.566666666666667
4076,"P56_batch2","PT",0.433333333333333
4077,"P56_batch2","CNT",0.433333333333333
4078,"P56_batch2","PT",0.233333333333333
4079,"P56_batch2","LOH",0.466666666666667
4080,"P56_batch2","PT",0.433333333333333
4081,"P56_batch2","PT",0.4
4082,"P56_batch2","LOH",0.6
4083,"P56_batch2","DCT",0.5
4084,"P56_batch2","stroma2",0.566666666666667
4085,"P56_batch2","PC",0.4
4086,"P56_batch2","PT",0.466666666666667
4087,"P56_batch2","PT_out",0.533333333333333
4088,"P56_batch2","PT",0.5
4089,"P56_batch2","DCT",0.333333333333333
4090,"P56_batch2","PT",0.3
4091,"P56_batch2","PT2",0.166666666666667
4092,"P56_batch2","PT2",0.666666666666667
4093,"P56_batch2","PT",0.433333333333333
4094,"P56_batch2","PT",0.466666666666667
4095,"P56_batch2","LOH",0.566666666666667
4096,"P56_batch2","PT",0.7
4097,"P56_batch2","immune",0.533333333333333
4098,"P56_batch2","PT_out",0.333333333333333
4099,"P56_batch2","PT",0.566666666666667
4100,"P56_batch2","stroma1",0.6
4101,"P56_batch2","PT",0.633333333333333
4102,"P56_batch2","PT",0.4
4103,"P56_batch2","PC",0.5
4104,"P56_batch2","CNT",0.6
4105,"P56_batch2","DCT",0.5
4106,"P56_batch2","NP",0.6
4107,"P56_batch2","PT",0.633333333333333
4108,"P56_batch2","Endo",0.833333333333333
4109,"P56_batch2","PT",0.366666666666667
4110,"P56_batch2","CNT",0.5
4111,"P56_batch2","stroma2",0.5
4112,"P56_batch2","PC",0.3
4113,"P56_batch2","PT",0.533333333333333
4114,"P56_batch2","stroma2",0.5
4115,"P56_batch2","PT",0.533333333333333
4116,"P56_batch2","PT2",0.3
4117,"P56_batch2","PT",0.433333333333333
4118,"P56_batch2","PT",0.533333333333333
4119,"P56_batch2","PT",0.7
4120,"P56_batch2","PT",0.466666666666667
4121,"P56_batch2","DCT",0.5
4122,"P56_batch2","PT",0.433333333333333
4123,"P56_batch2","PT",0.4
4124,"P56_batch2","Endo",0.366666666666667
4125,"P56_batch2","PT2",0.3
4126,"P56_batch2","PT",0.5
4127,"P56_batch2","PT",0.466666666666667
4128,"P56_batch2","DCT",0.533333333333333
4129,"P56_batch2","LOH",0.533333333333333
4130,"P56_batch2","Endo",0.4
4131,"P56_batch2","PT2",0.166666666666667
4132,"P56_batch2","PT",0.4
4133,"P56_batch2","LOH",0.566666666666667
4134,"P56_batch2","Endo",0.633333333333333
4135,"P56_batch2","PT",0.4
4136,"P56_batch2","IC",0.3
4137,"P56_batch2","PT2",0.666666666666667
4138,"P56_batch2","PT",0.6
4139,"P56_batch2","LOH",0.5
4140,"P56_batch2","PC",0.433333333333333
4141,"P56_batch2","Endo",0.6
4142,"P56_batch2","immune",0.333333333333333
4143,"P56_batch2","CNT",0.133333333333333
4144,"P56_batch2","LOH",0.6
4145,"P56_batch2","LOH",0.666666666666667
4146,"P56_batch2","PC",0.466666666666667
4147,"P56_batch2","LOH",0.5
4148,"P56_batch2","PT",0.7
4149,"P56_batch2","PT",0.633333333333333
4150,"P56_batch2","PT2",0.2
4151,"P56_batch2","PT",0.333333333333333
4152,"P56_batch2","PT",0.666666666666667
4153,"P56_batch2","IC",0.533333333333333
4154,"P56_batch2","IC",0.5
4155,"P56_batch2","PT",0.733333333333333
4156,"P56_batch2","immune",0.233333333333333
4157,"P56_batch2","Endo",0.766666666666667
4158,"P56_batch2","DCT",0.3
4159,"P56_batch2","DCT",0.4
4160,"P56_batch2","LOH",0.533333333333333
4161,"P56_batch2","Endo",0.466666666666667
4162,"P56_batch2","PT",0.6
4163,"P56_batch2","stroma2",0.5
4164,"P56_batch2","PT",0.533333333333333
4165,"P56_batch2","stroma2",0.5
4166,"P56_batch2","PT",0.466666666666667
4167,"P56_batch2","PT",0.366666666666667
4168,"P56_batch2","PT_out",0.233333333333333
4169,"P56_batch2","PT2",0.233333333333333
4170,"P56_batch2","Endo",0.566666666666667
4171,"P56_batch2","PT",0.433333333333333
4172,"P56_batch2","PT",0.333333333333333
4173,"P56_batch2","Endo",0.533333333333333
4174,"P56_batch2","PT",0.466666666666667
4175,"P56_batch2","PT",0.433333333333333
4176,"P56_batch2","IC",0.2
4177,"P56_batch2","LOH",0.433333333333333
4178,"P56_batch2","NP_LOH",0.266666666666667
4179,"P56_batch2","LOH",0.6
4180,"P56_batch2","PT",0.466666666666667
4181,"P56_batch2","PT2",0.633333333333333
4182,"P56_batch2","PT2",0.3
4183,"P56_batch2","PT",0.433333333333333
4184,"P56_batch2","CNT",0.8
4185,"P56_batch2","PT2",0.3
4186,"P56_batch2","LOH",0.533333333333333
4187,"P56_batch2","PT",0.433333333333333
4188,"P56_batch2","PT",0.5
4189,"P56_batch2","Endo",0.533333333333333
4190,"P56_batch2","PT",0.533333333333333
4191,"P56_batch2","PT",0.566666666666667
4192,"P56_batch2","LOH",0.666666666666667
4193,"P56_batch2","PC",0.466666666666667
4194,"P56_batch2","PT2",0.366666666666667
4195,"P56_batch2","LOH",0.533333333333333
4196,"P56_batch2","LOH",0.633333333333333
4197,"P56_batch2","stroma2",0.566666666666667
4198,"P56_batch2","stroma2",0.8
4199,"P56_batch2","PT2",0.3
4200,"P56_batch2","DCT",0.533333333333333
4201,"P56_batch2","PT",0.633333333333333
4202,"P56_batch2","immune",0.266666666666667
4203,"P56_batch2","PC",0.666666666666667
4204,"P56_batch2","PC",0.866666666666667
4205,"P56_batch2","PT",0.5
4206,"P56_batch2","CNT",0.7
4207,"P56_batch2","Endo",0.6
4208,"P56_batch2","PT",0.633333333333333
4209,"P56_batch2","PT",0.333333333333333
4210,"P56_batch2","LOH",0.5
4211,"P56_batch2","PT",0.533333333333333
4212,"P56_batch2","PT",0.4
4213,"P56_batch2","PT",0.333333333333333
4214,"P56_batch2","PT",0.433333333333333
4215,"P56_batch2","PT",0.633333333333333
4216,"P56_batch2","PT",0.3
4217,"P56_batch2","LOH",0.566666666666667
4218,"P56_batch2","LOH",0.6
4219,"P56_batch2","PT",0.633333333333333
4220,"P56_batch2","PT2",0.4
4221,"P56_batch2","PT",0.7
4222,"P56_batch2","PT2",0.166666666666667
4223,"P56_batch2","stroma1",0.5
4224,"P56_batch2","PT",0.366666666666667
4225,"P56_batch2","PT2",0.133333333333333
4226,"P56_batch2","PT",0.466666666666667
4227,"P56_batch2","PT2",0.3
4228,"P56_batch2","PT",0.233333333333333
4229,"P56_batch2","PT",0.4
4230,"P56_batch2","DCT",0.433333333333333
4231,"P56_batch2","PT",0.6
4232,"P56_batch2","PT2",0.4
4233,"P56_batch2","LOH",0.533333333333333
4234,"P56_batch2","PT",0.333333333333333
4235,"P56_batch2","LOH",0.466666666666667
4236,"P56_batch2","PT",0.633333333333333
4237,"P56_batch2","PT",0.466666666666667
4238,"P56_batch2","stroma2",0.4
4239,"P56_batch2","PT",0.366666666666667
4240,"P56_batch2","PT",0.666666666666667
4241,"P56_batch2","PT2",0.466666666666667
4242,"P56_batch2","CNT",0.566666666666667
4243,"P56_batch2","LOH",0.433333333333333
4244,"P56_batch2","PT2",0.7
4245,"P56_batch2","PT",0.466666666666667
4246,"P56_batch2","LOH",0.266666666666667
4247,"P56_batch2","PT",0.466666666666667
4248,"P56_batch2","PT",0.566666666666667
4249,"P56_batch2","LOH",0.566666666666667
4250,"P56_batch2","PT",0.566666666666667
4251,"P56_batch2","PT",0.666666666666667
4252,"P56_batch2","LOH",0.5
4253,"P56_batch2","PT",0.633333333333333
4254,"P56_batch2","Endo",0.666666666666667
4255,"P56_batch2","DCT",0.233333333333333
4256,"P56_batch2","LOH",0.433333333333333
4257,"P56_batch2","CNT",0.566666666666667
4258,"P56_batch2","PT",0.433333333333333
4259,"P56_batch2","stroma1",0.466666666666667
4260,"P56_batch2","LOH",0.3
4261,"P56_batch2","PT2",0.333333333333333
4262,"P56_batch2","PT",0.766666666666667
4263,"P56_batch2","PC",0.866666666666667
4264,"P56_batch2","CNT",0.2
4265,"P56_batch2","LOH",0.6
4266,"P56_batch2","PT",0.666666666666667
4267,"P56_batch2","DCT",0.5
4268,"P56_batch2","stroma1",0.2
4269,"P56_batch2","PT",0.566666666666667
4270,"P56_batch2","PT",0.433333333333333
4271,"P56_batch2","PT",0.366666666666667
4272,"P56_batch2","PT",0.5
4273,"P56_batch2","PC",0.6
4274,"P56_batch2","PT",0.566666666666667
4275,"P56_batch2","PT2",0.266666666666667
4276,"P56_batch2","CNT",0.233333333333333
4277,"P56_batch2","LOH",0.633333333333333
4278,"P56_batch2","IC",0.4
4279,"P56_batch2","CNT",0.633333333333333
4280,"P56_batch2","stroma2",0.566666666666667
4281,"P56_batch2","PT",0.266666666666667
4282,"P56_batch2","Endo",0.533333333333333
4283,"P56_batch2","PT2",0.633333333333333
4284,"P56_batch2","PT",0.4
4285,"P56_batch2","Endo",0.6
4286,"P56_batch2","PT",0.366666666666667
4287,"P56_batch2","stroma2",0.366666666666667
4288,"P56_batch2","PT",0.533333333333333
4289,"P56_batch2","PT",0.233333333333333
4290,"P56_batch2","PC",0.5
4291,"P56_batch2","DCT",0.266666666666667
4292,"P56_batch2","PT",0.433333333333333
4293,"P56_batch2","PT",0.333333333333333
4294,"P56_batch2","stroma2",0.533333333333333
4295,"P56_batch2","LOH",0.433333333333333
4296,"P56_batch2","PT",0.533333333333333
4297,"P56_batch2","PT",0.366666666666667
4298,"P56_batch2","PT",0.533333333333333
4299,"P56_batch2","stroma2",0.366666666666667
4300,"P56_batch2","IC",0.733333333333333
4301,"P56_batch2","CNT",0.3
4302,"P56_batch2","LOH",0.566666666666667
4303,"P56_batch2","DCT",0.233333333333333
4304,"P56_batch2","PT2",0.266666666666667
4305,"P56_batch2","LOH",0.633333333333333
4306,"P56_batch2","PC",0.666666666666667
4307,"P56_batch2","PT",0.433333333333333
4308,"P56_batch2","DCT",0.466666666666667
4309,"P56_batch2","Endo",0.666666666666667
4310,"P56_batch2","PT",0.366666666666667
4311,"P56_batch2","PT",0.466666666666667
4312,"P56_batch2","PT",0.4
4313,"P56_batch2","LOH",0.5
4314,"P56_batch2","DCT",0.566666666666667
4315,"P56_batch2","PT2",0.333333333333333
4316,"P56_batch2","PT",0.4
4317,"P56_batch2","LOH",0.566666666666667
4318,"P56_batch2","PT",0.366666666666667
4319,"P56_batch2","PT_out",0.5
4320,"P56_batch2","PT",0.7
4321,"P56_batch2","Endo",0.6
4322,"P56_batch2","PT2",0.533333333333333
4323,"P56_batch2","Endo",0.766666666666667
4324,"P56_batch2","PT2",0.333333333333333
4325,"P56_batch2","Endo",0.766666666666667
4326,"P56_batch2","PT2",0.2
4327,"P56_batch2","PT",0.533333333333333
4328,"P56_batch2","IC",0.433333333333333
4329,"P56_batch2","PT",0.6
4330,"P56_batch2","PT",0.2
4331,"P56_batch2","PT",0.4
4332,"P56_batch2","PT",0.533333333333333
4333,"P56_batch2","PT",0.566666666666667
4334,"P56_batch2","LOH",0.633333333333333
4335,"P56_batch2","PT",0.433333333333333
4336,"P56_batch2","PT",0.533333333333333
4337,"P56_batch2","PT",0.7
4338,"P56_batch2","stroma2",0.6
4339,"P56_batch2","CNT",0.666666666666667
4340,"P56_batch2","DCT",0.366666666666667
4341,"P56_batch2","PC",0.466666666666667
4342,"P56_batch2","PT",0.566666666666667
4343,"P56_batch2","Endo",0.466666666666667
4344,"P56_batch2","LOH",0.7
4345,"P56_batch2","immune",0.3
4346,"P56_batch2","PT",0.433333333333333
4347,"P56_batch2","LOH",0.6
4348,"P56_batch2","IC",0.433333333333333
4349,"P56_batch2","PT2",0.533333333333333
4350,"P56_batch2","PT2",0.2
4351,"P56_batch2","PT",0.433333333333333
4352,"P56_batch2","PT",0.566666666666667
4353,"P56_batch2","PT",0.4
4354,"P56_batch2","PT2",0.633333333333333
4355,"P56_batch2","PT",0.466666666666667
4356,"P56_batch2","PC",0.466666666666667
4357,"P56_batch2","LOH",0.466666666666667
4358,"P56_batch2","PT",0.4
4359,"P56_batch2","PT2",0.166666666666667
4360,"P56_batch2","PT",0.666666666666667
4361,"P56_batch2","PT",0.6
4362,"P56_batch2","DCT",0.466666666666667
4363,"P56_batch2","LOH",0.533333333333333
4364,"P56_batch2","stroma2",0.5
4365,"P56_batch2","LOH",0.466666666666667
4366,"P56_batch2","PT",0.466666666666667
4367,"P56_batch2","IC",0.466666666666667
4368,"P56_batch2","PT2",0.6
4369,"P56_batch2","stroma1",0.266666666666667
4370,"P56_batch2","LOH",0.333333333333333
4371,"P56_batch2","DCT",0.5
4372,"P56_batch2","PT2",0.533333333333333
4373,"P56_batch2","PT2",0.166666666666667
4374,"P56_batch2","PC",0.533333333333333
4375,"P56_batch2","CNT",0.366666666666667
4376,"P56_batch2","NP",0.433333333333333
4377,"P56_batch2","PT",0.6
4378,"P56_batch2","PT",0.533333333333333
4379,"P56_batch2","DCT",0.466666666666667
4380,"P56_batch2","PT",0.5
4381,"P56_batch2","Endo",0.666666666666667
4382,"P56_batch2","PT2",0.533333333333333
4383,"P56_batch2","PT",0.633333333333333
4384,"P56_batch2","PT2",0.766666666666667
4385,"P56_batch2","PT",0.166666666666667
4386,"P56_batch2","DCT",0.433333333333333
4387,"P56_batch2","NP",0.9
4388,"P56_batch2","PT",0.466666666666667
4389,"P56_batch2","PT",0.533333333333333
4390,"P56_batch2","PT",0.333333333333333
4391,"P56_batch2","LOH",0.633333333333333
4392,"P56_batch2","PT",0.433333333333333
4393,"P56_batch2","PT",0.3
4394,"P56_batch2","DCT",0.433333333333333
4395,"P56_batch2","DCT",0.466666666666667
4396,"P56_batch2","PT",0.266666666666667
4397,"P56_batch2","LOH",0.566666666666667
4398,"P56_batch2","PT2",0.133333333333333
4399,"P56_batch2","CNT",0.366666666666667
4400,"P56_batch2","LOH",0.466666666666667
4401,"P56_batch2","PT",0.4
4402,"P56_batch2","LOH",0.6
4403,"P56_batch2","PT",0.4
4404,"P56_batch2","PT_out",0.566666666666667
4405,"P56_batch2","CNT",0.2
4406,"P56_batch2","PT",0.5
4407,"P56_batch2","stroma2",0.6
4408,"P56_batch2","DCT",0.466666666666667
4409,"P56_batch2","LOH",0.633333333333333
4410,"P56_batch2","LOH",0.366666666666667
4411,"P56_batch2","DCT",0.5
4412,"P56_batch2","DCT",0.433333333333333
4413,"P56_batch2","stroma1",0.566666666666667
4414,"P56_batch2","PT_out",0.5
4415,"P56_batch2","LOH",0.433333333333333
4416,"P56_batch2","PT",0.6
4417,"P56_batch2","IC",0.433333333333333
4418,"P56_batch2","PT",0.5
4419,"P56_batch2","PT",0.433333333333333
4420,"P56_batch2","PT2",0.466666666666667
4421,"P56_batch2","Podo",0.6
4422,"P56_batch2","CNT",0.466666666666667
4423,"P56_batch2","Endo",0.766666666666667
4424,"P56_batch2","DCT",0.366666666666667
4425,"P56_batch2","Endo",0.566666666666667
4426,"P56_batch2","DCT",0.266666666666667
4427,"P56_batch2","PT2",0.733333333333333
4428,"P56_batch2","PT",0.366666666666667
4429,"P56_batch2","LOH",0.6
4430,"P56_batch2","PT",0.266666666666667
4431,"P56_batch2","LOH",0.333333333333333
4432,"P56_batch2","PT",0.266666666666667
4433,"P56_batch2","IC",0.866666666666667
4434,"P56_batch2","LOH",0.633333333333333
4435,"P56_batch2","stroma2",0.533333333333333
4436,"P56_batch2","Endo",0.666666666666667
4437,"P56_batch2","PT",0.6
4438,"P56_batch2","DCT",0.366666666666667
4439,"P56_batch2","PT",0.5
4440,"P56_batch2","PT2",0.4
4441,"P56_batch2","PT2",0.433333333333333
4442,"P56_batch2","PT2",0.1
4443,"P56_batch2","PT",0.4
4444,"P56_batch2","IC",0.4
4445,"P56_batch2","CNT",0.5
4446,"P56_batch2","PT",0.333333333333333
4447,"P56_batch2","PT",0.7
4448,"P56_batch2","stroma2",0.466666666666667
4449,"P56_batch2","PT2",0.433333333333333
4450,"P56_batch2","PT",0.6
4451,"P56_batch2","CNT",0.233333333333333
4452,"P56_batch2","stroma1",0.4
4453,"P56_batch2","Endo",0.7
4454,"P56_batch2","PT",0.533333333333333
4455,"P56_batch2","PT",0.633333333333333
4456,"P56_batch2","DCT",0.6
4457,"P56_batch2","PT",0.166666666666667
4458,"P56_batch2","PT2",0.366666666666667
4459,"P56_batch2","PT2",0.4
4460,"P56_batch2","stroma2",0.9
4461,"P56_batch2","DCT",0.333333333333333
4462,"P56_batch2","Endo",0.8
4463,"P56_batch2","PT2",0.466666666666667
4464,"P56_batch2","LOH",0.2
4465,"P56_batch2","PT",0.533333333333333
4466,"P56_batch2","PT2",0.433333333333333
4467,"P56_batch2","PT",0.5
4468,"P56_batch2","IC",0.533333333333333
4469,"P56_batch2","immune",0.233333333333333
4470,"P56_batch2","PT",0.433333333333333
4471,"P56_batch2","DCT",0.4
4472,"P56_batch2","PT",0.366666666666667
4473,"P56_batch2","PT",0.3
4474,"P56_batch2","LOH",0.566666666666667
4475,"P56_batch2","stroma2",0.6
4476,"P56_batch2","LOH",0.733333333333333
4477,"P56_batch2","CNT",0.533333333333333
4478,"P56_batch2","PT",0.366666666666667
4479,"P56_batch2","LOH",0.666666666666667
4480,"P56_batch2","PT2",0.633333333333333
4481,"P56_batch2","PT2",0.1
4482,"P56_batch2","LOH",0.633333333333333
4483,"P56_batch2","PT",0.433333333333333
4484,"P56_batch2","LOH",0.6
4485,"P56_batch2","DCT",0.433333333333333
4486,"P56_batch2","NP",0.733333333333333
4487,"P56_batch2","PT2",0.533333333333333
4488,"P56_batch2","PT2",0.433333333333333
4489,"P56_batch2","PT",0.533333333333333
4490,"P56_batch2","PT",0.466666666666667
4491,"P56_batch2","NP_LOH",0.766666666666667
4492,"P56_batch2","PT",0.533333333333333
4493,"P56_batch2","Endo",0.466666666666667
4494,"P56_batch2","PT",0.666666666666667
4495,"P56_batch2","DCT",0.233333333333333
4496,"P56_batch2","LOH",0.433333333333333
4497,"P56_batch2","PC",0.566666666666667
4498,"P56_batch2","LOH",0.5
4499,"P56_batch2","PT",0.433333333333333
4500,"P56_batch2","Endo",0.466666666666667
4501,"P56_batch2","LOH",0.4
4502,"P56_batch2","PT",0.766666666666667
4503,"P56_batch2","PT",0.633333333333333
4504,"P56_batch2","PT",0.533333333333333
4505,"P56_batch2","PT",0.633333333333333
4506,"P56_batch2","PT2",0.466666666666667
4507,"P56_batch2","Endo",0.666666666666667
4508,"P56_batch2","PC",0.466666666666667
4509,"P56_batch2","PT",0.7
4510,"P56_batch2","PT",0.3
4511,"P56_batch2","LOH",0.466666666666667
4512,"P56_batch2","PT",0.366666666666667
4513,"P56_batch2","LOH",0.466666666666667
4514,"P56_batch2","stroma2",0.9
4515,"P56_batch2","PT",0.633333333333333
4516,"P56_batch2","PT",0.4
4517,"P56_batch2","PT",0.533333333333333
4518,"P56_batch2","PT2",0.0666666666666667
4519,"P56_batch2","stroma2",0.566666666666667
4520,"P56_batch2","LOH",0.766666666666667
4521,"P56_batch2","Endo",0.533333333333333
4522,"P56_batch2","PT2",0.466666666666667
4523,"P56_batch2","LOH",0.566666666666667
4524,"P56_batch2","stroma2",0.433333333333333
4525,"P56_batch2","DCT",0.3
4526,"P56_batch2","DCT",0.433333333333333
4527,"P56_batch2","LOH",0.533333333333333
4528,"P56_batch2","LOH",0.666666666666667
4529,"P56_batch2","PT",0.433333333333333
4530,"P56_batch2","PT",0.466666666666667
4531,"P56_batch2","PT2",0.633333333333333
4532,"P56_batch2","LOH",0.466666666666667
4533,"P56_batch2","PT2",0.466666666666667
4534,"P56_batch2","DCT",0.7
4535,"P56_batch2","PT2",0.466666666666667
4536,"P56_batch2","DCT",0.533333333333333
4537,"P56_batch2","Podo",0.466666666666667
4538,"P56_batch2","PT",0.733333333333333
4539,"P56_batch2","Endo",0.5
4540,"P56_batch2","Podo",0.466666666666667
4541,"P56_batch2","PT",0.6
4542,"P56_batch2","PT_out",0.366666666666667
4543,"P56_batch2","PC",0.5
4544,"P56_batch2","LOH",0.6
4545,"P56_batch2","PT",0.433333333333333
4546,"P56_batch2","PT2",0.133333333333333
4547,"P56_batch2","PT",0.566666666666667
4548,"P56_batch2","PT",0.366666666666667
4549,"P56_batch2","PT2",0.466666666666667
4550,"P56_batch2","PC",0.633333333333333
4551,"P56_batch2","stroma1",0.233333333333333
4552,"P56_batch2","PT_out",0.533333333333333
4553,"P56_batch2","PT2",0.366666666666667
4554,"P56_batch2","LOH",0.533333333333333
4555,"P56_batch2","PT",0.766666666666667
4556,"P56_batch2","PT",0.7
4557,"P56_batch2","PT",0.666666666666667
4558,"P56_batch2","PT",0.566666666666667
4559,"P56_batch2","PT2",0.566666666666667
4560,"P56_batch2","Endo",0.4
4561,"P56_batch2","CNT",0.233333333333333
4562,"P56_batch2","PT",0.533333333333333
4563,"P56_batch2","PC",0.366666666666667
4564,"P56_batch2","PT",0.433333333333333
4565,"P56_batch2","PT2",0.566666666666667
4566,"P56_batch2","LOH",0.5
4567,"P56_batch2","PT2",0.533333333333333
4568,"P56_batch2","PT_out",0.333333333333333
4569,"P56_batch2","PT",0.533333333333333
4570,"P56_batch2","Endo",0.466666666666667
4571,"P56_batch2","Endo",0.733333333333333
4572,"P56_batch2","PT",0.5
4573,"P56_batch2","PT2",0.133333333333333
4574,"P56_batch2","PT",0.366666666666667
4575,"P56_batch2","stroma2",0.633333333333333
4576,"P56_batch2","LOH",0.566666666666667
4577,"P56_batch2","NP",0.5
4578,"P56_batch2","PT",0.533333333333333
4579,"P56_batch2","LOH",0.566666666666667
4580,"P56_batch2","LOH",0.7
4581,"P56_batch2","LOH",0.433333333333333
4582,"P56_batch2","PT2",0.233333333333333
4583,"P56_batch2","PT",0.433333333333333
4584,"P56_batch2","PT2",0.7
4585,"P56_batch2","PT",0.333333333333333
4586,"P56_batch2","PT",0.433333333333333
4587,"P56_batch2","PT",0.433333333333333
4588,"P56_batch2","Endo",0.433333333333333
4589,"P56_batch2","PC",0.733333333333333
4590,"P56_batch2","PT",0.4
4591,"P56_batch2","PT2",0.666666666666667
4592,"P56_batch2","PT2",0.533333333333333
4593,"P56_batch2","stroma2",0.5
4594,"P56_batch2","PT",0.366666666666667
4595,"P56_batch2","PC",0.866666666666667
4596,"P56_batch2","PT",0.4
4597,"P56_batch2","PT",0.6
4598,"P56_batch2","PT",0.366666666666667
4599,"P56_batch2","stroma1",0.7
4600,"P56_batch2","PT2",0.233333333333333
4601,"P56_batch2","PT",0.333333333333333
4602,"P56_batch2","PT",0.633333333333333
4603,"P56_batch2","PC",0.5
4604,"P56_batch2","PT2",0.8
4605,"P56_batch2","DCT",0.466666666666667
4606,"P56_batch2","PT",0.5
4607,"P56_batch2","stroma2",0.7
4608,"P56_batch2","PT",0.7
4609,"P56_batch2","stroma2",0.466666666666667
4610,"P56_batch2","LOH",0.5
4611,"P56_batch2","CNT",0.566666666666667
4612,"P56_batch2","IC",0.566666666666667
4613,"P56_batch2","IC",0.533333333333333
4614,"P56_batch2","PT",0.633333333333333
4615,"P56_batch2","Endo",0.566666666666667
4616,"P56_batch2","PT",0.466666666666667
4617,"P56_batch2","PT_out",0.333333333333333
4618,"P56_batch2","LOH",0.266666666666667
4619,"P56_batch2","PT2",0.4
4620,"P56_batch2","stroma2",0.566666666666667
4621,"P56_batch2","stroma2",0.6
4622,"P56_batch2","PT",0.3
4623,"P56_batch2","PT2",0.5
4624,"P56_batch2","CNT",0.466666666666667
4625,"P56_batch2","NP_LOH",0.9
4626,"P56_batch2","PT",0.6
4627,"P56_batch2","PT",0.466666666666667
4628,"P56_batch2","stroma2",0.566666666666667
4629,"P56_batch2","Endo",0.433333333333333
4630,"P56_batch2","PT",0.233333333333333
4631,"P56_batch2","PC",0.533333333333333
4632,"P56_batch2","PT",0.4
4633,"P56_batch2","CNT",0.6
4634,"P56_batch2","PT2",0.166666666666667
4635,"P56_batch2","PT2",0.666666666666667
4636,"P56_batch2","Endo",0.566666666666667
4637,"P56_batch2","PT",0.533333333333333
4638,"P56_batch2","PT",0.533333333333333
4639,"P56_batch2","PT",0.333333333333333
4640,"P56_batch2","PC",0.333333333333333
4641,"P56_batch2","PT",0.366666666666667
4642,"P56_batch2","PT",0.566666666666667
4643,"P56_batch2","PT",0.233333333333333
4644,"P56_batch2","PT",0.5
4645,"P56_batch2","PT",0.533333333333333
4646,"P56_batch2","LOH",0.5
4647,"P56_batch2","CNT",0.266666666666667
4648,"P56_batch2","PT2",0.466666666666667
4649,"P56_batch2","PT2",0.3
4650,"P56_batch2","PT",0.666666666666667
4651,"P56_batch2","PT",0.533333333333333
4652,"P56_batch2","Endo",0.733333333333333
4653,"P56_batch2","PT2",0.366666666666667
4654,"P56_batch2","PT",0.233333333333333
4655,"P56_batch2","Endo",0.5
4656,"P56_batch2","PT2",0.233333333333333
4657,"P56_batch2","PC",0.466666666666667
4658,"P56_batch2","PC",0.633333333333333
4659,"P56_batch2","PT",0.533333333333333
4660,"P56_batch2","PT",0.566666666666667
4661,"P56_batch2","PT2",0.2
4662,"P56_batch2","stroma2",0.333333333333333
4663,"P56_batch2","PT",0.3
4664,"P56_batch2","PT",0.5
4665,"P56_batch2","PT2",0.133333333333333
4666,"P56_batch2","PT",0.4
4667,"P56_batch2","PT",0.666666666666667
4668,"P56_batch2","PT",0.666666666666667
4669,"P56_batch2","Endo",0.566666666666667
4670,"P56_batch2","PT2",0.3
4671,"P56_batch2","Endo",0.533333333333333
4672,"P56_batch2","PT",0.533333333333333
4673,"P56_batch2","LOH",0.7
4674,"P56_batch2","PT",0.466666666666667
4675,"P56_batch2","PT2",0.5
4676,"P56_batch2","DCT",0.2
4677,"P56_batch2","stroma2",0.6
4678,"P56_batch2","PT_out",0.633333333333333
4679,"P56_batch2","PT",0.4
4680,"P56_batch2","PT",0.433333333333333
4681,"P56_batch2","LOH",0.5
4682,"P56_batch2","PT",0.466666666666667
4683,"P56_batch2","PT",0.7
4684,"P56_batch2","DCT",0.233333333333333
4685,"P56_batch2","PT",0.666666666666667
4686,"P56_batch2","Endo",0.633333333333333
4687,"P56_batch2","PT2",0.333333333333333
4688,"P56_batch2","PT",0.666666666666667
4689,"P56_batch2","PT",0.533333333333333
4690,"P56_batch2","IC",0.766666666666667
4691,"P56_batch2","stroma1",0.666666666666667
4692,"P56_batch2","PT",0.633333333333333
4693,"P56_batch2","PT",0.6
4694,"P56_batch2","PT",0.6
4695,"P56_batch2","stroma2",0.4
4696,"P56_batch2","PT2",0.2
4697,"P56_batch2","PT",0.666666666666667
4698,"P56_batch2","immune",0.2
4699,"P56_batch2","LOH",0.3
4700,"P56_batch2","DCT",0.4
4701,"P56_batch2","PC",0.2
4702,"P56_batch2","Endo",0.7
4703,"P56_batch2","CNT",0.633333333333333
4704,"P56_batch2","LOH",0.666666666666667
4705,"P56_batch2","LOH",0.4
4706,"P56_batch2","PT",0.533333333333333
4707,"P56_batch2","NP",0.366666666666667
4708,"P56_batch2","LOH",0.7
4709,"P56_batch2","PT",0.366666666666667
4710,"P56_batch2","PT",0.433333333333333
4711,"P56_batch2","DCT",0.566666666666667
4712,"P56_batch2","PT2",0.2
4713,"P56_batch2","PT",0.4
4714,"P56_batch2","DCT",0.466666666666667
4715,"P56_batch2","PT2",0.466666666666667
4716,"P56_batch2","LOH",0.6
4717,"P56_batch2","PT",0.433333333333333
4718,"P56_batch2","DCT",0.4
4719,"P56_batch2","IC",0.666666666666667
4720,"P56_batch2","PT2",0.133333333333333
4721,"P56_batch2","PT",0.666666666666667
4722,"P56_batch2","LOH",0.633333333333333
4723,"P56_batch2","Endo",0.566666666666667
4724,"P56_batch2","LOH",0.333333333333333
4725,"P56_batch2","PT",0.566666666666667
4726,"P56_batch2","Endo",0.6
4727,"P56_batch2","PT",0.433333333333333
4728,"P56_batch2","DCT",0.5
4729,"P56_batch2","PT",0.533333333333333
4730,"P56_batch2","PT2",0.333333333333333
4731,"P56_batch2","PT",0.566666666666667
4732,"P56_batch2","Endo",0.466666666666667
4733,"P56_batch2","PT2",0.1
4734,"P56_batch2","PT",0.4
4735,"P56_batch2","PT2",0.2
4736,"P56_batch2","CNT",0.166666666666667
4737,"P56_batch2","LOH",0.666666666666667
4738,"P56_batch2","PC",0.5
4739,"P56_batch2","PT2",0.133333333333333
4740,"P56_batch2","PT2",0.3
4741,"P56_batch2","DCT",0.2
4742,"P56_batch2","Endo",0.633333333333333
4743,"P56_batch2","PT",0.666666666666667
4744,"P56_batch2","PT",0.233333333333333
4745,"P56_batch2","PT",0.3
4746,"P56_batch2","PC",0.5
4747,"P56_batch2","stroma2",0.566666666666667
4748,"P56_batch2","PT2",0.433333333333333
4749,"P56_batch2","PT",0.6
4750,"P56_batch2","PC",0.466666666666667
4751,"P56_batch2","NP_LOH",0.666666666666667
4752,"P56_batch2","PT2",0.366666666666667
4753,"P56_batch2","PT",0.433333333333333
4754,"P56_batch2","PT",0.633333333333333
4755,"P56_batch2","PT",0.433333333333333
4756,"P56_batch2","PT",0.433333333333333
4757,"P56_batch2","PT",0.633333333333333
4758,"P56_batch2","PT",0.433333333333333
4759,"P56_batch2","PT",0.533333333333333
4760,"P56_batch2","LOH",0.3
4761,"P56_batch2","LOH",0.5
4762,"P56_batch2","PT2",0.266666666666667
4763,"P56_batch2","PT",0.7
4764,"P56_batch2","PT",0.366666666666667
4765,"P56_batch2","PT",0.433333333333333
4766,"P56_batch2","PT",0.733333333333333
4767,"P56_batch2","CNT",0.3
4768,"P56_batch2","stroma2",0.566666666666667
4769,"P56_batch2","Endo",0.4
4770,"P56_batch2","PT",0.4
4771,"P56_batch2","PT",0.533333333333333
4772,"P56_batch2","PT",0.433333333333333
4773,"P56_batch2","LOH",0.466666666666667
4774,"P56_batch2","stroma1",0.266666666666667
4775,"P56_batch2","PT",0.533333333333333
4776,"P56_batch2","IC",0.4
4777,"P56_batch2","LOH",0.7
4778,"P56_batch2","PT_out",0.566666666666667
4779,"P56_batch2","DCT",0.5
4780,"P56_batch2","PT2",0.433333333333333
4781,"P56_batch2","PT2",0.533333333333333
4782,"P56_batch2","PT2",0.666666666666667
4783,"P56_batch2","PT",0.566666666666667
4784,"P56_batch2","CNT",0.533333333333333
4785,"P56_batch2","LOH",0.633333333333333
4786,"P56_batch2","PT",0.233333333333333
4787,"P56_batch2","PT2",0.5
4788,"P56_batch2","PC",0.6
4789,"P56_batch2","PT",0.6
4790,"P56_batch2","LOH",0.533333333333333
4791,"P56_batch2","PT",0.266666666666667
4792,"P56_batch2","PT",0.4
4793,"P56_batch2","PT_out",0.166666666666667
4794,"P56_batch2","immune",0.233333333333333
4795,"P56_batch2","stroma2",0.466666666666667
4796,"P56_batch2","LOH",0.433333333333333
4797,"P56_batch2","stroma1",0.433333333333333
4798,"P56_batch2","Endo",0.666666666666667
4799,"P56_batch2","LOH",0.466666666666667
4800,"P56_batch2","PT2",0.366666666666667
4801,"P56_batch2","DCT",0.533333333333333
4802,"P56_batch2","LOH",0.266666666666667
4803,"P56_batch2","PT",0.5
4804,"P56_batch2","PT",0.433333333333333
4805,"P56_batch2","PT",0.533333333333333
4806,"P56_batch2","stroma2",0.433333333333333
4807,"P56_batch2","Endo",0.433333333333333
4808,"P56_batch2","PT",0.633333333333333
4809,"P56_batch2","stroma2",0.366666666666667
4810,"P56_batch2","PT2",0.3
4811,"P56_batch2","LOH",0.7
4812,"P56_batch2","PT",0.4
4813,"P56_batch2","PT",0.633333333333333
4814,"P56_batch2","CNT",0.533333333333333
4815,"P56_batch2","LOH",0.6
4816,"P56_batch2","PT",0.3
4817,"P56_batch2","PT2",0.533333333333333
4818,"P56_batch2","PT",0.533333333333333
4819,"P56_batch2","LOH",0.433333333333333
4820,"P56_batch2","PT2",0.266666666666667
4821,"P56_batch2","PT",0.6
4822,"P56_batch2","LOH",0.666666666666667
4823,"P56_batch2","DCT",0.3
4824,"P56_batch2","PT",0.733333333333333
4825,"P56_batch2","LOH",0.633333333333333
4826,"P56_batch2","PT",0.233333333333333
4827,"P56_batch2","immune",0.466666666666667
4828,"P56_batch2","CNT",0.333333333333333
4829,"P56_batch2","LOH",0.466666666666667
4830,"P56_batch2","DCT",0.5
4831,"P56_batch2","stroma2",0.466666666666667
4832,"P56_batch2","CNT",0.666666666666667
4833,"P56_batch2","PT_out",0.533333333333333
4834,"P56_batch2","NP",0.533333333333333
4835,"P56_batch2","DCT",0.466666666666667
4836,"P56_batch2","Endo",0.566666666666667
4837,"P56_batch2","PT",0.433333333333333
4838,"P56_batch2","PT",0.666666666666667
4839,"P56_batch2","stroma2",0.566666666666667
4840,"P56_batch2","PT",0.466666666666667
4841,"P56_batch2","PT2",0.166666666666667
4842,"P56_batch2","PT",0.5
4843,"P56_batch2","PT2",0.633333333333333
4844,"P56_batch2","PT",0.566666666666667
4845,"P56_batch2","PT",0.4
4846,"P56_batch2","PT",0.433333333333333
4847,"P56_batch2","LOH",0.433333333333333
4848,"P56_batch2","PT",0.4
4849,"P56_batch2","stroma2",0.733333333333333
4850,"P56_batch2","NP_LOH",0.566666666666667
4851,"P56_batch2","DCT",0.533333333333333
4852,"P56_batch2","PT",0.566666666666667
4853,"P56_batch2","LOH",0.433333333333333
4854,"P56_batch2","stroma2",0.8
4855,"P56_batch2","PT",0.433333333333333
4856,"P56_batch2","stroma1",0.466666666666667
4857,"P56_batch2","IC",0.766666666666667
4858,"P56_batch2","PT_out",0.4
4859,"P56_batch2","PT",0.733333333333333
4860,"P56_batch2","CNT",0.466666666666667
4861,"P56_batch2","stroma2",0.366666666666667
4862,"P56_batch2","PT",0.366666666666667
4863,"P56_batch2","Podo",0.466666666666667
4864,"P56_batch2","Endo",0.633333333333333
4865,"P56_batch2","PT",0.566666666666667
4866,"P56_batch2","stroma1",0.333333333333333
4867,"P56_batch2","PT",0.466666666666667
4868,"P56_batch2","immune",0.833333333333333
4869,"P56_batch2","PC",0.633333333333333
4870,"P56_batch2","Podo",0.666666666666667
4871,"P56_batch2","LOH",0.433333333333333
4872,"P56_batch2","PC",0.5
4873,"P56_batch2","PT2",0.2
4874,"P56_batch2","PT2",0.366666666666667
4875,"P56_batch2","PT",0.433333333333333
4876,"P56_batch2","LOH",0.566666666666667
4877,"P56_batch2","LOH",0.433333333333333
4878,"P56_batch2","Endo",0.4
4879,"P56_batch2","PT",0.6
4880,"P56_batch2","LOH",0.2
4881,"P56_batch2","PT",0.633333333333333
4882,"P56_batch2","DCT",0.5
4883,"P56_batch2","PT",0.666666666666667
4884,"P56_batch2","PT2",0.6
4885,"P56_batch2","LOH",0.566666666666667
4886,"P56_batch2","PT",0.666666666666667
4887,"P56_batch2","CNT",0.566666666666667
4888,"P56_batch2","LOH",0.7
4889,"P56_batch2","stroma2",0.8
4890,"P56_batch2","immune",0.633333333333333
4891,"P56_batch2","PC",0.533333333333333
4892,"P56_batch2","PT",0.6
4893,"P56_batch2","PT",0.4
4894,"P56_batch2","IC",0.533333333333333
4895,"P56_batch2","PT",0.5
4896,"P56_batch2","Endo",0.633333333333333
4897,"P56_batch2","PT",0.633333333333333
4898,"P56_batch2","PT2",0.466666666666667
4899,"P56_batch2","PT",0.566666666666667
4900,"P56_batch2","stroma2",0.5
4901,"P56_batch2","DCT",0.3
4902,"P56_batch2","DCT",0.433333333333333
4903,"P56_batch2","stroma2",0.6
4904,"P56_batch2","PT",0.533333333333333
4905,"P56_batch2","LOH",0.533333333333333
4906,"P56_batch2","PT2",0.666666666666667
4907,"P56_batch2","PT",0.633333333333333
4908,"P56_batch2","PT2",0.3
4909,"P56_batch2","PT",0.233333333333333
4910,"P56_batch2","stroma2",0.533333333333333
4911,"P56_batch2","DCT",0.366666666666667
4912,"P56_batch2","PT",0.433333333333333
4913,"P56_batch2","PT",0.566666666666667
4914,"P56_batch2","LOH",0.5
4915,"P56_batch2","PT",0.8
4916,"P56_batch2","LOH",0.7
4917,"P56_batch2","PT2",0.466666666666667
4918,"P56_batch2","stroma2",0.566666666666667
4919,"P56_batch2","IC",0.5
4920,"P56_batch2","CNT",0.566666666666667
4921,"P56_batch2","CNT",0.466666666666667
4922,"P56_batch2","PT_out",0.2
4923,"P56_batch2","CNT",0.333333333333333
4924,"P56_batch2","LOH",0.566666666666667
4925,"P56_batch2","CNT",0.266666666666667
4926,"P56_batch2","DCT",0.5
4927,"P56_batch2","PT",0.6
4928,"P56_batch2","Endo",0.666666666666667
4929,"P56_batch2","PT2",0.433333333333333
4930,"P56_batch2","PT",0.433333333333333
4931,"P56_batch2","PT",0.466666666666667
4932,"P56_batch2","IC",0.4
4933,"P56_batch2","PT",0.233333333333333
4934,"P56_batch2","PT_out",0.466666666666667
4935,"P56_batch2","PT2",0.233333333333333
4936,"P56_batch2","stroma2",0.466666666666667
4937,"P56_batch2","LOH",0.466666666666667
4938,"P56_batch2","Endo",0.666666666666667
4939,"P56_batch2","stroma1",0.7
4940,"P56_batch2","PT",0.166666666666667
4941,"P56_batch2","Podo",0.633333333333333
4942,"P56_batch2","PT",0.166666666666667
4943,"P56_batch2","LOH",0.433333333333333
4944,"P56_batch2","stroma2",0.8
4945,"P56_batch2","NP",0.366666666666667
4946,"P56_batch2","PT",0.266666666666667
4947,"P56_batch2","stroma1",0.4
4948,"P56_batch2","stroma2",0.533333333333333
4949,"P56_batch2","stroma2",0.566666666666667
4950,"P56_batch2","PT",0.4
4951,"P56_batch2","PT",0.633333333333333
4952,"P56_batch2","Podo",0.5
4953,"P56_batch2","NP_LOH",0.7
4954,"P56_batch2","Endo",0.7
4955,"P56_batch2","PT",0.566666666666667
4956,"P56_batch2","PT",0.233333333333333
4957,"P56_batch2","PT",0.4
4958,"P56_batch2","Endo",0.7
4959,"P56_batch2","PT",0.4
4960,"P56_batch2","PT",0.566666666666667
4961,"P56_batch2","LOH",0.366666666666667
4962,"P56_batch2","PT",0.633333333333333
4963,"P56_batch2","LOH",0.566666666666667
4964,"P56_batch2","stroma1",0.5
4965,"P56_batch2","PT",0.433333333333333
4966,"P56_batch2","PT",0.533333333333333
4967,"P56_batch2","PT2",0.666666666666667
4968,"P56_batch2","DCT",0.4
4969,"P56_batch2","PC",0.333333333333333
4970,"P56_batch2","Endo",0.6
4971,"P56_batch2","LOH",0.633333333333333
4972,"P56_batch2","PT",0.5
4973,"P56_batch2","PT",0.3
4974,"P56_batch2","LOH",0.466666666666667
4975,"P56_batch2","Endo",0.333333333333333
4976,"P56_batch2","Endo",0.4
4977,"P56_batch2","immune",0.233333333333333
4978,"P56_batch2","PT",0.4
4979,"P56_batch2","LOH",0.666666666666667
4980,"P56_batch2","PT2",0.266666666666667
4981,"P56_batch2","CNT",0.133333333333333
4982,"P56_batch2","IC",0.433333333333333
4983,"P56_batch2","NP_LOH",0.266666666666667
4984,"P56_batch2","PT",0.666666666666667
4985,"P56_batch2","DCT",0.4
4986,"P56_batch2","Endo",0.633333333333333
4987,"P56_batch2","PT",0.733333333333333
4988,"P56_batch2","LOH",0.6
4989,"P56_batch2","CNT",0.633333333333333
4990,"P56_batch2","IC",0.4
4991,"P56_batch2","PT",0.8
4992,"P56_batch2","Endo",0.566666666666667
4993,"P56_batch2","LOH",0.633333333333333
4994,"P56_batch2","PT",0.6
4995,"P56_batch2","PC",0.2
4996,"P56_batch2","PT",0.266666666666667
4997,"P56_batch2","PT2",0.3
4998,"P56_batch2","stroma2",0.533333333333333
4999,"P56_batch2","PT",0.4
5000,"P56_batch2","PT2",0.533333333333333
5001,"P56_batch2","PT",0.4
5002,"P56_batch2","stroma2",0.533333333333333
5003,"P56_batch2","immune",0.9
5004,"P56_batch2","PT2",0.3
5005,"P56_batch2","PT",0.566666666666667
5006,"P56_batch2","PT2",0.466666666666667
5007,"P56_batch2","PT_out",0.566666666666667
5008,"P56_batch2","PT",0.366666666666667
5009,"P56_batch2","PT",0.466666666666667
5010,"P56_batch2","CNT",0.533333333333333
5011,"P56_batch2","Endo",0.533333333333333
5012,"P56_batch2","PT",0.533333333333333
5013,"P56_batch2","Endo",0.433333333333333
5014,"P56_batch2","PT2",0.266666666666667
5015,"P56_batch2","PT2",0.666666666666667
5016,"P56_batch2","stroma2",0.7
5017,"P56_batch2","Endo",0.666666666666667
5018,"P56_batch2","PT",0.533333333333333
5019,"P56_batch2","PT",0.7
5020,"P56_batch2","stroma2",0.9
5021,"P56_batch2","DCT",0.266666666666667
5022,"P56_batch2","PT",0.366666666666667
5023,"P56_batch2","PT",0.633333333333333
5024,"P56_batch2","PT",0.566666666666667
5025,"P56_batch2","LOH",0.666666666666667
5026,"P56_batch2","PT",0.333333333333333
5027,"P56_batch2","DCT",0.533333333333333
5028,"P56_batch2","PT",0.4
5029,"P56_batch2","Endo",0.433333333333333
5030,"P56_batch2","DCT",0.266666666666667
5031,"P56_batch2","DCT",0.333333333333333
5032,"P56_batch2","Endo",0.633333333333333
5033,"P56_batch2","PT2",0.433333333333333
5034,"P56_batch2","Endo",0.433333333333333
5035,"P56_batch2","PT",0.533333333333333
5036,"P56_batch2","Endo",0.666666666666667
5037,"P56_batch2","Endo",0.666666666666667
5038,"P56_batch2","DCT",0.433333333333333
5039,"P56_batch2","PT",0.366666666666667
5040,"P56_batch2","PT2",0.366666666666667
5041,"P56_batch2","Endo",0.866666666666667
5042,"P56_batch2","PT",0.3
5043,"P56_batch2","LOH",0.566666666666667
5044,"P56_batch2","PT",0.466666666666667
5045,"P56_batch2","stroma1",0.3
5046,"P56_batch2","Endo",0.566666666666667
5047,"P56_batch2","PC",0.233333333333333
5048,"P56_batch2","PC",0.4
5049,"P56_batch2","PT",0.433333333333333
5050,"P56_batch2","stroma2",0.6
5051,"P56_batch2","DCT",0.466666666666667
5052,"P56_batch2","CNT",0.133333333333333
5053,"P56_batch2","LOH",0.466666666666667
5054,"P56_batch2","PC",0.733333333333333
5055,"P56_batch2","NP_LOH",0.5
5056,"P56_batch2","PT2",0.666666666666667
5057,"P56_batch2","stroma2",0.666666666666667
5058,"P56_batch2","Endo",0.366666666666667
5059,"P56_batch2","PT",0.433333333333333
5060,"P56_batch2","PT",0.4
5061,"P56_batch2","PT",0.333333333333333
5062,"P56_batch2","PT2",0.1
5063,"P56_batch2","LOH",0.233333333333333
5064,"P56_batch2","PT_out",0.533333333333333
5065,"P56_batch2","PT",0.6
5066,"P56_batch2","PT",0.533333333333333
5067,"P56_batch2","NP",0.366666666666667
5068,"P56_batch2","PT",0.433333333333333
5069,"P56_batch2","PT",0.3
5070,"P56_batch2","PT2",0.466666666666667
5071,"P56_batch2","DCT",0.3
5072,"P56_batch2","PT",0.5
5073,"P56_batch2","LOH",0.666666666666667
5074,"P56_batch2","PT",0.3
5075,"P56_batch2","PT",0.366666666666667
5076,"P56_batch2","DCT",0.333333333333333
5077,"P56_batch2","PT",0.5
5078,"P56_batch2","stroma2",0.666666666666667
5079,"P56_batch2","LOH",0.4
5080,"P56_batch2","NP_LOH",0.466666666666667
5081,"P56_batch2","LOH",0.5
5082,"P56_batch2","DCT",0.433333333333333
5083,"P56_batch2","LOH",0.333333333333333
5084,"P56_batch2","LOH",0.333333333333333
5085,"P56_batch2","PT2",0.466666666666667
5086,"P56_batch2","LOH",0.533333333333333
5087,"P56_batch2","PT2",0.1
5088,"P56_batch2","CNT",0.533333333333333
5089,"P56_batch2","DCT",0.466666666666667
5090,"P56_batch2","PT",0.533333333333333
5091,"P56_batch2","Endo",0.666666666666667
5092,"P56_batch2","LOH",0.533333333333333
5093,"P56_batch2","IC",0.8
5094,"P56_batch2","CNT",0.166666666666667
5095,"P56_batch2","DCT",0.466666666666667
5096,"P56_batch2","PT",0.433333333333333
5097,"P56_batch2","PT",0.466666666666667
5098,"P56_batch2","LOH",0.566666666666667
5099,"P56_batch2","PT2",0.633333333333333
5100,"P56_batch2","PT_out",0.3
5101,"P56_batch2","stroma2",0.566666666666667
5102,"P56_batch2","PC",0.5
5103,"P56_batch2","PT2",0.5
5104,"P56_batch2","PT",0.6
5105,"P56_batch2","DCT",0.7
5106,"P56_batch2","LOH",0.4
5107,"P56_batch2","PT",0.6
5108,"P56_batch2","DCT",0.233333333333333
5109,"P56_batch2","PT",0.5
5110,"P56_batch2","LOH",0.433333333333333
5111,"P56_batch2","NP_LOH",0.6
5112,"P56_batch2","DCT",0.233333333333333
5113,"P56_batch2","PT",0.466666666666667
5114,"P56_batch2","PT",0.6
5115,"P56_batch2","stroma2",0.666666666666667
5116,"P56_batch2","immune",0.466666666666667
5117,"P56_batch2","LOH",0.6
5118,"P56_batch2","stroma2",0.533333333333333
5119,"P56_batch2","PT",0.266666666666667
5120,"P56_batch2","PT",0.666666666666667
5121,"P56_batch2","PT",0.666666666666667
5122,"P56_batch2","PC",0.333333333333333
5123,"P56_batch2","PT2",0.466666666666667
5124,"P56_batch2","stroma2",0.433333333333333
5125,"P56_batch2","DCT",0.266666666666667
5126,"P56_batch2","LOH",0.633333333333333
5127,"P56_batch2","PT_out",0.3
5128,"P56_batch2","PT",0.3
5129,"P56_batch2","DCT",0.566666666666667
5130,"P56_batch2","DCT",0.466666666666667
5131,"P56_batch2","LOH",0.633333333333333
5132,"P56_batch2","LOH",0.533333333333333
5133,"P56_batch2","LOH",0.466666666666667
5134,"P56_batch2","PT",0.6
5135,"P56_batch2","DCT",0.566666666666667
5136,"P56_batch2","DCT",0.5
5137,"P56_batch2","Endo",0.633333333333333
5138,"P56_batch2","PT",0.633333333333333
5139,"P56_batch2","PT2",0.6
5140,"P56_batch2","PT",0.466666666666667
5141,"P56_batch2","PT",0.266666666666667
5142,"P56_batch2","PT",0.266666666666667
5143,"P56_batch2","CNT",0.6
5144,"P56_batch2","PT",0.233333333333333
5145,"P56_batch2","PT",0.466666666666667
5146,"P56_batch2","PT",0.566666666666667
5147,"P56_batch2","DCT",0.333333333333333
5148,"P56_batch2","PT",0.733333333333333
5149,"P56_batch2","PT",0.4
5150,"P56_batch2","PT",0.666666666666667
5151,"P56_batch2","PT",0.466666666666667
5152,"P56_batch2","LOH",0.466666666666667
5153,"P56_batch2","immune",0.333333333333333
5154,"P56_batch2","PT",0.466666666666667
5155,"P56_batch2","Endo",0.733333333333333
5156,"P56_batch2","LOH",0.6
5157,"P56_batch2","PT_out",0.466666666666667
5158,"P56_batch2","LOH",0.5
5159,"P56_batch2","LOH",0.666666666666667
5160,"P56_batch2","PT",0.666666666666667
5161,"P56_batch2","PT",0.433333333333333
5162,"P56_batch2","NP_LOH",0.266666666666667
5163,"P56_batch2","immune",0.233333333333333
5164,"P56_batch2","IC",0.733333333333333
5165,"P56_batch2","PT",0.4
5166,"P56_batch2","PT",0.4
5167,"P56_batch2","Endo",0.4
5168,"P56_batch2","PT",0.5
5169,"P56_batch2","DCT",0.466666666666667
5170,"P56_batch2","DCT",0.5
5171,"P56_batch2","PC",0.666666666666667
5172,"P56_batch2","Endo",0.733333333333333
5173,"P56_batch2","PT",0.333333333333333
5174,"P56_batch2","LOH",0.466666666666667
5175,"P56_batch2","PT2",0.666666666666667
5176,"P56_batch2","PT2",0.1
5177,"P56_batch2","Endo",0.6
5178,"P56_batch2","PT2",0.4
5179,"P56_batch2","Endo",0.6
5180,"P56_batch2","PT",0.466666666666667
5181,"P56_batch2","LOH",0.566666666666667
5182,"P56_batch2","stroma2",0.7
5183,"P56_batch2","stroma2",0.633333333333333
5184,"P56_batch2","Endo",0.6
5185,"P56_batch2","stroma2",0.8
5186,"P56_batch2","PT",0.166666666666667
5187,"P56_batch2","PT",0.6
5188,"P56_batch2","PT",0.4
5189,"P56_batch2","LOH",0.533333333333333
5190,"P56_batch2","LOH",0.566666666666667
5191,"P56_batch2","LOH",0.233333333333333
5192,"P56_batch2","PT",0.433333333333333
5193,"P56_batch2","PT",0.4
5194,"P56_batch2","PT_out",0.5
5195,"P56_batch2","stroma2",0.833333333333333
5196,"P56_batch2","Endo",0.4
5197,"P56_batch2","IC",0.433333333333333
5198,"P56_batch2","LOH",0.6
5199,"P56_batch2","PT",0.5
5200,"P56_batch2","PT2",0.533333333333333
5201,"P56_batch2","PT",0.4
5202,"P56_batch2","LOH",0.6
5203,"P56_batch2","PT",0.533333333333333
5204,"P56_batch2","PT",0.666666666666667
5205,"P56_batch2","PT",0.433333333333333
5206,"P56_batch2","PT",0.4
5207,"P56_batch2","PT",0.5
5208,"P56_batch2","DCT",0.5
5209,"P56_batch2","Endo",0.366666666666667
5210,"P56_batch2","DCT",0.533333333333333
5211,"P56_batch2","PT",0.766666666666667
5212,"P56_batch2","PT",0.3
5213,"P56_batch2","CNT",0.4
5214,"P56_batch2","LOH",0.6
5215,"P56_batch2","LOH",0.433333333333333
5216,"P56_batch2","PT",0.633333333333333
5217,"P56_batch2","DCT",0.366666666666667
5218,"P56_batch2","PT2",0.366666666666667
5219,"P56_batch2","DCT",0.466666666666667
5220,"P56_batch2","LOH",0.533333333333333
5221,"P56_batch2","PC",0.733333333333333
5222,"P56_batch2","CNT",0.633333333333333
5223,"P56_batch2","CNT",0.633333333333333
5224,"P56_batch2","LOH",0.4
5225,"P56_batch2","PT_out",0.533333333333333
5226,"P56_batch2","DCT",0.266666666666667
5227,"P56_batch2","PT",0.433333333333333
5228,"P56_batch2","Endo",0.5
5229,"P56_batch2","PT",0.466666666666667
5230,"P56_batch2","PT_out",0.266666666666667
5231,"P56_batch2","PT2",0.633333333333333
5232,"P56_batch2","LOH",0.5
5233,"P56_batch2","Endo",0.733333333333333
5234,"P56_batch2","IC",0.666666666666667
5235,"P56_batch2","PT",0.466666666666667
5236,"P56_batch2","Endo",0.533333333333333
5237,"P56_batch2","PT",0.433333333333333
5238,"P56_batch2","PT",0.633333333333333
5239,"P56_batch2","PT",0.633333333333333
5240,"P56_batch2","PT",0.566666666666667
5241,"P56_batch2","PT",0.4
5242,"P56_batch2","PT",0.433333333333333
5243,"P56_batch2","stroma2",0.6
5244,"P56_batch2","Endo",0.9
5245,"P56_batch2","CNT",0.6
5246,"P56_batch2","PC",0.5
5247,"P56_batch2","stroma2",0.6
5248,"P56_batch2","PT",0.433333333333333
5249,"P56_batch2","PT",0.6
5250,"P56_batch2","Endo",0.6
5251,"P56_batch2","PT",0.466666666666667
5252,"P56_batch2","LOH",0.533333333333333
5253,"P56_batch2","Endo",0.566666666666667
5254,"P56_batch2","PT",0.466666666666667
5255,"P56_batch2","PT2",0.333333333333333
5256,"P56_batch2","PT",0.6
5257,"P56_batch2","PT",0.366666666666667
5258,"P56_batch2","PT",0.266666666666667
5259,"P56_batch2","PC",0.566666666666667
5260,"P56_batch2","stroma1",0.733333333333333
5261,"P56_batch2","PT",0.533333333333333
5262,"P56_batch2","LOH",0.5
5263,"P56_batch2","PT",0.4
5264,"P56_batch2","PT",0.766666666666667
5265,"P56_batch2","PT2",0.266666666666667
5266,"P56_batch2","PT2",0.4
5267,"P56_batch2","PT",0.566666666666667
5268,"P56_batch2","LOH",0.433333333333333
5269,"P56_batch2","PT",0.4
5270,"P56_batch2","Endo",0.666666666666667
5271,"P56_batch2","LOH",0.6
5272,"P56_batch2","PC",0.566666666666667
5273,"P56_batch2","Endo",0.733333333333333
5274,"P56_batch2","PT",0.633333333333333
5275,"P56_batch2","Endo",0.433333333333333
5276,"P56_batch2","PT2",0.5
5277,"P56_batch2","NP",0.466666666666667
5278,"P56_batch2","PT",0.666666666666667
5279,"P56_batch2","PC",0.166666666666667
5280,"P56_batch2","stroma2",0.6
5281,"P56_batch2","PT2",0.3
5282,"P56_batch2","PT",0.166666666666667
5283,"P56_batch2","LOH",0.633333333333333
5284,"P56_batch2","LOH",0.633333333333333
5285,"P56_batch2","PT",0.333333333333333
5286,"P56_batch2","Endo",0.666666666666667
5287,"P56_batch2","DCT",0.466666666666667
5288,"P56_batch2","PT2",0.433333333333333
5289,"P56_batch2","PT",0.366666666666667
5290,"P56_batch2","LOH",0.633333333333333
5291,"P56_batch2","PT",0.533333333333333
5292,"P56_batch2","PT2",0.266666666666667
5293,"P56_batch2","PT2",0.366666666666667
5294,"P56_batch2","PT",0.5
5295,"P56_batch2","PT",0.366666666666667
5296,"P56_batch2","CNT",0.3
5297,"P56_batch2","stroma2",0.533333333333333
5298,"P56_batch2","LOH",0.6
5299,"P56_batch2","PC",0.4
5300,"P56_batch2","PT",0.733333333333333
5301,"P56_batch2","PT",0.633333333333333
5302,"P56_batch2","stroma1",0.566666666666667
5303,"P56_batch2","PT2",0.233333333333333
5304,"P56_batch2","stroma2",0.566666666666667
5305,"P56_batch2","PT",0.733333333333333
5306,"P56_batch2","PT",0.7
5307,"P56_batch2","PT2",0.366666666666667
5308,"P56_batch2","PT_out",0.4
5309,"P56_batch2","PT",0.8
5310,"P56_batch2","PC",0.333333333333333
5311,"P56_batch2","PT2",0.3
5312,"P56_batch2","LOH",0.366666666666667
5313,"P56_batch2","stroma1",0.733333333333333
5314,"P56_batch2","Endo",0.733333333333333
5315,"P56_batch2","IC",0.233333333333333
5316,"P56_batch2","PT",0.466666666666667
5317,"P56_batch2","PT",0.2
5318,"P56_batch2","PC",0.6
5319,"P56_batch2","LOH",0.4
5320,"P56_batch2","PT2",0.666666666666667
5321,"P56_batch2","stroma2",0.433333333333333
5322,"P56_batch2","stroma1",0.233333333333333
5323,"P56_batch2","PC",0.5
5324,"P56_batch2","CNT",0.266666666666667
5325,"P56_batch2","LOH",0.566666666666667
5326,"P56_batch2","PT",0.266666666666667
5327,"P56_batch2","PT",0.6
5328,"P56_batch2","PT",0.533333333333333
5329,"P56_batch2","PT2",0.133333333333333
5330,"P56_batch2","PT",0.433333333333333
5331,"P56_batch2","PT",0.566666666666667
5332,"P56_batch2","immune",0.2
5333,"P56_batch2","CNT",0.333333333333333
5334,"P56_batch2","DCT",0.466666666666667
5335,"P56_batch2","DCT",0.4
5336,"P56_batch2","PT",0.566666666666667
5337,"P56_batch2","LOH",0.5
5338,"P56_batch2","LOH",0.5
5339,"P56_batch2","PT",0.733333333333333
5340,"P56_batch2","LOH",0.5
5341,"P56_batch2","LOH",0.366666666666667
5342,"P56_batch2","Endo",0.433333333333333
5343,"P56_batch2","PT",0.533333333333333
5344,"P56_batch2","PT",0.666666666666667
5345,"P56_batch2","PT",0.366666666666667
5346,"P56_batch2","CNT",0.166666666666667
5347,"P56_batch2","CNT",0.333333333333333
5348,"P56_batch2","PT2",0.166666666666667
5349,"P56_batch2","DCT",0.333333333333333
5350,"P56_batch2","stroma2",0.533333333333333
5351,"P56_batch2","PT",0.366666666666667
5352,"P56_batch2","PT",0.4
5353,"P56_batch2","stroma2",0.633333333333333
5354,"P56_batch2","PT",0.366666666666667
5355,"P56_batch2","PC",0.2
5356,"P56_batch2","LOH",0.566666666666667
5357,"P56_batch2","LOH",0.666666666666667
5358,"P56_batch2","DCT",0.2
5359,"P56_batch2","CNT",0.233333333333333
5360,"P56_batch2","CNT",0.466666666666667
5361,"P56_batch2","PT",0.4
5362,"P56_batch2","DCT",0.433333333333333
5363,"P56_batch2","stroma1",0.466666666666667
5364,"P56_batch2","PT",0.433333333333333
5365,"P56_batch2","Endo",0.7
5366,"P56_batch2","immune",0.433333333333333
5367,"P56_batch2","CNT",0.5
5368,"P56_batch2","PT",0.433333333333333
5369,"P56_batch2","PT",0.4
5370,"P56_batch2","PT",0.4
5371,"P56_batch2","PT",0.433333333333333
5372,"P56_batch2","IC",0.433333333333333
5373,"P56_batch2","PT",0.466666666666667
5374,"P56_batch2","PT",0.4
5375,"P56_batch2","PT",0.6
5376,"P56_batch2","PT2",0.533333333333333
5377,"P56_batch2","stroma2",0.533333333333333
5378,"P56_batch2","PT_out",0.233333333333333
5379,"P56_batch2","PT",0.4
5380,"P56_batch2","PT",0.566666666666667
5381,"P56_batch2","PT",0.4
5382,"P56_batch2","stroma1",0.266666666666667
5383,"P56_batch2","stroma2",0.533333333333333
5384,"P56_batch2","PT",0.7
5385,"P56_batch2","PT",0.4
5386,"P56_batch2","PT2",0.533333333333333
5387,"P56_batch2","LOH",0.533333333333333
5388,"P56_batch2","PT",0.533333333333333
5389,"P56_batch2","LOH",0.6
5390,"P56_batch2","PT",0.533333333333333
5391,"P56_batch2","Endo",0.766666666666667
5392,"P56_batch2","LOH",0.266666666666667
5393,"P56_batch2","PT2",0.233333333333333
5394,"P56_batch2","PT",0.533333333333333
5395,"P56_batch2","PC",0.466666666666667
5396,"P56_batch2","PT",0.466666666666667
5397,"P56_batch2","PC",0.733333333333333
5398,"P56_batch2","LOH",0.533333333333333
5399,"P56_batch2","PT",0.6
5400,"P56_batch2","PT2",0.533333333333333
5401,"P56_batch2","IC",0.6
5402,"P56_batch2","immune",0.333333333333333
5403,"P56_batch2","Endo",0.5
5404,"P56_batch2","IC",0.7
5405,"P56_batch2","IC",0.766666666666667
5406,"P56_batch2","PT_out",0.4
5407,"P56_batch2","immune",0.533333333333333
5408,"P56_batch2","PT",0.5
5409,"P56_batch2","Endo",0.533333333333333
5410,"P56_batch2","PT",0.733333333333333
5411,"P56_batch2","PT",0.566666666666667
5412,"P56_batch2","stroma2",0.6
5413,"P56_batch2","Endo",0.7
5414,"P56_batch2","IC",0.766666666666667
5415,"P56_batch2","PT2",0.533333333333333
5416,"P56_batch2","PT",0.566666666666667
5417,"P56_batch2","LOH",0.566666666666667
5418,"P56_batch2","IC",0.733333333333333
5419,"P56_batch2","PT",0.533333333333333
5420,"P56_batch2","PT",0.466666666666667
5421,"P56_batch2","PT2",0.166666666666667
5422,"P56_batch2","DCT",0.4
5423,"P56_batch2","PT2",0.533333333333333
5424,"P56_batch2","PC",0.4
5425,"P56_batch2","PT",0.633333333333333
5426,"P56_batch2","PT",0.6
5427,"P56_batch2","PT",0.633333333333333
5428,"P56_batch2","PT2",0.233333333333333
5429,"P56_batch2","PT",0.333333333333333
5430,"P56_batch2","PT2",0.4
5431,"P56_batch2","LOH",0.433333333333333
5432,"P56_batch2","PT2",0.6
5433,"P56_batch2","PT",0.466666666666667
5434,"P56_batch2","PT2",0.3
5435,"P56_batch2","PT2",0.5
5436,"P56_batch2","stroma2",0.666666666666667
5437,"P56_batch2","stroma2",0.633333333333333
5438,"P56_batch2","Endo",0.833333333333333
5439,"P56_batch2","PT",0.666666666666667
5440,"P56_batch2","PT",0.466666666666667
5441,"P56_batch2","PT",0.566666666666667
5442,"P56_batch2","PT",0.333333333333333
5443,"P56_batch2","LOH",0.5
5444,"P56_batch2","PT",0.333333333333333
5445,"P56_batch2","stroma1",0.633333333333333
5446,"P56_batch2","Endo",0.666666666666667
5447,"P56_batch2","PT2",0.233333333333333
5448,"P56_batch2","Endo",0.533333333333333
5449,"P56_batch2","IC",0.9
5450,"P56_batch2","PT",0.466666666666667
5451,"P56_batch2","LOH",0.6
5452,"P56_batch2","IC",0.4
5453,"P56_batch2","Podo",0.733333333333333
5454,"P56_batch2","PT2",0.4
5455,"P56_batch2","LOH",0.6
5456,"P56_batch2","PT",0.466666666666667
5457,"P56_batch2","PT_out",0.3
5458,"P56_batch2","PT",0.366666666666667
5459,"P56_batch2","LOH",0.566666666666667
5460,"P56_batch2","Endo",0.733333333333333
5461,"P56_batch2","CNT",0.566666666666667
5462,"P56_batch2","PT",0.566666666666667
5463,"P56_batch2","PT",0.566666666666667
5464,"P56_batch2","PT",0.466666666666667
5465,"P56_batch2","PT",0.5
5466,"P56_batch2","PT",0.3
5467,"P56_batch2","PT2",0.3
5468,"P56_batch2","PT",0.633333333333333
5469,"P56_batch2","immune",0.2
5470,"P56_batch2","PT2",0.4
5471,"P56_batch2","PT2",0.433333333333333
5472,"P56_batch2","NP_LOH",0.5
5473,"P56_batch2","PT",0.5
5474,"P56_batch2","PT",0.533333333333333
5475,"P56_batch2","stroma1",0.666666666666667
5476,"P56_batch2","stroma2",0.766666666666667
5477,"P56_batch2","PC",0.433333333333333
5478,"P56_batch2","PT",0.733333333333333
5479,"P56_batch2","NP_LOH",0.466666666666667
5480,"P56_batch2","PT",0.5
5481,"P56_batch2","DCT",0.333333333333333
5482,"P56_batch2","PT",0.266666666666667
5483,"P56_batch2","PT",0.166666666666667
5484,"P56_batch2","PT",0.633333333333333
5485,"P56_batch2","LOH",0.5
5486,"P56_batch2","LOH",0.3
5487,"P56_batch2","PT",0.4
5488,"P56_batch2","PT",0.6
5489,"P56_batch2","Endo",0.566666666666667
5490,"P56_batch2","CNT",0.466666666666667
5491,"P56_batch2","CNT",0.566666666666667
5492,"P56_batch2","stroma1",0.7
5493,"P56_batch2","DCT",0.233333333333333
5494,"P56_batch2","PT",0.666666666666667
5495,"P56_batch2","LOH",0.466666666666667
5496,"P56_batch2","CNT",0.6
5497,"P56_batch2","DCT",0.5
5498,"P56_batch2","PT",0.466666666666667
5499,"P56_batch2","LOH",0.633333333333333
5500,"P56_batch2","LOH",0.633333333333333
5501,"P56_batch2","stroma2",0.5
5502,"P56_batch2","LOH",0.6
5503,"P56_batch2","PT2",0.2
5504,"P56_batch2","PT2",0.0666666666666667
5505,"P56_batch2","PT",0.433333333333333
5506,"P56_batch2","PT",0.466666666666667
5507,"P56_batch2","LOH",0.633333333333333
5508,"P56_batch2","PT2",0.4
5509,"P56_batch2","DCT",0.266666666666667
5510,"P56_batch2","IC",0.6
5511,"P56_batch2","Endo",0.466666666666667
5512,"P56_batch2","PT",0.666666666666667
5513,"P56_batch2","PT",0.6
5514,"P56_batch2","PT2",0.466666666666667
5515,"P56_batch2","LOH",0.466666666666667
5516,"P56_batch2","PT",0.6
5517,"P56_batch2","Endo",0.666666666666667
5518,"P56_batch2","DCT",0.5
5519,"P56_batch2","PT",0.833333333333333
5520,"P56_batch2","PT",0.366666666666667
5521,"P56_batch2","PT2",0.466666666666667
5522,"P56_batch2","DCT",0.5
5523,"P56_batch2","LOH",0.666666666666667
5524,"P56_batch2","PT2",0.266666666666667
5525,"P56_batch2","PT",0.466666666666667
5526,"P56_batch2","PT",0.6
5527,"P56_batch2","IC",0.433333333333333
5528,"P56_batch2","LOH",0.466666666666667
5529,"P56_batch2","NP_LOH",0.666666666666667
5530,"P56_batch2","stroma2",0.366666666666667
5531,"P56_batch2","PT",0.466666666666667
5532,"P56_batch2","PT",0.566666666666667
5533,"P56_batch2","LOH",0.633333333333333
5534,"P56_batch2","PT",0.433333333333333
5535,"P56_batch2","PT",0.6
5536,"P56_batch2","PT_out",0.2
5537,"P56_batch2","LOH",0.633333333333333
5538,"P56_batch2","PT",0.533333333333333
5539,"P56_batch2","PT",0.433333333333333
5540,"P56_batch2","PT",0.466666666666667
5541,"P56_batch2","stroma2",0.5
5542,"P56_batch2","LOH",0.566666666666667
5543,"P56_batch2","LOH",0.6
5544,"P56_batch2","PT",0.6
5545,"P56_batch2","CNT",0.266666666666667
5546,"P56_batch2","PT",0.3
5547,"P56_batch2","CNT",0.533333333333333
5548,"P56_batch2","DCT",0.533333333333333
5549,"P56_batch2","LOH",0.766666666666667
5550,"P56_batch2","PT",0.4
5551,"P56_batch2","PT2",0.4
5552,"P56_batch2","PT",0.5
5553,"P56_batch2","PT",0.3
5554,"P56_batch2","IC",0.466666666666667
5555,"P56_batch2","CNT",0.333333333333333
5556,"P56_batch2","PT2",0.433333333333333
5557,"P56_batch2","LOH",0.333333333333333
5558,"P56_batch2","stroma1",0.3
5559,"P56_batch2","PT",0.6
5560,"P56_batch2","PT2",0.3
5561,"P56_batch2","stroma2",0.833333333333333
5562,"P56_batch2","NP",0.733333333333333
5563,"P56_batch2","Endo",0.733333333333333
5564,"P56_batch2","PT",0.4
5565,"P56_batch2","IC",0.3
5566,"P56_batch2","NP",0.766666666666667
5567,"P56_batch2","NP",0.866666666666667
5568,"P56_batch2","PT_out",0.633333333333333
5569,"P56_batch2","PT",0.566666666666667
5570,"P56_batch2","CNT",0.233333333333333
5571,"P56_batch2","PT",0.5
5572,"P56_batch2","PT2",0.366666666666667
5573,"P56_batch2","CNT",0.2
5574,"P56_batch2","CNT",0.466666666666667
5575,"P56_batch2","immune",0.233333333333333
5576,"P56_batch2","NP",0.6
5577,"P56_batch2","stroma2",0.933333333333333
5578,"P56_batch2","PT",0.266666666666667
5579,"P56_batch2","stroma1",0.533333333333333
5580,"P56_batch2","LOH",0.566666666666667
5581,"P56_batch2","PT",0.533333333333333
5582,"P56_batch2","LOH",0.566666666666667
5583,"P56_batch2","PT",0.666666666666667
5584,"P56_batch2","CNT",0.466666666666667
5585,"P56_batch2","IC",0.433333333333333
5586,"P56_batch2","PT2",0.7
5587,"P56_batch2","Podo",0.466666666666667
5588,"P56_batch2","PT",0.6
5589,"P56_batch2","PT",0.566666666666667
5590,"P56_batch2","LOH",0.266666666666667
5591,"P56_batch2","LOH",0.366666666666667
5592,"P56_batch2","DCT",0.5
5593,"P56_batch2","stroma2",0.666666666666667
5594,"P56_batch2","DCT",0.5
5595,"P56_batch2","PT",0.566666666666667
5596,"P56_batch2","PT",0.533333333333333
5597,"P56_batch2","PT",0.333333333333333
5598,"P56_batch2","PT",0.5
5599,"P56_batch2","PT2",0.366666666666667
5600,"P56_batch2","PT2",0.166666666666667
5601,"P56_batch2","PT2",0.433333333333333
5602,"P56_batch2","stroma2",0.666666666666667
5603,"P56_batch2","PT2",0.166666666666667
5604,"P56_batch2","DCT",0.366666666666667
5605,"P56_batch2","PT",0.566666666666667
5606,"P56_batch2","PT",0.433333333333333
5607,"P56_batch2","NP",0.366666666666667
5608,"P56_batch2","PT",0.666666666666667
5609,"P56_batch2","PT",0.5
5610,"P56_batch2","PT_out",0.233333333333333
5611,"P56_batch2","PC",0.666666666666667
5612,"P56_batch2","PT2",0.666666666666667
5613,"P56_batch2","PT2",0.233333333333333
5614,"P56_batch2","PT",0.333333333333333
5615,"P56_batch2","Endo",0.733333333333333
5616,"P56_batch2","PT",0.433333333333333
5617,"P56_batch2","PT2",0.733333333333333
5618,"P56_batch2","PC",0.333333333333333
5619,"P56_batch2","PT2",0.266666666666667
5620,"P56_batch2","DCT",0.433333333333333
5621,"P56_batch2","LOH",0.266666666666667
5622,"P56_batch2","PT2",0.433333333333333
5623,"P56_batch2","DCT",0.433333333333333
5624,"P56_batch2","LOH",0.433333333333333
5625,"P56_batch2","CNT",0.666666666666667
5626,"P56_batch2","PT",0.533333333333333
5627,"P56_batch2","PT",0.666666666666667
5628,"P56_batch2","PT",0.766666666666667
5629,"P56_batch2","PT",0.533333333333333
5630,"P56_batch2","DCT",0.166666666666667
5631,"P56_batch2","PT2",0.0666666666666667
5632,"P56_batch2","PC",0.466666666666667
5633,"P56_batch2","PT",0.566666666666667
5634,"P56_batch2","LOH",0.266666666666667
5635,"P56_batch2","DCT",0.4
5636,"P56_batch2","PT",0.8
5637,"P56_batch2","PT2",0.266666666666667
5638,"P56_batch2","PT",0.433333333333333
5639,"P56_batch2","PT",0.433333333333333
5640,"P56_batch2","PT2",0.333333333333333
5641,"P56_batch2","PT",0.733333333333333
5642,"P56_batch2","DCT",0.466666666666667
5643,"P56_batch2","PT",0.6
5644,"P56_batch2","PT",0.433333333333333
5645,"P56_batch2","PT",0.633333333333333
5646,"P56_batch2","PT",0.5
5647,"P56_batch2","PT",0.4
5648,"P56_batch2","LOH",0.566666666666667
5649,"P56_batch2","DCT",0.366666666666667
5650,"P56_batch2","LOH",0.466666666666667
5651,"P56_batch2","immune",0.6
5652,"P56_batch2","CNT",0.233333333333333
5653,"P56_batch2","PT",0.466666666666667
5654,"P56_batch2","PC",0.2
5655,"P56_batch2","PT",0.4
5656,"P56_batch2","Endo",0.733333333333333
5657,"P56_batch2","PT",0.5
5658,"P56_batch2","PT",0.5
5659,"P56_batch2","PT",0.766666666666667
5660,"P56_batch2","LOH",0.666666666666667
5661,"P56_batch2","PT2",0.4
5662,"P56_batch2","stroma2",0.633333333333333
5663,"P56_batch2","Endo",0.566666666666667
5664,"P56_batch2","Endo",0.766666666666667
5665,"P56_batch2","DCT",0.4
5666,"P56_batch2","stroma2",0.8
5667,"P56_batch2","stroma2",0.666666666666667
5668,"P56_batch2","Endo",0.833333333333333
5669,"P56_batch2","PT",0.733333333333333
5670,"P56_batch2","Podo",0.666666666666667
5671,"P56_batch2","LOH",0.5
5672,"P56_batch2","NP_LOH",0.266666666666667
5673,"P56_batch2","PT_out",0.3
5674,"P56_batch2","PT2",0.533333333333333
5675,"P56_batch2","PT",0.366666666666667
5676,"P56_batch2","PT2",0.233333333333333
5677,"P56_batch2","Endo",0.466666666666667
5678,"P56_batch2","PT",0.433333333333333
5679,"P56_batch2","PT",0.4
5680,"P56_batch2","LOH",0.5
5681,"P56_batch2","NP",0.566666666666667
5682,"P56_batch2","PT",0.566666666666667
5683,"P56_batch2","PT",0.6
5684,"P56_batch2","PC",0.333333333333333
5685,"P56_batch2","CNT",0.6
5686,"P56_batch2","PT2",0.133333333333333
5687,"P56_batch2","PT",0.433333333333333
5688,"P56_batch2","PT",0.566666666666667
5689,"P56_batch2","Endo",0.333333333333333
5690,"P56_batch2","DCT",0.466666666666667
5691,"P56_batch2","PT2",0.133333333333333
5692,"P56_batch2","PT",0.433333333333333
5693,"P56_batch2","Endo",0.566666666666667
5694,"P56_batch2","DCT",0.4
5695,"P56_batch2","CNT",0.5
5696,"P56_batch2","DCT",0.466666666666667
5697,"P56_batch2","PT",0.533333333333333
5698,"P56_batch2","stroma2",0.433333333333333
5699,"P56_batch2","PT2",0.433333333333333
5700,"P56_batch2","LOH",0.433333333333333
5701,"P56_batch2","PT",0.366666666666667
5702,"P56_batch2","PT",0.5
5703,"P56_batch2","stroma2",0.666666666666667
5704,"P56_batch2","PT",0.333333333333333
5705,"P56_batch2","PT",0.533333333333333
5706,"P56_batch2","PC",0.733333333333333
5707,"P56_batch2","PT",0.433333333333333
5708,"P56_batch2","DCT",0.433333333333333
5709,"P56_batch2","Endo",0.7
5710,"P56_batch2","PT_out",0.5
5711,"P56_batch2","DCT",0.466666666666667
5712,"P56_batch2","PT",0.6
5713,"P56_batch2","DCT",0.766666666666667
5714,"P56_batch2","PT",0.466666666666667
5715,"P56_batch2","PT",0.366666666666667
5716,"P56_batch2","DCT",0.266666666666667
5717,"P56_batch2","stroma2",0.566666666666667
5718,"P56_batch2","LOH",0.5
5719,"P56_batch2","CNT",0.533333333333333
5720,"P56_batch2","PT2",0.3
5721,"P56_batch2","PT2",0.3
5722,"P56_batch2","DCT",0.266666666666667
5723,"P56_batch2","PT",0.6
5724,"P56_batch2","Endo",0.466666666666667
5725,"P56_batch2","LOH",0.533333333333333
5726,"P56_batch2","PT2",0.266666666666667
5727,"P56_batch2","PT",0.433333333333333
5728,"P56_batch2","PT",0.166666666666667
5729,"P56_batch2","PT",0.5
5730,"P56_batch2","CNT",0.833333333333333
5731,"P56_batch2","LOH",0.466666666666667
5732,"P56_batch2","DCT",0.566666666666667
5733,"P56_batch2","PT",0.466666666666667
5734,"P56_batch2","PT",0.333333333333333
5735,"P56_batch2","PT2",0.133333333333333
5736,"P56_batch2","PT",0.5
5737,"P56_batch2","PT",0.466666666666667
5738,"P56_batch2","Endo",0.733333333333333
5739,"P56_batch2","PT2",0.333333333333333
5740,"P56_batch2","LOH",0.566666666666667
5741,"P56_batch2","PT2",0.333333333333333
5742,"P56_batch2","IC",0.433333333333333
5743,"P56_batch2","PT2",0.433333333333333
5744,"P56_batch2","PT",0.433333333333333
5745,"P56_batch2","LOH",0.7
5746,"P56_batch2","PT2",0.233333333333333
5747,"P56_batch2","PT2",0.3
5748,"P56_batch2","stroma2",0.4
5749,"P56_batch2","LOH",0.5
5750,"P56_batch2","stroma1",0.4
5751,"P56_batch2","Endo",0.566666666666667
5752,"P56_batch2","LOH",0.566666666666667
5753,"P56_batch2","PT",0.7
5754,"P56_batch2","PT2",0.266666666666667
5755,"P56_batch2","LOH",0.4
5756,"P56_batch2","PT",0.666666666666667
5757,"P56_batch2","PT",0.3
5758,"P56_batch2","PT",0.433333333333333
5759,"P56_batch2","Endo",0.666666666666667
5760,"P56_batch2","IC",0.366666666666667
5761,"P56_batch2","PT",0.733333333333333
5762,"P56_batch2","LOH",0.6
5763,"P56_batch2","PT2",0.366666666666667
5764,"P56_batch2","PT",0.833333333333333
5765,"P56_batch2","LOH",0.266666666666667
5766,"P56_batch2","stroma2",0.4
5767,"P56_batch2","LOH",0.5
5768,"P56_batch2","PT",0.566666666666667
5769,"P56_batch2","PC",0.733333333333333
5770,"P56_batch2","PT",0.6
5771,"P56_batch2","LOH",0.666666666666667
5772,"P56_batch2","PT",0.533333333333333
5773,"P56_batch2","Endo",0.733333333333333
5774,"P56_batch2","PT",0.366666666666667
5775,"P56_batch2","DCT",0.233333333333333
5776,"P56_batch2","NP_LOH",0.633333333333333
5777,"P56_batch2","IC",0.466666666666667
5778,"P56_batch2","DCT",0.233333333333333
5779,"P56_batch2","DCT",0.266666666666667
5780,"P56_batch2","Endo",0.6
5781,"P56_batch2","CNT",0.433333333333333
5782,"P56_batch2","IC",0.733333333333333
5783,"P56_batch2","LOH",0.766666666666667
5784,"P56_batch2","DCT",0.5
5785,"P56_batch2","PT",0.3
5786,"P56_batch2","LOH",0.5
5787,"P56_batch2","PT",0.633333333333333
5788,"P56_batch2","PT",0.6
5789,"P56_batch2","Endo",0.633333333333333
5790,"P56_batch2","PT",0.7
5791,"P56_batch2","LOH",0.366666666666667
5792,"P56_batch2","Endo",0.566666666666667
5793,"P56_batch2","PT",0.433333333333333
5794,"P56_batch2","PT",0.433333333333333
5795,"P56_batch2","NP_LOH",0.266666666666667
5796,"P56_batch2","PT",0.4
5797,"P56_batch2","PT",0.466666666666667
5798,"P56_batch2","PT",0.533333333333333
5799,"P56_batch2","PT",0.433333333333333
5800,"P56_batch2","Endo",0.566666666666667
5801,"P56_batch2","CNT",0.3
5802,"P56_batch2","Endo",0.7
5803,"P56_batch2","PT",0.733333333333333
5804,"P56_batch2","PT2",0.533333333333333
5805,"P56_batch2","PT",0.566666666666667
5806,"P56_batch2","LOH",0.533333333333333
5807,"P56_batch2","stroma2",0.666666666666667
5808,"P56_batch2","PT",0.533333333333333
5809,"P56_batch2","PT",0.366666666666667
5810,"P56_batch2","Podo",0.966666666666667
5811,"P56_batch2","CNT",0.6
5812,"P56_batch2","PT",0.633333333333333
5813,"P56_batch2","PT2",0.266666666666667
5814,"P56_batch2","PT",0.533333333333333
5815,"P56_batch2","PT",0.666666666666667
5816,"P56_batch2","immune",0.233333333333333
5817,"P56_batch2","PT",0.266666666666667
5818,"P56_batch2","IC",0.7
5819,"P56_batch2","PT",0.433333333333333
5820,"P56_batch2","PT2",0.666666666666667
5821,"P56_batch2","Endo",0.633333333333333
5822,"P56_batch2","PT",0.4
5823,"P56_batch2","LOH",0.666666666666667
5824,"P56_batch2","CNT",0.533333333333333
5825,"P56_batch2","PT",0.3
5826,"P56_batch2","PT",0.333333333333333
5827,"P56_batch2","DCT",0.533333333333333
5828,"P56_batch2","PT",0.633333333333333
5829,"P56_batch2","Endo",0.566666666666667
5830,"P56_batch2","PT",0.633333333333333
5831,"P56_batch2","PT",0.6
5832,"P56_batch2","PT_out",0.4
5833,"P56_batch2","PT2",0.4
5834,"P56_batch2","LOH",0.633333333333333
5835,"P56_batch2","PT2",0.533333333333333
5836,"P56_batch2","PT2",0.6
5837,"P56_batch2","NP_LOH",0.466666666666667
5838,"P56_batch2","LOH",0.233333333333333
5839,"P56_batch2","PT",0.466666666666667
5840,"P56_batch2","Endo",0.533333333333333
5841,"P56_batch2","LOH",0.566666666666667
5842,"P56_batch2","DCT",0.466666666666667
5843,"P56_batch2","PT",0.7
5844,"P56_batch2","PT",0.666666666666667
5845,"P56_batch2","PT",0.566666666666667
5846,"P56_batch2","immune",0.833333333333333
5847,"P56_batch2","Endo",0.633333333333333
5848,"P56_batch2","CNT",0.6
5849,"P56_batch2","PT",0.666666666666667
5850,"P56_batch2","stroma2",0.6
5851,"P56_batch2","PT2",0.333333333333333
5852,"P56_batch2","immune",0.633333333333333
5853,"P56_batch2","stroma2",0.8
5854,"P56_batch2","stroma2",0.5
5855,"P56_batch2","DCT",0.433333333333333
5856,"P56_batch2","stroma2",0.6
5857,"P56_batch2","PT",0.366666666666667
5858,"P56_batch2","DCT",0.466666666666667
5859,"P56_batch2","LOH",0.466666666666667
5860,"P56_batch2","PT",0.7
5861,"P56_batch2","LOH",0.5
5862,"P56_batch2","CNT",0.433333333333333
5863,"P56_batch2","PT",0.3
5864,"P56_batch2","CNT",0.566666666666667
5865,"P56_batch2","Endo",0.4
5866,"P56_batch2","PT2",0.433333333333333
5867,"P56_batch2","PC",0.366666666666667
5868,"P56_batch2","LOH",0.533333333333333
5869,"P56_batch2","NP_LOH",0.7
5870,"P56_batch2","PT_out",0.2
5871,"P56_batch2","PT",0.533333333333333
5872,"P56_batch2","PT",0.633333333333333
5873,"P56_batch2","Endo",0.633333333333333
5874,"P56_batch2","LOH",0.6
5875,"P56_batch2","PT",0.633333333333333
5876,"P56_batch2","DCT",0.5
5877,"P56_batch2","LOH",0.666666666666667
5878,"P56_batch2","PT",0.466666666666667
5879,"P56_batch2","Endo",0.7
5880,"P56_batch2","PT",0.533333333333333
5881,"P56_batch2","LOH",0.266666666666667
5882,"P56_batch2","stroma1",0.366666666666667
5883,"P56_batch2","PT",0.6
5884,"P56_batch2","PT_out",0.266666666666667
5885,"P56_batch2","PC",0.333333333333333
5886,"P56_batch2","stroma1",0.5
5887,"P56_batch2","PT",0.4
5888,"P56_batch2","PT",0.466666666666667
5889,"P56_batch2","LOH",0.333333333333333
5890,"P56_batch2","Endo",0.6
5891,"P56_batch2","Endo",0.433333333333333
5892,"P56_batch2","PT2",0.133333333333333
5893,"P56_batch2","PT",0.533333333333333
5894,"P56_batch2","LOH",0.433333333333333
5895,"P56_batch2","PT2",0.4
5896,"P56_batch2","PT2",0.166666666666667
5897,"P56_batch2","LOH",0.533333333333333
5898,"P56_batch2","CNT",0.333333333333333
5899,"P56_batch2","LOH",0.433333333333333
5900,"P56_batch2","PT_out",0.3
5901,"P56_batch2","CNT",0.3
5902,"P56_batch2","LOH",0.533333333333333
5903,"P56_batch2","DCT",0.3
5904,"P56_batch2","PT2",0.1
5905,"P56_batch2","PT",0.366666666666667
5906,"P56_batch2","NP",0.733333333333333
5907,"P56_batch2","LOH",0.5
5908,"P56_batch2","stroma1",0.3
5909,"P56_batch2","LOH",0.5
5910,"P56_batch2","DCT",0.333333333333333
5911,"P56_batch2","LOH",0.733333333333333
5912,"P56_batch2","IC",0.366666666666667
5913,"P56_batch2","PT2",0.533333333333333
5914,"P56_batch2","stroma2",0.733333333333333
5915,"P56_batch2","LOH",0.666666666666667
5916,"P56_batch2","PT2",0.166666666666667
5917,"P56_batch2","Endo",0.566666666666667
5918,"P56_batch2","stroma2",0.7
5919,"P56_batch2","PT2",0.566666666666667
5920,"P56_batch2","immune",0.2
5921,"P56_batch2","PT",0.566666666666667
5922,"P56_batch2","IC",0.3
5923,"P56_batch2","stroma1",0.566666666666667
5924,"P56_batch2","LOH",0.5
5925,"P56_batch2","IC",0.433333333333333
5926,"P56_batch2","LOH",0.566666666666667
5927,"P56_batch2","LOH",0.766666666666667
5928,"P56_batch2","NP",0.4
5929,"P56_batch2","PT2",0.6
5930,"P56_batch2","PT",0.466666666666667
5931,"P56_batch2","NP",0.566666666666667
5932,"P56_batch2","PT",0.533333333333333
5933,"P56_batch2","stroma2",0.7
5934,"P56_batch2","PT",0.7
5935,"P56_batch2","stroma2",0.566666666666667
5936,"P56_batch2","PT2",0.1
5937,"P56_batch2","PT",0.366666666666667
5938,"P56_batch2","PT",0.366666666666667
5939,"P56_batch2","Endo",0.466666666666667
5940,"P56_batch2","CNT",0.2
5941,"P56_batch2","PT",0.333333333333333
5942,"P56_batch2","PT",0.433333333333333
5943,"P56_batch2","CNT",0.566666666666667
5944,"P56_batch2","DCT",0.366666666666667
5945,"P56_batch2","PT2",0.466666666666667
5946,"P56_batch2","CNT",0.6
5947,"P56_batch2","stroma2",0.533333333333333
5948,"P56_batch2","DCT",0.533333333333333
5949,"P56_batch2","PT",0.666666666666667
5950,"P56_batch2","DCT",0.333333333333333
5951,"P56_batch2","stroma1",0.533333333333333
5952,"P56_batch2","PT2",0.5
5953,"P56_batch2","PT",0.466666666666667
5954,"P56_batch2","PT",0.633333333333333
5955,"P56_batch2","PT",0.566666666666667
5956,"P56_batch2","CNT",0.3
5957,"P56_batch2","PT2",0.733333333333333
5958,"P56_batch2","PT",0.533333333333333
5959,"P56_batch2","LOH",0.6
5960,"P56_batch2","PT",0.6
5961,"P56_batch2","PT2",0.3
5962,"P56_batch2","PT",0.566666666666667
5963,"P56_batch2","PT",0.533333333333333
5964,"P56_batch2","Endo",0.733333333333333
5965,"P56_batch2","PT2",0.333333333333333
5966,"P56_batch2","PT2",0.133333333333333
5967,"P56_batch2","PT",0.466666666666667
5968,"P56_batch2","PC",0.2
5969,"P56_batch2","PT",0.3
5970,"P56_batch2","PT",0.466666666666667
5971,"P56_batch2","NP",0.4
5972,"P56_batch2","PT_out",0.466666666666667
5973,"P56_batch2","PT",0.433333333333333
5974,"P56_batch2","PT",0.3
5975,"P56_batch2","Endo",0.466666666666667
5976,"P56_batch2","PT",0.4
5977,"P56_batch2","PT",0.533333333333333
5978,"P56_batch2","stroma2",0.5
5979,"P56_batch2","CNT",0.533333333333333
5980,"P56_batch2","PT",0.5
5981,"P56_batch2","PT",0.5
5982,"P56_batch2","PT2",0.566666666666667
5983,"P56_batch2","Endo",0.7
5984,"P56_batch2","IC",0.366666666666667
5985,"P56_batch2","immune",0.366666666666667
5986,"P56_batch2","PT",0.533333333333333
5987,"P56_batch2","PT2",0.4
5988,"P56_batch2","stroma2",0.466666666666667
5989,"P56_batch2","LOH",0.433333333333333
5990,"P56_batch2","PT",0.666666666666667
5991,"P56_batch2","DCT",0.366666666666667
5992,"P56_batch2","LOH",0.466666666666667
5993,"P56_batch2","PT",0.633333333333333
5994,"P56_batch2","CNT",0.333333333333333
5995,"P56_batch2","CNT",0.233333333333333
5996,"P56_batch2","LOH",0.633333333333333
5997,"P56_batch2","LOH",0.533333333333333
5998,"P56_batch2","PT",0.6
5999,"P56_batch2","immune",0.566666666666667
6000,"P56_batch2","LOH",0.4
6001,"P56_batch2","Podo",0.966666666666667
6002,"P56_batch2","CNT",0.666666666666667
6003,"P56_batch2","PT2",0.3
6004,"P56_batch2","LOH",0.633333333333333
6005,"P56_batch2","PT",0.6
6006,"P56_batch2","PT",0.5
6007,"P56_batch2","Endo",0.633333333333333
6008,"P56_batch2","IC",0.566666666666667
6009,"P56_batch2","IC",0.566666666666667
6010,"P56_batch2","Endo",0.333333333333333
6011,"P56_batch2","PT",0.733333333333333
6012,"P56_batch2","PC",0.5
6013,"P56_batch2","PT2",0.6
6014,"P56_batch2","PT",0.5
6015,"P56_batch2","Endo",0.533333333333333
6016,"P56_batch2","PT",0.633333333333333
6017,"P56_batch2","PT",0.6
6018,"P56_batch2","Endo",0.4
6019,"P56_batch2","LOH",0.466666666666667
6020,"P56_batch2","PT",0.433333333333333
6021,"P56_batch2","PT2",0.4
6022,"P56_batch2","LOH",0.533333333333333
6023,"P56_batch2","PC",0.733333333333333
6024,"P56_batch2","DCT",0.7
6025,"P56_batch2","LOH",0.8
6026,"P56_batch2","PT",0.6
6027,"P56_batch2","PT",0.666666666666667
6028,"P56_batch2","PC",0.4
6029,"P56_batch2","Endo",0.666666666666667
6030,"P56_batch2","PT",0.333333333333333
6031,"P56_batch2","PT2",0.333333333333333
6032,"P56_batch2","LOH",0.733333333333333
6033,"P56_batch2","PT",0.533333333333333
6034,"P56_batch2","PT",0.433333333333333
6035,"P56_batch2","PT2",0.3
6036,"P56_batch2","Endo",0.366666666666667
6037,"P56_batch2","PT",0.333333333333333
6038,"P56_batch2","LOH",0.566666666666667
6039,"P56_batch2","LOH",0.466666666666667
6040,"P56_batch2","PT",0.466666666666667
6041,"P56_batch2","PT2",0.333333333333333
6042,"P56_batch2","PT2",0.633333333333333
6043,"P56_batch2","LOH",0.433333333333333
6044,"P56_batch2","LOH",0.533333333333333
6045,"P56_batch2","stroma1",0.533333333333333
6046,"P56_batch2","PT",0.466666666666667
6047,"P56_batch2","PT",0.733333333333333
6048,"P56_batch2","Endo",0.533333333333333
6049,"P56_batch2","PT2",0.633333333333333
6050,"P56_batch2","NP",0.633333333333333
6051,"P56_batch2","NP",0.566666666666667
6052,"P56_batch2","PT",0.4
6053,"P56_batch2","PT2",0.233333333333333
6054,"P56_batch2","PT",0.666666666666667
6055,"P56_batch2","IC",0.366666666666667
6056,"P56_batch2","LOH",0.333333333333333
6057,"P56_batch2","DCT",0.266666666666667
6058,"P56_batch2","LOH",0.466666666666667
6059,"P56_batch2","LOH",0.6
6060,"P56_batch2","IC",0.766666666666667
6061,"P56_batch2","PT",0.633333333333333
6062,"P56_batch2","PT",0.333333333333333
6063,"P56_batch2","stroma2",0.7
6064,"P56_batch2","Endo",0.6
6065,"P56_batch2","Endo",0.633333333333333
6066,"P56_batch2","PT2",0.1
6067,"P56_batch2","PT",0.4
6068,"P56_batch2","PT",0.466666666666667
6069,"P56_batch2","PT",0.5
6070,"P56_batch2","PT",0.266666666666667
6071,"P56_batch2","PT",0.666666666666667
6072,"P56_batch2","LOH",0.466666666666667
6073,"P56_batch2","PT",0.6
6074,"P56_batch2","PT",0.566666666666667
6075,"P56_batch2","DCT",0.4
6076,"P56_batch2","LOH",0.333333333333333
6077,"P56_batch2","DCT",0.466666666666667
6078,"P56_batch2","PT",0.566666666666667
6079,"P56_batch2","PT2",0.6
6080,"P56_batch2","Endo",0.533333333333333
6081,"P56_batch2","PT2",0.433333333333333
6082,"P56_batch2","DCT",0.4
6083,"P56_batch2","PT",0.5
6084,"P56_batch2","PT",0.433333333333333
6085,"P56_batch2","CNT",0.2
6086,"P56_batch2","PT",0.466666666666667
6087,"P56_batch2","PT",0.333333333333333
6088,"P56_batch2","DCT",0.533333333333333
6089,"P56_batch2","PT",0.4
6090,"P56_batch2","PT2",0.4
6091,"P56_batch2","PT2",0.433333333333333
6092,"P56_batch2","LOH",0.233333333333333
6093,"P56_batch2","PT",0.366666666666667
6094,"P56_batch2","CNT",0.6
6095,"P56_batch2","PT",0.366666666666667
6096,"P56_batch2","stroma1",0.566666666666667
6097,"P56_batch2","IC",0.6
6098,"P56_batch2","PT2",0.466666666666667
6099,"P56_batch2","LOH",0.633333333333333
6100,"P56_batch2","PT2",0.3
6101,"P56_batch2","PT",0.466666666666667
6102,"P56_batch2","PT",0.7
6103,"P56_batch2","PT",0.266666666666667
6104,"P56_batch2","PT2",0.433333333333333
6105,"P56_batch2","IC",0.833333333333333
6106,"P56_batch2","PT",0.466666666666667
6107,"P56_batch2","DCT",0.166666666666667
6108,"P56_batch2","LOH",0.366666666666667
6109,"P56_batch2","PT2",0.333333333333333
6110,"P56_batch2","stroma2",0.466666666666667
6111,"P56_batch2","PT",0.4
6112,"P56_batch2","PT",0.4
6113,"P56_batch2","PT",0.2
6114,"P56_batch2","PC",0.6
6115,"P56_batch2","CNT",0.733333333333333
6116,"P56_batch2","Endo",0.733333333333333
6117,"P56_batch2","PT",0.4
6118,"P56_batch2","IC",0.5
6119,"P56_batch2","LOH",0.5
6120,"P56_batch2","PT",0.333333333333333
6121,"P56_batch2","LOH",0.466666666666667
6122,"P56_batch2","LOH",0.666666666666667
6123,"P56_batch2","stroma2",0.3
6124,"P56_batch2","PT",0.4
6125,"P56_batch2","PT2",0.533333333333333
6126,"P56_batch2","NP_LOH",0.266666666666667
6127,"P56_batch2","PT_out",0.2
6128,"P56_batch2","PT2",0.1
6129,"P56_batch2","CNT",0.4
6130,"P56_batch2","stroma1",0.533333333333333
6131,"P56_batch2","LOH",0.466666666666667
6132,"P56_batch2","stroma1",0.2
6133,"P56_batch2","PT",0.333333333333333
6134,"P56_batch2","LOH",0.566666666666667
6135,"P56_batch2","LOH",0.5
6136,"P56_batch2","CNT",0.3
6137,"P56_batch2","LOH",0.466666666666667
6138,"P56_batch2","PT",0.766666666666667
6139,"P56_batch2","PT",0.433333333333333
6140,"P56_batch2","stroma2",0.566666666666667
6141,"P56_batch2","PT",0.633333333333333
6142,"P56_batch2","PT2",0.6
6143,"P56_batch2","PT",0.433333333333333
6144,"P56_batch2","PT",0.533333333333333
6145,"P56_batch2","LOH",0.666666666666667
6146,"P56_batch2","PT",0.666666666666667
6147,"P56_batch2","PT",0.566666666666667
6148,"P56_batch2","PT",0.433333333333333
6149,"P56_batch2","PT",0.633333333333333
6150,"P56_batch2","Endo",0.866666666666667
6151,"P56_batch2","PT",0.6
6152,"P56_batch2","PT_out",0.533333333333333
6153,"P56_batch2","PT",0.533333333333333
6154,"P56_batch2","PT",0.533333333333333
6155,"P56_batch2","LOH",0.5
6156,"P56_batch2","LOH",0.5
6157,"P56_batch2","stroma2",0.5
6158,"P56_batch2","PT",0.566666666666667
6159,"P56_batch2","PT",0.433333333333333
6160,"P56_batch2","PT",0.4
6161,"P56_batch2","PT",0.666666666666667
6162,"P56_batch2","LOH",0.433333333333333
6163,"P56_batch2","PT",0.266666666666667
6164,"P56_batch2","PT",0.566666666666667
6165,"P56_batch2","DCT",0.4
6166,"P56_batch2","PT",0.4
6167,"P56_batch2","LOH",0.4
6168,"P56_batch2","stroma2",0.466666666666667
6169,"P56_batch2","PT",0.633333333333333
6170,"P56_batch2","PT2",0.233333333333333
6171,"P56_batch2","LOH",0.466666666666667
6172,"P56_batch2","IC",0.433333333333333
6173,"P56_batch2","stroma2",0.533333333333333
6174,"P56_batch2","PT",0.5
6175,"P56_batch2","IC",0.5
6176,"P56_batch2","CNT",0.266666666666667
6177,"P56_batch2","PT2",0.566666666666667
6178,"P56_batch2","PT",0.3
6179,"P56_batch2","DCT",0.266666666666667
6180,"P56_batch2","stroma2",0.466666666666667
6181,"P56_batch2","PT",0.4
6182,"P56_batch2","PT",0.433333333333333
6183,"P56_batch2","PT",0.5
6184,"P56_batch2","DCT",0.333333333333333
6185,"P56_batch2","LOH",0.366666666666667
6186,"P56_batch2","PT",0.733333333333333
6187,"P56_batch2","PT",0.666666666666667
6188,"P56_batch2","PT",0.5
6189,"P56_batch2","PC",0.166666666666667
6190,"P56_batch2","PT",0.666666666666667
6191,"P56_batch2","PT",0.466666666666667
6192,"P56_batch2","PT",0.8
6193,"P56_batch2","DCT",0.533333333333333
6194,"P56_batch2","PC",0.366666666666667
6195,"P56_batch2","PC",0.433333333333333
6196,"P56_batch2","LOH",0.333333333333333
6197,"P56_batch2","PT2",0.566666666666667
6198,"P56_batch2","PT",0.366666666666667
6199,"P56_batch2","PT",0.466666666666667
6200,"P56_batch2","PT2",0.566666666666667
6201,"P56_batch2","PT",0.633333333333333
6202,"P56_batch2","PT",0.266666666666667
6203,"P56_batch2","PT2",0.466666666666667
6204,"P56_batch2","Endo",0.7
6205,"P56_batch2","PT2",0.233333333333333
6206,"P56_batch2","CNT",0.633333333333333
6207,"P56_batch2","PT",0.466666666666667
6208,"P56_batch2","PT",0.366666666666667
6209,"P56_batch2","Endo",0.566666666666667
6210,"P56_batch2","PT",0.366666666666667
6211,"P56_batch2","LOH",0.6
6212,"P56_batch2","DCT",0.333333333333333
6213,"P56_batch2","PT",0.366666666666667
6214,"P56_batch2","PT2",0.433333333333333
6215,"P56_batch2","LOH",0.566666666666667
6216,"P56_batch2","PT",0.666666666666667
6217,"P56_batch2","PT",0.5
6218,"P56_batch2","PT",0.633333333333333
6219,"P56_batch2","PT",0.7
6220,"P56_batch2","PT2",0.133333333333333
6221,"P56_batch2","PT",0.4
6222,"P56_batch2","PT2",0.333333333333333
6223,"P56_batch2","PT2",0.5
6224,"P56_batch2","PT",0.433333333333333
6225,"P56_batch2","LOH",0.333333333333333
6226,"P56_batch2","PT",0.633333333333333
6227,"P56_batch2","LOH",0.5
6228,"P56_batch2","Endo",0.766666666666667
6229,"P56_batch2","PT",0.633333333333333
6230,"P56_batch2","LOH",0.4
6231,"P56_batch2","PT",0.266666666666667
6232,"P56_batch2","LOH",0.5
6233,"P56_batch2","NP",0.6
6234,"P56_batch2","LOH",0.6
6235,"P56_batch2","PT",0.366666666666667
6236,"P56_batch2","PT",0.366666666666667
6237,"P56_batch2","PT2",0.333333333333333
6238,"P56_batch2","Endo",0.7
6239,"P56_batch2","PT2",0.433333333333333
6240,"P56_batch2","Podo",0.766666666666667
6241,"P56_batch2","PT2",0.366666666666667
6242,"P56_batch2","LOH",0.566666666666667
6243,"P56_batch2","PC",0.333333333333333
6244,"P56_batch2","LOH",0.533333333333333
6245,"P56_batch2","PT_out",0.6
6246,"P56_batch2","LOH",0.466666666666667
6247,"P56_batch2","stroma2",0.533333333333333
6248,"P56_batch2","DCT",0.433333333333333
6249,"P56_batch2","CNT",0.466666666666667
6250,"P56_batch2","stroma2",0.666666666666667
6251,"P56_batch2","CNT",0.633333333333333
6252,"P56_batch2","PT",0.366666666666667
6253,"P56_batch2","PT",0.6
6254,"P56_batch2","DCT",0.433333333333333
6255,"P56_batch2","PT",0.5
6256,"P56_batch2","PT",0.7
6257,"P56_batch2","CNT",0.133333333333333
6258,"P56_batch2","DCT",0.366666666666667
6259,"P56_batch2","stroma2",0.366666666666667
6260,"P56_batch2","LOH",0.333333333333333
6261,"P56_batch2","PT2",0.3
6262,"P56_batch2","PT",0.4
6263,"P56_batch2","PT",0.566666666666667
6264,"P56_batch2","PT",0.666666666666667
6265,"P56_batch2","PT",0.533333333333333
6266,"P56_batch2","Endo",0.566666666666667
6267,"P56_batch2","PT",0.366666666666667
6268,"P56_batch2","DCT",0.533333333333333
6269,"P56_batch2","PT",0.366666666666667
6270,"P56_batch2","PT2",0.133333333333333
6271,"P56_batch2","PT",0.366666666666667
6272,"P56_batch2","LOH",0.666666666666667
6273,"P56_batch2","PT",0.533333333333333
6274,"P56_batch2","PT",0.5
6275,"P56_batch2","PT",0.333333333333333
6276,"P56_batch2","Endo",0.633333333333333
6277,"P56_batch2","Podo",0.9
6278,"P56_batch2","DCT",0.533333333333333
6279,"P56_batch2","IC",0.4
6280,"P56_batch2","PT2",0.1
6281,"P56_batch2","PT",0.566666666666667
6282,"P56_batch2","LOH",0.5
6283,"P56_batch2","PT2",0.266666666666667
6284,"P56_batch2","PT",0.666666666666667
6285,"P56_batch2","PT2",0.333333333333333
6286,"P56_batch2","CNT",0.633333333333333
6287,"P56_batch2","LOH",0.466666666666667
6288,"P56_batch2","PT_out",0.166666666666667
6289,"P56_batch2","CNT",0.566666666666667
6290,"P56_batch2","DCT",0.466666666666667
6291,"P56_batch2","CNT",0.6
6292,"P56_batch2","stroma2",0.7
6293,"P56_batch2","PT2",0.2
6294,"P56_batch2","immune",0.533333333333333
6295,"P56_batch2","PC",0.333333333333333
6296,"P56_batch2","IC",0.233333333333333
6297,"P56_batch2","Endo",0.633333333333333
6298,"P56_batch2","PT2",0.6
6299,"P56_batch2","CNT",0.466666666666667
6300,"P56_batch2","PT",0.4
6301,"P56_batch2","PT2",0.366666666666667
6302,"P56_batch2","Endo",0.666666666666667
6303,"P56_batch2","LOH",0.7
6304,"P56_batch2","PT2",0.733333333333333
6305,"P56_batch2","PT",0.5
6306,"P56_batch2","PC",0.466666666666667
6307,"P56_batch2","LOH",0.566666666666667
6308,"P56_batch2","LOH",0.2
6309,"P56_batch2","PT",0.733333333333333
6310,"P56_batch2","DCT",0.5
6311,"P56_batch2","Endo",0.666666666666667
6312,"P56_batch2","PT",0.566666666666667
6313,"P56_batch2","LOH",0.566666666666667
6314,"P56_batch2","LOH",0.3
6315,"P56_batch2","DCT",0.366666666666667
6316,"P56_batch2","PT",0.6
6317,"P56_batch2","PT",0.566666666666667
6318,"P56_batch2","PT2",0.533333333333333
6319,"P56_batch2","PT",0.533333333333333
6320,"P56_batch2","NP",0.666666666666667
6321,"P56_batch2","NP_LOH",0.266666666666667
6322,"P56_batch2","PT",0.566666666666667
6323,"P56_batch2","PT",0.466666666666667
6324,"P56_batch2","PT",0.4
6325,"P56_batch2","stroma1",0.3
6326,"P56_batch2","PT",0.366666666666667
6327,"P56_batch2","PT",0.766666666666667
6328,"P56_batch2","PC",0.333333333333333
6329,"P56_batch2","PT",0.4
6330,"P56_batch2","stroma2",0.5
6331,"P56_batch2","stroma2",0.4
6332,"P56_batch2","PT",0.566666666666667
6333,"P56_batch2","PT",0.433333333333333
6334,"P56_batch2","PT2",0.566666666666667
6335,"P56_batch2","PT_out",0.166666666666667
6336,"P56_batch2","PT_out",0.266666666666667
6337,"P56_batch2","DCT",0.333333333333333
6338,"P56_batch2","immune",0.366666666666667
6339,"P56_batch2","PT",0.566666666666667
6340,"P56_batch2","LOH",0.5
6341,"P56_batch2","PT2",0.366666666666667
6342,"P56_batch2","PT",0.366666666666667
6343,"P56_batch2","NP_LOH",0.266666666666667
6344,"P56_batch2","PT",0.633333333333333
6345,"P56_batch2","PT",0.433333333333333
6346,"P56_batch2","PT",0.266666666666667
6347,"P56_batch2","stroma2",0.5
6348,"P56_batch2","LOH",0.566666666666667
6349,"P56_batch2","PT",0.266666666666667
6350,"P56_batch2","stroma2",0.5
6351,"P56_batch2","PT2",0.4
6352,"P56_batch2","PT2",0.166666666666667
6353,"P56_batch2","DCT",0.4
6354,"P56_batch2","DCT",0.3
6355,"P56_batch2","LOH",0.266666666666667
6356,"P56_batch2","PT2",0.433333333333333
6357,"P56_batch2","PT2",0.233333333333333
6358,"P56_batch2","DCT",0.233333333333333
6359,"P56_batch2","PT",0.266666666666667
6360,"P56_batch2","PC",0.566666666666667
6361,"P56_batch2","PT",0.5
6362,"P56_batch2","PT2",0.566666666666667
6363,"P56_batch2","DCT",0.433333333333333
6364,"P56_batch2","PT",0.133333333333333
6365,"P56_batch2","Endo",0.566666666666667
6366,"P56_batch2","PT2",0.6
6367,"P56_batch2","LOH",0.333333333333333
6368,"P56_batch2","PT",0.5
6369,"P56_batch2","DCT",0.433333333333333
6370,"P56_batch2","CNT",0.466666666666667
6371,"P56_batch2","PT",0.566666666666667
6372,"P56_batch2","Endo",0.5
6373,"P56_batch2","PT",0.4
6374,"P56_batch2","PT",0.733333333333333
6375,"P56_batch2","stroma2",0.366666666666667
6376,"P56_batch2","stroma2",0.666666666666667
6377,"P56_batch2","PT",0.7
6378,"P56_batch2","DCT",0.3
6379,"P56_batch2","PT2",0.7
6380,"P56_batch2","PT",0.433333333333333
6381,"P56_batch2","PT",0.633333333333333
6382,"P56_batch2","LOH",0.5
6383,"P56_batch2","IC",0.633333333333333
6384,"P56_batch2","PT",0.233333333333333
6385,"P56_batch2","DCT",0.6
6386,"P56_batch2","Endo",0.333333333333333
6387,"P56_batch2","PT",0.433333333333333
6388,"P56_batch2","LOH",0.533333333333333
6389,"P56_batch2","PT",0.666666666666667
6390,"P56_batch2","Endo",0.933333333333333
6391,"P56_batch2","immune",0.266666666666667
6392,"P56_batch2","CNT",0.233333333333333
6393,"P56_batch2","PT",0.266666666666667
6394,"P56_batch2","PT2",0.5
6395,"P56_batch2","PT",0.466666666666667
6396,"P56_batch2","LOH",0.6
6397,"P56_batch2","Endo",0.666666666666667
21188,"P56_batch1","LOH",0.5
21189,"P56_batch1","PT",0.533333333333333
21190,"P56_batch1","PT2",0.466666666666667
21191,"P56_batch1","PT",0.266666666666667
21192,"P56_batch1","PT2",0.7
21193,"P56_batch1","stroma2",0.266666666666667
21194,"P56_batch1","LOH",0.533333333333333
21195,"P56_batch1","Endo",0.6
21196,"P56_batch1","PT2",0.466666666666667
21197,"P56_batch1","PT2",0.333333333333333
21198,"P56_batch1","PT",0.5
21199,"P56_batch1","PT",0.633333333333333
21200,"P56_batch1","PT",0.333333333333333
21201,"P56_batch1","PT",0.6
21202,"P56_batch1","PT",0.366666666666667
21203,"P56_batch1","PT",0.466666666666667
21204,"P56_batch1","DCT",0.633333333333333
21205,"P56_batch1","PT",0.566666666666667
21206,"P56_batch1","PT",0.7
21207,"P56_batch1","Podo",0
21208,"P56_batch1","CNT",0.566666666666667
21209,"P56_batch1","PT2",0.633333333333333
21210,"P56_batch1","PT",0.533333333333333
21211,"P56_batch1","Endo",0.333333333333333
21212,"P56_batch1","Endo",0.333333333333333
21213,"P56_batch1","PT",0.433333333333333
21214,"P56_batch1","IC",0.3
21215,"P56_batch1","stroma1",0.666666666666667
21216,"P56_batch1","PT",0.333333333333333
21217,"P56_batch1","PT",0.6
21218,"P56_batch1","Endo",0.366666666666667
21219,"P56_batch1","PT2",0.733333333333333
21220,"P56_batch1","PT",0.466666666666667
21221,"P56_batch1","PT",0.466666666666667
21222,"P56_batch1","PT_out",0.533333333333333
21223,"P56_batch1","PT",0.366666666666667
21224,"P56_batch1","PT",0.266666666666667
21225,"P56_batch1","PT",0.366666666666667
21226,"P56_batch1","LOH",0.433333333333333
21227,"P56_batch1","LOH",0.466666666666667
21228,"P56_batch1","PT",0.566666666666667
21229,"P56_batch1","DCT",0.6
21230,"P56_batch1","LOH",0.566666666666667
21231,"P56_batch1","CNT",0.333333333333333
21232,"P56_batch1","LOH",0.466666666666667
21233,"P56_batch1","PT",0.4
21234,"P56_batch1","Endo",0.333333333333333
21235,"P56_batch1","stroma2",0.366666666666667
21236,"P56_batch1","PT",0.3
21237,"P56_batch1","stroma2",0.133333333333333
21238,"P56_batch1","PT2",0.4
21239,"P56_batch1","CNT",0.466666666666667
21240,"P56_batch1","PT",0.533333333333333
21241,"P56_batch1","Podo",0.4
21242,"P56_batch1","PC",0.433333333333333
21243,"P56_batch1","LOH",0.566666666666667
21244,"P56_batch1","PT",0.433333333333333
21245,"P56_batch1","CNT",0.5
21246,"P56_batch1","LOH",0.3
21247,"P56_batch1","Endo",0.266666666666667
21248,"P56_batch1","IC",0.4
21249,"P56_batch1","PT",0.7
21250,"P56_batch1","PT",0.233333333333333
21251,"P56_batch1","PT",0.533333333333333
21252,"P56_batch1","Endo",0.433333333333333
21253,"P56_batch1","LOH",0.366666666666667
21254,"P56_batch1","PT2",0.333333333333333
21255,"P56_batch1","stroma2",0.333333333333333
21256,"P56_batch1","PT",0.6
21257,"P56_batch1","stroma2",0.4
21258,"P56_batch1","Endo",0.633333333333333
21259,"P56_batch1","PT",0.366666666666667
21260,"P56_batch1","stroma2",0.466666666666667
21261,"P56_batch1","PT",0.466666666666667
21262,"P56_batch1","PT2",0.6
21263,"P56_batch1","LOH",0.433333333333333
21264,"P56_batch1","LOH",0.133333333333333
21265,"P56_batch1","LOH",0.6
21266,"P56_batch1","PT",0.566666666666667
21267,"P56_batch1","PT",0.333333333333333
21268,"P56_batch1","stroma2",0.3
21269,"P56_batch1","PT2",0.466666666666667
21270,"P56_batch1","PC",0.533333333333333
21271,"P56_batch1","PT",0.433333333333333
21272,"P56_batch1","Podo",0.1
21273,"P56_batch1","PT",0.433333333333333
21274,"P56_batch1","PT",0.466666666666667
21275,"P56_batch1","LOH",0.233333333333333
21276,"P56_batch1","PT",0.466666666666667
21277,"P56_batch1","PT",0.3
21278,"P56_batch1","stroma2",0.466666666666667
21279,"P56_batch1","PT",0.366666666666667
21280,"P56_batch1","DCT",0.5
21281,"P56_batch1","Endo",0.466666666666667
21282,"P56_batch1","PT",0.5
21283,"P56_batch1","PT",0.266666666666667
21284,"P56_batch1","LOH",0.6
21285,"P56_batch1","PT",0.733333333333333
21286,"P56_batch1","PT2",0.533333333333333
21287,"P56_batch1","LOH",0.2
21288,"P56_batch1","CNT",0.8
21289,"P56_batch1","PT",0.566666666666667
21290,"P56_batch1","LOH",0.566666666666667
21291,"P56_batch1","stroma2",0.533333333333333
21292,"P56_batch1","NP",0.633333333333333
21293,"P56_batch1","PT2",0.566666666666667
21294,"P56_batch1","LOH",0.5
21295,"P56_batch1","CNT",0.166666666666667
21296,"P56_batch1","LOH",0.633333333333333
21297,"P56_batch1","DCT",0.6
21298,"P56_batch1","PT",0.333333333333333
21299,"P56_batch1","PC",0.366666666666667
21300,"P56_batch1","Podo",0.3
21301,"P56_batch1","PT",0.366666666666667
21302,"P56_batch1","stroma2",0.266666666666667
21303,"P56_batch1","stroma2",0.333333333333333
21304,"P56_batch1","LOH",0.466666666666667
21305,"P56_batch1","PT2",0.566666666666667
21306,"P56_batch1","LOH",0.5
21307,"P56_batch1","PT",0.566666666666667
21308,"P56_batch1","LOH",0.5
21309,"P56_batch1","PT2",0.6
21310,"P56_batch1","PT",0.4
21311,"P56_batch1","stroma2",0.466666666666667
21312,"P56_batch1","PT",0.5
21313,"P56_batch1","PT",0.433333333333333
21314,"P56_batch1","PT",0.433333333333333
21315,"P56_batch1","PT",0.5
21316,"P56_batch1","PT",0.633333333333333
21317,"P56_batch1","IC",0.1
21318,"P56_batch1","PT_out",0.4
21319,"P56_batch1","CNT",0.233333333333333
21320,"P56_batch1","PT2",0.366666666666667
21321,"P56_batch1","PT2",0.433333333333333
21322,"P56_batch1","NP",0.6
21323,"P56_batch1","PT",0.466666666666667
21324,"P56_batch1","PT",0.433333333333333
21325,"P56_batch1","stroma1",0.466666666666667
21326,"P56_batch1","PT",0.466666666666667
21327,"P56_batch1","DCT",0.566666666666667
21328,"P56_batch1","PC",0.133333333333333
21329,"P56_batch1","Endo",0.3
21330,"P56_batch1","PT",0.4
21331,"P56_batch1","LOH",0.4
21332,"P56_batch1","NP",0.633333333333333
21333,"P56_batch1","PT",0.6
21334,"P56_batch1","LOH",0.333333333333333
21335,"P56_batch1","PT",0.4
21336,"P56_batch1","LOH",0.5
21337,"P56_batch1","IC",0.233333333333333
21338,"P56_batch1","PT",0.633333333333333
21339,"P56_batch1","PT",0.6
21340,"P56_batch1","PT",0.0666666666666667
21341,"P56_batch1","PT",0.3
21342,"P56_batch1","CNT",0.166666666666667
21343,"P56_batch1","PT",0.1
21344,"P56_batch1","stroma2",0.333333333333333
21345,"P56_batch1","Endo",0.266666666666667
21346,"P56_batch1","stroma2",0.366666666666667
21347,"P56_batch1","PT",0.366666666666667
21348,"P56_batch1","LOH",0.566666666666667
21349,"P56_batch1","PT2",0.733333333333333
21350,"P56_batch1","PT2",0.4
21351,"P56_batch1","LOH",0.3
21352,"P56_batch1","PT",0
21353,"P56_batch1","Endo",0.333333333333333
21354,"P56_batch1","PC",0.166666666666667
21355,"P56_batch1","PT2",0.733333333333333
21356,"P56_batch1","PT2",0.366666666666667
21357,"P56_batch1","PC",0.3
21358,"P56_batch1","PT",0.4
21359,"P56_batch1","PT",0.266666666666667
21360,"P56_batch1","PT",0.533333333333333
21361,"P56_batch1","PC",0.133333333333333
21362,"P56_batch1","DCT",0.4
21363,"P56_batch1","LOH",0.666666666666667
21364,"P56_batch1","Endo",0.333333333333333
21365,"P56_batch1","PT",0.4
21366,"P56_batch1","Endo",0.366666666666667
21367,"P56_batch1","DCT",0.733333333333333
21368,"P56_batch1","PT",0.566666666666667
21369,"P56_batch1","PT",0.766666666666667
21370,"P56_batch1","stroma1",0.333333333333333
21371,"P56_batch1","NP",0.466666666666667
21372,"P56_batch1","Endo",0.566666666666667
21373,"P56_batch1","NP",0.533333333333333
21374,"P56_batch1","PT2",0.666666666666667
21375,"P56_batch1","PT",0.3
21376,"P56_batch1","PT2",0.7
21377,"P56_batch1","PT",0.266666666666667
21378,"P56_batch1","PT",0.533333333333333
21379,"P56_batch1","Endo",0.533333333333333
21380,"P56_batch1","CNT",0.466666666666667
21381,"P56_batch1","PT",0.566666666666667
21382,"P56_batch1","LOH",0.4
21383,"P56_batch1","stroma2",0.633333333333333
21384,"P56_batch1","LOH",0.6
21385,"P56_batch1","stroma2",0.4
21386,"P56_batch1","immune",0.466666666666667
21387,"P56_batch1","Endo",0.3
21388,"P56_batch1","LOH",0.233333333333333
21389,"P56_batch1","LOH",0.366666666666667
21390,"P56_batch1","DCT",0.3
21391,"P56_batch1","IC",0.433333333333333
21392,"P56_batch1","PT",0.4
21393,"P56_batch1","PT",0.566666666666667
21394,"P56_batch1","LOH",0.466666666666667
21395,"P56_batch1","PT",0.433333333333333
21396,"P56_batch1","CNT",0.466666666666667
21397,"P56_batch1","Endo",0.333333333333333
21398,"P56_batch1","Endo",0.333333333333333
21399,"P56_batch1","Endo",0.466666666666667
21400,"P56_batch1","Endo",0.466666666666667
21401,"P56_batch1","PT2",0.766666666666667
21402,"P56_batch1","stroma2",0.333333333333333
21403,"P56_batch1","PT",0.266666666666667
21404,"P56_batch1","PT",0.633333333333333
21405,"P56_batch1","stroma2",0.466666666666667
21406,"P56_batch1","DCT",0.533333333333333
21407,"P56_batch1","LOH",0.266666666666667
21408,"P56_batch1","PT_out",0.366666666666667
21409,"P56_batch1","PT",0.233333333333333
21410,"P56_batch1","LOH",0.5
21411,"P56_batch1","PC",0.266666666666667
21412,"P56_batch1","PT2",0.3
21413,"P56_batch1","PT",0.533333333333333
21414,"P56_batch1","CNT",0.566666666666667
21415,"P56_batch1","CNT",0.366666666666667
21416,"P56_batch1","PT_out",0.466666666666667
21417,"P56_batch1","PT",0.533333333333333
21418,"P56_batch1","PT",0.333333333333333
21419,"P56_batch1","PT",0.333333333333333
21420,"P56_batch1","NP_LOH",0.1
21421,"P56_batch1","stroma1",0.266666666666667
21422,"P56_batch1","PT",0.3
21423,"P56_batch1","PT",0.4
21424,"P56_batch1","PT",0.7
21425,"P56_batch1","IC",0.466666666666667
21426,"P56_batch1","CNT",0.366666666666667
21427,"P56_batch1","PT",0.466666666666667
21428,"P56_batch1","LOH",0.466666666666667
21429,"P56_batch1","PT",0.4
21430,"P56_batch1","PT",0.766666666666667
21431,"P56_batch1","PT",0.733333333333333
21432,"P56_batch1","LOH",0.6
21433,"P56_batch1","PT",0.3
21434,"P56_batch1","LOH",0.466666666666667
21435,"P56_batch1","PT2",0.633333333333333
21436,"P56_batch1","PT",0.633333333333333
21437,"P56_batch1","PT",0.566666666666667
21438,"P56_batch1","PT",0.533333333333333
21439,"P56_batch1","stroma2",0.233333333333333
21440,"P56_batch1","Endo",0.266666666666667
21441,"P56_batch1","LOH",0.4
21442,"P56_batch1","IC",0.233333333333333
21443,"P56_batch1","PT",0.733333333333333
21444,"P56_batch1","PT",0.5
21445,"P56_batch1","PT2",0.433333333333333
21446,"P56_batch1","LOH",0.2
21447,"P56_batch1","Endo",0.166666666666667
21448,"P56_batch1","PT",0.433333333333333
21449,"P56_batch1","PC",0.566666666666667
21450,"P56_batch1","PT",0.366666666666667
21451,"P56_batch1","PC",0.133333333333333
21452,"P56_batch1","stroma1",0.3
21453,"P56_batch1","LOH",0.433333333333333
21454,"P56_batch1","stroma2",0.433333333333333
21455,"P56_batch1","PC",0.333333333333333
21456,"P56_batch1","LOH",0.333333333333333
21457,"P56_batch1","NP_LOH",0.333333333333333
21458,"P56_batch1","LOH",0.3
21459,"P56_batch1","CNT",0.633333333333333
21460,"P56_batch1","LOH",0.333333333333333
21461,"P56_batch1","PT",0.4
21462,"P56_batch1","LOH",0.433333333333333
21463,"P56_batch1","stroma2",0.6
21464,"P56_batch1","stroma2",0.4
21465,"P56_batch1","PC",0.233333333333333
21466,"P56_batch1","PT",0.4
21467,"P56_batch1","LOH",0.7
21468,"P56_batch1","PT",0.5
21469,"P56_batch1","PT",0.333333333333333
21470,"P56_batch1","LOH",0.4
21471,"P56_batch1","PT",0.666666666666667
21472,"P56_batch1","CNT",0.233333333333333
21473,"P56_batch1","PT",0.6
21474,"P56_batch1","LOH",0.433333333333333
21475,"P56_batch1","IC",0.466666666666667
21476,"P56_batch1","PT2",0.433333333333333
21477,"P56_batch1","PT",0.633333333333333
21478,"P56_batch1","PT2",0.533333333333333
21479,"P56_batch1","Endo",0.166666666666667
21480,"P56_batch1","IC",0.6
21481,"P56_batch1","PT",0.533333333333333
21482,"P56_batch1","Endo",0.5
21483,"P56_batch1","LOH",0.466666666666667
21484,"P56_batch1","PT",0.366666666666667
21485,"P56_batch1","PT",0.6
21486,"P56_batch1","Podo",0.3
21487,"P56_batch1","PT",0.766666666666667
21488,"P56_batch1","DCT",0.4
21489,"P56_batch1","PT2",0.466666666666667
21490,"P56_batch1","PT",0.366666666666667
21491,"P56_batch1","PT",0.8
21492,"P56_batch1","CNT",0.4
21493,"P56_batch1","LOH",0.433333333333333
21494,"P56_batch1","Endo",0.4
21495,"P56_batch1","PT",0.433333333333333
21496,"P56_batch1","LOH",0.5
21497,"P56_batch1","Endo",0.4
21498,"P56_batch1","LOH",0.466666666666667
21499,"P56_batch1","PT",0.666666666666667
21500,"P56_batch1","PT2",0.266666666666667
21501,"P56_batch1","Endo",0.433333333333333
21502,"P56_batch1","PT2",0.6
21503,"P56_batch1","PT2",0.6
21504,"P56_batch1","Endo",0.433333333333333
21505,"P56_batch1","PT",0.333333333333333
21506,"P56_batch1","PT",0.466666666666667
21507,"P56_batch1","PT",0.566666666666667
21508,"P56_batch1","PT",0.766666666666667
21509,"P56_batch1","LOH",0.4
21510,"P56_batch1","NP_LOH",0.3
21511,"P56_batch1","PC",0.433333333333333
21512,"P56_batch1","Endo",0.466666666666667
21513,"P56_batch1","CNT",0.266666666666667
21514,"P56_batch1","PT",0.366666666666667
21515,"P56_batch1","PC",0.166666666666667
21516,"P56_batch1","Podo",0
21517,"P56_batch1","NP",0.266666666666667
21518,"P56_batch1","PT2",0.333333333333333
21519,"P56_batch1","PC",0.333333333333333
21520,"P56_batch1","Endo",0.533333333333333
21521,"P56_batch1","Endo",0.2
21522,"P56_batch1","stroma1",0.7
21523,"P56_batch1","PT",0.866666666666667
21524,"P56_batch1","PT2",0.4
21525,"P56_batch1","PT",0.5
21526,"P56_batch1","PT",0.633333333333333
21527,"P56_batch1","Podo",0
21528,"P56_batch1","PT",0.633333333333333
21529,"P56_batch1","stroma2",0.4
21530,"P56_batch1","Podo",0.0666666666666667
21531,"P56_batch1","PT",0.266666666666667
21532,"P56_batch1","PT",0.733333333333333
21533,"P56_batch1","PT",0.5
21534,"P56_batch1","DCT",0.6
21535,"P56_batch1","PT",0.833333333333333
21536,"P56_batch1","NP_LOH",0.3
21537,"P56_batch1","PT",0.5
21538,"P56_batch1","PT",0.533333333333333
21539,"P56_batch1","PT2",0.3
21540,"P56_batch1","PT",0.466666666666667
21541,"P56_batch1","LOH",0.366666666666667
21542,"P56_batch1","stroma2",0.266666666666667
21543,"P56_batch1","PT",0.533333333333333
21544,"P56_batch1","stroma2",0.533333333333333
21545,"P56_batch1","LOH",0.7
21546,"P56_batch1","Endo",0.266666666666667
21547,"P56_batch1","stroma2",0.466666666666667
21548,"P56_batch1","PT2",0.6
21549,"P56_batch1","LOH",0.466666666666667
21550,"P56_batch1","PT",0.433333333333333
21551,"P56_batch1","LOH",0.6
21552,"P56_batch1","PT",0.5
21553,"P56_batch1","PT",0.5
21554,"P56_batch1","stroma1",0.5
21555,"P56_batch1","Endo",0.233333333333333
21556,"P56_batch1","PT",0.433333333333333
21557,"P56_batch1","PC",0.2
21558,"P56_batch1","PC",0.4
21559,"P56_batch1","PT",0.566666666666667
21560,"P56_batch1","IC",0.233333333333333
21561,"P56_batch1","PT",0.433333333333333
21562,"P56_batch1","PT",0.6
21563,"P56_batch1","PT2",0.233333333333333
21564,"P56_batch1","PT",0.566666666666667
21565,"P56_batch1","Endo",0.433333333333333
21566,"P56_batch1","PC",0.466666666666667
21567,"P56_batch1","PT",0.7
21568,"P56_batch1","PT",0.333333333333333
21569,"P56_batch1","stroma2",0.466666666666667
21570,"P56_batch1","NP",0.266666666666667
21571,"P56_batch1","LOH",0.466666666666667
21572,"P56_batch1","LOH",0.433333333333333
21573,"P56_batch1","Podo",0.6
21574,"P56_batch1","Endo",0.466666666666667
21575,"P56_batch1","NP",0.2
21576,"P56_batch1","stroma2",0.466666666666667
21577,"P56_batch1","PT",0.566666666666667
21578,"P56_batch1","Endo",0.4
21579,"P56_batch1","IC",0.333333333333333
21580,"P56_batch1","PT",0.4
21581,"P56_batch1","LOH",0.566666666666667
21582,"P56_batch1","LOH",0.4
21583,"P56_batch1","NP",0.633333333333333
21584,"P56_batch1","PT",0.8
21585,"P56_batch1","PC",0.566666666666667
21586,"P56_batch1","PT",0.666666666666667
21587,"P56_batch1","PT2",0.566666666666667
21588,"P56_batch1","Endo",0.3
21589,"P56_batch1","stroma2",0.2
21590,"P56_batch1","PC",0.6
21591,"P56_batch1","Endo",0.466666666666667
21592,"P56_batch1","Endo",0.266666666666667
21593,"P56_batch1","PT",0.333333333333333
21594,"P56_batch1","PT",0.733333333333333
21595,"P56_batch1","PT",0.366666666666667
21596,"P56_batch1","PT",0
21597,"P56_batch1","Endo",0.366666666666667
21598,"P56_batch1","stroma2",0.266666666666667
21599,"P56_batch1","PT",0.6
21600,"P56_batch1","PC",0.566666666666667
21601,"P56_batch1","stroma1",0.3
21602,"P56_batch1","PC",0.533333333333333
21603,"P56_batch1","Endo",0.466666666666667
21604,"P56_batch1","PT2",0.766666666666667
21605,"P56_batch1","PT2",0.6
21606,"P56_batch1","stroma2",0.166666666666667
21607,"P56_batch1","DCT",0.7
21608,"P56_batch1","NP",0.133333333333333
21609,"P56_batch1","LOH",0.466666666666667
21610,"P56_batch1","PT",0.5
21611,"P56_batch1","LOH",0.7
21612,"P56_batch1","PT2",0.666666666666667
21613,"P56_batch1","Endo",0.3
21614,"P56_batch1","CNT",0.433333333333333
21615,"P56_batch1","LOH",0.466666666666667
21616,"P56_batch1","PT",0.566666666666667
21617,"P56_batch1","PT",0.4
21618,"P56_batch1","PT",0.5
21619,"P56_batch1","PT",0.466666666666667
21620,"P56_batch1","LOH",0.5
21621,"P56_batch1","DCT",0.633333333333333
21622,"P56_batch1","stroma2",0.633333333333333
21623,"P56_batch1","PT_out",0.466666666666667
21624,"P56_batch1","PT2",0.433333333333333
21625,"P56_batch1","LOH",0.233333333333333
21626,"P56_batch1","PT",0.566666666666667
21627,"P56_batch1","LOH",0.3
21628,"P56_batch1","PT",0.433333333333333
21629,"P56_batch1","LOH",0.466666666666667
21630,"P56_batch1","PT2",0.533333333333333
21631,"P56_batch1","IC",0.633333333333333
21632,"P56_batch1","LOH",0.366666666666667
21633,"P56_batch1","NP",0.366666666666667
21634,"P56_batch1","stroma2",0.233333333333333
21635,"P56_batch1","PT",0.3
21636,"P56_batch1","PT",0.333333333333333
21637,"P56_batch1","PT",0.466666666666667
21638,"P56_batch1","PT",0.433333333333333
21639,"P56_batch1","LOH",0.366666666666667
21640,"P56_batch1","PT",0.733333333333333
21641,"P56_batch1","IC",0.1
21642,"P56_batch1","Podo",0.233333333333333
21643,"P56_batch1","immune",0.433333333333333
21644,"P56_batch1","PT",0.566666666666667
21645,"P56_batch1","LOH",0.6
21646,"P56_batch1","PT",0.466666666666667
21647,"P56_batch1","Endo",0.4
21648,"P56_batch1","Endo",0.433333333333333
21649,"P56_batch1","Endo",0.333333333333333
21650,"P56_batch1","PT",0.466666666666667
21651,"P56_batch1","PT",0.333333333333333
21652,"P56_batch1","Endo",0.3
21653,"P56_batch1","CNT",0.366666666666667
21654,"P56_batch1","stroma2",0.133333333333333
21655,"P56_batch1","LOH",0.5
21656,"P56_batch1","NP",0.533333333333333
21657,"P56_batch1","PT",0.566666666666667
21658,"P56_batch1","PC",0.3
21659,"P56_batch1","PT",0.366666666666667
21660,"P56_batch1","PT",0.7
21661,"P56_batch1","PT2",0.833333333333333
21662,"P56_batch1","PT",0.433333333333333
21663,"P56_batch1","PT",0.333333333333333
21664,"P56_batch1","PT",0.266666666666667
21665,"P56_batch1","CNT",0.466666666666667
21666,"P56_batch1","NP_LOH",0.3
21667,"P56_batch1","PT",0.6
21668,"P56_batch1","PT2",0.533333333333333
21669,"P56_batch1","PT2",0.633333333333333
21670,"P56_batch1","stroma2",0.533333333333333
21671,"P56_batch1","PT2",0.466666666666667
21672,"P56_batch1","Endo",0.233333333333333
21673,"P56_batch1","PT",0.6
21674,"P56_batch1","IC",0.566666666666667
21675,"P56_batch1","PT",0.3
21676,"P56_batch1","DCT",0.466666666666667
21677,"P56_batch1","PT",0.333333333333333
21678,"P56_batch1","CNT",0.366666666666667
21679,"P56_batch1","DCT",0.633333333333333
21680,"P56_batch1","Endo",0.433333333333333
21681,"P56_batch1","PT",0.433333333333333
21682,"P56_batch1","PC",0.833333333333333
21683,"P56_batch1","LOH",0.533333333333333
21684,"P56_batch1","PT",0.633333333333333
21685,"P56_batch1","stroma2",0.233333333333333
21686,"P56_batch1","PT_out",0.5
21687,"P56_batch1","Endo",0.333333333333333
21688,"P56_batch1","PT",0.6
21689,"P56_batch1","immune",0.166666666666667
21690,"P56_batch1","LOH",0.533333333333333
21691,"P56_batch1","LOH",0.533333333333333
21692,"P56_batch1","PT",0.633333333333333
21693,"P56_batch1","PT",0.333333333333333
21694,"P56_batch1","Endo",0.433333333333333
21695,"P56_batch1","Endo",0.2
21696,"P56_batch1","stroma2",0.466666666666667
21697,"P56_batch1","PT",0.7
21698,"P56_batch1","PT",0.6
21699,"P56_batch1","DCT",0.533333333333333
21700,"P56_batch1","IC",0.266666666666667
21701,"P56_batch1","PT",0.633333333333333
21702,"P56_batch1","PT",0.666666666666667
21703,"P56_batch1","PT",0.433333333333333
21704,"P56_batch1","PT",0.533333333333333
21705,"P56_batch1","CNT",0.166666666666667
21706,"P56_batch1","LOH",0.566666666666667
21707,"P56_batch1","Endo",0.333333333333333
21708,"P56_batch1","LOH",0.5
21709,"P56_batch1","PT",0.633333333333333
21710,"P56_batch1","PT",0.266666666666667
21711,"P56_batch1","Podo",0.2
21712,"P56_batch1","PT",0.233333333333333
21713,"P56_batch1","PT",0.6
21714,"P56_batch1","CNT",0.3
21715,"P56_batch1","stroma1",0.333333333333333
21716,"P56_batch1","stroma2",0.266666666666667
21717,"P56_batch1","stroma2",0.433333333333333
21718,"P56_batch1","PT",0.4
21719,"P56_batch1","PT",0.533333333333333
21720,"P56_batch1","PT",0.333333333333333
21721,"P56_batch1","PT",0.733333333333333
21722,"P56_batch1","PT",0.533333333333333
21723,"P56_batch1","Endo",0.266666666666667
21724,"P56_batch1","DCT",0.6
21725,"P56_batch1","immune",0.4
21726,"P56_batch1","LOH",0.266666666666667
21727,"P56_batch1","Endo",0.266666666666667
21728,"P56_batch1","PT",0.233333333333333
21729,"P56_batch1","PT",0.366666666666667
21730,"P56_batch1","Endo",0.433333333333333
21731,"P56_batch1","CNT",0.2
21732,"P56_batch1","PT2",0.7
21733,"P56_batch1","DCT",0.6
21734,"P56_batch1","PT",0.433333333333333
21735,"P56_batch1","LOH",0.3
21736,"P56_batch1","DCT",0.433333333333333
21737,"P56_batch1","DCT",0.533333333333333
21738,"P56_batch1","PT",0.3
21739,"P56_batch1","Endo",0.233333333333333
21740,"P56_batch1","LOH",0.466666666666667
21741,"P56_batch1","Endo",0.333333333333333
21742,"P56_batch1","PT",0.3
21743,"P56_batch1","IC",0.133333333333333
21744,"P56_batch1","Endo",0.333333333333333
21745,"P56_batch1","Endo",0.566666666666667
21746,"P56_batch1","PT",0.533333333333333
21747,"P56_batch1","LOH",0.4
21748,"P56_batch1","PT",0.4
21749,"P56_batch1","Podo",0
21750,"P56_batch1","PT",0.433333333333333
21751,"P56_batch1","stroma2",0.133333333333333
21752,"P56_batch1","PT",0.333333333333333
21753,"P56_batch1","NP",0.233333333333333
21754,"P56_batch1","PT",0.333333333333333
21755,"P56_batch1","LOH",0.466666666666667
21756,"P56_batch1","stroma1",0.766666666666667
21757,"P56_batch1","PT",0.4
21758,"P56_batch1","PT",0.466666666666667
21759,"P56_batch1","PT2",0.466666666666667
21760,"P56_batch1","stroma1",0.333333333333333
21761,"P56_batch1","stroma2",0.2
21762,"P56_batch1","Endo",0.433333333333333
21763,"P56_batch1","LOH",0.4
21764,"P56_batch1","PT",0.566666666666667
21765,"P56_batch1","Endo",0.366666666666667
21766,"P56_batch1","PT",0.466666666666667
21767,"P56_batch1","PT2",0.366666666666667
21768,"P56_batch1","PT",0.366666666666667
21769,"P56_batch1","PT",0.633333333333333
21770,"P56_batch1","PT2",0.366666666666667
21771,"P56_batch1","stroma2",0.233333333333333
21772,"P56_batch1","Podo",0.0666666666666667
21773,"P56_batch1","PT",0.466666666666667
21774,"P56_batch1","LOH",0.333333333333333
21775,"P56_batch1","PT",0.166666666666667
21776,"P56_batch1","NP_LOH",0.4
21777,"P56_batch1","LOH",0.366666666666667
21778,"P56_batch1","NP_LOH",0.433333333333333
21779,"P56_batch1","stroma2",0.533333333333333
21780,"P56_batch1","PT",0.366666666666667
21781,"P56_batch1","CNT",0.4
21782,"P56_batch1","PT",0.0333333333333333
21783,"P56_batch1","PT",0.333333333333333
21784,"P56_batch1","DCT",0.666666666666667
21785,"P56_batch1","Endo",0.133333333333333
21786,"P56_batch1","stroma2",0.266666666666667
21787,"P56_batch1","Endo",0.3
21788,"P56_batch1","LOH",0.466666666666667
21789,"P56_batch1","LOH",0.333333333333333
21790,"P56_batch1","PT",0.3
21791,"P56_batch1","PT2",0.6
21792,"P56_batch1","LOH",0.533333333333333
21793,"P56_batch1","PT",0.166666666666667
21794,"P56_batch1","PT",0.5
21795,"P56_batch1","Endo",0.433333333333333
21796,"P56_batch1","PT",0.366666666666667
21797,"P56_batch1","PT",0.3
21798,"P56_batch1","DCT",0.633333333333333
21799,"P56_batch1","CNT",0.433333333333333
21800,"P56_batch1","PT",0.433333333333333
21801,"P56_batch1","PT",0.533333333333333
21802,"P56_batch1","stroma2",0.5
21803,"P56_batch1","LOH",0.5
21804,"P56_batch1","PT2",0.633333333333333
21805,"P56_batch1","PT_out",0.333333333333333
21806,"P56_batch1","Podo",0.3
21807,"P56_batch1","Podo",0.433333333333333
21808,"P56_batch1","PT2",0.2
21809,"P56_batch1","PT",0.466666666666667
21810,"P56_batch1","PT",0.5
21811,"P56_batch1","PT",0.566666666666667
21812,"P56_batch1","PT",0.333333333333333
21813,"P56_batch1","PT",0.6
21814,"P56_batch1","Podo",0.1
21815,"P56_batch1","Endo",0.6
21816,"P56_batch1","stroma1",0.566666666666667
21817,"P56_batch1","PT",0.5
21818,"P56_batch1","NP_LOH",0.6
21819,"P56_batch1","LOH",0.433333333333333
21820,"P56_batch1","PT_out",0.5
21821,"P56_batch1","PC",0.133333333333333
21822,"P56_batch1","PT",0.433333333333333
21823,"P56_batch1","LOH",0.533333333333333
21824,"P56_batch1","PT",0.5
21825,"P56_batch1","PT",0.466666666666667
21826,"P56_batch1","PT",0.333333333333333
21827,"P56_batch1","IC",0.533333333333333
21828,"P56_batch1","PT",0.233333333333333
21829,"P56_batch1","PT",0.333333333333333
21830,"P56_batch1","PT",0.366666666666667
21831,"P56_batch1","PT2",0.766666666666667
21832,"P56_batch1","PT",0.4
21833,"P56_batch1","LOH",0.333333333333333
21834,"P56_batch1","PT",0.5
21835,"P56_batch1","CNT",0.566666666666667
21836,"P56_batch1","Endo",0.333333333333333
21837,"P56_batch1","LOH",0.466666666666667
21838,"P56_batch1","PT",0.4
21839,"P56_batch1","PT",0.566666666666667
21840,"P56_batch1","PT2",0.633333333333333
21841,"P56_batch1","DCT",0.766666666666667
21842,"P56_batch1","PT",0.366666666666667
21843,"P56_batch1","PC",0.333333333333333
21844,"P56_batch1","Podo",0.1
21845,"P56_batch1","Endo",0.533333333333333
21846,"P56_batch1","stroma2",0.3
21847,"P56_batch1","stroma2",0.266666666666667
21848,"P56_batch1","PT",0.5
21849,"P56_batch1","PT",0.4
21850,"P56_batch1","PT",0.566666666666667
21851,"P56_batch1","PT",0.633333333333333
21852,"P56_batch1","PT",0.6
21853,"P56_batch1","PC",0.433333333333333
21854,"P56_batch1","PT",0.333333333333333
21855,"P56_batch1","stroma2",0.533333333333333
21856,"P56_batch1","PT",0.3
21857,"P56_batch1","IC",0.533333333333333
21858,"P56_batch1","PT2",0.833333333333333
21859,"P56_batch1","DCT",0.533333333333333
21860,"P56_batch1","PT",0.2
21861,"P56_batch1","Endo",0.4
21862,"P56_batch1","stroma2",0.2
21863,"P56_batch1","PT",0.433333333333333
21864,"P56_batch1","Endo",0.233333333333333
21865,"P56_batch1","LOH",0.566666666666667
21866,"P56_batch1","PT2",0.633333333333333
21867,"P56_batch1","LOH",0.566666666666667
21868,"P56_batch1","Endo",0.533333333333333
21869,"P56_batch1","PT2",0.766666666666667
21870,"P56_batch1","LOH",0.533333333333333
21871,"P56_batch1","PC",0.266666666666667
21872,"P56_batch1","Endo",0.333333333333333
21873,"P56_batch1","PT",0.5
21874,"P56_batch1","LOH",0.4
21875,"P56_batch1","LOH",0.4
21876,"P56_batch1","LOH",0.6
21877,"P56_batch1","NP_LOH",0.166666666666667
21878,"P56_batch1","stroma2",0.233333333333333
21879,"P56_batch1","PT",0.433333333333333
21880,"P56_batch1","PT",0.4
21881,"P56_batch1","stroma2",0.333333333333333
21882,"P56_batch1","LOH",0.5
21883,"P56_batch1","Endo",0.2
21884,"P56_batch1","PT",0.466666666666667
21885,"P56_batch1","CNT",0.633333333333333
21886,"P56_batch1","PT2",0.5
21887,"P56_batch1","PC",0.733333333333333
21888,"P56_batch1","stroma2",0.1
21889,"P56_batch1","PT",0.4
21890,"P56_batch1","PT_out",0.6
21891,"P56_batch1","PT",0.466666666666667
21892,"P56_batch1","PT2",0.6
21893,"P56_batch1","PT2",0.566666666666667
21894,"P56_batch1","CNT",0.366666666666667
21895,"P56_batch1","Endo",0.433333333333333
21896,"P56_batch1","Endo",0.6
21897,"P56_batch1","PT2",0.333333333333333
21898,"P56_batch1","PC",0.433333333333333
21899,"P56_batch1","Endo",0.266666666666667
21900,"P56_batch1","CNT",0.3
21901,"P56_batch1","stroma2",0.4
21902,"P56_batch1","LOH",0.533333333333333
21903,"P56_batch1","stroma2",0.1
21904,"P56_batch1","PT2",0.533333333333333
21905,"P56_batch1","LOH",0.4
21906,"P56_batch1","NP_LOH",0.333333333333333
21907,"P56_batch1","stroma2",0.5
21908,"P56_batch1","LOH",0.433333333333333
21909,"P56_batch1","LOH",0.433333333333333
21910,"P56_batch1","IC",0.533333333333333
21911,"P56_batch1","CNT",0.5
21912,"P56_batch1","PT2",0.333333333333333
21913,"P56_batch1","LOH",0.6
21914,"P56_batch1","PT",0.633333333333333
21915,"P56_batch1","LOH",0.4
21916,"P56_batch1","PT2",0.8
21917,"P56_batch1","Endo",0.233333333333333
21918,"P56_batch1","PT",0.4
21919,"P56_batch1","LOH",0.533333333333333
21920,"P56_batch1","IC",0.5
21921,"P56_batch1","PC",0.133333333333333
21922,"P56_batch1","Endo",0.3
21923,"P56_batch1","PC",0.233333333333333
21924,"P56_batch1","Endo",0.233333333333333
21925,"P56_batch1","stroma2",0.433333333333333
21926,"P56_batch1","LOH",0.5
21927,"P56_batch1","PT",0.766666666666667
21928,"P56_batch1","Endo",0.4
21929,"P56_batch1","stroma1",0.5
21930,"P56_batch1","stroma2",0.466666666666667
21931,"P56_batch1","PT_out",0.5
21932,"P56_batch1","NP_LOH",0.1
21933,"P56_batch1","PT2",0.766666666666667
21934,"P56_batch1","Endo",0.433333333333333
21935,"P56_batch1","PC",0.3
21936,"P56_batch1","stroma2",0.266666666666667
21937,"P56_batch1","PT",0.433333333333333
21938,"P56_batch1","stroma2",0.4
21939,"P56_batch1","Podo",0
21940,"P56_batch1","PT_out",0.5
21941,"P56_batch1","PT",0.333333333333333
21942,"P56_batch1","IC",0.6
21943,"P56_batch1","PT",0.466666666666667
21944,"P56_batch1","PT",0.2
21945,"P56_batch1","IC",0.6
21946,"P56_batch1","LOH",0.433333333333333
21947,"P56_batch1","PT",0.366666666666667
21948,"P56_batch1","LOH",0.5
21949,"P56_batch1","PC",0.166666666666667
21950,"P56_batch1","Endo",0.466666666666667
21951,"P56_batch1","IC",0.633333333333333
21952,"P56_batch1","LOH",0.433333333333333
21953,"P56_batch1","LOH",0.566666666666667
21954,"P56_batch1","stroma2",0.133333333333333
21955,"P56_batch1","LOH",0.533333333333333
21956,"P56_batch1","IC",0.333333333333333
21957,"P56_batch1","PT",0.4
21958,"P56_batch1","Podo",0
21959,"P56_batch1","PT2",0.766666666666667
21960,"P56_batch1","CNT",0.433333333333333
21961,"P56_batch1","PT",0.666666666666667
21962,"P56_batch1","stroma2",0.2
21963,"P56_batch1","PT2",0.266666666666667
21964,"P56_batch1","PT",0.5
21965,"P56_batch1","PT",0.666666666666667
21966,"P56_batch1","PT",0.433333333333333
21967,"P56_batch1","Endo",0.233333333333333
21968,"P56_batch1","PT",0.266666666666667
21969,"P56_batch1","NP",0.266666666666667
21970,"P56_batch1","LOH",0.466666666666667
21971,"P56_batch1","CNT",0.566666666666667
21972,"P56_batch1","stroma2",0.433333333333333
21973,"P56_batch1","PC",0.333333333333333
21974,"P56_batch1","immune",0.4
21975,"P56_batch1","PT_out",0.333333333333333
21976,"P56_batch1","PT",0.333333333333333
21977,"P56_batch1","CNT",0.3
21978,"P56_batch1","PT",0.633333333333333
21979,"P56_batch1","LOH",0.5
21980,"P56_batch1","PT",0.3
21981,"P56_batch1","PT",0.466666666666667
21982,"P56_batch1","immune",0.833333333333333
21983,"P56_batch1","stroma2",0.333333333333333
21984,"P56_batch1","IC",0.366666666666667
21985,"P56_batch1","Endo",0.266666666666667
21986,"P56_batch1","PT",0.633333333333333
21987,"P56_batch1","LOH",0.566666666666667
21988,"P56_batch1","PT",0.533333333333333
21989,"P56_batch1","LOH",0.133333333333333
21990,"P56_batch1","PT",0.566666666666667
21991,"P56_batch1","PT",0.466666666666667
21992,"P56_batch1","LOH",0.666666666666667
21993,"P56_batch1","LOH",0.5
21994,"P56_batch1","NP_LOH",0.366666666666667
21995,"P56_batch1","IC",0.1
21996,"P56_batch1","NP",0.2
21997,"P56_batch1","PT",0.3
21998,"P56_batch1","PT2",0.533333333333333
21999,"P56_batch1","Endo",0.2
22000,"P56_batch1","PT",0.266666666666667
22001,"P56_batch1","PT",0.4
22002,"P56_batch1","Endo",0.4
22003,"P56_batch1","PT2",0.3
22004,"P56_batch1","NP",0.466666666666667
22005,"P56_batch1","PT",0.566666666666667
22006,"P56_batch1","Endo",0.266666666666667
22007,"P56_batch1","PT",0.366666666666667
22008,"P56_batch1","IC",0.266666666666667
22009,"P56_batch1","Endo",0.333333333333333
22010,"P56_batch1","LOH",0.4
22011,"P56_batch1","PT",0.566666666666667
22012,"P56_batch1","LOH",0.566666666666667
22013,"P56_batch1","PC",0.166666666666667
22014,"P56_batch1","stroma2",0.266666666666667
22015,"P56_batch1","PT",0.333333333333333
22016,"P56_batch1","LOH",0.366666666666667
22017,"P56_batch1","PT",0.4
22018,"P56_batch1","PT2",0.433333333333333
22019,"P56_batch1","PT",0.4
22020,"P56_batch1","stroma1",0.466666666666667
22021,"P56_batch1","PT",0.466666666666667
22022,"P56_batch1","PT2",0.333333333333333
22023,"P56_batch1","CNT",0.5
22024,"P56_batch1","PC",0.466666666666667
22025,"P56_batch1","PT",0.466666666666667
22026,"P56_batch1","NP",0.333333333333333
22027,"P56_batch1","DCT",0.7
22028,"P56_batch1","PT2",0.4
22029,"P56_batch1","PT",0.566666666666667
22030,"P56_batch1","PT",0.433333333333333
22031,"P56_batch1","LOH",0.533333333333333
22032,"P56_batch1","Podo",0
22033,"P56_batch1","PT",0.533333333333333
22034,"P56_batch1","NP",0.266666666666667
22035,"P56_batch1","Podo",0.3
22036,"P56_batch1","PT",0.6
22037,"P56_batch1","PT2",0.733333333333333
22038,"P56_batch1","DCT",0.733333333333333
22039,"P56_batch1","PT",0.4
22040,"P56_batch1","PT",0.5
22041,"P56_batch1","IC",0.466666666666667
22042,"P56_batch1","PT",0.233333333333333
22043,"P56_batch1","PT2",0.433333333333333
22044,"P56_batch1","PT",0.6
22045,"P56_batch1","LOH",0.333333333333333
22046,"P56_batch1","PT",0.566666666666667
22047,"P56_batch1","PT",0.6
22048,"P56_batch1","LOH",0.533333333333333
22049,"P56_batch1","IC",0.6
22050,"P56_batch1","PT",0.266666666666667
22051,"P56_batch1","PT_out",0.533333333333333
22052,"P56_batch1","PT2",0.366666666666667
22053,"P56_batch1","DCT",0.666666666666667
22054,"P56_batch1","CNT",0.466666666666667
22055,"P56_batch1","PT",0.466666666666667
22056,"P56_batch1","PT",0.566666666666667
22057,"P56_batch1","Endo",0.333333333333333
22058,"P56_batch1","PT",0.6
22059,"P56_batch1","PT",0.8
22060,"P56_batch1","LOH",0.433333333333333
22061,"P56_batch1","Podo",0
22062,"P56_batch1","LOH",0.566666666666667
22063,"P56_batch1","stroma2",0.466666666666667
22064,"P56_batch1","PT2",0.6
22065,"P56_batch1","PT",0.3
22066,"P56_batch1","CNT",0.666666666666667
22067,"P56_batch1","Endo",0.466666666666667
22068,"P56_batch1","Endo",0.433333333333333
22069,"P56_batch1","LOH",0.4
22070,"P56_batch1","immune",0.233333333333333
22071,"P56_batch1","PT",0.5
22072,"P56_batch1","PT2",0.466666666666667
22073,"P56_batch1","PT",0.7
22074,"P56_batch1","LOH",0.466666666666667
22075,"P56_batch1","PT",0.5
22076,"P56_batch1","PT",0.4
22077,"P56_batch1","Endo",0.466666666666667
22078,"P56_batch1","CNT",0.433333333333333
22079,"P56_batch1","PT",0
22080,"P56_batch1","PT",0.633333333333333
22081,"P56_batch1","LOH",0.233333333333333
22082,"P56_batch1","LOH",0.633333333333333
22083,"P56_batch1","IC",0.1
22084,"P56_batch1","PT",0.2
22085,"P56_batch1","PT2",0.733333333333333
22086,"P56_batch1","PT",0.466666666666667
22087,"P56_batch1","CNT",0.466666666666667
22088,"P56_batch1","PT",0.5
22089,"P56_batch1","PT",0.633333333333333
22090,"P56_batch1","LOH",0.6
22091,"P56_batch1","Podo",0
22092,"P56_batch1","IC",0.5
22093,"P56_batch1","PT",0.233333333333333
22094,"P56_batch1","PT",0.433333333333333
22095,"P56_batch1","CNT",0.333333333333333
22096,"P56_batch1","PT",0.566666666666667
22097,"P56_batch1","PT",0.433333333333333
22098,"P56_batch1","PT",0.433333333333333
22099,"P56_batch1","Endo",0.266666666666667
22100,"P56_batch1","Endo",0.5
22101,"P56_batch1","PT",0.3
22102,"P56_batch1","PT2",0.566666666666667
22103,"P56_batch1","LOH",0.566666666666667
22104,"P56_batch1","LOH",0.5
22105,"P56_batch1","PT",0.366666666666667
22106,"P56_batch1","PT",0.8
22107,"P56_batch1","Endo",0.566666666666667
22108,"P56_batch1","PT",0.0333333333333333
22109,"P56_batch1","PT",0.666666666666667
22110,"P56_batch1","PT",0.6
22111,"P56_batch1","immune",0.466666666666667
22112,"P56_batch1","PT",0.433333333333333
22113,"P56_batch1","PT",0.5
22114,"P56_batch1","stroma1",0.5
22115,"P56_batch1","LOH",0.366666666666667
22116,"P56_batch1","LOH",0.533333333333333
22117,"P56_batch1","PT",0.466666666666667
22118,"P56_batch1","immune",0.4
22119,"P56_batch1","Endo",0.433333333333333
22120,"P56_batch1","LOH",0.366666666666667
22121,"P56_batch1","CNT",0.433333333333333
22122,"P56_batch1","PT",0.533333333333333
22123,"P56_batch1","PC",0.533333333333333
22124,"P56_batch1","NP_LOH",0.7
22125,"P56_batch1","LOH",0.566666666666667
22126,"P56_batch1","PT",0.366666666666667
22127,"P56_batch1","Endo",0.433333333333333
22128,"P56_batch1","PT",0.533333333333333
22129,"P56_batch1","PC",0.7
22130,"P56_batch1","PT2",0.4
22131,"P56_batch1","stroma2",0.333333333333333
22132,"P56_batch1","Endo",0.266666666666667
22133,"P56_batch1","PC",0.233333333333333
22134,"P56_batch1","Podo",0.433333333333333
22135,"P56_batch1","PT",0.4
22136,"P56_batch1","LOH",0.433333333333333
22137,"P56_batch1","PT",0.366666666666667
22138,"P56_batch1","CNT",0.466666666666667
22139,"P56_batch1","CNT",0.366666666666667
22140,"P56_batch1","PT",0.333333333333333
22141,"P56_batch1","PC",0.366666666666667
22142,"P56_batch1","CNT",0.533333333333333
22143,"P56_batch1","stroma2",0.233333333333333
22144,"P56_batch1","PT2",0.166666666666667
22145,"P56_batch1","LOH",0.466666666666667
22146,"P56_batch1","NP",0.3
22147,"P56_batch1","PT2",0.366666666666667
22148,"P56_batch1","NP",0.233333333333333
22149,"P56_batch1","CNT",0.433333333333333
22150,"P56_batch1","stroma2",0.366666666666667
22151,"P56_batch1","PT",0.4
22152,"P56_batch1","stroma1",0.566666666666667
22153,"P56_batch1","Endo",0.1
22154,"P56_batch1","PT2",0.2
22155,"P56_batch1","PT",0.233333333333333
22156,"P56_batch1","IC",0.366666666666667
22157,"P56_batch1","PT",0.266666666666667
22158,"P56_batch1","PT_out",0.5
22159,"P56_batch1","PT",0.4
22160,"P56_batch1","PT2",0.533333333333333
22161,"P56_batch1","Endo",0.366666666666667
22162,"P56_batch1","PT",0.4
22163,"P56_batch1","PT2",0.8
22164,"P56_batch1","PC",0.166666666666667
22165,"P56_batch1","LOH",0.566666666666667
22166,"P56_batch1","PT",0.566666666666667
22167,"P56_batch1","PT",0.4
22168,"P56_batch1","PT2",0.6
22169,"P56_batch1","LOH",0.5
22170,"P56_batch1","Endo",0.333333333333333
22171,"P56_batch1","LOH",0.4
22172,"P56_batch1","PT",0.5
22173,"P56_batch1","IC",0.566666666666667
22174,"P56_batch1","NP",0.366666666666667
22175,"P56_batch1","PC",0.666666666666667
22176,"P56_batch1","PT",0.566666666666667
22177,"P56_batch1","IC",0.366666666666667
22178,"P56_batch1","IC",0.133333333333333
22179,"P56_batch1","PT",0.633333333333333
22180,"P56_batch1","PT2",0.433333333333333
22181,"P56_batch1","stroma2",0.466666666666667
22182,"P56_batch1","stroma1",0.6
22183,"P56_batch1","PT2",0.466666666666667
22184,"P56_batch1","PT",0.366666666666667
22185,"P56_batch1","Endo",0.466666666666667
22186,"P56_batch1","LOH",0.366666666666667
22187,"P56_batch1","PT",0.533333333333333
22188,"P56_batch1","PC",0.4
22189,"P56_batch1","LOH",0.333333333333333
22190,"P56_batch1","PT2",0.366666666666667
22191,"P56_batch1","PT",0.566666666666667
22192,"P56_batch1","PT",0.366666666666667
22193,"P56_batch1","PT",0.466666666666667
22194,"P56_batch1","PT",0.566666666666667
22195,"P56_batch1","LOH",0.5
22196,"P56_batch1","PT",0.4
22197,"P56_batch1","PT",0.8
22198,"P56_batch1","DCT",0.433333333333333
22199,"P56_batch1","PT",0.3
22200,"P56_batch1","CNT",0.266666666666667
22201,"P56_batch1","PT",0.466666666666667
22202,"P56_batch1","PT",0.433333333333333
22203,"P56_batch1","stroma2",0.466666666666667
22204,"P56_batch1","LOH",0.366666666666667
22205,"P56_batch1","DCT",0.566666666666667
22206,"P56_batch1","Podo",0.2
22207,"P56_batch1","PT",0.533333333333333
22208,"P56_batch1","PT",0.433333333333333
22209,"P56_batch1","PT",0.366666666666667
22210,"P56_batch1","LOH",0.5
22211,"P56_batch1","LOH",0.633333333333333
22212,"P56_batch1","PT2",0.433333333333333
22213,"P56_batch1","PT",0.433333333333333
22214,"P56_batch1","Podo",0.433333333333333
22215,"P56_batch1","CNT",0.4
22216,"P56_batch1","CNT",0.433333333333333
22217,"P56_batch1","LOH",0.5
22218,"P56_batch1","PT2",0.266666666666667
22219,"P56_batch1","PT",0.533333333333333
22220,"P56_batch1","PT",0.4
22221,"P56_batch1","PT",0.3
22222,"P56_batch1","Endo",0.133333333333333
22223,"P56_batch1","PC",0.3
22224,"P56_batch1","LOH",0.4
22225,"P56_batch1","PT",0.333333333333333
22226,"P56_batch1","LOH",0.433333333333333
22227,"P56_batch1","CNT",0.733333333333333
22228,"P56_batch1","DCT",0.533333333333333
22229,"P56_batch1","LOH",0.466666666666667
22230,"P56_batch1","stroma2",0.566666666666667
22231,"P56_batch1","PT",0.466666666666667
22232,"P56_batch1","LOH",0.433333333333333
22233,"P56_batch1","CNT",0.433333333333333
22234,"P56_batch1","CNT",0.4
22235,"P56_batch1","CNT",0.166666666666667
22236,"P56_batch1","LOH",0.5
22237,"P56_batch1","PT",0.4
22238,"P56_batch1","PC",0.866666666666667
22239,"P56_batch1","PC",0.4
22240,"P56_batch1","LOH",0.5
22241,"P56_batch1","PT",0.433333333333333
22242,"P56_batch1","Endo",0.166666666666667
22243,"P56_batch1","LOH",0.566666666666667
22244,"P56_batch1","NP",0.566666666666667
22245,"P56_batch1","Endo",0.333333333333333
22246,"P56_batch1","DCT",0.4
22247,"P56_batch1","LOH",0.433333333333333
22248,"P56_batch1","LOH",0.366666666666667
22249,"P56_batch1","CNT",0.166666666666667
22250,"P56_batch1","LOH",0.333333333333333
22251,"P56_batch1","PT",0.4
22252,"P56_batch1","PT2",0.4
22253,"P56_batch1","IC",0.466666666666667
22254,"P56_batch1","Endo",0.4
22255,"P56_batch1","PT2",0.466666666666667
22256,"P56_batch1","PT",0.6
22257,"P56_batch1","LOH",0.266666666666667
22258,"P56_batch1","PT",0.6
22259,"P56_batch1","PC",0.566666666666667
22260,"P56_batch1","LOH",0.366666666666667
22261,"P56_batch1","PT",0.566666666666667
22262,"P56_batch1","PT",0.566666666666667
22263,"P56_batch1","PT",0.233333333333333
22264,"P56_batch1","PT",0.4
22265,"P56_batch1","PT",0.466666666666667
22266,"P56_batch1","PT",0.5
22267,"P56_batch1","PT",0.666666666666667
22268,"P56_batch1","PT",0.333333333333333
22269,"P56_batch1","PT",0.466666666666667
22270,"P56_batch1","PT",0.433333333333333
22271,"P56_batch1","PT2",0.6
22272,"P56_batch1","PT2",0.633333333333333
22273,"P56_batch1","LOH",0.466666666666667
22274,"P56_batch1","PT",0.3
22275,"P56_batch1","stroma2",0.333333333333333
22276,"P56_batch1","Podo",0.366666666666667
22277,"P56_batch1","PT",0.4
22278,"P56_batch1","CNT",0.566666666666667
22279,"P56_batch1","Endo",0.5
22280,"P56_batch1","stroma2",0.433333333333333
22281,"P56_batch1","stroma2",0.466666666666667
22282,"P56_batch1","Endo",0.3
22283,"P56_batch1","NP",0.366666666666667
22284,"P56_batch1","DCT",0.633333333333333
22285,"P56_batch1","PT",0.333333333333333
22286,"P56_batch1","PT",0.366666666666667
22287,"P56_batch1","Podo",0.366666666666667
22288,"P56_batch1","PT",0.466666666666667
22289,"P56_batch1","IC",0.366666666666667
22290,"P56_batch1","PT2",0.5
22291,"P56_batch1","PT",0.266666666666667
22292,"P56_batch1","Endo",0.633333333333333
22293,"P56_batch1","DCT",0.733333333333333
22294,"P56_batch1","PT",0.533333333333333
22295,"P56_batch1","Endo",0.333333333333333
22296,"P56_batch1","CNT",0.4
22297,"P56_batch1","PT",0.733333333333333
22298,"P56_batch1","LOH",0.4
22299,"P56_batch1","PT",0.366666666666667
22300,"P56_batch1","PT",0.533333333333333
22301,"P56_batch1","LOH",0.4
22302,"P56_batch1","PT",0.4
22303,"P56_batch1","PC",0.2
22304,"P56_batch1","PT",0.633333333333333
22305,"P56_batch1","stroma2",0.233333333333333
22306,"P56_batch1","Endo",0.533333333333333
22307,"P56_batch1","PT",0.3
22308,"P56_batch1","PT",0.533333333333333
22309,"P56_batch1","LOH",0.466666666666667
22310,"P56_batch1","PT",0.4
22311,"P56_batch1","DCT",0.8
22312,"P56_batch1","Endo",0.5
22313,"P56_batch1","PT",0.5
22314,"P56_batch1","PT",0.366666666666667
22315,"P56_batch1","PT",0.366666666666667
22316,"P56_batch1","PT",0.333333333333333
22317,"P56_batch1","Endo",0.433333333333333
22318,"P56_batch1","IC",0.166666666666667
22319,"P56_batch1","Endo",0.166666666666667
22320,"P56_batch1","DCT",0.566666666666667
22321,"P56_batch1","CNT",0.366666666666667
22322,"P56_batch1","PT",0.766666666666667
22323,"P56_batch1","PT2",0.133333333333333
22324,"P56_batch1","PT",0.333333333333333
22325,"P56_batch1","PT",0.266666666666667
22326,"P56_batch1","DCT",0.566666666666667
22327,"P56_batch1","LOH",0.5
22328,"P56_batch1","IC",0.2
22329,"P56_batch1","immune",0.166666666666667
22330,"P56_batch1","PT",0.333333333333333
22331,"P56_batch1","PT2",0.3
22332,"P56_batch1","PT",0.466666666666667
22333,"P56_batch1","DCT",0.6
22334,"P56_batch1","PT",0.133333333333333
22335,"P56_batch1","DCT",0.6
22336,"P56_batch1","stroma2",0.1
22337,"P56_batch1","Endo",0.366666666666667
22338,"P56_batch1","LOH",0.533333333333333
22339,"P56_batch1","PT",0.266666666666667
22340,"P56_batch1","PT",0.366666666666667
22341,"P56_batch1","CNT",0.466666666666667
22342,"P56_batch1","LOH",0.466666666666667
22343,"P56_batch1","CNT",0.333333333333333
22344,"P56_batch1","DCT",0.8
22345,"P56_batch1","PT2",0.733333333333333
22346,"P56_batch1","PT2",0.6
22347,"P56_batch1","PT2",0.266666666666667
22348,"P56_batch1","PT",0.266666666666667
22349,"P56_batch1","IC",0.6
22350,"P56_batch1","PT",0.433333333333333
22351,"P56_batch1","PT",0.466666666666667
22352,"P56_batch1","LOH",0.2
22353,"P56_batch1","PT2",0.533333333333333
22354,"P56_batch1","PT",0.433333333333333
22355,"P56_batch1","PT",0.566666666666667
22356,"P56_batch1","stroma2",0.566666666666667
22357,"P56_batch1","PT",0.366666666666667
22358,"P56_batch1","PC",0.133333333333333
22359,"P56_batch1","NP",0.133333333333333
22360,"P56_batch1","Endo",0.233333333333333
22361,"P56_batch1","PC",0.366666666666667
22362,"P56_batch1","PC",0.433333333333333
22363,"P56_batch1","CNT",0.633333333333333
22364,"P56_batch1","Endo",0.5
22365,"P56_batch1","Podo",0.1
22366,"P56_batch1","PT",0.366666666666667
22367,"P56_batch1","stroma2",0.466666666666667
22368,"P56_batch1","PT",0.233333333333333
22369,"P56_batch1","Podo",0.1
22370,"P56_batch1","PT",0.533333333333333
22371,"P56_batch1","PC",0.2
22372,"P56_batch1","LOH",0.433333333333333
22373,"P56_batch1","immune",0.4
22374,"P56_batch1","NP_LOH",0.266666666666667
22375,"P56_batch1","PT",0.733333333333333
22376,"P56_batch1","LOH",0.466666666666667
22377,"P56_batch1","Endo",0.4
22378,"P56_batch1","Endo",0.3
22379,"P56_batch1","PT",0.7
22380,"P56_batch1","stroma1",0.366666666666667
22381,"P56_batch1","LOH",0.5
22382,"P56_batch1","PT",0.733333333333333
22383,"P56_batch1","IC",0.266666666666667
22384,"P56_batch1","LOH",0.366666666666667
22385,"P56_batch1","PT",0.566666666666667
22386,"P56_batch1","PC",0.133333333333333
22387,"P56_batch1","PT_out",0.5
22388,"P56_batch1","LOH",0.566666666666667
22389,"P56_batch1","stroma1",0.5
22390,"P56_batch1","stroma1",0.433333333333333
22391,"P56_batch1","LOH",0.533333333333333
22392,"P56_batch1","PT",0.466666666666667
22393,"P56_batch1","Endo",0.2
22394,"P56_batch1","stroma2",0.2
22395,"P56_batch1","PT_out",0.866666666666667
22396,"P56_batch1","LOH",0.2
22397,"P56_batch1","CNT",0.633333333333333
22398,"P56_batch1","PT2",0.533333333333333
22399,"P56_batch1","LOH",0.433333333333333
22400,"P56_batch1","PT",0.566666666666667
22401,"P56_batch1","PT",0.466666666666667
22402,"P56_batch1","PT",0.666666666666667
22403,"P56_batch1","PT",0.466666666666667
22404,"P56_batch1","PC",0.666666666666667
22405,"P56_batch1","LOH",0.466666666666667
22406,"P56_batch1","PC",0.5
22407,"P56_batch1","PT",0.266666666666667
22408,"P56_batch1","stroma2",0.666666666666667
22409,"P56_batch1","PC",0.2
22410,"P56_batch1","PT",0.533333333333333
22411,"P56_batch1","DCT",0.566666666666667
22412,"P56_batch1","Endo",0.366666666666667
22413,"P56_batch1","PT",0.666666666666667
22414,"P56_batch1","PC",0.533333333333333
22415,"P56_batch1","PT",0.366666666666667
22416,"P56_batch1","stroma2",0.4
22417,"P56_batch1","PT",0.433333333333333
22418,"P56_batch1","DCT",0.666666666666667
22419,"P56_batch1","PT",0.4
22420,"P56_batch1","PT",0.166666666666667
22421,"P56_batch1","PC",0.566666666666667
22422,"P56_batch1","Endo",0.433333333333333
22423,"P56_batch1","Endo",0.433333333333333
22424,"P56_batch1","LOH",0.466666666666667
22425,"P56_batch1","stroma2",0.5
22426,"P56_batch1","LOH",0.366666666666667
22427,"P56_batch1","PT",0.5
22428,"P56_batch1","Podo",0.366666666666667
22429,"P56_batch1","PT",0.533333333333333
22430,"P56_batch1","PT",0.533333333333333
22431,"P56_batch1","PT",0.433333333333333
22432,"P56_batch1","PT_out",0.533333333333333
22433,"P56_batch1","NP",0.133333333333333
22434,"P56_batch1","stroma2",0.333333333333333
22435,"P56_batch1","LOH",0.5
22436,"P56_batch1","PT",0.566666666666667
22437,"P56_batch1","PT",0.4
22438,"P56_batch1","PT",0.6
22439,"P56_batch1","PT2",0.433333333333333
22440,"P56_batch1","PT",0.5
22441,"P56_batch1","PT",0.6
22442,"P56_batch1","PT_out",0.466666666666667
22443,"P56_batch1","LOH",0.566666666666667
22444,"P56_batch1","Endo",0.466666666666667
22445,"P56_batch1","Endo",0.633333333333333
22446,"P56_batch1","stroma2",0.266666666666667
22447,"P56_batch1","LOH",0.433333333333333
22448,"P56_batch1","PT",0.433333333333333
22449,"P56_batch1","stroma2",0.5
22450,"P56_batch1","LOH",0.466666666666667
22451,"P56_batch1","PT",0.4
22452,"P56_batch1","DCT",0.6
22453,"P56_batch1","DCT",0.433333333333333
22454,"P56_batch1","DCT",0.566666666666667
22455,"P56_batch1","NP_LOH",0.266666666666667
22456,"P56_batch1","PT2",0.233333333333333
22457,"P56_batch1","immune",0.133333333333333
22458,"P56_batch1","PC",0.433333333333333
22459,"P56_batch1","PT",0.233333333333333
22460,"P56_batch1","PT_out",0.5
22461,"P56_batch1","NP",0.4
22462,"P56_batch1","PT",0.5
22463,"P56_batch1","Endo",0.5
22464,"P56_batch1","PT",0.633333333333333
22465,"P56_batch1","stroma2",0.6
22466,"P56_batch1","stroma1",0.466666666666667
22467,"P56_batch1","PT",0.533333333333333
22468,"P56_batch1","PT",0.3
22469,"P56_batch1","Endo",0.433333333333333
22470,"P56_batch1","PT",0.633333333333333
22471,"P56_batch1","PT",0.333333333333333
22472,"P56_batch1","PT",0.333333333333333
22473,"P56_batch1","PT",0.5
22474,"P56_batch1","PT",0.333333333333333
22475,"P56_batch1","Endo",0.533333333333333
22476,"P56_batch1","LOH",0.6
22477,"P56_batch1","PT",0.433333333333333
22478,"P56_batch1","LOH",0.6
22479,"P56_batch1","PT",0.733333333333333
22480,"P56_batch1","stroma2",0.466666666666667
22481,"P56_batch1","PT",0.5
22482,"P56_batch1","LOH",0.566666666666667
22483,"P56_batch1","DCT",0.533333333333333
22484,"P56_batch1","PT",0.7
22485,"P56_batch1","LOH",0.466666666666667
22486,"P56_batch1","PT",0.5
22487,"P56_batch1","IC",0.6
22488,"P56_batch1","stroma2",0.533333333333333
22489,"P56_batch1","PT2",0.433333333333333
22490,"P56_batch1","PT",0.433333333333333
22491,"P56_batch1","PT",0.333333333333333
22492,"P56_batch1","PT",0.666666666666667
22493,"P56_batch1","Endo",0.333333333333333
22494,"P56_batch1","PT",0.333333333333333
22495,"P56_batch1","LOH",0.3
22496,"P56_batch1","PT2",0.433333333333333
22497,"P56_batch1","PT",0.733333333333333
22498,"P56_batch1","Endo",0.566666666666667
22499,"P56_batch1","PC",0.533333333333333
22500,"P56_batch1","PT",0.366666666666667
22501,"P56_batch1","LOH",0.366666666666667
22502,"P56_batch1","Endo",0.333333333333333
22503,"P56_batch1","PT",0.333333333333333
22504,"P56_batch1","PT",0.366666666666667
22505,"P56_batch1","PT2",0.266666666666667
22506,"P56_batch1","PT",0.366666666666667
22507,"P56_batch1","CNT",0.4
22508,"P56_batch1","LOH",0.466666666666667
22509,"P56_batch1","LOH",0.533333333333333
22510,"P56_batch1","IC",0.7
22511,"P56_batch1","stroma2",0.133333333333333
22512,"P56_batch1","CNT",0.6
22513,"P56_batch1","LOH",0.533333333333333
22514,"P56_batch1","PT2",0.633333333333333
22515,"P56_batch1","PT",0.433333333333333
22516,"P56_batch1","immune",0.8
22517,"P56_batch1","PC",0.266666666666667
22518,"P56_batch1","Endo",0.466666666666667
22519,"P56_batch1","PT",0.5
22520,"P56_batch1","PT",0.366666666666667
22521,"P56_batch1","Endo",0.266666666666667
22522,"P56_batch1","PT",0.5
22523,"P56_batch1","PT",0.6
22524,"P56_batch1","stroma2",0.4
22525,"P56_batch1","stroma1",0.533333333333333
22526,"P56_batch1","Endo",0.266666666666667
22527,"P56_batch1","IC",0.433333333333333
22528,"P56_batch1","PT",0.5
22529,"P56_batch1","PT",0.233333333333333
22530,"P56_batch1","PT",0.4
22531,"P56_batch1","CNT",0.333333333333333
22532,"P56_batch1","PT",0.666666666666667
22533,"P56_batch1","LOH",0.433333333333333
22534,"P56_batch1","PT2",0.333333333333333
22535,"P56_batch1","PT",0.466666666666667
22536,"P56_batch1","immune",0.3
22537,"P56_batch1","DCT",0.566666666666667
22538,"P56_batch1","PC",0.1
22539,"P56_batch1","LOH",0.433333333333333
22540,"P56_batch1","CNT",0.466666666666667
22541,"P56_batch1","CNT",0.3
22542,"P56_batch1","LOH",0.4
22543,"P56_batch1","PT",0.433333333333333
22544,"P56_batch1","LOH",0.566666666666667
22545,"P56_batch1","NP",0.366666666666667
22546,"P56_batch1","Endo",0.4
22547,"P56_batch1","stroma2",0.1
22548,"P56_batch1","PT",0.433333333333333
22549,"P56_batch1","PT2",0.7
22550,"P56_batch1","PT",0.4
22551,"P56_batch1","PT",0.533333333333333
22552,"P56_batch1","PT",0.566666666666667
22553,"P56_batch1","stroma2",0.6
22554,"P56_batch1","PT",0.4
22555,"P56_batch1","Endo",0.133333333333333
22556,"P56_batch1","PC",0.4
22557,"P56_batch1","PT",0.5
22558,"P56_batch1","stroma2",0.4
22559,"P56_batch1","PT2",0.6
22560,"P56_batch1","PT",0.8
22561,"P56_batch1","PC",0.4
22562,"P56_batch1","PT",0.333333333333333
22563,"P56_batch1","LOH",0.433333333333333
22564,"P56_batch1","PT_out",0.5
22565,"P56_batch1","LOH",0.333333333333333
22566,"P56_batch1","PT",0.633333333333333
22567,"P56_batch1","stroma2",0.266666666666667
22568,"P56_batch1","Endo",0.433333333333333
22569,"P56_batch1","LOH",0.5
22570,"P56_batch1","CNT",0.566666666666667
22571,"P56_batch1","PT2",0.7
22572,"P56_batch1","stroma1",0.466666666666667
22573,"P56_batch1","IC",0.233333333333333
22574,"P56_batch1","LOH",0.433333333333333
22575,"P56_batch1","PT",0.333333333333333
22576,"P56_batch1","PT2",0.666666666666667
22577,"P56_batch1","PT2",0.5
22578,"P56_batch1","NP_LOH",0.433333333333333
22579,"P56_batch1","PC",0.433333333333333
22580,"P56_batch1","immune",0.166666666666667
22581,"P56_batch1","PT",0.533333333333333
22582,"P56_batch1","LOH",0.466666666666667
22583,"P56_batch1","PT",0.366666666666667
22584,"P56_batch1","NP_LOH",0.2
22585,"P56_batch1","LOH",0.433333333333333
22586,"P56_batch1","PT2",0.666666666666667
22587,"P56_batch1","PT",0.333333333333333
22588,"P56_batch1","LOH",0.5
22589,"P56_batch1","LOH",0.333333333333333
22590,"P56_batch1","PT2",0.4
22591,"P56_batch1","Endo",0.3
22592,"P56_batch1","PT",0.333333333333333
22593,"P56_batch1","PT2",0.266666666666667
22594,"P56_batch1","stroma2",0.366666666666667
22595,"P56_batch1","PT",0.566666666666667
22596,"P56_batch1","stroma2",0.166666666666667
22597,"P56_batch1","PT",0.3
22598,"P56_batch1","DCT",0.7
22599,"P56_batch1","Endo",0.466666666666667
22600,"P56_batch1","CNT",0.566666666666667
22601,"P56_batch1","PT",0.233333333333333
22602,"P56_batch1","PT2",0.633333333333333
22603,"P56_batch1","PC",0.433333333333333
22604,"P56_batch1","stroma2",0.333333333333333
22605,"P56_batch1","PT2",0.566666666666667
22606,"P56_batch1","PT2",0.4
22607,"P56_batch1","PT",0.666666666666667
22608,"P56_batch1","immune",0.266666666666667
22609,"P56_batch1","PT2",0.666666666666667
22610,"P56_batch1","PT_out",0.533333333333333
22611,"P56_batch1","PT",0.4
22612,"P56_batch1","LOH",0.266666666666667
22613,"P56_batch1","stroma2",0.366666666666667
22614,"P56_batch1","stroma2",0.466666666666667
22615,"P56_batch1","PT",0.433333333333333
22616,"P56_batch1","PT",0.566666666666667
22617,"P56_batch1","LOH",0.566666666666667
22618,"P56_batch1","LOH",0.6
22619,"P56_batch1","stroma2",0.333333333333333
22620,"P56_batch1","LOH",0.433333333333333
22621,"P56_batch1","PT",0.4
22622,"P56_batch1","PC",0.566666666666667
22623,"P56_batch1","PT",0.533333333333333
22624,"P56_batch1","Podo",0.4
22625,"P56_batch1","PT",0.433333333333333
22626,"P56_batch1","LOH",0.566666666666667
22627,"P56_batch1","PC",0.2
22628,"P56_batch1","PT2",0.466666666666667
22629,"P56_batch1","PT",0.4
22630,"P56_batch1","PT",0.466666666666667
22631,"P56_batch1","PT",0.6
22632,"P56_batch1","LOH",0.533333333333333
22633,"P56_batch1","DCT",0.533333333333333
22634,"P56_batch1","stroma2",0.433333333333333
22635,"P56_batch1","DCT",0.533333333333333
22636,"P56_batch1","PT",0.7
22637,"P56_batch1","CNT",0.166666666666667
22638,"P56_batch1","Endo",0.366666666666667
22639,"P56_batch1","PT",0.466666666666667
22640,"P56_batch1","PT",0.633333333333333
22641,"P56_batch1","PT",0.3
22642,"P56_batch1","PT",0.366666666666667
22643,"P56_batch1","PT",0.333333333333333
22644,"P56_batch1","IC",0.266666666666667
22645,"P56_batch1","PT_out",0.866666666666667
22646,"P56_batch1","DCT",0.633333333333333
22647,"P56_batch1","LOH",0.366666666666667
22648,"P56_batch1","NP",0.133333333333333
22649,"P56_batch1","stroma2",0.366666666666667
22650,"P56_batch1","stroma2",0.166666666666667
22651,"P56_batch1","PT",0.733333333333333
22652,"P56_batch1","PT2",0.633333333333333
22653,"P56_batch1","PT2",0.633333333333333
22654,"P56_batch1","LOH",0.366666666666667
22655,"P56_batch1","PT",0.266666666666667
22656,"P56_batch1","IC",0.7
22657,"P56_batch1","PT",0.5
22658,"P56_batch1","DCT",0.466666666666667
22659,"P56_batch1","PC",0.2
22660,"P56_batch1","LOH",0.433333333333333
22661,"P56_batch1","PT",0.466666666666667
22662,"P56_batch1","PT",0.5
22663,"P56_batch1","PT",0.333333333333333
22664,"P56_batch1","PT_out",0.533333333333333
22665,"P56_batch1","LOH",0.366666666666667
22666,"P56_batch1","IC",0.233333333333333
22667,"P56_batch1","LOH",0.7
22668,"P56_batch1","PT",0.433333333333333
22669,"P56_batch1","PT",0.366666666666667
22670,"P56_batch1","LOH",0.433333333333333
22671,"P56_batch1","Endo",0.333333333333333
22672,"P56_batch1","PT",0.5
22673,"P56_batch1","NP_LOH",0.433333333333333
22674,"P56_batch1","PC",0.3
22675,"P56_batch1","LOH",0.333333333333333
22676,"P56_batch1","PT",0.633333333333333
22677,"P56_batch1","immune",0.433333333333333
22678,"P56_batch1","Endo",0.266666666666667
22679,"P56_batch1","immune",0.166666666666667
22680,"P56_batch1","stroma2",0.4
22681,"P56_batch1","NP",0.3
22682,"P56_batch1","PT",0.433333333333333
22683,"P56_batch1","PT",0.366666666666667
22684,"P56_batch1","PT",0.833333333333333
22685,"P56_batch1","Endo",0.333333333333333
22686,"P56_batch1","LOH",0.633333333333333
22687,"P56_batch1","PT",0.3
22688,"P56_batch1","PT2",0.333333333333333
22689,"P56_batch1","NP_LOH",0.4
22690,"P56_batch1","LOH",0.4
22691,"P56_batch1","stroma2",0.3
22692,"P56_batch1","PT",0.5
22693,"P56_batch1","PC",0.233333333333333
22694,"P56_batch1","Endo",0.3
22695,"P56_batch1","PT2",0.466666666666667
22696,"P56_batch1","PT",0.366666666666667
22697,"P56_batch1","stroma2",0.333333333333333
22698,"P56_batch1","PT2",0.633333333333333
22699,"P56_batch1","PT",0.333333333333333
22700,"P56_batch1","stroma2",0.466666666666667
22701,"P56_batch1","PC",0.3
22702,"P56_batch1","NP_LOH",0.266666666666667
22703,"P56_batch1","PT",0.466666666666667
22704,"P56_batch1","PT",0.5
22705,"P56_batch1","PC",0.233333333333333
22706,"P56_batch1","LOH",0.6
22707,"P56_batch1","stroma2",0.4
22708,"P56_batch1","Podo",0.4
22709,"P56_batch1","CNT",0.466666666666667
22710,"P56_batch1","PT",0.366666666666667
22711,"P56_batch1","PT",0.5
22712,"P56_batch1","DCT",0.7
22713,"P56_batch1","PT",0.6
22714,"P56_batch1","PT",0.766666666666667
22715,"P56_batch1","PT2",0.366666666666667
22716,"P56_batch1","Endo",0.533333333333333
22717,"P56_batch1","PT",0.433333333333333
22718,"P56_batch1","NP_LOH",0.366666666666667
22719,"P56_batch1","Endo",0.1
22720,"P56_batch1","PT2",0.4
22721,"P56_batch1","PT",0.4
22722,"P56_batch1","DCT",0.566666666666667
22723,"P56_batch1","stroma2",0.1
22724,"P56_batch1","LOH",0.566666666666667
22725,"P56_batch1","LOH",0.566666666666667
22726,"P56_batch1","PT",0.533333333333333
22727,"P56_batch1","PT",0.233333333333333
22728,"P56_batch1","LOH",0.466666666666667
22729,"P56_batch1","PT",0.266666666666667
22730,"P56_batch1","PT2",0.766666666666667
22731,"P56_batch1","PT",0.433333333333333
22732,"P56_batch1","PT",0.5
22733,"P56_batch1","PC",0.7
22734,"P56_batch1","PT",0.766666666666667
22735,"P56_batch1","PC",0.633333333333333
22736,"P56_batch1","CNT",0.366666666666667
22737,"P56_batch1","PT_out",0.5
22738,"P56_batch1","PT",0.8
22739,"P56_batch1","PT",0.433333333333333
22740,"P56_batch1","stroma2",0.5
22741,"P56_batch1","PT",0.466666666666667
22742,"P56_batch1","DCT",0.633333333333333
22743,"P56_batch1","DCT",0.633333333333333
22744,"P56_batch1","PT",0.366666666666667
22745,"P56_batch1","PT",0.4
22746,"P56_batch1","LOH",0.433333333333333
22747,"P56_batch1","PT",0.533333333333333
22748,"P56_batch1","NP",0.166666666666667
22749,"P56_batch1","PT",0.633333333333333
22750,"P56_batch1","stroma2",0.333333333333333
22751,"P56_batch1","Endo",0.166666666666667
22752,"P56_batch1","PT2",0.6
22753,"P56_batch1","CNT",0.6
22754,"P56_batch1","LOH",0.566666666666667
22755,"P56_batch1","NP",0.433333333333333
22756,"P56_batch1","PT",0.333333333333333
22757,"P56_batch1","PT",0.6
22758,"P56_batch1","stroma2",0.333333333333333
22759,"P56_batch1","PT2",0.633333333333333
22760,"P56_batch1","PT",0.566666666666667
22761,"P56_batch1","PT_out",0.5
22762,"P56_batch1","PT",0.5
22763,"P56_batch1","PT2",0.566666666666667
22764,"P56_batch1","PT",0.3
22765,"P56_batch1","PT",0.433333333333333
22766,"P56_batch1","IC",0.266666666666667
22767,"P56_batch1","PT",0.4
22768,"P56_batch1","LOH",0.433333333333333
22769,"P56_batch1","Podo",0.333333333333333
22770,"P56_batch1","IC",0.266666666666667
22771,"P56_batch1","PT",0.7
22772,"P56_batch1","PT",0.5
22773,"P56_batch1","DCT",0.5
22774,"P56_batch1","PT",0.533333333333333
22775,"P56_batch1","PT",0.4
22776,"P56_batch1","PT",0.7
22777,"P56_batch1","stroma2",0.633333333333333
22778,"P56_batch1","PT",0.8
22779,"P56_batch1","CNT",0.4
22780,"P56_batch1","LOH",0.433333333333333
22781,"P56_batch1","Podo",0.2
22782,"P56_batch1","PT2",0.566666666666667
22783,"P56_batch1","PT",0.4
22784,"P56_batch1","PT2",0.533333333333333
22785,"P56_batch1","IC",0.233333333333333
22786,"P56_batch1","Endo",0.5
22787,"P56_batch1","CNT",0.4
22788,"P56_batch1","LOH",0.366666666666667
22789,"P56_batch1","LOH",0.5
22790,"P56_batch1","PT",0.566666666666667
22791,"P56_batch1","stroma2",0.333333333333333
22792,"P56_batch1","DCT",0.566666666666667
22793,"P56_batch1","DCT",0.7
22794,"P56_batch1","PT2",0.533333333333333
22795,"P56_batch1","stroma2",0.466666666666667
22796,"P56_batch1","stroma2",0.266666666666667
22797,"P56_batch1","PC",0.633333333333333
22798,"P56_batch1","PT",0.533333333333333
22799,"P56_batch1","PT",0.466666666666667
22800,"P56_batch1","Endo",0.466666666666667
22801,"P56_batch1","CNT",0.533333333333333
22802,"P56_batch1","Endo",0.3
22803,"P56_batch1","NP_LOH",0.266666666666667
22804,"P56_batch1","LOH",0.3
22805,"P56_batch1","LOH",0.433333333333333
22806,"P56_batch1","PT",0.533333333333333
22807,"P56_batch1","LOH",0.333333333333333
22808,"P56_batch1","PT",0.4
22809,"P56_batch1","Podo",0
22810,"P56_batch1","PT",0.433333333333333
22811,"P56_batch1","PT2",0.7
22812,"P56_batch1","LOH",0.566666666666667
22813,"P56_batch1","Podo",0
22814,"P56_batch1","NP_LOH",0.333333333333333
22815,"P56_batch1","PT2",0.8
22816,"P56_batch1","PT",0.366666666666667
22817,"P56_batch1","PT",0.4
22818,"P56_batch1","IC",0.266666666666667
22819,"P56_batch1","PT2",0.633333333333333
22820,"P56_batch1","stroma1",0.5
22821,"P56_batch1","stroma2",0.233333333333333
22822,"P56_batch1","stroma2",0.166666666666667
22823,"P56_batch1","LOH",0.4
22824,"P56_batch1","LOH",0.533333333333333
22825,"P56_batch1","PT",0.366666666666667
22826,"P56_batch1","PT",0.3
22827,"P56_batch1","stroma1",0.433333333333333
22828,"P56_batch1","PT",0.5
22829,"P56_batch1","stroma1",0.533333333333333
22830,"P56_batch1","DCT",0.566666666666667
22831,"P56_batch1","CNT",0.233333333333333
22832,"P56_batch1","PC",0.433333333333333
22833,"P56_batch1","PT",0.433333333333333
22834,"P56_batch1","PT2",0.266666666666667
22835,"P56_batch1","DCT",0.5
22836,"P56_batch1","LOH",0.3
22837,"P56_batch1","DCT",0.566666666666667
22838,"P56_batch1","PT",0.4
22839,"P56_batch1","PT",0.466666666666667
22840,"P56_batch1","IC",0.666666666666667
22841,"P56_batch1","IC",0.366666666666667
22842,"P56_batch1","CNT",0.366666666666667
22843,"P56_batch1","PT",0.466666666666667
22844,"P56_batch1","PT",0.4
22845,"P56_batch1","LOH",0.733333333333333
22846,"P56_batch1","stroma2",0.133333333333333
22847,"P56_batch1","PT",0.566666666666667
22848,"P56_batch1","PT2",0.433333333333333
22849,"P56_batch1","PT",0.4
22850,"P56_batch1","LOH",0.366666666666667
22851,"P56_batch1","PT_out",0.5
22852,"P56_batch1","PT",0.3
22853,"P56_batch1","LOH",0.333333333333333
22854,"P56_batch1","Endo",0.566666666666667
22855,"P56_batch1","PT",0.6
22856,"P56_batch1","PT",0.333333333333333
22857,"P56_batch1","PT",0.433333333333333
22858,"P56_batch1","IC",0.6
22859,"P56_batch1","PT",0.3
22860,"P56_batch1","CNT",0.466666666666667
22861,"P56_batch1","LOH",0.233333333333333
22862,"P56_batch1","PC",0.633333333333333
22863,"P56_batch1","Endo",0.3
22864,"P56_batch1","PT",0.433333333333333
22865,"P56_batch1","PT2",0.466666666666667
22866,"P56_batch1","DCT",0.433333333333333
22867,"P56_batch1","PC",0.0666666666666667
22868,"P56_batch1","PC",0.566666666666667
22869,"P56_batch1","LOH",0.6
22870,"P56_batch1","stroma1",0.533333333333333
22871,"P56_batch1","DCT",0.566666666666667
22872,"P56_batch1","DCT",0.533333333333333
22873,"P56_batch1","PC",0.466666666666667
22874,"P56_batch1","PT",0.633333333333333
22875,"P56_batch1","Endo",0.333333333333333
22876,"P56_batch1","PT",0.4
22877,"P56_batch1","PT",0.6
22878,"P56_batch1","PT2",0.366666666666667
22879,"P56_batch1","stroma1",0.5
22880,"P56_batch1","PT",0.433333333333333
22881,"P56_batch1","LOH",0.566666666666667
22882,"P56_batch1","PT",0.3
22883,"P56_batch1","PT",0.566666666666667
22884,"P56_batch1","NP",0.266666666666667
22885,"P56_batch1","LOH",0.2
22886,"P56_batch1","DCT",0.5
22887,"P56_batch1","PT",0.433333333333333
22888,"P56_batch1","PT",0.7
22889,"P56_batch1","PT",0.6
22890,"P56_batch1","CNT",0.433333333333333
22891,"P56_batch1","PT",0.366666666666667
22892,"P56_batch1","DCT",0.533333333333333
22893,"P56_batch1","PT",0.533333333333333
22894,"P56_batch1","Endo",0.366666666666667
22895,"P56_batch1","immune",0.166666666666667
22896,"P56_batch1","PT_out",0.5
22897,"P56_batch1","CNT",0.666666666666667
22898,"P56_batch1","PT",0.366666666666667
22899,"P56_batch1","Podo",0.0666666666666667
22900,"P56_batch1","PT_out",0.433333333333333
22901,"P56_batch1","PT2",0.5
22902,"P56_batch1","Endo",0.3
22903,"P56_batch1","Podo",0
22904,"P56_batch1","PT",0.466666666666667
22905,"P56_batch1","PT",0.533333333333333
22906,"P56_batch1","PT",0.233333333333333
22907,"P56_batch1","NP_LOH",0.4
22908,"P56_batch1","LOH",0.366666666666667
22909,"P56_batch1","stroma2",0.5
22910,"P56_batch1","Endo",0.566666666666667
22911,"P56_batch1","PT",0.533333333333333
22912,"P56_batch1","IC",0.266666666666667
22913,"P56_batch1","Endo",0.3
22914,"P56_batch1","PT",0.0333333333333333
22915,"P56_batch1","LOH",0.5
22916,"P56_batch1","PT",0.5
22917,"P56_batch1","PT",0.566666666666667
22918,"P56_batch1","CNT",0.333333333333333
22919,"P56_batch1","PT2",0.666666666666667
22920,"P56_batch1","PT2",0.433333333333333
22921,"P56_batch1","PC",0.5
22922,"P56_batch1","Endo",0.433333333333333
22923,"P56_batch1","stroma2",0.4
22924,"P56_batch1","PT",0.3
22925,"P56_batch1","Podo",0
22926,"P56_batch1","PT2",0.7
22927,"P56_batch1","stroma1",0.766666666666667
22928,"P56_batch1","PT",0.0333333333333333
22929,"P56_batch1","PT",0.433333333333333
22930,"P56_batch1","LOH",0.366666666666667
22931,"P56_batch1","PT",0.333333333333333
22932,"P56_batch1","PT",0.5
22933,"P56_batch1","stroma1",0.5
22934,"P56_batch1","CNT",0.333333333333333
22935,"P56_batch1","PT",0.533333333333333
22936,"P56_batch1","IC",0.366666666666667
22937,"P56_batch1","PT",0.5
22938,"P56_batch1","PT2",0.5
22939,"P56_batch1","CNT",0.766666666666667
22940,"P56_batch1","PT",0.4
22941,"P56_batch1","PT",0.366666666666667
22942,"P56_batch1","PT",0.366666666666667
22943,"P56_batch1","PC",0.4
22944,"P56_batch1","PT2",0.7
22945,"P56_batch1","PT",0.3
22946,"P56_batch1","PT2",0.3
22947,"P56_batch1","DCT",0.666666666666667
22948,"P56_batch1","PT",0.4
22949,"P56_batch1","LOH",0.433333333333333
22950,"P56_batch1","stroma1",0.466666666666667
22951,"P56_batch1","CNT",0.533333333333333
22952,"P56_batch1","PT2",0.666666666666667
22953,"P56_batch1","stroma2",0.566666666666667
22954,"P56_batch1","DCT",0.566666666666667
22955,"P56_batch1","PT2",0.633333333333333
22956,"P56_batch1","CNT",0.633333333333333
22957,"P56_batch1","PT",0.333333333333333
22958,"P56_batch1","PT",0.533333333333333
22959,"P56_batch1","PT",0.733333333333333
22960,"P56_batch1","Endo",0.533333333333333
22961,"P56_batch1","immune",0.5
22962,"P56_batch1","PT",0.666666666666667
22963,"P56_batch1","NP",0.533333333333333
22964,"P56_batch1","LOH",0.5
22965,"P56_batch1","PT",0.7
22966,"P56_batch1","LOH",0.466666666666667
22967,"P56_batch1","PT2",0.5
22968,"P56_batch1","Endo",0.2
22969,"P56_batch1","PT",0.533333333333333
22970,"P56_batch1","LOH",0.4
22971,"P56_batch1","PT",0.433333333333333
22972,"P56_batch1","LOH",0.466666666666667
22973,"P56_batch1","PC",0.333333333333333
22974,"P56_batch1","immune",0.4
22975,"P56_batch1","PT",0.6
22976,"P56_batch1","PT",0.433333333333333
22977,"P56_batch1","LOH",0.366666666666667
22978,"P56_batch1","LOH",0.4
22979,"P56_batch1","LOH",0.366666666666667
22980,"P56_batch1","PT",0.466666666666667
22981,"P56_batch1","PT_out",0.5
22982,"P56_batch1","PT",0.266666666666667
22983,"P56_batch1","PT",0.533333333333333
22984,"P56_batch1","PT",0.7
22985,"P56_batch1","PT2",0.5
22986,"P56_batch1","PT2",0.533333333333333
22987,"P56_batch1","stroma2",0.466666666666667
22988,"P56_batch1","LOH",0.333333333333333
22989,"P56_batch1","PT",0.533333333333333
22990,"P56_batch1","PT",0.433333333333333
22991,"P56_batch1","stroma2",0.466666666666667
22992,"P56_batch1","PT2",0.333333333333333
22993,"P56_batch1","Podo",0.433333333333333
22994,"P56_batch1","PC",0.366666666666667
22995,"P56_batch1","LOH",0.433333333333333
22996,"P56_batch1","PT",0.433333333333333
22997,"P56_batch1","LOH",0.566666666666667
22998,"P56_batch1","immune",0.633333333333333
22999,"P56_batch1","stroma2",0.466666666666667
23000,"P56_batch1","Endo",0.333333333333333
23001,"P56_batch1","stroma2",0.433333333333333
23002,"P56_batch1","PT",0.233333333333333
23003,"P56_batch1","PT",0.433333333333333
23004,"P56_batch1","PT2",0.366666666666667
23005,"P56_batch1","LOH",0.533333333333333
23006,"P56_batch1","DCT",0.266666666666667
23007,"P56_batch1","DCT",0.866666666666667
23008,"P56_batch1","Endo",0.5
23009,"P56_batch1","PC",0.4
23010,"P56_batch1","PT",0.5
23011,"P56_batch1","PT2",0.666666666666667
23012,"P56_batch1","PT",0.533333333333333
23013,"P56_batch1","Endo",0.333333333333333
23014,"P56_batch1","PT",0.6
23015,"P56_batch1","Podo",0.1
23016,"P56_batch1","PC",0.333333333333333
23017,"P56_batch1","Endo",0.333333333333333
23018,"P56_batch1","stroma2",0.133333333333333
23019,"P56_batch1","LOH",0.6
23020,"P56_batch1","LOH",0.466666666666667
23021,"P56_batch1","stroma2",0.2
23022,"P56_batch1","CNT",0.266666666666667
23023,"P56_batch1","PT",0.333333333333333
23024,"P56_batch1","LOH",0.366666666666667
23025,"P56_batch1","immune",0.3
23026,"P56_batch1","LOH",0.266666666666667
23027,"P56_batch1","PT",0.6
23028,"P56_batch1","PT",0.6
23029,"P56_batch1","Endo",0.366666666666667
23030,"P56_batch1","DCT",0.466666666666667
23031,"P56_batch1","DCT",0.633333333333333
23032,"P56_batch1","PT",0.433333333333333
23033,"P56_batch1","PT",0.566666666666667
23034,"P56_batch1","PT",0.5
23035,"P56_batch1","immune",0.433333333333333
23036,"P56_batch1","LOH",0.233333333333333
23037,"P56_batch1","PT",0.466666666666667
23038,"P56_batch1","Endo",0.633333333333333
23039,"P56_batch1","LOH",0.433333333333333
23040,"P56_batch1","stroma2",0.466666666666667
23041,"P56_batch1","PT2",0.733333333333333
23042,"P56_batch1","PT",0.366666666666667
23043,"P56_batch1","LOH",0.566666666666667
23044,"P56_batch1","PT",0.466666666666667
23045,"P56_batch1","PT",0.5
23046,"P56_batch1","PT",0.3
23047,"P56_batch1","stroma2",0.2
23048,"P56_batch1","PT",0.433333333333333
23049,"P56_batch1","Endo",0.433333333333333
23050,"P56_batch1","stroma2",0.3
23051,"P56_batch1","LOH",0.533333333333333
23052,"P56_batch1","PT",0.5
23053,"P56_batch1","NP",0.4
23054,"P56_batch1","NP",0.366666666666667
23055,"P56_batch1","PT",0.3
23056,"P56_batch1","PT",0.466666666666667
23057,"P56_batch1","Endo",0.3
23058,"P56_batch1","CNT",0.4
23059,"P56_batch1","stroma1",0.5
23060,"P56_batch1","PT",0.333333333333333
23061,"P56_batch1","PT",0.6
23062,"P56_batch1","PT",0.166666666666667
23063,"P56_batch1","PC",0.4
23064,"P56_batch1","Podo",0.233333333333333
23065,"P56_batch1","PT2",0.366666666666667
23066,"P56_batch1","PT",0.6
23067,"P56_batch1","NP",0.433333333333333
23068,"P56_batch1","PT",0.5
23069,"P56_batch1","PT",0.5
23070,"P56_batch1","CNT",0.133333333333333
23071,"P56_batch1","stroma2",0.1
23072,"P56_batch1","PT2",0.666666666666667
23073,"P56_batch1","IC",0.6
23074,"P56_batch1","PT2",0.4
23075,"P56_batch1","PT",0.4
23076,"P56_batch1","stroma2",0.466666666666667
23077,"P56_batch1","DCT",0.5
23078,"P56_batch1","CNT",0.366666666666667
23079,"P56_batch1","PT",0.333333333333333
23080,"P56_batch1","PT",0.633333333333333
23081,"P56_batch1","LOH",0.466666666666667
23082,"P56_batch1","DCT",0.5
23083,"P56_batch1","PT2",0.466666666666667
23084,"P56_batch1","PT",0.366666666666667
23085,"P56_batch1","LOH",0.333333333333333
23086,"P56_batch1","PT",0.3
23087,"P56_batch1","CNT",0.733333333333333
23088,"P56_batch1","LOH",0.433333333333333
23089,"P56_batch1","PT2",0.366666666666667
23090,"P56_batch1","Endo",0.433333333333333
23091,"P56_batch1","PT",0.433333333333333
23092,"P56_batch1","Podo",0
23093,"P56_batch1","PT",0.533333333333333
23094,"P56_batch1","PT2",0.533333333333333
23095,"P56_batch1","PT",0.7
23096,"P56_batch1","PC",0.566666666666667
23097,"P56_batch1","PT",0.366666666666667
23098,"P56_batch1","LOH",0.5
23099,"P56_batch1","PT_out",0.6
23100,"P56_batch1","PT",0.3
23101,"P56_batch1","PT",0.633333333333333
23102,"P56_batch1","CNT",0.433333333333333
23103,"P56_batch1","LOH",0.466666666666667
23104,"P56_batch1","PT",0.333333333333333
23105,"P56_batch1","PT",0.633333333333333
23106,"P56_batch1","stroma2",0.266666666666667
23107,"P56_batch1","IC",0.3
23108,"P56_batch1","PT",0.433333333333333
23109,"P56_batch1","PT",0.466666666666667
23110,"P56_batch1","PT",0.466666666666667
23111,"P56_batch1","DCT",0.566666666666667
23112,"P56_batch1","LOH",0.566666666666667
23113,"P56_batch1","LOH",0.233333333333333
23114,"P56_batch1","NP_LOH",0.266666666666667
23115,"P56_batch1","CNT",0.166666666666667
23116,"P56_batch1","PT",0.6
23117,"P56_batch1","PT",0.5
23118,"P56_batch1","CNT",0.733333333333333
23119,"P56_batch1","PT",0.533333333333333
23120,"P56_batch1","immune",0.433333333333333
23121,"P56_batch1","PT2",0.333333333333333
23122,"P56_batch1","LOH",0.433333333333333
23123,"P56_batch1","PT2",0.5
23124,"P56_batch1","Endo",0.233333333333333
23125,"P56_batch1","PT2",0.566666666666667
23126,"P56_batch1","Endo",0.266666666666667
23127,"P56_batch1","PT",0.366666666666667
23128,"P56_batch1","PT2",0.533333333333333
23129,"P56_batch1","LOH",0.4
23130,"P56_batch1","PT",0.533333333333333
23131,"P56_batch1","Podo",0.433333333333333
23132,"P56_batch1","DCT",0.533333333333333
23133,"P56_batch1","LOH",0.4
23134,"P56_batch1","PT",0.666666666666667
23135,"P56_batch1","PT2",0.433333333333333
23136,"P56_batch1","PT",0.433333333333333
23137,"P56_batch1","LOH",0.6
23138,"P56_batch1","DCT",0.5
23139,"P56_batch1","PT",0.4
23140,"P56_batch1","PT",0.433333333333333
23141,"P56_batch1","PT",0.766666666666667
23142,"P56_batch1","Endo",0.133333333333333
23143,"P56_batch1","PT",0.4
23144,"P56_batch1","PT_out",0.633333333333333
23145,"P56_batch1","LOH",0.4
23146,"P56_batch1","stroma2",0.266666666666667
23147,"P56_batch1","PT",0.5
23148,"P56_batch1","PT",0.466666666666667
23149,"P56_batch1","LOH",0.433333333333333
23150,"P56_batch1","Endo",0.266666666666667
23151,"P56_batch1","PT",0.6
23152,"P56_batch1","PT",0.566666666666667
23153,"P56_batch1","PT",0.5
23154,"P56_batch1","PT",0.2
23155,"P56_batch1","LOH",0.466666666666667
23156,"P56_batch1","PT",0.366666666666667
23157,"P56_batch1","stroma2",0.4
23158,"P56_batch1","LOH",0.633333333333333
23159,"P56_batch1","PT",0.333333333333333
23160,"P56_batch1","PT",0.333333333333333
23161,"P56_batch1","IC",0.266666666666667
23162,"P56_batch1","stroma2",0.733333333333333
23163,"P56_batch1","PT",0.6
23164,"P56_batch1","PT",0.4
23165,"P56_batch1","PT2",0.733333333333333
23166,"P56_batch1","stroma1",0.333333333333333
23167,"P56_batch1","Endo",0.466666666666667
23168,"P56_batch1","Endo",0.3
23169,"P56_batch1","LOH",0.366666666666667
23170,"P56_batch1","LOH",0.633333333333333
23171,"P56_batch1","CNT",0.633333333333333
23172,"P56_batch1","LOH",0.266666666666667
23173,"P56_batch1","LOH",0.4
23174,"P56_batch1","LOH",0.466666666666667
23175,"P56_batch1","CNT",0.333333333333333
23176,"P56_batch1","PT",0.4
23177,"P56_batch1","IC",0.433333333333333
23178,"P56_batch1","PT",0.333333333333333
23179,"P56_batch1","PT",0.633333333333333
23180,"P56_batch1","PT_out",0.4
23181,"P56_batch1","LOH",0.366666666666667
23182,"P56_batch1","PT",0.6
23183,"P56_batch1","PT",0.3
23184,"P56_batch1","DCT",0.8
23185,"P56_batch1","IC",0.5
23186,"P56_batch1","PC",0.333333333333333
23187,"P56_batch1","Endo",0.266666666666667
23188,"P56_batch1","Endo",0.366666666666667
23189,"P56_batch1","LOH",0.333333333333333
23190,"P56_batch1","LOH",0.5
23191,"P56_batch1","PT2",0.433333333333333
23192,"P56_batch1","Endo",0.3
23193,"P56_batch1","LOH",0.4
23194,"P56_batch1","DCT",0.366666666666667
23195,"P56_batch1","PT2",0.3
23196,"P56_batch1","PT",0.533333333333333
23197,"P56_batch1","Endo",0.5
23198,"P56_batch1","LOH",0.4
23199,"P56_batch1","Endo",0.3
23200,"P56_batch1","DCT",0.6
23201,"P56_batch1","PT2",0.633333333333333
23202,"P56_batch1","PT",0.366666666666667
23203,"P56_batch1","LOH",0.633333333333333
23204,"P56_batch1","PT",0.466666666666667
23205,"P56_batch1","LOH",0.466666666666667
23206,"P56_batch1","PT",0.333333333333333
23207,"P56_batch1","stroma2",0.4
23208,"P56_batch1","IC",0.666666666666667
23209,"P56_batch1","PT2",0.433333333333333
23210,"P56_batch1","PT",0.466666666666667
23211,"P56_batch1","Endo",0.133333333333333
23212,"P56_batch1","LOH",0.366666666666667
23213,"P56_batch1","immune",0.533333333333333
23214,"P56_batch1","LOH",0.266666666666667
23215,"P56_batch1","DCT",0.633333333333333
23216,"P56_batch1","LOH",0.766666666666667
23217,"P56_batch1","PT",0.433333333333333
23218,"P56_batch1","Endo",0.433333333333333
23219,"P56_batch1","stroma2",0.333333333333333
23220,"P56_batch1","PT",0.5
23221,"P56_batch1","PT",0.366666666666667
23222,"P56_batch1","stroma2",0.366666666666667
23223,"P56_batch1","PT2",0.266666666666667
23224,"P56_batch1","PT",0.5
23225,"P56_batch1","PT",0.633333333333333
23226,"P56_batch1","PT2",0.5
23227,"P56_batch1","PT2",0.633333333333333
23228,"P56_batch1","IC",0.3
23229,"P56_batch1","Endo",0.3
23230,"P56_batch1","CNT",0.233333333333333
23231,"P56_batch1","PT2",0.633333333333333
23232,"P56_batch1","PT",0.433333333333333
23233,"P56_batch1","LOH",0.433333333333333
23234,"P56_batch1","PT2",0.266666666666667
23235,"P56_batch1","NP",0.466666666666667
23236,"P56_batch1","Podo",0
23237,"P56_batch1","DCT",0.533333333333333
23238,"P56_batch1","PT",0.666666666666667
23239,"P56_batch1","stroma2",0.3
23240,"P56_batch1","IC",0.566666666666667
23241,"P56_batch1","LOH",0.266666666666667
23242,"P56_batch1","LOH",0.4
23243,"P56_batch1","PT2",0.833333333333333
23244,"P56_batch1","PT",0.566666666666667
23245,"P56_batch1","PT",0.5
23246,"P56_batch1","LOH",0.5
23247,"P56_batch1","PT",0.533333333333333
23248,"P56_batch1","DCT",0.533333333333333
23249,"P56_batch1","CNT",0.5
23250,"P56_batch1","PT2",0.4
23251,"P56_batch1","PT",0.333333333333333
23252,"P56_batch1","Endo",0.133333333333333
23253,"P56_batch1","PT",0.466666666666667
23254,"P56_batch1","PT",0.766666666666667
23255,"P56_batch1","LOH",0.666666666666667
23256,"P56_batch1","PT",0.6
23257,"P56_batch1","PT2",0.366666666666667
23258,"P56_batch1","CNT",0.166666666666667
23259,"P56_batch1","Endo",0.5
23260,"P56_batch1","PT_out",0.5
23261,"P56_batch1","PT",0.4
23262,"P56_batch1","PC",0.666666666666667
23263,"P56_batch1","PT",0.533333333333333
23264,"P56_batch1","stroma2",0.166666666666667
23265,"P56_batch1","PC",0.3
23266,"P56_batch1","PT",0.333333333333333
23267,"P56_batch1","Endo",0.233333333333333
23268,"P56_batch1","DCT",0.833333333333333
23269,"P56_batch1","CNT",0.9
23270,"P56_batch1","PT",0.666666666666667
23271,"P56_batch1","Endo",0.266666666666667
23272,"P56_batch1","DCT",0.533333333333333
23273,"P56_batch1","PT",0.4
23274,"P56_batch1","PT2",0.3
23275,"P56_batch1","NP_LOH",0.4
23276,"P56_batch1","Endo",0.3
23277,"P56_batch1","PT",0.3
23278,"P56_batch1","stroma2",0.5
23279,"P56_batch1","NP_LOH",0.4
23280,"P56_batch1","IC",0.3
23281,"P56_batch1","PT",0.466666666666667
23282,"P56_batch1","Endo",0.333333333333333
23283,"P56_batch1","stroma2",0.3
23284,"P56_batch1","PT",0.3
23285,"P56_batch1","PT",0.566666666666667
23286,"P56_batch1","PT",0.366666666666667
23287,"P56_batch1","PT",0.4
23288,"P56_batch1","PT",0.333333333333333
23289,"P56_batch1","stroma1",0.433333333333333
23290,"P56_batch1","DCT",0.533333333333333
23291,"P56_batch1","PT",0.4
23292,"P56_batch1","PT2",0.5
23293,"P56_batch1","LOH",0.466666666666667
23294,"P56_batch1","stroma1",0.3
23295,"P56_batch1","stroma2",0.3
23296,"P56_batch1","LOH",0.366666666666667
23297,"P56_batch1","PT",0.366666666666667
23298,"P56_batch1","stroma2",0.2
23299,"P56_batch1","PT",0.233333333333333
23300,"P56_batch1","stroma2",0.366666666666667
23301,"P56_batch1","Podo",0
23302,"P56_batch1","IC",0.3
23303,"P56_batch1","PC",0.433333333333333
23304,"P56_batch1","immune",0.566666666666667
23305,"P56_batch1","PT2",0.3
23306,"P56_batch1","PT",0.433333333333333
23307,"P56_batch1","PT2",0.566666666666667
23308,"P56_batch1","DCT",0.466666666666667
23309,"P56_batch1","CNT",0.333333333333333
23310,"P56_batch1","stroma2",0.466666666666667
23311,"P56_batch1","PT2",0.233333333333333
23312,"P56_batch1","Endo",0.366666666666667
23313,"P56_batch1","PT",0.233333333333333
23314,"P56_batch1","PT2",0.5
23315,"P56_batch1","PT",0.4
23316,"P56_batch1","PT",0.5
23317,"P56_batch1","CNT",0.366666666666667
23318,"P56_batch1","LOH",0.466666666666667
23319,"P56_batch1","PT2",0.433333333333333
23320,"P56_batch1","Endo",0.4
23321,"P56_batch1","stroma1",0.5
23322,"P56_batch1","PT",0.366666666666667
23323,"P56_batch1","PT",0.3
23324,"P56_batch1","Endo",0.7
23325,"P56_batch1","PT",0.466666666666667
23326,"P56_batch1","PT",0.6
23327,"P56_batch1","Endo",0.566666666666667
23328,"P56_batch1","PT",0.4
23329,"P56_batch1","stroma2",0.6
23330,"P56_batch1","PT",0.566666666666667
23331,"P56_batch1","PT",0
23332,"P56_batch1","PT2",0.466666666666667
23333,"P56_batch1","PT",0.433333333333333
23334,"P56_batch1","PT2",0.633333333333333
23335,"P56_batch1","PT2",0.5
23336,"P56_batch1","PT",0.366666666666667
23337,"P56_batch1","PT2",0.766666666666667
23338,"P56_batch1","LOH",0.533333333333333
23339,"P56_batch1","PT",0.2
23340,"P56_batch1","PC",0.566666666666667
23341,"P56_batch1","immune",0.6
23342,"P56_batch1","LOH",0.366666666666667
23343,"P56_batch1","PT",0.533333333333333
23344,"P56_batch1","LOH",0.466666666666667
23345,"P56_batch1","CNT",0.166666666666667
23346,"P56_batch1","stroma2",0.333333333333333
23347,"P56_batch1","LOH",0.266666666666667
23348,"P56_batch1","stroma2",0.166666666666667
23349,"P56_batch1","LOH",0.5
23350,"P56_batch1","stroma2",0.5
23351,"P56_batch1","IC",0.366666666666667
23352,"P56_batch1","PT",0.666666666666667
23353,"P56_batch1","IC",0.333333333333333
23354,"P56_batch1","stroma2",0.266666666666667
23355,"P56_batch1","PT",0.366666666666667
23356,"P56_batch1","PT",0.566666666666667
23357,"P56_batch1","PT2",0.8
23358,"P56_batch1","PT2",0.2
23359,"P56_batch1","PT",0.666666666666667
23360,"P56_batch1","PT",0.4
23361,"P56_batch1","LOH",0.766666666666667
23362,"P56_batch1","LOH",0.5
23363,"P56_batch1","PT2",0.7
23364,"P56_batch1","PT2",0.666666666666667
23365,"P56_batch1","PT2",0.466666666666667
23366,"P56_batch1","PT",0.433333333333333
23367,"P56_batch1","LOH",0.5
23368,"P56_batch1","PT",0.333333333333333
23369,"P56_batch1","Endo",0.3
23370,"P56_batch1","PT",0.433333333333333
23371,"P56_batch1","PT",0
23372,"P56_batch1","PT",0.266666666666667
23373,"P56_batch1","PT",0.433333333333333
23374,"P56_batch1","PT",0.4
23375,"P56_batch1","LOH",0.5
23376,"P56_batch1","Endo",0.4
23377,"P56_batch1","LOH",0.366666666666667
23378,"P56_batch1","LOH",0.3
23379,"P56_batch1","PT",0.5
23380,"P56_batch1","Endo",0.433333333333333
23381,"P56_batch1","LOH",0.566666666666667
23382,"P56_batch1","LOH",0.366666666666667
23383,"P56_batch1","IC",0.6
23384,"P56_batch1","PT",0.533333333333333
23385,"P56_batch1","Endo",0.3
23386,"P56_batch1","PT2",0.633333333333333
23387,"P56_batch1","PC",0.133333333333333
23388,"P56_batch1","LOH",0.4
23389,"P56_batch1","DCT",0.7
23390,"P56_batch1","PT",0.233333333333333
23391,"P56_batch1","PT",0.5
23392,"P56_batch1","Endo",0.266666666666667
23393,"P56_batch1","PC",0.466666666666667
23394,"P56_batch1","DCT",0.3
23395,"P56_batch1","PT",0.333333333333333
23396,"P56_batch1","PT",0.6
23397,"P56_batch1","PT",0.466666666666667
23398,"P56_batch1","PT",0.4
23399,"P56_batch1","PT",0.433333333333333
23400,"P56_batch1","PT",0.4
23401,"P56_batch1","PT",0.6
23402,"P56_batch1","DCT",0.533333333333333
23403,"P56_batch1","Endo",0.233333333333333
23404,"P56_batch1","PT",0.3
23405,"P56_batch1","NP_LOH",0.133333333333333
23406,"P56_batch1","PT",0
23407,"P56_batch1","LOH",0.333333333333333
23408,"P56_batch1","PT",0.366666666666667
23409,"P56_batch1","PT",0.266666666666667
23410,"P56_batch1","stroma2",0.566666666666667
23411,"P56_batch1","LOH",0.5
23412,"P56_batch1","LOH",0.333333333333333
23413,"P56_batch1","LOH",0.366666666666667
23414,"P56_batch1","PT",0.333333333333333
23415,"P56_batch1","Podo",0.366666666666667
23416,"P56_batch1","stroma2",0.433333333333333
23417,"P56_batch1","Endo",0.3
23418,"P56_batch1","PT",0.4
23419,"P56_batch1","PT",0.433333333333333
23420,"P56_batch1","DCT",0.566666666666667
23421,"P56_batch1","LOH",0.533333333333333
23422,"P56_batch1","PT",0.2
23423,"P56_batch1","PT",0.3
23424,"P56_batch1","PT",0.533333333333333
23425,"P56_batch1","PT",0.5
23426,"P56_batch1","LOH",0.466666666666667
23427,"P56_batch1","PT",0.366666666666667
23428,"P56_batch1","Endo",0.366666666666667
23429,"P56_batch1","Endo",0.166666666666667
23430,"P56_batch1","LOH",0.366666666666667
23431,"P56_batch1","PT",0.7
23432,"P56_batch1","PT",0.333333333333333
23433,"P56_batch1","LOH",0.466666666666667
23434,"P56_batch1","Endo",0.233333333333333
23435,"P56_batch1","LOH",0.366666666666667
23436,"P56_batch1","PC",0.166666666666667
23437,"P56_batch1","CNT",0.733333333333333
23438,"P56_batch1","stroma2",0.166666666666667
23439,"P56_batch1","PT2",0.833333333333333
23440,"P56_batch1","IC",0.6
23441,"P56_batch1","Podo",0.3
23442,"P56_batch1","PT",0.5
23443,"P56_batch1","LOH",0.533333333333333
23444,"P56_batch1","PT",0.4
23445,"P56_batch1","IC",0.666666666666667
23446,"P56_batch1","stroma2",0.566666666666667
23447,"P56_batch1","PT",0.433333333333333
23448,"P56_batch1","DCT",0.566666666666667
23449,"P56_batch1","PT",0.5
23450,"P56_batch1","PT",0.466666666666667
23451,"P56_batch1","immune",0.6
23452,"P56_batch1","IC",0.666666666666667
23453,"P56_batch1","LOH",0.6
23454,"P56_batch1","stroma2",0.466666666666667
23455,"P56_batch1","LOH",0.266666666666667
23456,"P56_batch1","Podo",0
23457,"P56_batch1","PT",0.366666666666667
23458,"P56_batch1","LOH",0.5
23459,"P56_batch1","PT",0.366666666666667
23460,"P56_batch1","PT",0.6
23461,"P56_batch1","DCT",0.6
23462,"P56_batch1","PT",0.666666666666667
23463,"P56_batch1","Endo",0.533333333333333
23464,"P56_batch1","PT",0.366666666666667
23465,"P56_batch1","PT2",0.5
23466,"P56_batch1","stroma2",0.233333333333333
23467,"P56_batch1","PT2",0.6
23468,"P56_batch1","PT",0.6
23469,"P56_batch1","immune",0.566666666666667
23470,"P56_batch1","PT",0.2
23471,"P56_batch1","PT",0.4
23472,"P56_batch1","Endo",0.2
23473,"P56_batch1","PT",0.4
23474,"P56_batch1","NP_LOH",0.633333333333333
23475,"P56_batch1","PT",0.7
23476,"P56_batch1","IC",0.233333333333333
23477,"P56_batch1","LOH",0.5
23478,"P56_batch1","PT",0.266666666666667
23479,"P56_batch1","PT",0.466666666666667
23480,"P56_batch1","LOH",0.366666666666667
23481,"P56_batch1","PT",0.5
23482,"P56_batch1","CNT",0.3
23483,"P56_batch1","Endo",0.3
23484,"P56_batch1","PT",0.6
23485,"P56_batch1","LOH",0.4
23486,"P56_batch1","PT2",0.7
23487,"P56_batch1","stroma2",0.633333333333333
23488,"P56_batch1","stroma2",0.166666666666667
23489,"P56_batch1","DCT",0.633333333333333
23490,"P56_batch1","PT",0.266666666666667
23491,"P56_batch1","Endo",0.433333333333333
23492,"P56_batch1","PT",0.4
23493,"P56_batch1","PT2",0.666666666666667
23494,"P56_batch1","NP_LOH",0.333333333333333
23495,"P56_batch1","PT",0.4
23496,"P56_batch1","NP",0.3
23497,"P56_batch1","PC",0.466666666666667
23498,"P56_batch1","DCT",0.766666666666667
23499,"P56_batch1","LOH",0.466666666666667
23500,"P56_batch1","stroma2",0.1
23501,"P56_batch1","PT",0.566666666666667
23502,"P56_batch1","PT2",0.266666666666667
23503,"P56_batch1","PC",0.533333333333333
23504,"P56_batch1","LOH",0.4
23505,"P56_batch1","stroma2",0.366666666666667
23506,"P56_batch1","PT",0.533333333333333
23507,"P56_batch1","PT",0
23508,"P56_batch1","CNT",0.266666666666667
23509,"P56_batch1","DCT",0.566666666666667
23510,"P56_batch1","LOH",0.5
23511,"P56_batch1","PT",0.5
23512,"P56_batch1","CNT",0.533333333333333
23513,"P56_batch1","LOH",0.4
23514,"P56_batch1","Endo",0.333333333333333
23515,"P56_batch1","LOH",0.5
23516,"P56_batch1","PT",0.6
23517,"P56_batch1","LOH",0.433333333333333
23518,"P56_batch1","immune",0.633333333333333
23519,"P56_batch1","PT",0.3
23520,"P56_batch1","LOH",0.466666666666667
23521,"P56_batch1","PT",0.433333333333333
23522,"P56_batch1","stroma2",0.5
23523,"P56_batch1","Endo",0.4
23524,"P56_batch1","Endo",0.133333333333333
23525,"P56_batch1","PC",0.366666666666667
23526,"P56_batch1","PT",0.333333333333333
23527,"P56_batch1","stroma2",0.333333333333333
23528,"P56_batch1","NP_LOH",0.766666666666667
23529,"P56_batch1","PC",0.366666666666667
23530,"P56_batch1","LOH",0.466666666666667
23531,"P56_batch1","stroma1",0.6
23532,"P56_batch1","LOH",0.466666666666667
23533,"P56_batch1","stroma2",0.666666666666667
23534,"P56_batch1","PT2",0.533333333333333
23535,"P56_batch1","CNT",0.233333333333333
23536,"P56_batch1","PT_out",0.633333333333333
23537,"P56_batch1","PT",0.366666666666667
23538,"P56_batch1","Endo",0.266666666666667
23539,"P56_batch1","LOH",0.333333333333333
23540,"P56_batch1","LOH",0.4
23541,"P56_batch1","PT",0.3
23542,"P56_batch1","PT",0.366666666666667
23543,"P56_batch1","PT",0.4
23544,"P56_batch1","PT",0.6
23545,"P56_batch1","LOH",0.433333333333333
23546,"P56_batch1","Endo",0.333333333333333
23547,"P56_batch1","LOH",0.533333333333333
23548,"P56_batch1","PT",0.433333333333333
23549,"P56_batch1","NP",0.266666666666667
23550,"P56_batch1","stroma2",0.466666666666667
23551,"P56_batch1","stroma2",0.4
23552,"P56_batch1","Endo",0.466666666666667
23553,"P56_batch1","PC",0.2
23554,"P56_batch1","LOH",0.3
23555,"P56_batch1","PT",0.233333333333333
23556,"P56_batch1","Endo",0.4
23557,"P56_batch1","LOH",0.3
23558,"P56_batch1","PT",0.5
23559,"P56_batch1","PT2",0.6
23560,"P56_batch1","PT",0.333333333333333
23561,"P56_batch1","IC",0.333333333333333
23562,"P56_batch1","LOH",0.533333333333333
23563,"P56_batch1","DCT",0.733333333333333
23564,"P56_batch1","PT2",0.4
23565,"P56_batch1","CNT",0.533333333333333
23566,"P56_batch1","PT",0.7
23567,"P56_batch1","Podo",0.333333333333333
23568,"P56_batch1","stroma2",0.1
23569,"P56_batch1","PT",0.666666666666667
23570,"P56_batch1","DCT",0.566666666666667
23571,"P56_batch1","Podo",0.4
23572,"P56_batch1","LOH",0.233333333333333
23573,"P56_batch1","PT",0.533333333333333
23574,"P56_batch1","LOH",0.566666666666667
23575,"P56_batch1","PT",0.533333333333333
23576,"P56_batch1","Endo",0.233333333333333
23577,"P56_batch1","Endo",0.366666666666667
23578,"P56_batch1","Endo",0.266666666666667
23579,"P56_batch1","PT",0.433333333333333
23580,"P56_batch1","PT",0.5
23581,"P56_batch1","PT",0.7
23582,"P56_batch1","LOH",0.466666666666667
23583,"P56_batch1","PT",0.366666666666667
23584,"P56_batch1","PT2",0.5
23585,"P56_batch1","PT",0.7
23586,"P56_batch1","stroma2",0.133333333333333
23587,"P56_batch1","PT2",0.4
23588,"P56_batch1","Endo",0.466666666666667
23589,"P56_batch1","IC",0.2
23590,"P56_batch1","PT",0.3
23591,"P56_batch1","DCT",0.566666666666667
23592,"P56_batch1","PT2",0.233333333333333
23593,"P56_batch1","PT",0.4
23594,"P56_batch1","LOH",0.266666666666667
23595,"P56_batch1","PT",0.433333333333333
23596,"P56_batch1","Podo",0.166666666666667
23597,"P56_batch1","Endo",0.5
23598,"P56_batch1","IC",0.666666666666667
23599,"P56_batch1","PT",0.3
23600,"P56_batch1","PT",0.366666666666667
23601,"P56_batch1","PT",0.533333333333333
23602,"P56_batch1","LOH",0.366666666666667
23603,"P56_batch1","PT",0.8
23604,"P56_batch1","PT",0.4
23605,"P56_batch1","IC",0.7
23606,"P56_batch1","Endo",0.366666666666667
23607,"P56_batch1","PT",0.366666666666667
23608,"P56_batch1","LOH",0.4
23609,"P56_batch1","PT",0.666666666666667
23610,"P56_batch1","stroma2",0.466666666666667
23611,"P56_batch1","LOH",0.466666666666667
23612,"P56_batch1","stroma2",0.233333333333333
23613,"P56_batch1","PC",0.5
23614,"P56_batch1","PT",0.433333333333333
23615,"P56_batch1","stroma2",0.366666666666667
23616,"P56_batch1","LOH",0.233333333333333
23617,"P56_batch1","LOH",0.5
23618,"P56_batch1","PT",0.5
23619,"P56_batch1","LOH",0.5
23620,"P56_batch1","DCT",0.466666666666667
23621,"P56_batch1","LOH",0.266666666666667
23622,"P56_batch1","stroma2",0.333333333333333
23623,"P56_batch1","Endo",0.266666666666667
23624,"P56_batch1","PT",0.6
23625,"P56_batch1","PT",0.5
23626,"P56_batch1","PT",0.633333333333333
23627,"P56_batch1","DCT",0.266666666666667
23628,"P56_batch1","PT",0.533333333333333
23629,"P56_batch1","LOH",0.533333333333333
23630,"P56_batch1","PT",0.3
23631,"P56_batch1","PT",0.466666666666667
23632,"P56_batch1","Endo",0.433333333333333
23633,"P56_batch1","PT",0.466666666666667
23634,"P56_batch1","immune",0.4
23635,"P56_batch1","stroma2",0.166666666666667
23636,"P56_batch1","PT2",0.633333333333333
23637,"P56_batch1","PT",0.333333333333333
23638,"P56_batch1","DCT",0.566666666666667
23639,"P56_batch1","LOH",0.566666666666667
23640,"P56_batch1","PT",0.6
23641,"P56_batch1","LOH",0.366666666666667
23642,"P56_batch1","stroma2",0.433333333333333
23643,"P56_batch1","LOH",0.5
23644,"P56_batch1","PT",0.3
23645,"P56_batch1","PT2",0.6
23646,"P56_batch1","Podo",0.6
23647,"P56_batch1","IC",0.433333333333333
23648,"P56_batch1","CNT",0.466666666666667
23649,"P56_batch1","PT",0.366666666666667
23650,"P56_batch1","PT",0.5
23651,"P56_batch1","LOH",0.266666666666667
23652,"P56_batch1","Endo",0.166666666666667
23653,"P56_batch1","PT2",0.233333333333333
23654,"P56_batch1","PT2",0.5
23655,"P56_batch1","PT",0.333333333333333
23656,"P56_batch1","PT",0.533333333333333
23657,"P56_batch1","PT2",0.766666666666667
23658,"P56_batch1","Podo",0.0666666666666667
23659,"P56_batch1","Endo",0.4
23660,"P56_batch1","stroma2",0.5
23661,"P56_batch1","PT",0.6
23662,"P56_batch1","CNT",0.433333333333333
23663,"P56_batch1","PT",0.366666666666667
23664,"P56_batch1","PT",0.4
23665,"P56_batch1","NP_LOH",0.333333333333333
23666,"P56_batch1","PT",0.266666666666667
23667,"P56_batch1","LOH",0.3
23668,"P56_batch1","LOH",0.666666666666667
23669,"P56_batch1","LOH",0.4
23670,"P56_batch1","PT",0.3
23671,"P56_batch1","LOH",0.233333333333333
23672,"P56_batch1","Endo",0.433333333333333
23673,"P56_batch1","IC",0.266666666666667
23674,"P56_batch1","PT2",0.366666666666667
23675,"P56_batch1","PT",0.6
23676,"P56_batch1","IC",0.133333333333333
23677,"P56_batch1","PT",0.533333333333333
23678,"P56_batch1","PT",0.333333333333333
23679,"P56_batch1","PC",0.433333333333333
23680,"P56_batch1","stroma1",0.6
23681,"P56_batch1","Podo",0.433333333333333
23682,"P56_batch1","stroma2",0.3
23683,"P56_batch1","LOH",0.366666666666667
23684,"P56_batch1","IC",0.166666666666667
23685,"P56_batch1","PT",0.566666666666667
23686,"P56_batch1","PT",0.633333333333333
23687,"P56_batch1","Endo",0.7
23688,"P56_batch1","Endo",0.366666666666667
23689,"P56_batch1","Endo",0.366666666666667
23690,"P56_batch1","stroma1",0.366666666666667
23691,"P56_batch1","CNT",0.566666666666667
23692,"P56_batch1","stroma2",0.1
23693,"P56_batch1","PT",0.233333333333333
23694,"P56_batch1","DCT",0.633333333333333
23695,"P56_batch1","PT",0.5
23696,"P56_batch1","stroma2",0.3
23697,"P56_batch1","PT2",0.533333333333333
23698,"P56_batch1","Endo",0.566666666666667
23699,"P56_batch1","PT",0.333333333333333
23700,"P56_batch1","PT",0.5
23701,"P56_batch1","IC",0.6
23702,"P56_batch1","PT",0.233333333333333
23703,"P56_batch1","DCT",0.3
23704,"P56_batch1","LOH",0.4
23705,"P56_batch1","Endo",0.333333333333333
23706,"P56_batch1","PT",0.466666666666667
23707,"P56_batch1","stroma2",0.366666666666667
23708,"P56_batch1","PT_out",0.4
23709,"P56_batch1","Podo",0
23710,"P56_batch1","PT",0.433333333333333
23711,"P56_batch1","LOH",0.5
23712,"P56_batch1","PT_out",0.533333333333333
23713,"P56_batch1","PT",0.4
23714,"P56_batch1","Endo",0.466666666666667
23715,"P56_batch1","PT",0.433333333333333
23716,"P56_batch1","PT2",0.466666666666667
23717,"P56_batch1","PT2",0.1
23718,"P56_batch1","Endo",0.333333333333333
23719,"P56_batch1","PT2",0.6
23720,"P56_batch1","Podo",0.0666666666666667
23721,"P56_batch1","LOH",0.533333333333333
23722,"P56_batch1","PT",0.4
23723,"P56_batch1","Endo",0.3
23724,"P56_batch1","PC",0.5
23725,"P56_batch1","PT",0.266666666666667
23726,"P56_batch1","IC",0.233333333333333
23727,"P56_batch1","Endo",0.166666666666667
23728,"P56_batch1","Podo",0.133333333333333
23729,"P56_batch1","PT",0.4
23730,"P56_batch1","Endo",0.366666666666667
23731,"P56_batch1","Endo",0.433333333333333
23732,"P56_batch1","PT",0.333333333333333
23733,"P56_batch1","Endo",0.433333333333333
23734,"P56_batch1","PT",0.433333333333333
23735,"P56_batch1","LOH",0.166666666666667
23736,"P56_batch1","stroma1",0.8
23737,"P56_batch1","PT",0.2
23738,"P56_batch1","PT",0.533333333333333
23739,"P56_batch1","PT",0.733333333333333
23740,"P56_batch1","PT",0.366666666666667
23741,"P56_batch1","PT",0.533333333333333
23742,"P56_batch1","LOH",0.566666666666667
23743,"P56_batch1","LOH",0.4
23744,"P56_batch1","PC",0.266666666666667
23745,"P56_batch1","stroma2",0.6
23746,"P56_batch1","LOH",0.366666666666667
23747,"P56_batch1","LOH",0.4
23748,"P56_batch1","LOH",0.6
23749,"P56_batch1","PT",0.366666666666667
23750,"P56_batch1","CNT",0.233333333333333
23751,"P56_batch1","Endo",0.4
23752,"P56_batch1","immune",0.766666666666667
23753,"P56_batch1","PT",0.4
23754,"P56_batch1","Endo",0.4
23755,"P56_batch1","LOH",0.466666666666667
23756,"P56_batch1","IC",0.6
23757,"P56_batch1","Endo",0.333333333333333
23758,"P56_batch1","Endo",0.433333333333333
23759,"P56_batch1","LOH",0.466666666666667
23760,"P56_batch1","Podo",0.133333333333333
23761,"P56_batch1","Endo",0.233333333333333
23762,"P56_batch1","LOH",0.566666666666667
23763,"P56_batch1","PT2",0.433333333333333
23764,"P56_batch1","NP",0.5
23765,"P56_batch1","PT",0.466666666666667
23766,"P56_batch1","PT2",0.2
23767,"P56_batch1","stroma2",0.466666666666667
23768,"P56_batch1","PC",0.266666666666667
23769,"P56_batch1","LOH",0.7
23770,"P56_batch1","stroma2",0.4
23771,"P56_batch1","PT",0.666666666666667
23772,"P56_batch1","Podo",0.1
23773,"P56_batch1","PT",0.366666666666667
23774,"P56_batch1","PT",0.433333333333333
23775,"P56_batch1","CNT",0.4
23776,"P56_batch1","CNT",0.166666666666667
23777,"P56_batch1","NP_LOH",0.266666666666667
23778,"P56_batch1","IC",0.433333333333333
23779,"P56_batch1","CNT",0.466666666666667
23780,"P56_batch1","PT",0.766666666666667
23781,"P56_batch1","NP_LOH",0.566666666666667
23782,"P56_batch1","stroma2",0.233333333333333
23783,"P56_batch1","PT",0.433333333333333
23784,"P56_batch1","NP",0.333333333333333
23785,"P56_batch1","PT",0.2
23786,"P56_batch1","Endo",0.266666666666667
23787,"P56_batch1","Endo",0.466666666666667
23788,"P56_batch1","stroma2",0.3
23789,"P56_batch1","PT",0.366666666666667
23790,"P56_batch1","DCT",0.6
23791,"P56_batch1","PT2",0.3
23792,"P56_batch1","stroma2",0.5
23793,"P56_batch1","stroma2",0.433333333333333
23794,"P56_batch1","PT_out",0.7
23795,"P56_batch1","PT",0.366666666666667
23796,"P56_batch1","PT",0.133333333333333
23797,"P56_batch1","PT",0.766666666666667
23798,"P56_batch1","stroma1",0.366666666666667
23799,"P56_batch1","PT2",0.533333333333333
23800,"P56_batch1","PT2",0.233333333333333
23801,"P56_batch1","PT2",0.366666666666667
23802,"P56_batch1","CNT",0.533333333333333
23803,"P56_batch1","PT",0.7
23804,"P56_batch1","PT",0.433333333333333
23805,"P56_batch1","PT",0.3
23806,"P56_batch1","PT",0.466666666666667
23807,"P56_batch1","PT",0.5
23808,"P56_batch1","LOH",0.4
23809,"P56_batch1","Endo",0.333333333333333
23810,"P56_batch1","Endo",0.433333333333333
23811,"P56_batch1","PT2",0.233333333333333
23812,"P56_batch1","Endo",0.233333333333333
23813,"P56_batch1","PC",0.566666666666667
23814,"P56_batch1","DCT",0.433333333333333
23815,"P56_batch1","PT2",0.566666666666667
23816,"P56_batch1","PT_out",0.533333333333333
23817,"P56_batch1","PT",0.666666666666667
23818,"P56_batch1","stroma2",0.466666666666667
23819,"P56_batch1","PT",0.366666666666667
23820,"P56_batch1","CNT",0.7
23821,"P56_batch1","stroma2",0.433333333333333
23822,"P56_batch1","stroma2",0.2
23823,"P56_batch1","Endo",0.266666666666667
23824,"P56_batch1","PC",0.466666666666667
23825,"P56_batch1","DCT",0.566666666666667
23826,"P56_batch1","PT2",0.5
23827,"P56_batch1","PT",0.666666666666667
23828,"P56_batch1","CNT",0.466666666666667
23829,"P56_batch1","PT2",0.166666666666667
23830,"P56_batch1","PT_out",0.533333333333333
23831,"P56_batch1","PT",0.633333333333333
23832,"P56_batch1","PT",0.766666666666667
23833,"P56_batch1","LOH",0.5
23834,"P56_batch1","Endo",0.366666666666667
23835,"P56_batch1","PT",0.566666666666667
23836,"P56_batch1","CNT",0.666666666666667
23837,"P56_batch1","LOH",0.533333333333333
23838,"P56_batch1","LOH",0.233333333333333
23839,"P56_batch1","PT",0.2
23840,"P56_batch1","Podo",0
23841,"P56_batch1","LOH",0.166666666666667
23842,"P56_batch1","PT",0.4
23843,"P56_batch1","DCT",0.633333333333333
23844,"P56_batch1","LOH",0.433333333333333
23845,"P56_batch1","PT",0.633333333333333
23846,"P56_batch1","Endo",0.366666666666667
23847,"P56_batch1","PT",0.433333333333333
23848,"P56_batch1","immune",0.4
23849,"P56_batch1","Podo",0.4
23850,"P56_batch1","LOH",0.566666666666667
23851,"P56_batch1","Endo",0.466666666666667
23852,"P56_batch1","IC",0.6
23853,"P56_batch1","PT2",0.666666666666667
23854,"P56_batch1","PT",0.333333333333333
23855,"P56_batch1","PT2",0.666666666666667
23856,"P56_batch1","LOH",0.433333333333333
23857,"P56_batch1","PT",0.533333333333333
23858,"P56_batch1","PT",0.533333333333333
23859,"P56_batch1","PT",0.333333333333333
23860,"P56_batch1","PT",0.433333333333333
23861,"P56_batch1","PT",0.266666666666667
23862,"P56_batch1","PT",0.5
23863,"P56_batch1","LOH",0.566666666666667
23864,"P56_batch1","DCT",0.7
23865,"P56_batch1","PT",0.433333333333333
23866,"P56_batch1","IC",0.7
23867,"P56_batch1","CNT",0.566666666666667
23868,"P56_batch1","Endo",0.166666666666667
23869,"P56_batch1","Endo",0.433333333333333
23870,"P56_batch1","immune",0.166666666666667
23871,"P56_batch1","Endo",0.333333333333333
23872,"P56_batch1","PT",0.266666666666667
23873,"P56_batch1","PT",0.3
23874,"P56_batch1","LOH",0.233333333333333
23875,"P56_batch1","stroma2",0.233333333333333
23876,"P56_batch1","PT",0.566666666666667
23877,"P56_batch1","PT",0.4
23878,"P56_batch1","LOH",0.3
23879,"P56_batch1","NP_LOH",0.366666666666667
23880,"P56_batch1","DCT",0.7
23881,"P56_batch1","DCT",0.5
23882,"P56_batch1","PT",0.666666666666667
23883,"P56_batch1","LOH",0.5
23884,"P56_batch1","stroma1",0.466666666666667
23885,"P56_batch1","PT2",0.333333333333333
23886,"P56_batch1","LOH",0.433333333333333
23887,"P56_batch1","IC",0.2
23888,"P56_batch1","stroma1",0.666666666666667
23889,"P56_batch1","PT",0.6
23890,"P56_batch1","LOH",0.466666666666667
23891,"P56_batch1","PT",0.433333333333333
23892,"P56_batch1","PT",0.366666666666667
23893,"P56_batch1","PT",0.3
23894,"P56_batch1","stroma2",0.233333333333333
23895,"P56_batch1","LOH",0.666666666666667
23896,"P56_batch1","PT",0.5
23897,"P56_batch1","Endo",0.4
23898,"P56_batch1","PT",0.566666666666667
23899,"P56_batch1","DCT",0.5
23900,"P56_batch1","PT",0.633333333333333
23901,"P56_batch1","PT2",0.4
23902,"P56_batch1","PT",0.666666666666667
23903,"P56_batch1","PT",0.6
23904,"P56_batch1","PT2",0.5
23905,"P56_batch1","LOH",0.266666666666667
23906,"P56_batch1","immune",0.366666666666667
23907,"P56_batch1","LOH",0.366666666666667
23908,"P56_batch1","PT",0.4
23909,"P56_batch1","LOH",0.533333333333333
23910,"P56_batch1","PT",0.366666666666667
23911,"P56_batch1","PT2",0.6
23912,"P56_batch1","PT",0.333333333333333
23913,"P56_batch1","CNT",0.166666666666667
23914,"P56_batch1","LOH",0.533333333333333
23915,"P56_batch1","Endo",0.3
23916,"P56_batch1","PT",0.466666666666667
23917,"P56_batch1","LOH",0.766666666666667
23918,"P56_batch1","IC",0.666666666666667
23919,"P56_batch1","stroma2",0.266666666666667
23920,"P56_batch1","LOH",0.5
23921,"P56_batch1","LOH",0.466666666666667
23922,"P56_batch1","Endo",0.5
23923,"P56_batch1","PT",0.4
23924,"P56_batch1","stroma1",0.266666666666667
23925,"P56_batch1","LOH",0.366666666666667
23926,"P56_batch1","PT2",0.6
23927,"P56_batch1","Endo",0.5
23928,"P56_batch1","stroma1",0.8
23929,"P56_batch1","PT",0.433333333333333
23930,"P56_batch1","Endo",0.433333333333333
23931,"P56_batch1","LOH",0.633333333333333
23932,"P56_batch1","stroma2",0.4
23933,"P56_batch1","CNT",0.3
23934,"P56_batch1","LOH",0.466666666666667
23935,"P56_batch1","PT2",0.533333333333333
23936,"P56_batch1","stroma2",0.166666666666667
23937,"P56_batch1","PC",0.566666666666667
23938,"P56_batch1","PT",0.4
23939,"P56_batch1","CNT",0.466666666666667
23940,"P56_batch1","PT",0.6
23941,"P56_batch1","PC",0.366666666666667
23942,"P56_batch1","PT",0.733333333333333
23943,"P56_batch1","PT",0.366666666666667
23944,"P56_batch1","PT",0.733333333333333
23945,"P56_batch1","DCT",0.233333333333333
23946,"P56_batch1","Endo",0.266666666666667
23947,"P56_batch1","PT",0.6
23948,"P56_batch1","Endo",0.266666666666667
23949,"P56_batch1","PT",0.533333333333333
23950,"P56_batch1","PT",0.266666666666667
23951,"P56_batch1","Endo",0.333333333333333
23952,"P56_batch1","LOH",0.5
23953,"P56_batch1","stroma2",0.133333333333333
23954,"P56_batch1","PT",0.8
23955,"P56_batch1","PT2",0.733333333333333
23956,"P56_batch1","stroma1",0.7
23957,"P56_batch1","PT2",0.433333333333333
23958,"P56_batch1","Endo",0.3
23959,"P56_batch1","stroma2",0.4
23960,"P56_batch1","Endo",0.266666666666667
23961,"P56_batch1","PT",0.4
23962,"P56_batch1","LOH",0.6
23963,"P56_batch1","stroma2",0.4
23964,"P56_batch1","PT",0.733333333333333
23965,"P56_batch1","PT",0.566666666666667
23966,"P56_batch1","NP",0.266666666666667
23967,"P56_batch1","PT",0.566666666666667
23968,"P56_batch1","CNT",0.766666666666667
23969,"P56_batch1","PT",0.366666666666667
23970,"P56_batch1","stroma2",0.3
23971,"P56_batch1","PC",0.7
23972,"P56_batch1","LOH",0.466666666666667
23973,"P56_batch1","LOH",0.466666666666667
23974,"P56_batch1","PT",0.333333333333333
23975,"P56_batch1","stroma2",0.5
23976,"P56_batch1","PT",0.366666666666667
23977,"P56_batch1","PT",0.466666666666667
23978,"P56_batch1","PT",0.4
23979,"P56_batch1","stroma2",0.433333333333333
23980,"P56_batch1","PT",0.366666666666667
23981,"P56_batch1","stroma1",0.466666666666667
23982,"P56_batch1","PT2",0.266666666666667
23983,"P56_batch1","PT",0.466666666666667
23984,"P56_batch1","DCT",0.533333333333333
23985,"P56_batch1","PT",0.6
23986,"P56_batch1","PT",0.366666666666667
23987,"P56_batch1","Endo",0.566666666666667
23988,"P56_batch1","NP_LOH",0.5
23989,"P56_batch1","Endo",0.366666666666667
23990,"P56_batch1","Endo",0.433333333333333
23991,"P56_batch1","CNT",0.433333333333333
23992,"P56_batch1","PT",0.566666666666667
23993,"P56_batch1","LOH",0.466666666666667
23994,"P56_batch1","IC",0.366666666666667
23995,"P56_batch1","PT2",0.666666666666667
23996,"P56_batch1","PT",0.6
23997,"P56_batch1","stroma1",0.766666666666667
23998,"P56_batch1","Endo",0.266666666666667
23999,"P56_batch1","CNT",0.4
24000,"P56_batch1","LOH",0.466666666666667
24001,"P56_batch1","DCT",0.633333333333333
24002,"P56_batch1","NP_LOH",0.266666666666667
24003,"P56_batch1","PT",0.466666666666667
24004,"P56_batch1","LOH",0.5
24005,"P56_batch1","Endo",0.4
24006,"P56_batch1","PT",0.333333333333333
24007,"P56_batch1","PT2",0.333333333333333
24008,"P56_batch1","LOH",0.433333333333333
24009,"P56_batch1","CNT",0.166666666666667
24010,"P56_batch1","PT",0.566666666666667
24011,"P56_batch1","NP_LOH",0.4
24012,"P56_batch1","PC",0.433333333333333
24013,"P56_batch1","Endo",0.566666666666667
24014,"P56_batch1","CNT",0.566666666666667
24015,"P56_batch1","LOH",0.366666666666667
24016,"P56_batch1","Endo",0.2
24017,"P56_batch1","PT",0
24018,"P56_batch1","PT_out",0.533333333333333
24019,"P56_batch1","PT",0.466666666666667
24020,"P56_batch1","PC",0.466666666666667
24021,"P56_batch1","NP",0.433333333333333
24022,"P56_batch1","PC",0.433333333333333
24023,"P56_batch1","Endo",0.3
24024,"P56_batch1","Endo",0.366666666666667
24025,"P56_batch1","Endo",0.466666666666667
24026,"P56_batch1","PT",0.466666666666667
24027,"P56_batch1","LOH",0.666666666666667
24028,"P56_batch1","stroma2",0.3
24029,"P56_batch1","PT",0.233333333333333
24030,"P56_batch1","PT",0.233333333333333
24031,"P56_batch1","Endo",0.3
24032,"P56_batch1","PT",0.7
24033,"P56_batch1","DCT",0.566666666666667
24034,"P56_batch1","PT",0.433333333333333
24035,"P56_batch1","Endo",0.533333333333333
24036,"P56_batch1","IC",0.3
24037,"P56_batch1","Endo",0.4
24038,"P56_batch1","stroma2",0.166666666666667
24039,"P56_batch1","LOH",0.533333333333333
24040,"P56_batch1","LOH",0.533333333333333
24041,"P56_batch1","stroma2",0.533333333333333
24042,"P56_batch1","PT2",0.5
24043,"P56_batch1","PT2",0.466666666666667
24044,"P56_batch1","PT2",0.466666666666667
24045,"P56_batch1","Podo",0
24046,"P56_batch1","PC",0.633333333333333
24047,"P56_batch1","LOH",0.466666666666667
24048,"P56_batch1","PT_out",0.766666666666667
24049,"P56_batch1","NP_LOH",0.466666666666667
24050,"P56_batch1","stroma2",0.666666666666667
24051,"P56_batch1","PT",0.6
24052,"P56_batch1","Endo",0.266666666666667
24053,"P56_batch1","Endo",0.366666666666667
24054,"P56_batch1","PT",0.533333333333333
24055,"P56_batch1","LOH",0.533333333333333
24056,"P56_batch1","PT",0.366666666666667
24057,"P56_batch1","PT",0.4
24058,"P56_batch1","stroma2",0.366666666666667
24059,"P56_batch1","PT",0.3
24060,"P56_batch1","PT2",0.666666666666667
24061,"P56_batch1","stroma2",0.333333333333333
24062,"P56_batch1","PT",0.766666666666667
24063,"P56_batch1","PC",0.2
24064,"P56_batch1","PT",0.3
24065,"P56_batch1","LOH",0.466666666666667
24066,"P56_batch1","PT",0.466666666666667
24067,"P56_batch1","PT2",0.4
24068,"P56_batch1","PT",0.633333333333333
24069,"P56_batch1","LOH",0.4
24070,"P56_batch1","DCT",0.566666666666667
24071,"P56_batch1","Endo",0.5
24072,"P56_batch1","PT2",0.366666666666667
24073,"P56_batch1","PT",0.433333333333333
24074,"P56_batch1","Endo",0.166666666666667
24075,"P56_batch1","PT2",0.7
24076,"P56_batch1","Endo",0.433333333333333
24077,"P56_batch1","DCT",0.566666666666667
24078,"P56_batch1","PT",0.433333333333333
24079,"P56_batch1","PT2",0.533333333333333
24080,"P56_batch1","DCT",0.633333333333333
24081,"P56_batch1","PT",0.233333333333333
24082,"P56_batch1","PT2",0.4
24083,"P56_batch1","LOH",0.433333333333333
24084,"P56_batch1","NP_LOH",0.366666666666667
24085,"P56_batch1","IC",0.366666666666667
24086,"P56_batch1","CNT",0.8
24087,"P56_batch1","PT2",0.5
24088,"P56_batch1","stroma2",0.433333333333333
24089,"P56_batch1","PT",0.366666666666667
24090,"P56_batch1","PT",0.533333333333333
24091,"P56_batch1","Endo",0.466666666666667
24092,"P56_batch1","PT",0.366666666666667
24093,"P56_batch1","LOH",0.3
24094,"P56_batch1","PC",0.166666666666667
24095,"P56_batch1","LOH",0.5
24096,"P56_batch1","PT",0.533333333333333
24097,"P56_batch1","PT",0.533333333333333
24098,"P56_batch1","Endo",0.366666666666667
24099,"P56_batch1","LOH",0.466666666666667
24100,"P56_batch1","PT2",0.333333333333333
24101,"P56_batch1","PT",0.533333333333333
24102,"P56_batch1","stroma2",0.2
24103,"P56_batch1","LOH",0.466666666666667
24104,"P56_batch1","LOH",0.5
24105,"P56_batch1","DCT",0.6
24106,"P56_batch1","LOH",0.533333333333333
24107,"P56_batch1","PT",0.733333333333333
24108,"P56_batch1","LOH",0.433333333333333
24109,"P56_batch1","CNT",0.5
24110,"P56_batch1","CNT",0.433333333333333
24111,"P56_batch1","PT",0.366666666666667
24112,"P56_batch1","PT",0.4
24113,"P56_batch1","PT",0.4
24114,"P56_batch1","Endo",0.3
24115,"P56_batch1","PC",0.366666666666667
24116,"P56_batch1","LOH",0.6
24117,"P56_batch1","immune",0.633333333333333
24118,"P56_batch1","PT",0.266666666666667
24119,"P56_batch1","LOH",0.466666666666667
24120,"P56_batch1","PT",0.333333333333333
24121,"P56_batch1","PT",0.466666666666667
24122,"P56_batch1","PT",0.566666666666667
24123,"P56_batch1","IC",0.166666666666667
24124,"P56_batch1","stroma2",0.533333333333333
24125,"P56_batch1","PT_out",0.533333333333333
24126,"P56_batch1","LOH",0.4
24127,"P56_batch1","PT2",0.533333333333333
24128,"P56_batch1","stroma2",0.2
24129,"P56_batch1","PT",0.4
24130,"P56_batch1","Podo",0
24131,"P56_batch1","immune",0.166666666666667
24132,"P56_batch1","PT",0.533333333333333
24133,"P56_batch1","PT",0.566666666666667
24134,"P56_batch1","PT",0.633333333333333
24135,"P56_batch1","Endo",0.366666666666667
24136,"P56_batch1","CNT",0.533333333333333
24137,"P56_batch1","Endo",0.4
24138,"P56_batch1","PT2",0.566666666666667
24139,"P56_batch1","PT2",0.733333333333333
24140,"P56_batch1","PT2",0.8
24141,"P56_batch1","PT2",0.6
24142,"P56_batch1","stroma2",0.0666666666666667
24143,"P56_batch1","PT2",0.5
24144,"P56_batch1","PT",0.633333333333333
24145,"P56_batch1","CNT",0.166666666666667
24146,"P56_batch1","PT",0.333333333333333
24147,"P56_batch1","Endo",0.6
24148,"P56_batch1","PT",0.5
24149,"P56_batch1","LOH",0.5
24150,"P56_batch1","PT",0.466666666666667
24151,"P56_batch1","LOH",0.366666666666667
24152,"P56_batch1","PT",0.366666666666667
24153,"P56_batch1","PT2",0.3
24154,"P56_batch1","PT",0.366666666666667
24155,"P56_batch1","stroma2",0.333333333333333
24156,"P56_batch1","PT",0.7
24157,"P56_batch1","PT",0.666666666666667
24158,"P56_batch1","PT",0.433333333333333
24159,"P56_batch1","LOH",0.533333333333333
24160,"P56_batch1","PT",0.4
24161,"P56_batch1","immune",0.566666666666667
24162,"P56_batch1","LOH",0.266666666666667
24163,"P56_batch1","PT",0.5
24164,"P56_batch1","PT",0.4
24165,"P56_batch1","stroma2",0.466666666666667
24166,"P56_batch1","IC",0.3
24167,"P56_batch1","Endo",0.6
24168,"P56_batch1","PT",0.5
24169,"P56_batch1","PT",0.466666666666667
24170,"P56_batch1","LOH",0.466666666666667
24171,"P56_batch1","LOH",0.433333333333333
24172,"P56_batch1","LOH",0.666666666666667
24173,"P56_batch1","PT",0.5
24174,"P56_batch1","stroma1",0.5
24175,"P56_batch1","LOH",0.466666666666667
24176,"P56_batch1","CNT",0.5
24177,"P56_batch1","Endo",0.4
24178,"P56_batch1","IC",0.566666666666667
24179,"P56_batch1","CNT",0.466666666666667
24180,"P56_batch1","PT",0.333333333333333
24181,"P56_batch1","PT",0.4
24182,"P56_batch1","PT",0.366666666666667
24183,"P56_batch1","PT",0.433333333333333
24184,"P56_batch1","stroma2",0.466666666666667
24185,"P56_batch1","PT",0.466666666666667
24186,"P56_batch1","PT",0.6
24187,"P56_batch1","PT",0.266666666666667
24188,"P56_batch1","LOH",0.433333333333333
24189,"P56_batch1","PT2",0.633333333333333
24190,"P56_batch1","PT",0.3
24191,"P56_batch1","CNT",0.466666666666667
24192,"P56_batch1","LOH",0.566666666666667
24193,"P56_batch1","Endo",0.133333333333333
24194,"P56_batch1","Podo",0.1
24195,"P56_batch1","DCT",0.766666666666667
24196,"P56_batch1","CNT",0.5
24197,"P56_batch1","PT",0.333333333333333
24198,"P56_batch1","PC",0.833333333333333
24199,"P56_batch1","PT",0.366666666666667
24200,"P56_batch1","Endo",0.466666666666667
24201,"P56_batch1","PT_out",0.366666666666667
24202,"P56_batch1","immune",0.766666666666667
24203,"P56_batch1","LOH",0.5
24204,"P56_batch1","NP_LOH",0.433333333333333
24205,"P56_batch1","PT2",0.533333333333333
24206,"P56_batch1","stroma2",0.333333333333333
24207,"P56_batch1","PT",0.366666666666667
24208,"P56_batch1","PT",0.5
24209,"P56_batch1","Podo",0
24210,"P56_batch1","PT",0.533333333333333
24211,"P56_batch1","stroma2",0.166666666666667
24212,"P56_batch1","PT",0.466666666666667
24213,"P56_batch1","PT",0.5
24214,"P56_batch1","PT",0.5
24215,"P56_batch1","LOH",0.366666666666667
24216,"P56_batch1","PT",0.633333333333333
24217,"P56_batch1","LOH",0.666666666666667
24218,"P56_batch1","PT",0.366666666666667
24219,"P56_batch1","stroma2",0.4
24220,"P56_batch1","PT",0.766666666666667
24221,"P56_batch1","PT",0.566666666666667
24222,"P56_batch1","PT2",0.233333333333333
24223,"P56_batch1","PT",0.466666666666667
24224,"P56_batch1","PT",0.5
24225,"P56_batch1","stroma2",0.466666666666667
24226,"P56_batch1","stroma1",0.3
24227,"P56_batch1","PT2",0.8
24228,"P56_batch1","PT",0.533333333333333
24229,"P56_batch1","CNT",0.466666666666667
24230,"P56_batch1","PT",0.366666666666667
24231,"P56_batch1","DCT",0.6
24232,"P56_batch1","stroma2",0.566666666666667
24233,"P56_batch1","Podo",0.0666666666666667
24234,"P56_batch1","PT",0.466666666666667
24235,"P56_batch1","PT",0.333333333333333
24236,"P56_batch1","Endo",0.366666666666667
24237,"P56_batch1","stroma2",0.5
24238,"P56_batch1","LOH",0.5
24239,"P56_batch1","PT",0.4
24240,"P56_batch1","stroma2",0.3
24241,"P56_batch1","PT",0.5
24242,"P56_batch1","DCT",0.566666666666667
24243,"P56_batch1","PT",0.333333333333333
24244,"P56_batch1","LOH",0.466666666666667
24245,"P56_batch1","PT",0.4
24246,"P56_batch1","PT2",0.433333333333333
24247,"P56_batch1","stroma2",0.266666666666667
24248,"P56_batch1","PT",0.466666666666667
24249,"P56_batch1","PT",0.433333333333333
24250,"P56_batch1","CNT",0.633333333333333
24251,"P56_batch1","PT2",0.533333333333333
24252,"P56_batch1","Endo",0.2
24253,"P56_batch1","stroma2",0.333333333333333
24254,"P56_batch1","Endo",0.466666666666667
24255,"P56_batch1","PT",0.4
24256,"P56_batch1","PT",0.766666666666667
24257,"P56_batch1","stroma2",0.433333333333333
24258,"P56_batch1","IC",0.3
24259,"P56_batch1","PT",0.5
24260,"P56_batch1","CNT",0.366666666666667
24261,"P56_batch1","PT",0.566666666666667
24262,"P56_batch1","stroma2",0.333333333333333
24263,"P56_batch1","PT",0.3
24264,"P56_batch1","stroma2",0.166666666666667
24265,"P56_batch1","PT2",0.733333333333333
24266,"P56_batch1","stroma2",0.6
24267,"P56_batch1","PT",0.4
24268,"P56_batch1","LOH",0.466666666666667
24269,"P56_batch1","PT",0.466666666666667
24270,"P56_batch1","PT2",0.6
24271,"P56_batch1","PT",0.466666666666667
24272,"P56_batch1","PT",0.433333333333333
24273,"P56_batch1","PC",0.633333333333333
24274,"P56_batch1","LOH",0.333333333333333
24275,"P56_batch1","DCT",0.6
24276,"P56_batch1","stroma2",0.466666666666667
24277,"P56_batch1","DCT",0.533333333333333
24278,"P56_batch1","PT",0.7
24279,"P56_batch1","PT",0.466666666666667
24280,"P56_batch1","LOH",0.466666666666667
24281,"P56_batch1","LOH",0.4
24282,"P56_batch1","LOH",0.433333333333333
24283,"P56_batch1","PT",0.533333333333333
24284,"P56_batch1","PT",0.633333333333333
24285,"P56_batch1","PT2",0.333333333333333
24286,"P56_batch1","PT",0.333333333333333
24287,"P56_batch1","PT2",0.533333333333333
24288,"P56_batch1","LOH",0.466666666666667
24289,"P56_batch1","PT",0.333333333333333
24290,"P56_batch1","PT",0.5
24291,"P56_batch1","LOH",0.6
24292,"P56_batch1","Endo",0.2
24293,"P56_batch1","NP",0.3
24294,"P56_batch1","LOH",0.533333333333333
24295,"P56_batch1","Endo",0.133333333333333
24296,"P56_batch1","LOH",0.666666666666667
24297,"P56_batch1","PT",0.4
24298,"P56_batch1","DCT",0.633333333333333
24299,"P56_batch1","immune",0.166666666666667
24300,"P56_batch1","LOH",0.233333333333333
24301,"P56_batch1","PC",0.133333333333333
24302,"P56_batch1","PT",0.433333333333333
24303,"P56_batch1","DCT",0.466666666666667
24304,"P56_batch1","PT",0.4
24305,"P56_batch1","PT",0.2
24306,"P56_batch1","PT",0.6
24307,"P56_batch1","Endo",0.4
24308,"P56_batch1","Endo",0.4
24309,"P56_batch1","stroma2",0.266666666666667
24310,"P56_batch1","Endo",0.3
24311,"P56_batch1","PT",0.5
24312,"P56_batch1","Endo",0.433333333333333
24313,"P56_batch1","PT2",0.533333333333333
24314,"P56_batch1","LOH",0.433333333333333
24315,"P56_batch1","PT",0.366666666666667
24316,"P56_batch1","PT2",0.6
24317,"P56_batch1","IC",0.566666666666667
24318,"P56_batch1","LOH",0.5
24319,"P56_batch1","PT",0.5
24320,"P56_batch1","Podo",0
24321,"P56_batch1","PT",0.4
24322,"P56_batch1","PT2",0.7
24323,"P56_batch1","PT",0.4
24324,"P56_batch1","DCT",0.466666666666667
24325,"P56_batch1","Endo",0.133333333333333
24326,"P56_batch1","PT",0.433333333333333
24327,"P56_batch1","stroma2",0.466666666666667
24328,"P56_batch1","PT",0.366666666666667
24329,"P56_batch1","PT",0.6
24330,"P56_batch1","IC",0.266666666666667
24331,"P56_batch1","stroma2",0.566666666666667
24332,"P56_batch1","stroma2",0.433333333333333
24333,"P56_batch1","LOH",0.333333333333333
24334,"P56_batch1","Podo",0
24335,"P56_batch1","LOH",0.333333333333333
24336,"P56_batch1","PT",0.633333333333333
24337,"P56_batch1","Endo",0.333333333333333
24338,"P56_batch1","CNT",0.333333333333333
24339,"P56_batch1","PT2",0.333333333333333
24340,"P56_batch1","Endo",0.433333333333333
24341,"P56_batch1","PT",0.433333333333333
24342,"P56_batch1","LOH",0.466666666666667
24343,"P56_batch1","PT",0.466666666666667
24344,"P56_batch1","PT",0.533333333333333
24345,"P56_batch1","PC",0.333333333333333
24346,"P56_batch1","PT2",0.566666666666667
24347,"P56_batch1","DCT",0.633333333333333
24348,"P56_batch1","PT",0.233333333333333
24349,"P56_batch1","NP",0.4
24350,"P56_batch1","stroma2",0.133333333333333
24351,"P56_batch1","stroma2",0.3
24352,"P56_batch1","Endo",0.5
24353,"P56_batch1","LOH",0.5
24354,"P56_batch1","PT",0.233333333333333
24355,"P56_batch1","PT",0.433333333333333
24356,"P56_batch1","PT_out",0.4
24357,"P56_batch1","PT",0.4
24358,"P56_batch1","DCT",0.4
24359,"P56_batch1","CNT",0.566666666666667
24360,"P56_batch1","LOH",0.4
24361,"P56_batch1","PT_out",0.533333333333333
24362,"P56_batch1","PT2",0.6
24363,"P56_batch1","immune",0.433333333333333
24364,"P56_batch1","Endo",0.366666666666667
24365,"P56_batch1","CNT",0.4
24366,"P56_batch1","CNT",0.533333333333333
24367,"P56_batch1","PT2",0.5
24368,"P56_batch1","NP_LOH",0.166666666666667
24369,"P56_batch1","Endo",0.233333333333333
24370,"P56_batch1","LOH",0.466666666666667
24371,"P56_batch1","CNT",0.533333333333333
24372,"P56_batch1","stroma2",0.466666666666667
24373,"P56_batch1","PT",0.466666666666667
24374,"P56_batch1","PT",0.3
24375,"P56_batch1","PT",0.4
24376,"P56_batch1","PT",0.6
24377,"P56_batch1","PT",0.6
24378,"P56_batch1","PT2",0.7
24379,"P56_batch1","PT",0.4
24380,"P56_batch1","stroma1",0.366666666666667
24381,"P56_batch1","Endo",0.5
24382,"P56_batch1","DCT",0.7
24383,"P56_batch1","stroma1",0.333333333333333
24384,"P56_batch1","PT",0.633333333333333
24385,"P56_batch1","stroma2",0.333333333333333
24386,"P56_batch1","PT",0.0333333333333333
24387,"P56_batch1","IC",0.6
24388,"P56_batch1","PT",0.533333333333333
24389,"P56_batch1","stroma2",0.166666666666667
24390,"P56_batch1","NP",0.3
24391,"P56_batch1","PT",0.433333333333333
24392,"P56_batch1","LOH",0.4
24393,"P56_batch1","LOH",0.433333333333333
24394,"P56_batch1","stroma2",0.566666666666667
24395,"P56_batch1","PT",0.6
24396,"P56_batch1","stroma2",0.2
24397,"P56_batch1","Endo",0.233333333333333
24398,"P56_batch1","LOH",0.433333333333333
24399,"P56_batch1","PT",0.4
24400,"P56_batch1","Endo",0.3
24401,"P56_batch1","PC",0.433333333333333
24402,"P56_batch1","CNT",0.333333333333333
24403,"P56_batch1","PT",0.4
24404,"P56_batch1","DCT",0.666666666666667
24405,"P56_batch1","CNT",0.5
24406,"P56_batch1","PT",0.333333333333333
24407,"P56_batch1","PT",0.233333333333333
24408,"P56_batch1","PT",0.466666666666667
24409,"P56_batch1","stroma2",0.666666666666667
24410,"P56_batch1","stroma1",0.6
24411,"P56_batch1","PT",0.466666666666667
24412,"P56_batch1","stroma2",0.6
24413,"P56_batch1","PT2",0.666666666666667
24414,"P56_batch1","PT2",0.766666666666667
24415,"P56_batch1","stroma2",0.333333333333333
24416,"P56_batch1","LOH",0.433333333333333
24417,"P56_batch1","IC",0.6
24418,"P56_batch1","PT2",0.2
24419,"P56_batch1","CNT",0.666666666666667
24420,"P56_batch1","CNT",0.533333333333333
24421,"P56_batch1","stroma2",0.466666666666667
24422,"P56_batch1","PT",0.6
24423,"P56_batch1","PT",0
24424,"P56_batch1","PT",0.466666666666667
24425,"P56_batch1","PT",0.633333333333333
24426,"P56_batch1","stroma1",0.566666666666667
24427,"P56_batch1","LOH",0.366666666666667
24428,"P56_batch1","PT2",0.533333333333333
24429,"P56_batch1","PT2",0.433333333333333
24430,"P56_batch1","PT2",0.333333333333333
24431,"P56_batch1","PT",0.433333333333333
24432,"P56_batch1","Endo",0.366666666666667
24433,"P56_batch1","PT",0.4
24434,"P56_batch1","Endo",0.433333333333333
24435,"P56_batch1","LOH",0.3
24436,"P56_batch1","Endo",0.4
24437,"P56_batch1","PT",0.6
24438,"P56_batch1","PT",0.4
24439,"P56_batch1","PC",0.1
24440,"P56_batch1","stroma1",0.5
24441,"P56_batch1","immune",0.133333333333333
24442,"P56_batch1","DCT",0.5
24443,"P56_batch1","PT2",0.333333333333333
24444,"P56_batch1","PT2",0.4
24445,"P56_batch1","stroma2",0.1
24446,"P56_batch1","stroma2",0.4
24447,"P56_batch1","PT",0.5
24448,"P56_batch1","PT",0.333333333333333
24449,"P56_batch1","PT",0.466666666666667
24450,"P56_batch1","PT",0.366666666666667
24451,"P56_batch1","LOH",0.433333333333333
24452,"P56_batch1","stroma2",0.466666666666667
24453,"P56_batch1","PT_out",0.5
24454,"P56_batch1","LOH",0.433333333333333
24455,"P56_batch1","LOH",0.533333333333333
24456,"P56_batch1","PC",0.366666666666667
24457,"P56_batch1","PT",0.433333333333333
24458,"P56_batch1","Endo",0.166666666666667
24459,"P56_batch1","PT",0.4
24460,"P56_batch1","LOH",0.4
24461,"P56_batch1","PT2",0.833333333333333
24462,"P56_batch1","stroma2",0.466666666666667
24463,"P56_batch1","PT_out",0.5
24464,"P56_batch1","PT_out",0.366666666666667
24465,"P56_batch1","CNT",0.433333333333333
24466,"P56_batch1","LOH",0.433333333333333
24467,"P56_batch1","LOH",0.533333333333333
24468,"P56_batch1","PT",0.466666666666667
24469,"P56_batch1","stroma2",0.466666666666667
24470,"P56_batch1","PT2",0.633333333333333
24471,"P56_batch1","stroma2",0.466666666666667
24472,"P56_batch1","PT",0.6
24473,"P56_batch1","CNT",0.4
24474,"P56_batch1","LOH",0.433333333333333
24475,"P56_batch1","stroma2",0.4
24476,"P56_batch1","PT",0.466666666666667
24477,"P56_batch1","LOH",0.433333333333333
24478,"P56_batch1","PT",0.4
24479,"P56_batch1","Endo",0.466666666666667
24480,"P56_batch1","LOH",0.1
24481,"P56_batch1","PT",0.333333333333333
24482,"P56_batch1","PT2",0.333333333333333
24483,"P56_batch1","LOH",0.3
24484,"P56_batch1","LOH",0.466666666666667
24485,"P56_batch1","stroma1",0.3
24486,"P56_batch1","PT2",0.566666666666667
24487,"P56_batch1","PT",0.533333333333333
24488,"P56_batch1","PT_out",0.333333333333333
24489,"P56_batch1","NP_LOH",0.233333333333333
24490,"P56_batch1","PT_out",0.533333333333333
24491,"P56_batch1","PT",0.366666666666667
24492,"P56_batch1","Podo",0.0666666666666667
24493,"P56_batch1","PT",0.733333333333333
24494,"P56_batch1","immune",0.433333333333333
24495,"P56_batch1","LOH",0.533333333333333
24496,"P56_batch1","Endo",0.266666666666667
24497,"P56_batch1","PT",0.666666666666667
24498,"P56_batch1","Endo",0.5
24499,"P56_batch1","IC",0.333333333333333
24500,"P56_batch1","PT",0.5
24501,"P56_batch1","PT2",0.9
24502,"P56_batch1","DCT",0.533333333333333
24503,"P56_batch1","stroma2",0.166666666666667
24504,"P56_batch1","LOH",0.366666666666667
24505,"P56_batch1","PT",0.566666666666667
24506,"P56_batch1","PT",0.333333333333333
24507,"P56_batch1","PT2",0.333333333333333
24508,"P56_batch1","DCT",0.466666666666667
24509,"P56_batch1","Endo",0.633333333333333
24510,"P56_batch1","PT2",0.566666666666667
24511,"P56_batch1","PT",0.466666666666667
24512,"P56_batch1","stroma2",0.533333333333333
24513,"P56_batch1","PT",0.6
24514,"P56_batch1","PT",0.433333333333333
24515,"P56_batch1","LOH",0.433333333333333
24516,"P56_batch1","stroma2",0.433333333333333
24517,"P56_batch1","stroma2",0.466666666666667
24518,"P56_batch1","PT_out",0.4
24519,"P56_batch1","PC",0.566666666666667
24520,"P56_batch1","Endo",0.2
24521,"P56_batch1","LOH",0.266666666666667
24522,"P56_batch1","PT",0.466666666666667
24523,"P56_batch1","DCT",0.766666666666667
24524,"P56_batch1","DCT",0.8
24525,"P56_batch1","PT",0.5
24526,"P56_batch1","Endo",0.266666666666667
24527,"P56_batch1","PC",0.266666666666667
24528,"P56_batch1","NP",0.466666666666667
24529,"P56_batch1","PT_out",0.366666666666667
24530,"P56_batch1","PC",0.6
24531,"P56_batch1","PC",0.466666666666667
24532,"P56_batch1","PT",0.5
24533,"P56_batch1","Endo",0.266666666666667
24534,"P56_batch1","PT",0.4
24535,"P56_batch1","Endo",0.333333333333333
24536,"P56_batch1","CNT",0.466666666666667
24537,"P56_batch1","CNT",0.366666666666667
24538,"P56_batch1","CNT",0.3
24539,"P56_batch1","PT_out",0.433333333333333
24540,"P56_batch1","PT",0.366666666666667
24541,"P56_batch1","PT2",0.633333333333333
24542,"P56_batch1","PT",0.7
24543,"P56_batch1","PT",0.3
24544,"P56_batch1","DCT",0.533333333333333
24545,"P56_batch1","LOH",0.566666666666667
24546,"P56_batch1","PT",0.3
24547,"P56_batch1","PT",0.4
24548,"P56_batch1","Endo",0.4
24549,"P56_batch1","PT",0.766666666666667
24550,"P56_batch1","PT",0.3
24551,"P56_batch1","PT",0.5
24552,"P56_batch1","LOH",0.4
24553,"P56_batch1","PT",0.5
24554,"P56_batch1","PT2",0.566666666666667
24555,"P56_batch1","Endo",0.3
24556,"P56_batch1","Endo",0.3
24557,"P56_batch1","PT",0.766666666666667
24558,"P56_batch1","PT",0.533333333333333
24559,"P56_batch1","stroma1",0.5
24560,"P56_batch1","stroma2",0.4
24561,"P56_batch1","PT",0.266666666666667
24562,"P56_batch1","DCT",0.633333333333333
24563,"P56_batch1","PT_out",0.466666666666667
24564,"P56_batch1","PT2",0.4
24565,"P56_batch1","IC",0.333333333333333
24566,"P56_batch1","PT",0.466666666666667
24567,"P56_batch1","DCT",0.533333333333333
24568,"P56_batch1","PT",0.633333333333333
24569,"P56_batch1","Endo",0.366666666666667
24570,"P56_batch1","stroma2",0.2
24571,"P56_batch1","LOH",0.466666666666667
24572,"P56_batch1","LOH",0.266666666666667
24573,"P56_batch1","Endo",0.333333333333333
24574,"P56_batch1","PT",0.433333333333333
24575,"P56_batch1","PT",0.633333333333333
24576,"P56_batch1","Endo",0.3
24577,"P56_batch1","PT",0.366666666666667
24578,"P56_batch1","stroma2",0.466666666666667
24579,"P56_batch1","PT2",0.5
24580,"P56_batch1","stroma2",0.1
24581,"P56_batch1","Endo",0.266666666666667
24582,"P56_batch1","Endo",0.333333333333333
24583,"P56_batch1","LOH",0.4
24584,"P56_batch1","CNT",0.433333333333333
24585,"P56_batch1","PT_out",0.433333333333333
24586,"P56_batch1","PT",0.433333333333333
24587,"P56_batch1","PT",0.433333333333333
24588,"P56_batch1","NP",0.233333333333333
24589,"P56_batch1","stroma2",0.5
24590,"P56_batch1","PT2",0.7
24591,"P56_batch1","stroma2",0.2
24592,"P56_batch1","Endo",0.233333333333333
24593,"P56_batch1","stroma2",0.466666666666667
24594,"P56_batch1","PT",0.366666666666667
24595,"P56_batch1","LOH",0.433333333333333
24596,"P56_batch1","CNT",0.333333333333333
24597,"P56_batch1","PT",0.3
24598,"P56_batch1","stroma2",0.6
24599,"P56_batch1","DCT",0.666666666666667
24600,"P56_batch1","LOH",0.6
24601,"P56_batch1","stroma2",0.3
24602,"P56_batch1","PT",0.433333333333333
24603,"P56_batch1","PT",0.633333333333333
24604,"P56_batch1","PT2",0.733333333333333
24605,"P56_batch1","PT",0.366666666666667
24606,"P56_batch1","PT",0.533333333333333
24607,"P56_batch1","CNT",0.566666666666667
24608,"P56_batch1","Endo",0.466666666666667
24609,"P56_batch1","PT2",0.566666666666667
24610,"P56_batch1","Endo",0.433333333333333
24611,"P56_batch1","DCT",0.633333333333333
24612,"P56_batch1","PT",0.6
24613,"P56_batch1","LOH",0.466666666666667
24614,"P56_batch1","PT",0.5
24615,"P56_batch1","PT2",0.233333333333333
24616,"P56_batch1","PT",0.566666666666667
24617,"P56_batch1","IC",0.333333333333333
24618,"P56_batch1","LOH",0.566666666666667
24619,"P56_batch1","PT",0.466666666666667
24620,"P56_batch1","stroma2",0.433333333333333
24621,"P56_batch1","PT",0.366666666666667
24622,"P56_batch1","LOH",0.5
24623,"P56_batch1","PT",0.633333333333333
24624,"P56_batch1","stroma2",0.533333333333333
24625,"P56_batch1","PT",0.4
24626,"P56_batch1","LOH",0.266666666666667
24627,"P56_batch1","PT",0.533333333333333
24628,"P56_batch1","PT",0.466666666666667
24629,"P56_batch1","PT",0.4
24630,"P56_batch1","PT",0.5
24631,"P56_batch1","PC",0.233333333333333
24632,"P56_batch1","LOH",0.433333333333333
24633,"P56_batch1","PT",0.566666666666667
24634,"P56_batch1","CNT",0.333333333333333
24635,"P56_batch1","stroma2",0.4
24636,"P56_batch1","stroma2",0.366666666666667
24637,"P56_batch1","LOH",0.433333333333333
24638,"P56_batch1","Endo",0.4
24639,"P56_batch1","Endo",0.433333333333333
24640,"P56_batch1","PT",0.533333333333333
24641,"P56_batch1","LOH",0.5
24642,"P56_batch1","NP",0.266666666666667
24643,"P56_batch1","stroma2",0.7
24644,"P56_batch1","NP_LOH",0.566666666666667
24645,"P56_batch1","Endo",0.4
24646,"P56_batch1","Endo",0.433333333333333
24647,"P56_batch1","stroma2",0.5
24648,"P56_batch1","PT",0.266666666666667
24649,"P56_batch1","LOH",0.2
24650,"P56_batch1","PT",0.4
24651,"P56_batch1","LOH",0.766666666666667
24652,"P56_batch1","LOH",0.4
24653,"P56_batch1","PT2",0.533333333333333
24654,"P56_batch1","PT2",0.533333333333333
24655,"P56_batch1","LOH",0.4
24656,"P56_batch1","immune",0.8
24657,"P56_batch1","PT",0.5
24658,"P56_batch1","LOH",0.433333333333333
24659,"P56_batch1","Endo",0.366666666666667
24660,"P56_batch1","PC",0.3
24661,"P56_batch1","PT",0.666666666666667
24662,"P56_batch1","Endo",0.4
24663,"P56_batch1","DCT",0.5
24664,"P56_batch1","PT",0.5
24665,"P56_batch1","stroma2",0.233333333333333
24666,"P56_batch1","LOH",0.466666666666667
24667,"P56_batch1","PT",0.733333333333333
24668,"P56_batch1","PT",0.366666666666667
24669,"P56_batch1","Endo",0.166666666666667
24670,"P56_batch1","Endo",0.366666666666667
24671,"P56_batch1","PT",0.3
24672,"P56_batch1","PT2",0.533333333333333
24673,"P56_batch1","PT",0.366666666666667
24674,"P56_batch1","PT",0.566666666666667
24675,"P56_batch1","NP",0.3
24676,"P56_batch1","DCT",0.6
24677,"P56_batch1","PT2",0.433333333333333
24678,"P56_batch1","PT",0.533333333333333
24679,"P56_batch1","PT",0.366666666666667
24680,"P56_batch1","PT",0.4
24681,"P56_batch1","PT",0.433333333333333
24682,"P56_batch1","PT",0.666666666666667
24683,"P56_batch1","Endo",0.3
24684,"P56_batch1","Endo",0.433333333333333
24685,"P56_batch1","PT",0.433333333333333
24686,"P56_batch1","PT2",0.466666666666667
24687,"P56_batch1","stroma2",0.6
24688,"P56_batch1","Endo",0.166666666666667
24689,"P56_batch1","PT",0.5
24690,"P56_batch1","NP",0.433333333333333
24691,"P56_batch1","PT",0.6
24692,"P56_batch1","LOH",0.233333333333333
24693,"P56_batch1","PT",0.366666666666667
24694,"P56_batch1","stroma2",0.333333333333333
24695,"P56_batch1","stroma2",0.466666666666667
24696,"P56_batch1","PT2",0.533333333333333
24697,"P56_batch1","LOH",0.6
24698,"P56_batch1","LOH",0.433333333333333
24699,"P56_batch1","PT",0.6
24700,"P56_batch1","PT",0.533333333333333
24701,"P56_batch1","PT",0.466666666666667
24702,"P56_batch1","stroma2",0.2
24703,"P56_batch1","PT2",0.533333333333333
24704,"P56_batch1","Podo",0.366666666666667
24705,"P56_batch1","NP_LOH",0.4
24706,"P56_batch1","PT",0.266666666666667
24707,"P56_batch1","PT2",0.666666666666667
24708,"P56_batch1","PT",0.3
24709,"P56_batch1","PT2",0.666666666666667
24710,"P56_batch1","PC",0.333333333333333
24711,"P56_batch1","PT",0.466666666666667
24712,"P56_batch1","PC",0.266666666666667
24713,"P56_batch1","stroma2",0.466666666666667
24714,"P56_batch1","NP_LOH",0.5
24715,"P56_batch1","CNT",0.8
24716,"P56_batch1","CNT",0.2
24717,"P56_batch1","LOH",0.266666666666667
24718,"P56_batch1","IC",0.433333333333333
24719,"P56_batch1","LOH",0.533333333333333
24720,"P56_batch1","Podo",0
24721,"P56_batch1","PT",0.433333333333333
24722,"P56_batch1","stroma2",0.433333333333333
24723,"P56_batch1","NP_LOH",0.366666666666667
24724,"P56_batch1","LOH",0.3
24725,"P56_batch1","Endo",0.466666666666667
24726,"P56_batch1","DCT",0.566666666666667
24727,"P56_batch1","Endo",0.466666666666667
24728,"P56_batch1","IC",0.266666666666667
24729,"P56_batch1","PT",0.566666666666667
24730,"P56_batch1","IC",0.3
24731,"P56_batch1","IC",0.133333333333333
24732,"P56_batch1","PT",0.466666666666667
24733,"P56_batch1","PT",0.533333333333333
24734,"P56_batch1","Endo",0.5
24735,"P56_batch1","DCT",0.533333333333333
24736,"P56_batch1","PT",0.3
24737,"P56_batch1","PT",0.4
24738,"P56_batch1","PT",0.366666666666667
24739,"P56_batch1","PT",0.466666666666667
24740,"P56_batch1","PT2",0.533333333333333
24741,"P56_batch1","DCT",0.566666666666667
24742,"P56_batch1","Podo",0.0666666666666667
24743,"P56_batch1","Endo",0.566666666666667
24744,"P56_batch1","NP_LOH",0.733333333333333
24745,"P56_batch1","NP",0.466666666666667
24746,"P56_batch1","Endo",0.5
24747,"P56_batch1","NP",0.333333333333333
24748,"P56_batch1","PT",0.5
24749,"P56_batch1","Endo",0.566666666666667
24750,"P56_batch1","DCT",0.5
24751,"P56_batch1","PC",0.366666666666667
24752,"P56_batch1","PT2",0.366666666666667
24753,"P56_batch1","LOH",0.6
24754,"P56_batch1","PT",0.5
24755,"P56_batch1","PT",0.366666666666667
24756,"P56_batch1","LOH",0.4
24757,"P56_batch1","PT",0.3
24758,"P56_batch1","PT",0.333333333333333
24759,"P56_batch1","PT",0.7
24760,"P56_batch1","Podo",0
24761,"P56_batch1","PT2",0.3
24762,"P56_batch1","PT2",0.3
24763,"P56_batch1","LOH",0.466666666666667
24764,"P56_batch1","PC",0.433333333333333
24765,"P56_batch1","PT",0.466666666666667
24766,"P56_batch1","Endo",0.2
24767,"P56_batch1","LOH",0.2
24768,"P56_batch1","CNT",0.433333333333333
24769,"P56_batch1","Podo",0
24770,"P56_batch1","CNT",0.533333333333333
24771,"P56_batch1","CNT",0.733333333333333
24772,"P56_batch1","stroma2",0.533333333333333
24773,"P56_batch1","Endo",0.266666666666667
24774,"P56_batch1","PT2",0.633333333333333
24775,"P56_batch1","PT",0.333333333333333
24776,"P56_batch1","LOH",0.466666666666667
24777,"P56_batch1","IC",0.3
24778,"P56_batch1","PT2",0.433333333333333
24779,"P56_batch1","CNT",0.733333333333333
24780,"P56_batch1","LOH",0.4
24781,"P56_batch1","PC",0.433333333333333
24782,"P56_batch1","PT2",0.566666666666667
24783,"P56_batch1","Endo",0.333333333333333
24784,"P56_batch1","PT",0.4
24785,"P56_batch1","LOH",0.466666666666667
24786,"P56_batch1","DCT",0.466666666666667
24787,"P56_batch1","stroma2",0.566666666666667
24788,"P56_batch1","PT",0.533333333333333
24789,"P56_batch1","PC",0.166666666666667
24790,"P56_batch1","LOH",0.4
24791,"P56_batch1","PT2",0.6
24792,"P56_batch1","PT_out",0.5
24793,"P56_batch1","PT2",0.6
24794,"P56_batch1","stroma2",0.6
24795,"P56_batch1","PC",0.466666666666667
24796,"P56_batch1","PT",0.433333333333333
24797,"P56_batch1","stroma2",0.433333333333333
24798,"P56_batch1","PT",0.333333333333333
24799,"P56_batch1","stroma2",0.366666666666667
24800,"P56_batch1","LOH",0.433333333333333
24801,"P56_batch1","LOH",0.566666666666667
24802,"P56_batch1","LOH",0.833333333333333
24803,"P56_batch1","PT",0.333333333333333
24804,"P56_batch1","LOH",0.5
24805,"P56_batch1","Endo",0.266666666666667
24806,"P56_batch1","LOH",0.566666666666667
24807,"P56_batch1","PT",0.366666666666667
24808,"P56_batch1","PT",0.533333333333333
24809,"P56_batch1","Podo",0.166666666666667
24810,"P56_batch1","LOH",0.533333333333333
24811,"P56_batch1","DCT",0.566666666666667
24812,"P56_batch1","PT2",0.6
24813,"P56_batch1","CNT",0.766666666666667
24814,"P56_batch1","IC",0.5
24815,"P56_batch1","PT2",0.433333333333333
24816,"P56_batch1","PT",0.466666666666667
24817,"P56_batch1","PT",0.566666666666667
24818,"P56_batch1","PT",0.3
24819,"P56_batch1","Endo",0.6
24820,"P56_batch1","DCT",0.3
24821,"P56_batch1","PT",0.433333333333333
24822,"P56_batch1","PT",0.533333333333333
24823,"P56_batch1","stroma2",0.2
24824,"P56_batch1","Endo",0.433333333333333
24825,"P56_batch1","PT",0.366666666666667
24826,"P56_batch1","Endo",0.5
24827,"P56_batch1","LOH",0.466666666666667
24828,"P56_batch1","PT",0.6
24829,"P56_batch1","PT",0.533333333333333
24830,"P56_batch1","PT",0.466666666666667
24831,"P56_batch1","PT",0.433333333333333
24832,"P56_batch1","PT",0.533333333333333
24833,"P56_batch1","CNT",0.433333333333333
24834,"P56_batch1","Endo",0.466666666666667
24835,"P56_batch1","PT2",0.5
24836,"P56_batch1","LOH",0.4
24837,"P56_batch1","PT",0.333333333333333
24838,"P56_batch1","Podo",0.1
24839,"P56_batch1","PT",0.5
24840,"P56_batch1","stroma2",0.333333333333333
24841,"P56_batch1","DCT",0.633333333333333
24842,"P56_batch1","PT",0.333333333333333
24843,"P56_batch1","PT",0.333333333333333
24844,"P56_batch1","DCT",0.666666666666667
24845,"P56_batch1","stroma2",0.533333333333333
24846,"P56_batch1","LOH",0.4
24847,"P56_batch1","PT2",0.466666666666667
24848,"P56_batch1","Endo",0.433333333333333
24849,"P56_batch1","stroma2",0.233333333333333
24850,"P56_batch1","PT2",0.366666666666667
24851,"P56_batch1","PT",0.3
24852,"P56_batch1","Podo",0.433333333333333
24853,"P56_batch1","immune",0.133333333333333
24854,"P56_batch1","PT",0.666666666666667
24855,"P56_batch1","PT",0.533333333333333
24856,"P56_batch1","stroma1",0.333333333333333
24857,"P56_batch1","Endo",0.2
24858,"P56_batch1","LOH",0.6
24859,"P56_batch1","PT2",0.333333333333333
24860,"P56_batch1","PT",0.333333333333333
24861,"P56_batch1","LOH",0.633333333333333
24862,"P56_batch1","LOH",0.466666666666667
24863,"P56_batch1","LOH",0.433333333333333
24864,"P56_batch1","PT",0.5
24865,"P56_batch1","PT",0.466666666666667
24866,"P56_batch1","Endo",0.466666666666667
24867,"P56_batch1","Endo",0.433333333333333
24868,"P56_batch1","PT",0.4
24869,"P56_batch1","PT",0.5
24870,"P56_batch1","stroma2",0.166666666666667
24871,"P56_batch1","LOH",0.4
24872,"P56_batch1","PT",0.3
24873,"P56_batch1","PT",0.566666666666667
24874,"P56_batch1","stroma1",0.466666666666667
24875,"P56_batch1","LOH",0.3
24876,"P56_batch1","PT",0.5
24877,"P56_batch1","LOH",0.566666666666667
24878,"P56_batch1","PT",0.366666666666667
24879,"P56_batch1","PT",0.4
24880,"P56_batch1","PT2",0.7
24881,"P56_batch1","stroma2",0.2
24882,"P56_batch1","Podo",0
24883,"P56_batch1","PT2",0.4
24884,"P56_batch1","PT",0.4
24885,"P56_batch1","LOH",0.433333333333333
24886,"P56_batch1","LOH",0.4
24887,"P56_batch1","LOH",0.566666666666667
24888,"P56_batch1","stroma2",0.366666666666667
24889,"P56_batch1","Endo",0.3
24890,"P56_batch1","NP_LOH",0.433333333333333
24891,"P56_batch1","NP",0.633333333333333
24892,"P56_batch1","LOH",0.3
24893,"P56_batch1","Podo",0
24894,"P56_batch1","DCT",0.533333333333333
24895,"P56_batch1","PT",0.533333333333333
24896,"P56_batch1","PT",0.4
24897,"P56_batch1","PT2",0.733333333333333
24898,"P56_batch1","PT",0.333333333333333
24899,"P56_batch1","stroma2",0.4
24900,"P56_batch1","PT",0.6
24901,"P56_batch1","Endo",0.366666666666667
24902,"P56_batch1","Endo",0.3
24903,"P56_batch1","PT",0.5
24904,"P56_batch1","DCT",0.7
24905,"P56_batch1","PT",0.5
24906,"P56_batch1","PT",0.5
24907,"P56_batch1","DCT",0.566666666666667
24908,"P56_batch1","LOH",0.533333333333333
24909,"P56_batch1","stroma2",0.366666666666667
24910,"P56_batch1","Podo",0.0666666666666667
24911,"P56_batch1","PT",0.7
24912,"P56_batch1","PT",0.466666666666667
24913,"P56_batch1","LOH",0.4
24914,"P56_batch1","stroma2",0.333333333333333
24915,"P56_batch1","DCT",0.466666666666667
24916,"P56_batch1","PT2",0.666666666666667
24917,"P56_batch1","PT",0.533333333333333
24918,"P56_batch1","stroma2",0.266666666666667
24919,"P56_batch1","LOH",0.466666666666667
24920,"P56_batch1","PT2",0.633333333333333
24921,"P56_batch1","DCT",0.766666666666667
24922,"P56_batch1","PT",0
24923,"P56_batch1","PT",0.766666666666667
24924,"P56_batch1","PT",0.266666666666667
24925,"P56_batch1","PT",0.333333333333333
24926,"P56_batch1","PT",0.533333333333333
24927,"P56_batch1","PT2",0.266666666666667
24928,"P56_batch1","LOH",0.433333333333333
24929,"P56_batch1","PT",0.466666666666667
24930,"P56_batch1","IC",0.266666666666667
24931,"P56_batch1","PT",0.233333333333333
24932,"P56_batch1","LOH",0.433333333333333
24933,"P56_batch1","PT",0.333333333333333
24934,"P56_batch1","PT",0.333333333333333
24935,"P56_batch1","PT",0.533333333333333
24936,"P56_batch1","PC",0.533333333333333
24937,"P56_batch1","PT",0.533333333333333
24938,"P56_batch1","PT",0.5
24939,"P56_batch1","PT",0.533333333333333
24940,"P56_batch1","CNT",0.566666666666667
24941,"P56_batch1","PT2",0.566666666666667
24942,"P56_batch1","PT2",0.333333333333333
24943,"P56_batch1","LOH",0.5
24944,"P56_batch1","stroma2",0.3
24945,"P56_batch1","stroma2",0.4
24946,"P56_batch1","Endo",0.533333333333333
24947,"P56_batch1","PT2",0.6
24948,"P56_batch1","PT",0.466666666666667
24949,"P56_batch1","stroma2",0.4
24950,"P56_batch1","PT2",0.6
24951,"P56_batch1","Endo",0.3
24952,"P56_batch1","PC",0.333333333333333
24953,"P56_batch1","DCT",0.6
24954,"P56_batch1","DCT",0.533333333333333
24955,"P56_batch1","Podo",0
24956,"P56_batch1","PT_out",0.6
24957,"P56_batch1","LOH",0.633333333333333
24958,"P56_batch1","Podo",0
24959,"P56_batch1","stroma2",0.366666666666667
24960,"P56_batch1","DCT",0.533333333333333
24961,"P56_batch1","PT2",0.333333333333333
24962,"P56_batch1","PT",0.266666666666667
24963,"P56_batch1","PT",0.5
24964,"P56_batch1","Endo",0.7
24965,"P56_batch1","CNT",0.533333333333333
24966,"P56_batch1","PT",0.566666666666667
24967,"P56_batch1","NP",0.333333333333333
24968,"P56_batch1","PT",0.4
24969,"P56_batch1","NP",0.466666666666667
24970,"P56_batch1","PT",0.5
24971,"P56_batch1","stroma2",0.133333333333333
24972,"P56_batch1","PT",0.3
24973,"P56_batch1","PT",0.3
24974,"P56_batch1","DCT",0.5
24975,"P56_batch1","PT2",0.4
24976,"P56_batch1","PT",0.5
24977,"P56_batch1","NP_LOH",0.266666666666667
24978,"P56_batch1","PC",0.633333333333333
24979,"P56_batch1","stroma1",0.766666666666667
24980,"P56_batch1","CNT",0.466666666666667
24981,"P56_batch1","LOH",0.366666666666667
24982,"P56_batch1","Endo",0.466666666666667
24983,"P56_batch1","CNT",0.366666666666667
24984,"P56_batch1","PT",0.433333333333333
24985,"P56_batch1","PT",0.466666666666667
24986,"P56_batch1","stroma2",0.366666666666667
24987,"P56_batch1","Endo",0.266666666666667
24988,"P56_batch1","PT",0.4
24989,"P56_batch1","CNT",0.333333333333333
24990,"P56_batch1","NP_LOH",0.433333333333333
24991,"P56_batch1","PT",0.533333333333333
24992,"P56_batch1","Endo",0.433333333333333
24993,"P56_batch1","PT",0.433333333333333
24994,"P56_batch1","PT2",0.366666666666667
24995,"P56_batch1","IC",0.6
24996,"P56_batch1","Endo",0.366666666666667
24997,"P56_batch1","PT",0.333333333333333
24998,"P56_batch1","PT",0.733333333333333
24999,"P56_batch1","LOH",0.633333333333333
25000,"P56_batch1","CNT",0.3
25001,"P56_batch1","PT",0.533333333333333
25002,"P56_batch1","PT2",0.3
25003,"P56_batch1","NP_LOH",0.1
25004,"P56_batch1","PC",0.166666666666667
25005,"P56_batch1","PT",0.5
25006,"P56_batch1","PT",0.433333333333333
25007,"P56_batch1","PT",0.433333333333333
25008,"P56_batch1","PT",0.6
25009,"P56_batch1","PC",0.133333333333333
25010,"P56_batch1","PT_out",0.4
25011,"P56_batch1","CNT",0.233333333333333
25012,"P56_batch1","PT",0.3
25013,"P56_batch1","LOH",0.533333333333333
25014,"P56_batch1","PT",0.333333333333333
25015,"P56_batch1","Endo",0.366666666666667
25016,"P56_batch1","stroma1",0.2
25017,"P56_batch1","PT2",0.466666666666667
25018,"P56_batch1","Podo",0.1
25019,"P56_batch1","PT2",0.6
25020,"P56_batch1","PT",0.5
25021,"P56_batch1","DCT",0.666666666666667
25022,"P56_batch1","LOH",0.566666666666667
25023,"P56_batch1","Endo",0.266666666666667
25024,"P56_batch1","PT",0.4
25025,"P56_batch1","Endo",0.233333333333333
25026,"P56_batch1","CNT",0.266666666666667
25027,"P56_batch1","PT2",0.5
25028,"P56_batch1","DCT",0.6
25029,"P56_batch1","DCT",0.7
25030,"P56_batch1","PT2",0.266666666666667
25031,"P56_batch1","PT",0.6
25032,"P56_batch1","NP_LOH",0.2
25033,"P56_batch1","PT",0.366666666666667
25034,"P56_batch1","NP",0.533333333333333
25035,"P56_batch1","PT",0.666666666666667
25036,"P56_batch1","PT",0.533333333333333
25037,"P56_batch1","CNT",0.633333333333333
25038,"P56_batch1","PC",0.166666666666667
25039,"P56_batch1","CNT",0.433333333333333
25040,"P56_batch1","Endo",0.266666666666667
25041,"P56_batch1","LOH",0.433333333333333
25042,"P56_batch1","LOH",0.666666666666667
25043,"P56_batch1","CNT",0.466666666666667
25044,"P56_batch1","LOH",0.433333333333333
25045,"P56_batch1","DCT",0.5
25046,"P56_batch1","Endo",0.366666666666667
25047,"P56_batch1","NP_LOH",0.366666666666667
25048,"P56_batch1","PT2",0.8
25049,"P56_batch1","PT",0.5
25050,"P56_batch1","stroma2",0.3
25051,"P56_batch1","PC",0.466666666666667
25052,"P56_batch1","PT",0.233333333333333
25053,"P56_batch1","LOH",0.466666666666667
25054,"P56_batch1","IC",0.466666666666667
25055,"P56_batch1","PC",0.4
25056,"P56_batch1","LOH",0.266666666666667
25057,"P56_batch1","Endo",0.3
25058,"P56_batch1","CNT",0.633333333333333
25059,"P56_batch1","PT",0.5
25060,"P56_batch1","Endo",0.166666666666667
25061,"P56_batch1","PC",0.2
25062,"P56_batch1","CNT",0.433333333333333
25063,"P56_batch1","PT",0.566666666666667
25064,"P56_batch1","PT",0.433333333333333
25065,"P56_batch1","CNT",0.266666666666667
25066,"P56_batch1","CNT",0.566666666666667
25067,"P56_batch1","PC",0.266666666666667
25068,"P56_batch1","PT",0.5
25069,"P56_batch1","Endo",0.366666666666667
25070,"P56_batch1","Endo",0.3
25071,"P56_batch1","LOH",0.5
25072,"P56_batch1","PT2",0.433333333333333
25073,"P56_batch1","PT",0.366666666666667
25074,"P56_batch1","PT",0.566666666666667
25075,"P56_batch1","LOH",0.5
25076,"P56_batch1","stroma2",0.5
25077,"P56_batch1","PT",0.366666666666667
25078,"P56_batch1","PT",0.333333333333333
25079,"P56_batch1","Endo",0.5
25080,"P56_batch1","Podo",0.4
25081,"P56_batch1","PT",0.4
25082,"P56_batch1","stroma2",0.233333333333333
25083,"P56_batch1","Endo",0.5
25084,"P56_batch1","Endo",0.3
25085,"P56_batch1","PT",0.566666666666667
25086,"P56_batch1","PT_out",0.4
25087,"P56_batch1","LOH",0.466666666666667
25088,"P56_batch1","Endo",0.6
25089,"P56_batch1","PT2",0.766666666666667
25090,"P56_batch1","PT",0.4
25091,"P56_batch1","PT",0.366666666666667
25092,"P56_batch1","PT_out",0.433333333333333
25093,"P56_batch1","PT_out",0.366666666666667
25094,"P56_batch1","PT",0.466666666666667
25095,"P56_batch1","CNT",0.433333333333333
25096,"P56_batch1","PT",0.566666666666667
25097,"P56_batch1","PT",0.533333333333333
25098,"P56_batch1","PT_out",0.833333333333333
25099,"P56_batch1","LOH",0.533333333333333
25100,"P56_batch1","PT",0.433333333333333
25101,"P56_batch1","PT",0.466666666666667
25102,"P56_batch1","PT",0.366666666666667
25103,"P56_batch1","PT",0.566666666666667
25104,"P56_batch1","PT2",0.833333333333333
25105,"P56_batch1","PT2",0.6
25106,"P56_batch1","stroma2",0.133333333333333
25107,"P56_batch1","PT",0.333333333333333
25108,"P56_batch1","LOH",0.366666666666667
25109,"P56_batch1","stroma2",0.433333333333333
25110,"P56_batch1","stroma2",0.4
25111,"P56_batch1","stroma2",0.433333333333333
25112,"P56_batch1","PT",0.333333333333333
25113,"P56_batch1","PT",0.6
25114,"P56_batch1","LOH",0.3
25115,"P56_batch1","PT",0.466666666666667
25116,"P56_batch1","PT",0.566666666666667
25117,"P56_batch1","PT",0.766666666666667
25118,"P56_batch1","stroma2",0.3
25119,"P56_batch1","immune",0.766666666666667
25120,"P56_batch1","LOH",0.566666666666667
25121,"P56_batch1","Endo",0.366666666666667
25122,"P56_batch1","LOH",0.5
25123,"P56_batch1","DCT",0.533333333333333
25124,"P56_batch1","PT2",0.6
25125,"P56_batch1","PT",0.266666666666667
25126,"P56_batch1","stroma2",0.4
25127,"P56_batch1","PT",0.366666666666667
25128,"P56_batch1","PT",0.333333333333333
25129,"P56_batch1","LOH",0.333333333333333
25130,"P56_batch1","DCT",0.566666666666667
25131,"P56_batch1","LOH",0.333333333333333
25132,"P56_batch1","LOH",0.4
25133,"P56_batch1","PT",0.166666666666667
25134,"P56_batch1","LOH",0.433333333333333
25135,"P56_batch1","PT",0.366666666666667
25136,"P56_batch1","Endo",0.3
25137,"P56_batch1","stroma1",0.366666666666667
25138,"P56_batch1","PT",0.566666666666667
25139,"P56_batch1","PT",0.4
25140,"P56_batch1","PT",0.566666666666667
25141,"P56_batch1","PC",0.4
25142,"P56_batch1","PT",0.4
25143,"P56_batch1","PT",0.366666666666667
25144,"P56_batch1","stroma2",0.3
25145,"P56_batch1","Endo",0.266666666666667
25146,"P56_batch1","PT",0.6
25147,"P56_batch1","Endo",0.133333333333333
25148,"P56_batch1","PT",0.566666666666667
25149,"P56_batch1","PT",0.4
25150,"P56_batch1","LOH",0.533333333333333
25151,"P56_batch1","stroma2",0.266666666666667
25152,"P56_batch1","stroma1",0.466666666666667
25153,"P56_batch1","PT2",0.433333333333333
25154,"P56_batch1","stroma2",0.333333333333333
25155,"P56_batch1","Endo",0.333333333333333
25156,"P56_batch1","CNT",0.433333333333333
25157,"P56_batch1","stroma2",0.1
25158,"P56_batch1","stroma2",0.333333333333333
25159,"P56_batch1","LOH",0.4
25160,"P56_batch1","stroma1",0.533333333333333
25161,"P56_batch1","PT",0.333333333333333
25162,"P56_batch1","Endo",0.7
25163,"P56_batch1","PT",0.4
25164,"P56_batch1","PT",0.466666666666667
25165,"P56_batch1","PT",0.6
25166,"P56_batch1","PT",0.666666666666667
25167,"P56_batch1","LOH",0.5
25168,"P56_batch1","PC",0.233333333333333
25169,"P56_batch1","LOH",0.466666666666667
25170,"P56_batch1","LOH",0.7
25171,"P56_batch1","PC",0.266666666666667
25172,"P56_batch1","CNT",0.466666666666667
25173,"P56_batch1","Endo",0.433333333333333
25174,"P56_batch1","Endo",0.4
25175,"P56_batch1","LOH",0.533333333333333
25176,"P56_batch1","PT",0.533333333333333
25177,"P56_batch1","IC",0.5
25178,"P56_batch1","PT",0.666666666666667
25179,"P56_batch1","PT2",0.633333333333333
25180,"P56_batch1","PT",0.633333333333333
25181,"P56_batch1","Endo",0.266666666666667
25182,"P56_batch1","stroma2",0.466666666666667
25183,"P56_batch1","Podo",0
25184,"P56_batch1","PT2",0.5
25185,"P56_batch1","PT",0.4
25186,"P56_batch1","PC",0.666666666666667
25187,"P56_batch1","DCT",0.566666666666667
25188,"P56_batch1","NP",0.4
25189,"P56_batch1","LOH",0.566666666666667
25190,"P56_batch1","IC",0.133333333333333
25191,"P56_batch1","PT",0.7
25192,"P56_batch1","PC",0.6
25193,"P56_batch1","PT",0.566666666666667
25194,"P56_batch1","IC",0.633333333333333
25195,"P56_batch1","PT",0.666666666666667
25196,"P56_batch1","Endo",0.266666666666667
25197,"P56_batch1","LOH",0.566666666666667
25198,"P56_batch1","Podo",0.2
25199,"P56_batch1","PT",0.5
25200,"P56_batch1","PT",0.433333333333333
25201,"P56_batch1","LOH",0.366666666666667
25202,"P56_batch1","Endo",0.433333333333333
25203,"P56_batch1","LOH",0.533333333333333
25204,"P56_batch1","PT2",0.466666666666667
25205,"P56_batch1","PT2",0.3
25206,"P56_batch1","PT",0.133333333333333
25207,"P56_batch1","Endo",0.4
25208,"P56_batch1","LOH",0.366666666666667
25209,"P56_batch1","DCT",0.666666666666667
25210,"P56_batch1","IC",0.366666666666667
25211,"P56_batch1","CNT",0.566666666666667
25212,"P56_batch1","PT",0.4
25213,"P56_batch1","PT_out",0.5
25214,"P56_batch1","DCT",0.5
25215,"P56_batch1","PT",0.333333333333333
25216,"P56_batch1","LOH",0.433333333333333
25217,"P56_batch1","LOH",0.433333333333333
25218,"P56_batch1","PC",0.233333333333333
25219,"P56_batch1","CNT",0.333333333333333
25220,"P56_batch1","PT2",0.533333333333333
25221,"P56_batch1","PT2",0.466666666666667
25222,"P56_batch1","NP",0.5
25223,"P56_batch1","IC",0.6
25224,"P56_batch1","LOH",0.433333333333333
25225,"P56_batch1","PT",0.6
25226,"P56_batch1","PC",0.366666666666667
25227,"P56_batch1","CNT",0.8
25228,"P56_batch1","PT",0.533333333333333
25229,"P56_batch1","Endo",0.433333333333333
25230,"P56_batch1","PT",0.466666666666667
25231,"P56_batch1","LOH",0.466666666666667
25232,"P56_batch1","PC",0.533333333333333
25233,"P56_batch1","PC",0.566666666666667
25234,"P56_batch1","Endo",0.366666666666667
25235,"P56_batch1","stroma2",0.1
25236,"P56_batch1","LOH",0.366666666666667
25237,"P56_batch1","Endo",0.2
25238,"P56_batch1","LOH",0.4
25239,"P56_batch1","stroma2",0.533333333333333
25240,"P56_batch1","PT2",0.766666666666667
25241,"P56_batch1","Endo",0.266666666666667
25242,"P56_batch1","Endo",0.3
25243,"P56_batch1","LOH",0.366666666666667
25244,"P56_batch1","DCT",0.6
25245,"P56_batch1","PT2",0.733333333333333
25246,"P56_batch1","PT",0.333333333333333
25247,"P56_batch1","PT",0.466666666666667
25248,"P56_batch1","PT",0.433333333333333
25249,"P56_batch1","PT",0.466666666666667
25250,"P56_batch1","LOH",0.366666666666667
25251,"P56_batch1","stroma2",0.433333333333333
25252,"P56_batch1","PT",0.6
25253,"P56_batch1","DCT",0.633333333333333
25254,"P56_batch1","DCT",0.566666666666667
25255,"P56_batch1","PT",0.633333333333333
25256,"P56_batch1","LOH",0.466666666666667
25257,"P56_batch1","LOH",0.433333333333333
25258,"P56_batch1","LOH",0.733333333333333
25259,"P56_batch1","PT",0.5
25260,"P56_batch1","PT",0.3
25261,"P56_batch1","LOH",0.2
25262,"P56_batch1","PT",0.6
25263,"P56_batch1","CNT",0.3
25264,"P56_batch1","Podo",0
25265,"P56_batch1","PT2",0.7
25266,"P56_batch1","PT",0.6
25267,"P56_batch1","PT",0.333333333333333
25268,"P56_batch1","Endo",0.3
25269,"P56_batch1","PT2",0.566666666666667
25270,"P56_batch1","stroma2",0.233333333333333
25271,"P56_batch1","Endo",0.466666666666667
25272,"P56_batch1","PT_out",0.5
25273,"P56_batch1","DCT",0.5
25274,"P56_batch1","PT2",0.566666666666667
25275,"P56_batch1","LOH",0.6
25276,"P56_batch1","IC",0.1
25277,"P56_batch1","DCT",0.5
25278,"P56_batch1","PT",0.566666666666667
25279,"P56_batch1","Endo",0.233333333333333
25280,"P56_batch1","DCT",0.533333333333333
25281,"P56_batch1","Endo",0.433333333333333
25282,"P56_batch1","LOH",0.533333333333333
25283,"P56_batch1","PT",0.433333333333333
25284,"P56_batch1","PT",0.7
25285,"P56_batch1","PT",0.433333333333333
25286,"P56_batch1","NP",0.366666666666667
25287,"P56_batch1","Endo",0.366666666666667
25288,"P56_batch1","stroma2",0.233333333333333
25289,"P56_batch1","Podo",0
25290,"P56_batch1","Endo",0.366666666666667
25291,"P56_batch1","PT",0.466666666666667
25292,"P56_batch1","CNT",0.6
25293,"P56_batch1","PT",0.333333333333333
25294,"P56_batch1","CNT",0.833333333333333
25295,"P56_batch1","IC",0.3
25296,"P56_batch1","PT",0.466666666666667
25297,"P56_batch1","PT",0.466666666666667
25298,"P56_batch1","DCT",0.466666666666667
25299,"P56_batch1","PT",0.3
25300,"P56_batch1","stroma2",0.233333333333333
25301,"P56_batch1","PT",0.366666666666667
25302,"P56_batch1","DCT",0.833333333333333
25303,"P56_batch1","PT",0.3
25304,"P56_batch1","PT",0.333333333333333
25305,"P56_batch1","PT_out",0.433333333333333
25306,"P56_batch1","stroma2",0.266666666666667
25307,"P56_batch1","PT",0.4
25308,"P56_batch1","PC",0.2
25309,"P56_batch1","PT",0.433333333333333
25310,"P56_batch1","PT2",0.5
25311,"P56_batch1","NP_LOH",0.366666666666667
25312,"P56_batch1","PT",0.266666666666667
25313,"P56_batch1","Endo",0.3
25314,"P56_batch1","IC",0.1
25315,"P56_batch1","PT",0.733333333333333
25316,"P56_batch1","CNT",0.333333333333333
25317,"P56_batch1","PT_out",0.533333333333333
25318,"P56_batch1","stroma2",0.4
25319,"P56_batch1","PT",0.633333333333333
25320,"P56_batch1","LOH",0.4
25321,"P56_batch1","Podo",0.266666666666667
25322,"P56_batch1","PC",0.4
25323,"P56_batch1","NP_LOH",0.1
25324,"P56_batch1","stroma2",0.133333333333333
25325,"P56_batch1","PT",0.333333333333333
25326,"P56_batch1","PT",0.633333333333333
25327,"P56_batch1","PT",0.433333333333333
25328,"P56_batch1","stroma2",0.6
25329,"P56_batch1","Endo",0.333333333333333
25330,"P56_batch1","PT",0.3
25331,"P56_batch1","PT",0.466666666666667
25332,"P56_batch1","IC",0.166666666666667
25333,"P56_batch1","stroma2",0.266666666666667
25334,"P56_batch1","PT",0.5
25335,"P56_batch1","PT",0.666666666666667
25336,"P56_batch1","Endo",0.133333333333333
25337,"P56_batch1","LOH",0.533333333333333
25338,"P56_batch1","Endo",0.4
25339,"P56_batch1","PT",0.3
25340,"P56_batch1","PT",0.433333333333333
25341,"P56_batch1","stroma2",0.566666666666667
25342,"P56_batch1","stroma2",0.3
25343,"P56_batch1","stroma2",0.333333333333333
25344,"P56_batch1","DCT",0.5
25345,"P56_batch1","Endo",0.266666666666667
25346,"P56_batch1","PT2",0.566666666666667
25347,"P56_batch1","DCT",0.6
25348,"P56_batch1","Podo",0.1
25349,"P56_batch1","Endo",0.466666666666667
25350,"P56_batch1","LOH",0.3
25351,"P56_batch1","IC",0.1
25352,"P56_batch1","PT2",0.466666666666667
25353,"P56_batch1","PT",0
25354,"P56_batch1","CNT",0.2
25355,"P56_batch1","stroma2",0.4
25356,"P56_batch1","PT",0.333333333333333
25357,"P56_batch1","stroma2",0.266666666666667
25358,"P56_batch1","DCT",0.7
25359,"P56_batch1","LOH",0.633333333333333
25360,"P56_batch1","Endo",0.333333333333333
25361,"P56_batch1","Endo",0.266666666666667
25362,"P56_batch1","immune",0.433333333333333
25363,"P56_batch1","stroma2",0.133333333333333
25364,"P56_batch1","PT",0.433333333333333
25365,"P56_batch1","stroma2",0.433333333333333
25366,"P56_batch1","LOH",0.533333333333333
25367,"P56_batch1","LOH",0.466666666666667
25368,"P56_batch1","LOH",0.433333333333333
25369,"P56_batch1","PT2",0.3
25370,"P56_batch1","stroma2",0.533333333333333
25371,"P56_batch1","DCT",0.6
25372,"P56_batch1","Endo",0.3
25373,"P56_batch1","stroma2",0.1
25374,"P56_batch1","stroma2",0.333333333333333
25375,"P56_batch1","PT",0.466666666666667
25376,"P56_batch1","PT2",0.7
25377,"P56_batch1","LOH",0.433333333333333
25378,"P56_batch1","PT",0.5
25379,"P56_batch1","Endo",0.2
25380,"P56_batch1","CNT",0.4
25381,"P56_batch1","LOH",0.3
25382,"P56_batch1","NP",0.166666666666667
25383,"P56_batch1","DCT",0.533333333333333
25384,"P56_batch1","Endo",0.366666666666667
25385,"P56_batch1","IC",0.6
25386,"P56_batch1","LOH",0.566666666666667
25387,"P56_batch1","PT",0.3
25388,"P56_batch1","stroma2",0.166666666666667
25389,"P56_batch1","PT",0.433333333333333
25390,"P56_batch1","PT",0.233333333333333
25391,"P56_batch1","PT",0.566666666666667
25392,"P56_batch1","PT",0.5
25393,"P56_batch1","LOH",0.533333333333333
25394,"P56_batch1","DCT",0.566666666666667
25395,"P56_batch1","IC",0.233333333333333
25396,"P56_batch1","PT",0.433333333333333
25397,"P56_batch1","PT",0.566666666666667
25398,"P56_batch1","PT2",0.366666666666667
25399,"P56_batch1","stroma2",0.333333333333333
25400,"P56_batch1","PT",0.266666666666667
25401,"P56_batch1","PT",0.5
25402,"P56_batch1","PT",0.566666666666667
25403,"P56_batch1","stroma2",0.366666666666667
25404,"P56_batch1","PT",0.333333333333333
25405,"P56_batch1","PT2",0.5
25406,"P56_batch1","LOH",0.4
25407,"P56_batch1","NP_LOH",0.266666666666667
25408,"P56_batch1","Endo",0.333333333333333
25409,"P56_batch1","PC",0.366666666666667
25410,"P56_batch1","DCT",0.5
25411,"P56_batch1","PT",0.5
25412,"P56_batch1","PT",0.6
25413,"P56_batch1","PT",0.466666666666667
25414,"P56_batch1","immune",0.133333333333333
25415,"P56_batch1","Endo",0.4
25416,"P56_batch1","PT",0.3
25417,"P56_batch1","PT",0.366666666666667
25418,"P56_batch1","PT2",0.766666666666667
25419,"P56_batch1","stroma2",0.4
25420,"P56_batch1","Podo",0
25421,"P56_batch1","PC",0.233333333333333
25422,"P56_batch1","PT",0.433333333333333
25423,"P56_batch1","PT",0.533333333333333
25424,"P56_batch1","PC",0.333333333333333
25425,"P56_batch1","CNT",0.233333333333333
25426,"P56_batch1","PC",0.833333333333333
25427,"P56_batch1","PT",0.466666666666667
25428,"P56_batch1","DCT",0.766666666666667
25429,"P56_batch1","PT",0.366666666666667
25430,"P56_batch1","PT",0.366666666666667
25431,"P56_batch1","PT",0.333333333333333
25432,"P56_batch1","IC",0.533333333333333
25433,"P56_batch1","PT",0.433333333333333
25434,"P56_batch1","stroma2",0.333333333333333
25435,"P56_batch1","LOH",0.333333333333333
25436,"P56_batch1","LOH",0.333333333333333
25437,"P56_batch1","PT",0.433333333333333
25438,"P56_batch1","LOH",0.433333333333333
25439,"P56_batch1","LOH",0.566666666666667
25440,"P56_batch1","PT",0.333333333333333
25441,"P56_batch1","LOH",0.433333333333333
25442,"P56_batch1","LOH",0.533333333333333
25443,"P56_batch1","PT",0.5
25444,"P56_batch1","PT",0.566666666666667
25445,"P56_batch1","PT",0.533333333333333
25446,"P56_batch1","PT",0.533333333333333
25447,"P56_batch1","PC",0.533333333333333
25448,"P56_batch1","IC",0.266666666666667
25449,"P56_batch1","PT",0.633333333333333
25450,"P56_batch1","DCT",0.633333333333333
25451,"P56_batch1","PT",0.4
25452,"P56_batch1","PT2",0.666666666666667
25453,"P56_batch1","immune",0.533333333333333
25454,"P56_batch1","PT2",0.466666666666667
25455,"P56_batch1","PT2",0.4
25456,"P56_batch1","PT",0
25457,"P56_batch1","PC",0.366666666666667
25458,"P56_batch1","PT",0.433333333333333
25459,"P56_batch1","PT",0.5
25460,"P56_batch1","CNT",0.4
25461,"P56_batch1","PT",0.366666666666667
25462,"P56_batch1","CNT",0.366666666666667
25463,"P56_batch1","PT2",0.466666666666667
25464,"P56_batch1","PT",0.466666666666667
25465,"P56_batch1","LOH",0.566666666666667
25466,"P56_batch1","CNT",0.466666666666667
25467,"P56_batch1","LOH",0.3
25468,"P56_batch1","PT",0.533333333333333
25469,"P56_batch1","LOH",0.3
25470,"P56_batch1","DCT",0.8
25471,"P56_batch1","LOH",0.166666666666667
25472,"P56_batch1","LOH",0.466666666666667
25473,"P56_batch1","PT",0.0666666666666667
25474,"P56_batch1","CNT",0.833333333333333
25475,"P56_batch1","LOH",0.433333333333333
25476,"P56_batch1","LOH",0.333333333333333
25477,"P56_batch1","LOH",0.466666666666667
25478,"P56_batch1","PT2",0.433333333333333
25479,"P56_batch1","DCT",0.533333333333333
25480,"P56_batch1","stroma2",0.3
25481,"P56_batch1","NP",0.266666666666667
25482,"P56_batch1","PT_out",0.533333333333333
25483,"P56_batch1","PT2",0.3
25484,"P56_batch1","Endo",0.366666666666667
25485,"P56_batch1","PT",0.433333333333333
25486,"P56_batch1","DCT",0.266666666666667
25487,"P56_batch1","PT2",0.4
25488,"P56_batch1","PT2",0.833333333333333
25489,"P56_batch1","DCT",0.433333333333333
25490,"P56_batch1","PT",0.366666666666667
25491,"P56_batch1","PT",0.5
25492,"P56_batch1","Endo",0.366666666666667
25493,"P56_batch1","PT2",0.7
25494,"P56_batch1","PT2",0.433333333333333
25495,"P56_batch1","LOH",0.466666666666667
25496,"P56_batch1","LOH",0.433333333333333
25497,"P56_batch1","PT",0.266666666666667
25498,"P56_batch1","PT",0.566666666666667
25499,"P56_batch1","LOH",0.4
25500,"P56_batch1","PT2",0.3
25501,"P56_batch1","PT",0.166666666666667
25502,"P56_batch1","LOH",0.6
25503,"P56_batch1","Podo",0
25504,"P56_batch1","PT",0.4
25505,"P56_batch1","LOH",0.466666666666667
25506,"P56_batch1","NP_LOH",0.766666666666667
25507,"P56_batch1","immune",0.566666666666667
25508,"P56_batch1","LOH",0.766666666666667
25509,"P56_batch1","PT",0.4
25510,"P56_batch1","DCT",0.533333333333333
25511,"P56_batch1","LOH",0.466666666666667
25512,"P56_batch1","DCT",0.5
25513,"P56_batch1","LOH",0.433333333333333
25514,"P56_batch1","PT2",0.6
25515,"P56_batch1","PT",0.533333333333333
25516,"P56_batch1","PT2",0.566666666666667
25517,"P56_batch1","stroma2",0.3
25518,"P56_batch1","LOH",0.5
25519,"P56_batch1","PT",0.166666666666667
25520,"P56_batch1","Endo",0.466666666666667
25521,"P56_batch1","Podo",0.433333333333333
25522,"P56_batch1","PC",0.666666666666667
25523,"P56_batch1","PT",0.733333333333333
25524,"P56_batch1","stroma2",0.166666666666667
25525,"P56_batch1","LOH",0.3
25526,"P56_batch1","PT",0.466666666666667
25527,"P56_batch1","PT",0.366666666666667
25528,"P56_batch1","PT",0.333333333333333
25529,"P56_batch1","PT",0.566666666666667
25530,"P56_batch1","LOH",0.5
25531,"P56_batch1","NP",0.2
25532,"P56_batch1","PC",0.4
25533,"P56_batch1","stroma2",0.166666666666667
25534,"P56_batch1","stroma2",0.333333333333333
25535,"P56_batch1","PT2",0.666666666666667
25536,"P56_batch1","LOH",0.633333333333333
25537,"P56_batch1","PC",0.5
25538,"P56_batch1","NP",0.133333333333333
25539,"P56_batch1","PT_out",0.5
25540,"P56_batch1","PT",0.5
25541,"P56_batch1","PT",0.433333333333333
25542,"P56_batch1","PT",0.5
25543,"P56_batch1","LOH",0.566666666666667
25544,"P56_batch1","LOH",0.4
25545,"P56_batch1","PT",0.4
25546,"P56_batch1","LOH",0.366666666666667
25547,"P56_batch1","PT2",0.6
25548,"P56_batch1","PT",0.6
25549,"P56_batch1","PT",0.633333333333333
25550,"P56_batch1","LOH",0.6
25551,"P56_batch1","IC",0.433333333333333
25552,"P56_batch1","PT2",0.666666666666667
25553,"P56_batch1","PT",0.5
25554,"P56_batch1","Endo",0.233333333333333
25555,"P56_batch1","PT2",0.5
25556,"P56_batch1","LOH",0.666666666666667
25557,"P56_batch1","PT",0.533333333333333
25558,"P56_batch1","PT",0.366666666666667
25559,"P56_batch1","LOH",0.266666666666667
25560,"P56_batch1","PT",0.566666666666667
25561,"P56_batch1","Endo",0.2
25562,"P56_batch1","PT2",0.133333333333333
25563,"P56_batch1","PT2",0.433333333333333
25564,"P56_batch1","Endo",0.266666666666667
25565,"P56_batch1","PT",0.366666666666667
25566,"P56_batch1","PT2",0.3
25567,"P56_batch1","Endo",0.333333333333333
25568,"P56_batch1","stroma2",0.266666666666667
25569,"P56_batch1","IC",0.0666666666666667
25570,"P56_batch1","NP_LOH",0.266666666666667
25571,"P56_batch1","PT2",0.533333333333333
25572,"P56_batch1","Endo",0.5
25573,"P56_batch1","Endo",0.5
25574,"P56_batch1","PT",0.633333333333333
25575,"P56_batch1","LOH",0.366666666666667
25576,"P56_batch1","Endo",0.3
25577,"P56_batch1","Podo",0.3
25578,"P56_batch1","IC",0.333333333333333
25579,"P56_batch1","PT",0.333333333333333
25580,"P56_batch1","NP_LOH",0.766666666666667
25581,"P56_batch1","PT",0.4
25582,"P56_batch1","PT",0.666666666666667
25583,"P56_batch1","Podo",0.366666666666667
25584,"P56_batch1","PT",0.466666666666667
25585,"P56_batch1","PT",0.566666666666667
25586,"P56_batch1","PC",0.366666666666667
25587,"P56_batch1","Endo",0.5
25588,"P56_batch1","PT_out",0.533333333333333
25589,"P56_batch1","CNT",0.633333333333333
25590,"P56_batch1","DCT",0.533333333333333
25591,"P56_batch1","PC",0.3
25592,"P56_batch1","stroma2",0.433333333333333
25593,"P56_batch1","PT",0.4
25594,"P56_batch1","Endo",0.333333333333333
25595,"P56_batch1","PT2",0.633333333333333
25596,"P56_batch1","PT",0.3
25597,"P56_batch1","Endo",0.433333333333333
25598,"P56_batch1","LOH",0.466666666666667
25599,"P56_batch1","PT",0.433333333333333
25600,"P56_batch1","LOH",0.233333333333333
25601,"P56_batch1","PT",0.433333333333333
25602,"P56_batch1","PT",0.333333333333333
25603,"P56_batch1","stroma1",0.5
25604,"P56_batch1","PT2",0.333333333333333
25605,"P56_batch1","Podo",0.0333333333333333
25606,"P56_batch1","NP_LOH",0.2
25607,"P56_batch1","PT",0.533333333333333
25608,"P56_batch1","stroma2",0.233333333333333
25609,"P56_batch1","PT",0.466666666666667
25610,"P56_batch1","LOH",0.6
25611,"P56_batch1","PT",0.566666666666667
25612,"P56_batch1","PT",0.666666666666667
25613,"P56_batch1","PT",0.633333333333333
25614,"P56_batch1","Podo",0.433333333333333
25615,"P56_batch1","PT",0.333333333333333
25616,"P56_batch1","LOH",0.466666666666667
25617,"P56_batch1","Endo",0.133333333333333
25618,"P56_batch1","PT2",0.533333333333333
25619,"P56_batch1","PT2",0.466666666666667
25620,"P56_batch1","PT2",0.766666666666667
25621,"P56_batch1","stroma2",0.433333333333333
25622,"P56_batch1","PT",0.566666666666667
25623,"P56_batch1","PC",0.233333333333333
25624,"P56_batch1","Endo",0.466666666666667
25625,"P56_batch1","PT",0.533333333333333
25626,"P56_batch1","Endo",0.466666666666667
25627,"P56_batch1","LOH",0.533333333333333
25628,"P56_batch1","PT",0.466666666666667
25629,"P56_batch1","PT2",0.6
25630,"P56_batch1","PT",0.6
25631,"P56_batch1","PT",0.366666666666667
25632,"P56_batch1","stroma2",0.266666666666667
25633,"P56_batch1","LOH",0.4
25634,"P56_batch1","NP_LOH",0.266666666666667
25635,"P56_batch1","LOH",0.533333333333333
25636,"P56_batch1","PT",0.633333333333333
25637,"P56_batch1","LOH",0.533333333333333
25638,"P56_batch1","LOH",0.4
25639,"P56_batch1","IC",0.7
25640,"P56_batch1","PC",0.2
25641,"P56_batch1","stroma2",0.366666666666667
25642,"P56_batch1","Endo",0.566666666666667
25643,"P56_batch1","Endo",0.3
25644,"P56_batch1","PT",0.633333333333333
25645,"P56_batch1","LOH",0.5
25646,"P56_batch1","LOH",0.133333333333333
25647,"P56_batch1","PT",0.6
25648,"P56_batch1","CNT",0.466666666666667
25649,"P56_batch1","stroma2",0.533333333333333
25650,"P56_batch1","PT2",0.6
25651,"P56_batch1","PT",0.4
25652,"P56_batch1","PC",0.833333333333333
25653,"P56_batch1","LOH",0.2
25654,"P56_batch1","PT",0.466666666666667
25655,"P56_batch1","DCT",0.7
25656,"P56_batch1","PT",0.366666666666667
25657,"P56_batch1","Endo",0.366666666666667
25658,"P56_batch1","LOH",0.3
25659,"P56_batch1","PT",0.366666666666667
25660,"P56_batch1","PT2",0.333333333333333
25661,"P56_batch1","PT",0.4
25662,"P56_batch1","DCT",0.466666666666667
25663,"P56_batch1","PT2",0.533333333333333
25664,"P56_batch1","IC",0.266666666666667
25665,"P56_batch1","DCT",0.6
25666,"P56_batch1","Endo",0.366666666666667
25667,"P56_batch1","PT",0.566666666666667
25668,"P56_batch1","stroma2",0.266666666666667
25669,"P56_batch1","PT2",0.366666666666667
25670,"P56_batch1","PT",0.366666666666667
25671,"P56_batch1","LOH",0.2
25672,"P56_batch1","PC",0.566666666666667
25673,"P56_batch1","PT",0.533333333333333
25674,"P56_batch1","stroma1",0.366666666666667
25675,"P56_batch1","Endo",0.2
25676,"P56_batch1","PT",0.633333333333333
25677,"P56_batch1","PT",0.3
25678,"P56_batch1","PT",0.566666666666667
25679,"P56_batch1","stroma2",0.6
25680,"P56_batch1","Endo",0.366666666666667
25681,"P56_batch1","PT",0.433333333333333
25682,"P56_batch1","PT",0.5
25683,"P56_batch1","PT",0.733333333333333
25684,"P56_batch1","PT2",0.4
25685,"P56_batch1","IC",0.466666666666667
25686,"P56_batch1","PT",0.5
25687,"P56_batch1","PT",0.466666666666667
25688,"P56_batch1","LOH",0.366666666666667
25689,"P56_batch1","PT",0.0333333333333333
25690,"P56_batch1","PT",0.366666666666667
25691,"P56_batch1","PT",0.433333333333333
25692,"P56_batch1","immune",0.166666666666667
25693,"P56_batch1","PT",0.533333333333333
25694,"P56_batch1","PT",0.466666666666667
25695,"P56_batch1","IC",0.666666666666667
25696,"P56_batch1","PT",0.466666666666667
25697,"P56_batch1","PT",0.533333333333333
25698,"P56_batch1","IC",0.433333333333333
25699,"P56_batch1","PT2",0.666666666666667
25700,"P56_batch1","PT",0.533333333333333
25701,"P56_batch1","PT2",0.333333333333333
25702,"P56_batch1","PT2",0.566666666666667
25703,"P56_batch1","PT",0.566666666666667
25704,"P56_batch1","stroma2",0.566666666666667
25705,"P56_batch1","Endo",0.1
25706,"P56_batch1","PT",0.6
25707,"P56_batch1","LOH",0.533333333333333
25708,"P56_batch1","stroma2",0.6
25709,"P56_batch1","IC",0.133333333333333
25710,"P56_batch1","Endo",0.366666666666667
25711,"P56_batch1","PT",0.5
25712,"P56_batch1","Endo",0.166666666666667
25713,"P56_batch1","PT",0.533333333333333
25714,"P56_batch1","LOH",0.466666666666667
25715,"P56_batch1","PT",0.633333333333333
25716,"P56_batch1","PT2",0.566666666666667
25717,"P56_batch1","PT",0.266666666666667
25718,"P56_batch1","stroma1",0.5
25719,"P56_batch1","LOH",0.366666666666667
25720,"P56_batch1","CNT",0.633333333333333
25721,"P56_batch1","PT2",0.566666666666667
25722,"P56_batch1","LOH",0.466666666666667
25723,"P56_batch1","LOH",0.533333333333333
25724,"P56_batch1","Endo",0.5
25725,"P56_batch1","stroma2",0.166666666666667
25726,"P56_batch1","IC",0.333333333333333
25727,"P56_batch1","PT2",0.233333333333333
25728,"P56_batch1","PT",0.466666666666667
25729,"P56_batch1","PT2",0.366666666666667
25730,"P56_batch1","PT",0.466666666666667
25731,"P56_batch1","Podo",0
25732,"P56_batch1","PT",0.433333333333333
25733,"P56_batch1","LOH",0.366666666666667
25734,"P56_batch1","CNT",0.5
25735,"P56_batch1","PT2",0.366666666666667
25736,"P56_batch1","PT",0.533333333333333
25737,"P56_batch1","PT",0.7
25738,"P56_batch1","PT2",0.533333333333333
25739,"P56_batch1","PT",0.433333333333333
25740,"P56_batch1","PT",0.3
25741,"P56_batch1","PT",0
25742,"P56_batch1","DCT",0.6
25743,"P56_batch1","Podo",0.6
25744,"P56_batch1","PT2",0.433333333333333
25745,"P56_batch1","PT",0.533333333333333
25746,"P56_batch1","Endo",0.1
25747,"P56_batch1","DCT",0.266666666666667
25748,"P56_batch1","LOH",0.366666666666667
25749,"P56_batch1","PT",0.433333333333333
25750,"P56_batch1","PT",0.6
25751,"P56_batch1","PT",0.333333333333333
25752,"P56_batch1","CNT",0.7
25753,"P56_batch1","PT",0.533333333333333
25754,"P56_batch1","LOH",0.366666666666667
25755,"P56_batch1","PT",0.433333333333333
25756,"P56_batch1","PT2",0.766666666666667
25757,"P56_batch1","LOH",0.4
25758,"P56_batch1","Podo",0.233333333333333
25759,"P56_batch1","PT",0.466666666666667
25760,"P56_batch1","PT",0.6
25761,"P56_batch1","PT_out",0.433333333333333
25762,"P56_batch1","LOH",0.433333333333333
25763,"P56_batch1","PT",0.466666666666667
25764,"P56_batch1","Endo",0.433333333333333
25765,"P56_batch1","Podo",0.433333333333333
25766,"P56_batch1","IC",0.533333333333333
25767,"P56_batch1","PT",0.566666666666667
25768,"P56_batch1","PT2",0.566666666666667
25769,"P56_batch1","LOH",0.433333333333333
25770,"P56_batch1","PT",0.266666666666667
25771,"P56_batch1","immune",0.3
25772,"P56_batch1","Endo",0.2
25773,"P56_batch1","PT",0.466666666666667
25774,"P56_batch1","PT2",0.566666666666667
25775,"P56_batch1","DCT",0.533333333333333
25776,"P56_batch1","PT",0.3
25777,"P56_batch1","PT",0.4
25778,"P56_batch1","LOH",0.466666666666667
25779,"P56_batch1","PT",0.666666666666667
25780,"P56_batch1","PT",0.533333333333333
25781,"P56_batch1","PT2",0.433333333333333
25782,"P56_batch1","PT2",0.466666666666667
25783,"P56_batch1","Endo",0.566666666666667
25784,"P56_batch1","PT",0.533333333333333
25785,"P56_batch1","PT",0.566666666666667
25786,"P56_batch1","PC",0.333333333333333
25787,"P56_batch1","LOH",0.5
25788,"P56_batch1","PT2",0.5
25789,"P56_batch1","PT",0.666666666666667
25790,"P56_batch1","CNT",0.4
25791,"P56_batch1","LOH",0.366666666666667
25792,"P56_batch1","PC",0.233333333333333
25793,"P56_batch1","LOH",0.266666666666667
25794,"P56_batch1","PT",0.766666666666667
25795,"P56_batch1","LOH",0.566666666666667
25796,"P56_batch1","LOH",0.433333333333333
25797,"P56_batch1","PT",0.266666666666667
25798,"P56_batch1","PT",0.466666666666667
25799,"P56_batch1","PT",0.4
25800,"P56_batch1","Endo",0.266666666666667
25801,"P56_batch1","PT2",0.433333333333333
25802,"P56_batch1","PT",0.7
25803,"P56_batch1","PT",0.5
25804,"P56_batch1","PT",0.533333333333333
25805,"P56_batch1","stroma2",0.566666666666667
25806,"P56_batch1","Podo",0.366666666666667
25807,"P56_batch1","LOH",0.466666666666667
25808,"P56_batch1","PT",0.366666666666667
25809,"P56_batch1","PT",0
25810,"P56_batch1","PT2",0.7
25811,"P56_batch1","PT",0
25812,"P56_batch1","LOH",0.433333333333333
25813,"P56_batch1","IC",0.366666666666667
25814,"P56_batch1","Endo",0.466666666666667
25815,"P56_batch1","stroma2",0.633333333333333
25816,"P56_batch1","CNT",0.566666666666667
25817,"P56_batch1","stroma1",0.333333333333333
25818,"P56_batch1","stroma2",0.433333333333333
25819,"P56_batch1","PT",0
25820,"P56_batch1","PT",0.233333333333333
25821,"P56_batch1","PT2",0.466666666666667
25822,"P56_batch1","IC",0.266666666666667
25823,"P56_batch1","PT2",0.533333333333333
25824,"P56_batch1","stroma2",0.3
25825,"P56_batch1","PT",0.466666666666667
25826,"P56_batch1","NP",0.266666666666667
25827,"P56_batch1","Podo",0.566666666666667
25828,"P56_batch1","PC",0.4
25829,"P56_batch1","PT",0.4
25830,"P56_batch1","LOH",0.5
25831,"P56_batch1","PT2",0.833333333333333
25832,"P56_batch1","PT",0.7
25833,"P56_batch1","PT2",0.666666666666667
25834,"P56_batch1","PT",0.533333333333333
25835,"P56_batch1","LOH",0.3
25836,"P56_batch1","CNT",0.4
25837,"P56_batch1","PT",0.566666666666667
25838,"P56_batch1","LOH",0.433333333333333
25839,"P56_batch1","stroma2",0.533333333333333
25840,"P56_batch1","DCT",0.566666666666667
25841,"P56_batch1","PT",0.433333333333333
25842,"P56_batch1","IC",0.166666666666667
25843,"P56_batch1","LOH",0.433333333333333
25844,"P56_batch1","stroma2",0.3
25845,"P56_batch1","PT",0.433333333333333
25846,"P56_batch1","PT",0.333333333333333
25847,"P56_batch1","Endo",0.233333333333333
25848,"P56_batch1","LOH",0.366666666666667
25849,"P56_batch1","PT",0.366666666666667
25850,"P56_batch1","stroma2",0.3
25851,"P56_batch1","PT2",0.6
25852,"P56_batch1","PT2",0.666666666666667
25853,"P56_batch1","stroma1",0.333333333333333
25854,"P56_batch1","PT",0.433333333333333
25855,"P56_batch1","LOH",0.466666666666667
25856,"P56_batch1","PT_out",0.6
25857,"P56_batch1","PT2",0.766666666666667
25858,"P56_batch1","PT_out",0.866666666666667
25859,"P56_batch1","IC",0.133333333333333
25860,"P56_batch1","PT",0.5
25861,"P56_batch1","PT",0.1
25862,"P56_batch1","PT",0.3
25863,"P56_batch1","LOH",0.433333333333333
25864,"P56_batch1","PT",0.5
25865,"P56_batch1","LOH",0.533333333333333
25866,"P56_batch1","PT",0.433333333333333
25867,"P56_batch1","PT",0.666666666666667
25868,"P56_batch1","DCT",0.5
25869,"P56_batch1","PT2",0.9
25870,"P56_batch1","PT",0.633333333333333
25871,"P56_batch1","DCT",0.766666666666667
25872,"P56_batch1","PT",0.333333333333333
25873,"P56_batch1","PT",0.366666666666667
25874,"P56_batch1","LOH",0.4
25875,"P56_batch1","IC",0.633333333333333
25876,"P56_batch1","PT2",0.533333333333333
25877,"P56_batch1","PT",0.266666666666667
25878,"P56_batch1","PT2",0.333333333333333
25879,"P56_batch1","PT2",0.633333333333333
25880,"P56_batch1","PC",0.333333333333333
25881,"P56_batch1","NP",0.533333333333333
25882,"P56_batch1","PT_out",0.533333333333333
25883,"P56_batch1","PT",0.3
25884,"P56_batch1","LOH",0.333333333333333
25885,"P56_batch1","LOH",0.333333333333333
25886,"P56_batch1","LOH",0.366666666666667
25887,"P56_batch1","PC",0.6
25888,"P56_batch1","LOH",0.3
25889,"P56_batch1","PT",0.533333333333333
25890,"P56_batch1","PC",0.633333333333333
25891,"P56_batch1","PT",0.5
25892,"P56_batch1","Podo",0.433333333333333
25893,"P56_batch1","PT",0.633333333333333
25894,"P56_batch1","PT",0.5
25895,"P56_batch1","LOH",0.5
25896,"P56_batch1","Podo",0
25897,"P56_batch1","LOH",0.466666666666667
25898,"P56_batch1","CNT",0.5
25899,"P56_batch1","Podo",0
25900,"P56_batch1","PT",0.633333333333333
25901,"P56_batch1","PT",0.433333333333333
25902,"P56_batch1","stroma2",0.533333333333333
25903,"P56_batch1","PT",0.366666666666667
25904,"P56_batch1","PT",0.566666666666667
25905,"P56_batch1","PC",0.666666666666667
25906,"P56_batch1","CNT",0.4
25907,"P56_batch1","PT",0.566666666666667
25908,"P56_batch1","PT",0.566666666666667
25909,"P56_batch1","NP_LOH",0.433333333333333
25910,"P56_batch1","Endo",0.2
25911,"P56_batch1","Endo",0.433333333333333
25912,"P56_batch1","stroma2",0.533333333333333
25913,"P56_batch1","PT2",0.4
25914,"P56_batch1","LOH",0.433333333333333
25915,"P56_batch1","PT2",0.5
25916,"P56_batch1","LOH",0.333333333333333
25917,"P56_batch1","PC",0.333333333333333
25918,"P56_batch1","Endo",0.366666666666667
25919,"P56_batch1","DCT",0.633333333333333
25920,"P56_batch1","PT",0.333333333333333
25921,"P56_batch1","PT",0.533333333333333
25922,"P56_batch1","PT2",0.533333333333333
25923,"P56_batch1","Podo",0
25924,"P56_batch1","PT_out",0.5
25925,"P56_batch1","PT2",0.833333333333333
25926,"P56_batch1","Endo",0.233333333333333
25927,"P56_batch1","PT",0.333333333333333
25928,"P56_batch1","PT",0.8
25929,"P56_batch1","LOH",0.366666666666667
25930,"P56_batch1","PT",0.9
25931,"P56_batch1","LOH",0.4
25932,"P56_batch1","PT",0.633333333333333
25933,"P56_batch1","PT",0.566666666666667
25934,"P56_batch1","PT",0.5
25935,"P56_batch1","PC",0.566666666666667
25936,"P56_batch1","PT",0.433333333333333
25937,"P56_batch1","PT",0.3
25938,"P56_batch1","PT_out",0.5
25939,"P56_batch1","PT2",0.433333333333333
25940,"P56_batch1","CNT",0.533333333333333
25941,"P56_batch1","Endo",0.333333333333333
25942,"P56_batch1","PT2",0.333333333333333
25943,"P56_batch1","PT2",0.633333333333333
25944,"P56_batch1","stroma2",0.4
25945,"P56_batch1","CNT",0.5
25946,"P56_batch1","PT",0.5
25947,"P56_batch1","stroma2",0.2
25948,"P56_batch1","CNT",0.666666666666667
25949,"P56_batch1","DCT",0.333333333333333
25950,"P56_batch1","PT",0.533333333333333
25951,"P56_batch1","PT",0.4
25952,"P56_batch1","PT",0.433333333333333
25953,"P56_batch1","PT2",0.333333333333333
25954,"P56_batch1","DCT",0.566666666666667
25955,"P56_batch1","PT2",0.333333333333333
25956,"P56_batch1","IC",0.633333333333333
25957,"P56_batch1","PT",0.366666666666667
25958,"P56_batch1","Endo",0.366666666666667
25959,"P56_batch1","PT",0.433333333333333
25960,"P56_batch1","IC",0.366666666666667
25961,"P56_batch1","PT",0.533333333333333
25962,"P56_batch1","PT",0.5
25963,"P56_batch1","PT2",0.433333333333333
25964,"P56_batch1","LOH",0.533333333333333
25965,"P56_batch1","DCT",0.233333333333333
25966,"P56_batch1","PT",0.4
25967,"P56_batch1","PT",0.3
25968,"P56_batch1","Endo",0.5
25969,"P56_batch1","Endo",0.533333333333333
25970,"P56_batch1","Endo",0.4
25971,"P56_batch1","PT",0.433333333333333
25972,"P56_batch1","PT2",0.433333333333333
25973,"P56_batch1","PT",0.466666666666667
25974,"P56_batch1","Endo",0.133333333333333
25975,"P56_batch1","PT",0.6
25976,"P56_batch1","LOH",0.4
25977,"P56_batch1","Podo",0.2
25978,"P56_batch1","PT",0.466666666666667
25979,"P56_batch1","PT",0.266666666666667
25980,"P56_batch1","stroma2",0.3
25981,"P56_batch1","PT",0.566666666666667
25982,"P56_batch1","stroma2",0.366666666666667
25983,"P56_batch1","PT",0.533333333333333
25984,"P56_batch1","stroma2",0.466666666666667
25985,"P56_batch1","PC",0.466666666666667
25986,"P56_batch1","IC",0.266666666666667
25987,"P56_batch1","PT",0.466666666666667
25988,"P56_batch1","LOH",0.366666666666667
25989,"P56_batch1","LOH",0.6
25990,"P56_batch1","Endo",0.466666666666667
25991,"P56_batch1","LOH",0.2
25992,"P56_batch1","LOH",0.433333333333333
25993,"P56_batch1","PT2",0.633333333333333
25994,"P56_batch1","stroma1",0.5
25995,"P56_batch1","PT",0.466666666666667
25996,"P56_batch1","immune",0.466666666666667
25997,"P56_batch1","PT",0.666666666666667
25998,"P56_batch1","PT",0.6
25999,"P56_batch1","LOH",0.566666666666667
26000,"P56_batch1","NP_LOH",0.4
26001,"P56_batch1","PT2",0.833333333333333
26002,"P56_batch1","Endo",0.4
26003,"P56_batch1","CNT",0.366666666666667
26004,"P56_batch1","PT2",0.5
26005,"P56_batch1","PT2",0.8
26006,"P56_batch1","PC",0.5
26007,"P56_batch1","Endo",0.2
26008,"P56_batch1","IC",0.466666666666667
26009,"P56_batch1","PT",0.566666666666667
26010,"P56_batch1","stroma2",0.566666666666667
26011,"P56_batch1","PT",0.433333333333333
26012,"P56_batch1","Endo",0.3
26013,"P56_batch1","stroma2",0.4
26014,"P56_batch1","PT",0.3
26015,"P56_batch1","PT",0.5
26016,"P56_batch1","LOH",0.4
26017,"P56_batch1","LOH",0.366666666666667
26018,"P56_batch1","IC",0.133333333333333
26019,"P56_batch1","PT",0.466666666666667
26020,"P56_batch1","PT2",0.6
26021,"P56_batch1","PC",0.533333333333333
26022,"P56_batch1","stroma1",0.5
26023,"P56_batch1","PT",0.5
26024,"P56_batch1","PT",0.366666666666667
26025,"P56_batch1","PT",0.433333333333333
26026,"P56_batch1","PT",0.5
26027,"P56_batch1","PT",0.3
26028,"P56_batch1","PT2",0.433333333333333
26029,"P56_batch1","PT2",0.666666666666667
26030,"P56_batch1","PT",0.3
26031,"P56_batch1","PT",0.4
26032,"P56_batch1","PT",0.466666666666667
26033,"P56_batch1","PT",0.5
26034,"P56_batch1","Endo",0.5
26035,"P56_batch1","Endo",0.5
26036,"P56_batch1","PT2",0.333333333333333
26037,"P56_batch1","PT",0.3
26038,"P56_batch1","PT2",0.533333333333333
26039,"P56_batch1","PT",0.633333333333333
26040,"P56_batch1","Podo",0
26041,"P56_batch1","PC",0.533333333333333
26042,"P56_batch1","Endo",0.333333333333333
26043,"P56_batch1","PT",0.633333333333333
26044,"P56_batch1","stroma2",0.1
26045,"P56_batch1","Endo",0.3
26046,"P56_batch1","PT2",0.566666666666667
26047,"P56_batch1","Endo",0.3
26048,"P56_batch1","PT2",0.466666666666667
26049,"P56_batch1","Endo",0.233333333333333
26050,"P56_batch1","PT2",0.333333333333333
26051,"P56_batch1","PT",0.466666666666667
26052,"P56_batch1","PT",0.333333333333333
26053,"P56_batch1","PT",0.666666666666667
26054,"P56_batch1","PT",0.433333333333333
26055,"P56_batch1","Endo",0.266666666666667
26056,"P56_batch1","LOH",0.466666666666667
26057,"P56_batch1","PT",0.5
26058,"P56_batch1","Endo",0.7
26059,"P56_batch1","DCT",0.266666666666667
26060,"P56_batch1","PT",0.533333333333333
26061,"P56_batch1","stroma2",0.366666666666667
26062,"P56_batch1","CNT",0.466666666666667
26063,"P56_batch1","PT2",0.466666666666667
26064,"P56_batch1","LOH",0.366666666666667
26065,"P56_batch1","PT",0.433333333333333
26066,"P56_batch1","PT",0.4
26067,"P56_batch1","LOH",0.466666666666667
26068,"P56_batch1","PT",0.6
26069,"P56_batch1","LOH",0.6
26070,"P56_batch1","CNT",0.2
26071,"P56_batch1","DCT",0.7
26072,"P56_batch1","Endo",0.3
26073,"P56_batch1","Endo",0.566666666666667
26074,"P56_batch1","CNT",0.466666666666667
26075,"P56_batch1","PT",0.266666666666667
26076,"P56_batch1","PT",0.333333333333333
26077,"P56_batch1","Endo",0.566666666666667
26078,"P56_batch1","stroma2",0.366666666666667
26079,"P56_batch1","PT",0.433333333333333
26080,"P56_batch1","LOH",0.633333333333333
26081,"P56_batch1","stroma2",0.566666666666667
26082,"P56_batch1","LOH",0.5
26083,"P56_batch1","PT_out",0.433333333333333
26084,"P56_batch1","LOH",0.533333333333333
26085,"P56_batch1","LOH",0.566666666666667
26086,"P56_batch1","stroma2",0.6
26087,"P56_batch1","PT",0.633333333333333
26088,"P56_batch1","PT",0.533333333333333
26089,"P56_batch1","LOH",0.533333333333333
26090,"P56_batch1","PT",0.4
26091,"P56_batch1","PT",0.3
26092,"P56_batch1","PT",0.566666666666667
26093,"P56_batch1","immune",0.466666666666667
26094,"P56_batch1","LOH",0.5
26095,"P56_batch1","LOH",0.466666666666667
26096,"P56_batch1","PT",0.1
26097,"P56_batch1","LOH",0.666666666666667
26098,"P56_batch1","PT",0.3
26099,"P56_batch1","Endo",0.566666666666667
26100,"P56_batch1","PT",0.533333333333333
26101,"P56_batch1","Endo",0.6
26102,"P56_batch1","PT",0.566666666666667
26103,"P56_batch1","IC",0.6
26104,"P56_batch1","PT",0.533333333333333
26105,"P56_batch1","PT",0.633333333333333
26106,"P56_batch1","Endo",0.3
26107,"P56_batch1","PT",0.666666666666667
26108,"P56_batch1","PT",0.633333333333333
26109,"P56_batch1","CNT",0.666666666666667
26110,"P56_batch1","PT",0.433333333333333
26111,"P56_batch1","PT",0.433333333333333
26112,"P56_batch1","PT2",0.666666666666667
26113,"P56_batch1","PT2",0.566666666666667
26114,"P56_batch1","PC",0.2
26115,"P56_batch1","IC",0.6
26116,"P56_batch1","IC",0.566666666666667
26117,"P56_batch1","PT2",0.333333333333333
26118,"P56_batch1","PT_out",0.433333333333333
26119,"P56_batch1","PC",0.533333333333333
26120,"P56_batch1","PT",0.266666666666667
26121,"P56_batch1","LOH",0.533333333333333
26122,"P56_batch1","PT2",0.6
26123,"P56_batch1","stroma2",0.4
26124,"P56_batch1","LOH",0.666666666666667
26125,"P56_batch1","stroma2",0.466666666666667
26126,"P56_batch1","Endo",0.266666666666667
26127,"P56_batch1","PT",0.666666666666667
26128,"P56_batch1","PT",0.566666666666667
26129,"P56_batch1","immune",0.633333333333333
26130,"P56_batch1","PT",0.533333333333333
26131,"P56_batch1","Endo",0.366666666666667
26132,"P56_batch1","LOH",0.5
26133,"P56_batch1","PT",0.3
26134,"P56_batch1","stroma2",0.166666666666667
26135,"P56_batch1","PT2",0.533333333333333
26136,"P56_batch1","DCT",0.733333333333333
26137,"P56_batch1","PT",0.2
26138,"P56_batch1","PT",0.366666666666667
26139,"P56_batch1","LOH",0.3
26140,"P56_batch1","stroma2",0.433333333333333
26141,"P56_batch1","IC",0.2
26142,"P56_batch1","DCT",0.5
26143,"P56_batch1","PT",0.666666666666667
26144,"P56_batch1","CNT",0.533333333333333
26145,"P56_batch1","LOH",0.466666666666667
26146,"P56_batch1","DCT",0.433333333333333
26147,"P56_batch1","PT2",0.533333333333333
26148,"P56_batch1","Endo",0.233333333333333
26149,"P56_batch1","PT",0.266666666666667
26150,"P56_batch1","PT2",0.333333333333333
26151,"P56_batch1","LOH",0.4
26152,"P56_batch1","stroma2",0.366666666666667
26153,"P56_batch1","PT_out",0.533333333333333
26154,"P56_batch1","PT",0.633333333333333
26155,"P56_batch1","PT",0.433333333333333
26156,"P56_batch1","CNT",0.766666666666667
26157,"P56_batch1","stroma2",0.333333333333333
26158,"P56_batch1","PC",0.5
26159,"P56_batch1","LOH",0.5
26160,"P56_batch1","PT2",0.633333333333333
26161,"P56_batch1","PT2",0.633333333333333
26162,"P56_batch1","PC",0.233333333333333
26163,"P56_batch1","PT",0.566666666666667
26164,"P56_batch1","NP",0.133333333333333
26165,"P56_batch1","Podo",0.433333333333333
26166,"P56_batch1","Endo",0.466666666666667
26167,"P56_batch1","Endo",0.433333333333333
26168,"P56_batch1","PT2",0.566666666666667
26169,"P56_batch1","PT",0.333333333333333
26170,"P56_batch1","Endo",0.466666666666667
26171,"P56_batch1","DCT",0.7
26172,"P56_batch1","Endo",0.4
26173,"P56_batch1","Endo",0.566666666666667
26174,"P56_batch1","Podo",0
26175,"P56_batch1","PT",0.5
26176,"P56_batch1","Endo",0.333333333333333
26177,"P56_batch1","LOH",0.266666666666667
26178,"P56_batch1","PT",0.4
26179,"P56_batch1","CNT",0.333333333333333
26180,"P56_batch1","Endo",0.2
26181,"P56_batch1","stroma1",0.8
26182,"P56_batch1","PC",0.4
26183,"P56_batch1","PT",0.666666666666667
26184,"P56_batch1","DCT",0.533333333333333
26185,"P56_batch1","PT",0.666666666666667
26186,"P56_batch1","PT2",0.566666666666667
26187,"P56_batch1","Podo",0
26188,"P56_batch1","CNT",0.466666666666667
26189,"P56_batch1","PT",0.4
26190,"P56_batch1","PT",0.433333333333333
26191,"P56_batch1","LOH",0.433333333333333
26192,"P56_batch1","PT",0.5
26193,"P56_batch1","PT",0.466666666666667
26194,"P56_batch1","PT",0.733333333333333
26195,"P56_batch1","PT",0.366666666666667
26196,"P56_batch1","IC",0.666666666666667
26197,"P56_batch1","Endo",0.233333333333333
26198,"P56_batch1","Endo",0.6
26199,"P56_batch1","LOH",0.3
26200,"P56_batch1","DCT",0.666666666666667
26201,"P56_batch1","LOH",0.5
26202,"P56_batch1","PT2",0.533333333333333
26203,"P56_batch1","DCT",0.733333333333333
26204,"P56_batch1","DCT",0.766666666666667
26205,"P56_batch1","PT",0.533333333333333
26206,"P56_batch1","PT",0.5
26207,"P56_batch1","PC",0.533333333333333
26208,"P56_batch1","PT",0.2
26209,"P56_batch1","Endo",0.4
26210,"P56_batch1","PT",0.3
26211,"P56_batch1","LOH",0.433333333333333
26212,"P56_batch1","stroma2",0.4
26213,"P56_batch1","stroma1",0.5
26214,"P56_batch1","PT",0.0666666666666667
26215,"P56_batch1","PT2",0.6
26216,"P56_batch1","PT",0.466666666666667
26217,"P56_batch1","LOH",0.366666666666667
26218,"P56_batch1","PT2",0.5
26219,"P56_batch1","PT2",0.633333333333333
26220,"P56_batch1","PT2",0.366666666666667
26221,"P56_batch1","DCT",0.5
26222,"P56_batch1","LOH",0.233333333333333
26223,"P56_batch1","LOH",0.433333333333333
26224,"P56_batch1","stroma2",0.533333333333333
26225,"P56_batch1","PT",0.233333333333333
26226,"P56_batch1","Endo",0.366666666666667
26227,"P56_batch1","LOH",0.466666666666667
26228,"P56_batch1","PT",0.366666666666667
26229,"P56_batch1","PT",0.533333333333333
26230,"P56_batch1","LOH",0.4
26231,"P56_batch1","PT",0.7
26232,"P56_batch1","PT",0.0333333333333333
26233,"P56_batch1","PT",0.466666666666667
26234,"P56_batch1","PT",0.233333333333333
26235,"P56_batch1","DCT",0.566666666666667
26236,"P56_batch1","PC",0.533333333333333
26237,"P56_batch1","IC",0.433333333333333
26238,"P56_batch1","Endo",0.2
26239,"P56_batch1","PT2",0.333333333333333
26240,"P56_batch1","PT",0.433333333333333
26241,"P56_batch1","LOH",0.266666666666667
26242,"P56_batch1","LOH",0.533333333333333
26243,"P56_batch1","LOH",0.6
26244,"P56_batch1","immune",0.2
26245,"P56_batch1","stroma2",0.266666666666667
26246,"P56_batch1","PT",0.533333333333333
26247,"P56_batch1","PT",0.466666666666667
26248,"P56_batch1","PT",0.366666666666667
26249,"P56_batch1","stroma2",0.333333333333333
26250,"P56_batch1","PC",0.566666666666667
26251,"P56_batch1","PT",0.366666666666667
26252,"P56_batch1","LOH",0.5
26253,"P56_batch1","IC",0.133333333333333
26254,"P56_batch1","PT",0.333333333333333
26255,"P56_batch1","DCT",0.766666666666667
26256,"P56_batch1","PT",0.5
26257,"P56_batch1","immune",0.5
26258,"P56_batch1","PT",0.733333333333333
26259,"P56_batch1","CNT",0.666666666666667
26260,"P56_batch1","PT",0.466666666666667
26261,"P56_batch1","LOH",0.466666666666667
26262,"P56_batch1","PT",0.466666666666667
26263,"P56_batch1","PT",0.3
26264,"P56_batch1","PT2",0.4
26265,"P56_batch1","LOH",0.366666666666667
26266,"P56_batch1","DCT",0.666666666666667
26267,"P56_batch1","immune",0.166666666666667
26268,"P56_batch1","PC",0.133333333333333
26269,"P56_batch1","Podo",0.433333333333333
26270,"P56_batch1","Endo",0.333333333333333
26271,"P56_batch1","LOH",0.266666666666667
26272,"P56_batch1","Endo",0.466666666666667
26273,"P56_batch1","IC",0.366666666666667
26274,"P56_batch1","LOH",0.566666666666667
26275,"P56_batch1","PT",0.333333333333333
26276,"P56_batch1","stroma2",0.433333333333333
26277,"P56_batch1","PT",0.433333333333333
26278,"P56_batch1","PT",0.466666666666667
26279,"P56_batch1","IC",0.666666666666667
26280,"P56_batch1","Endo",0.3
26281,"P56_batch1","PC",0.2
26282,"P56_batch1","PT",0.566666666666667
26283,"P56_batch1","IC",0.666666666666667
26284,"P56_batch1","PT",0.366666666666667
26285,"P56_batch1","PT",0.4
26286,"P56_batch1","Endo",0.333333333333333
26287,"P56_batch1","Podo",0.3
26288,"P56_batch1","LOH",0.633333333333333
26289,"P56_batch1","IC",0.3
26290,"P56_batch1","PT2",0.266666666666667
26291,"P56_batch1","PT",0.4
26292,"P56_batch1","CNT",0.533333333333333
26293,"P56_batch1","Podo",0.366666666666667
26294,"P56_batch1","PT",0.433333333333333
26295,"P56_batch1","IC",0.233333333333333
26296,"P56_batch1","PT",0.6
26297,"P56_batch1","Endo",0.633333333333333
26298,"P56_batch1","PT",0.566666666666667
26299,"P56_batch1","PT",0.666666666666667
26300,"P56_batch1","LOH",0.433333333333333
26301,"P56_batch1","PT",0.566666666666667
26302,"P56_batch1","IC",0.4
26303,"P56_batch1","stroma2",0.333333333333333
26304,"P56_batch1","PT",0.5
26305,"P56_batch1","PT",0.8
26306,"P56_batch1","PT2",0.633333333333333
26307,"P56_batch1","DCT",0.533333333333333
26308,"P56_batch1","PT2",0.366666666666667
26309,"P56_batch1","PC",0.533333333333333
26310,"P56_batch1","PT",0.533333333333333
26311,"P56_batch1","PT",0.366666666666667
26312,"P56_batch1","PT",0.266666666666667
26313,"P56_batch1","CNT",0.466666666666667
26314,"P56_batch1","NP_LOH",0.666666666666667
26315,"P56_batch1","LOH",0.4
26316,"P56_batch1","DCT",0.533333333333333
26317,"P56_batch1","Endo",0.2
26318,"P56_batch1","NP_LOH",0.233333333333333
26319,"P56_batch1","PT",0.466666666666667
26320,"P56_batch1","PT2",0.466666666666667
26321,"P56_batch1","PT2",0.5
26322,"P56_batch1","PT",0.5
26323,"P56_batch1","LOH",0.633333333333333
26324,"P56_batch1","Endo",0.566666666666667
26325,"P56_batch1","DCT",0.566666666666667
26326,"P56_batch1","Endo",0.533333333333333
26327,"P56_batch1","PT",0.433333333333333
26328,"P56_batch1","LOH",0.466666666666667
26329,"P56_batch1","PT",0.366666666666667
26330,"P56_batch1","PT",0.566666666666667
26331,"P56_batch1","PT",0.4
26332,"P56_batch1","PT",0.533333333333333
26333,"P56_batch1","LOH",0.533333333333333
26334,"P56_batch1","PT",0.333333333333333
26335,"P56_batch1","PT",0.466666666666667
26336,"P56_batch1","LOH",0.466666666666667
26337,"P56_batch1","CNT",0.466666666666667
26338,"P56_batch1","PT",0.466666666666667
26339,"P56_batch1","LOH",0.266666666666667
26340,"P56_batch1","PC",0.466666666666667
26341,"P56_batch1","LOH",0.533333333333333
26342,"P56_batch1","PT",0.4
26343,"P56_batch1","stroma2",0.566666666666667
26344,"P56_batch1","PT",0.3
26345,"P56_batch1","Podo",0.0666666666666667
26346,"P56_batch1","PT",0.466666666666667
26347,"P56_batch1","LOH",0.366666666666667
26348,"P56_batch1","stroma1",0.5
26349,"P56_batch1","stroma2",0.266666666666667
26350,"P56_batch1","PT2",0.466666666666667
26351,"P56_batch1","PT",0.366666666666667
26352,"P56_batch1","PT",0.5
26353,"P56_batch1","stroma2",0.333333333333333
26354,"P56_batch1","PT2",0.466666666666667
26355,"P56_batch1","Endo",0.333333333333333
26356,"P56_batch1","Endo",0.433333333333333
26357,"P56_batch1","IC",0.366666666666667
26358,"P56_batch1","Endo",0.466666666666667
26359,"P56_batch1","PT",0.266666666666667
26360,"P56_batch1","PT2",0.666666666666667
26361,"P56_batch1","Endo",0.266666666666667
26362,"P56_batch1","LOH",0.333333333333333
26363,"P56_batch1","PT",0.4
26364,"P56_batch1","PT",0.333333333333333
26365,"P56_batch1","PT2",0.9
26366,"P56_batch1","PT",0.4
26367,"P56_batch1","PT",0.633333333333333
26368,"P56_batch1","stroma1",0.466666666666667
26369,"P56_batch1","PT_out",0.533333333333333
26370,"P56_batch1","PT",0.333333333333333
26371,"P56_batch1","PT",0.366666666666667
26372,"P56_batch1","Endo",0.6
26373,"P56_batch1","Endo",0.533333333333333
26374,"P56_batch1","DCT",0.6
26375,"P56_batch1","Endo",0.4
26376,"P56_batch1","PT2",0.233333333333333
26377,"P56_batch1","PT",0.5
26378,"P56_batch1","DCT",0.6
26379,"P56_batch1","stroma2",0.433333333333333
26380,"P56_batch1","stroma2",0.366666666666667
26381,"P56_batch1","PT",0.5
26382,"P56_batch1","PT",0.5
26383,"P56_batch1","PT",0.433333333333333
26384,"P56_batch1","Endo",0.333333333333333
26385,"P56_batch1","PC",0.6
26386,"P56_batch1","PT",0.6
26387,"P56_batch1","PT",0.3
26388,"P56_batch1","PT",0.566666666666667
26389,"P56_batch1","PT",0.633333333333333
26390,"P56_batch1","PT2",0.6
26391,"P56_batch1","PC",0.433333333333333
26392,"P56_batch1","stroma2",0.466666666666667
26393,"P56_batch1","Endo",0.266666666666667
26394,"P56_batch1","PT",0.433333333333333
26395,"P56_batch1","CNT",0.433333333333333
26396,"P56_batch1","PT",0.166666666666667
26397,"P56_batch1","PT",0.133333333333333
26398,"P56_batch1","LOH",0.4
26399,"P56_batch1","Endo",0.2
26400,"P56_batch1","PT",0.6
26401,"P56_batch1","DCT",0.266666666666667
26402,"P56_batch1","CNT",0.533333333333333
26403,"P56_batch1","stroma1",0.333333333333333
26404,"P56_batch1","PT2",0.466666666666667
26405,"P56_batch1","PT2",0.733333333333333
26406,"P56_batch1","CNT",0.5
26407,"P56_batch1","Endo",0.433333333333333
26408,"P56_batch1","PT2",0.233333333333333
26409,"P56_batch1","LOH",0.333333333333333
26410,"P56_batch1","PT",0.333333333333333
26411,"P56_batch1","DCT",0.666666666666667
26412,"P56_batch1","stroma1",0.766666666666667
26413,"P56_batch1","immune",0.833333333333333
26414,"P56_batch1","CNT",0.533333333333333
26415,"P56_batch1","stroma2",0.166666666666667
26416,"P56_batch1","PC",0.5
26417,"P56_batch1","Endo",0.4
26418,"P56_batch1","PT",0.4
26419,"P56_batch1","LOH",0.2
26420,"P56_batch1","PT",0.466666666666667
26421,"P56_batch1","LOH",0.633333333333333
26422,"P56_batch1","PT",0.533333333333333
26423,"P56_batch1","DCT",0.533333333333333
26424,"P56_batch1","stroma1",0.366666666666667
26425,"P56_batch1","NP",0.5
26426,"P56_batch1","PT",0.333333333333333
26427,"P56_batch1","LOH",0.366666666666667
26428,"P56_batch1","LOH",0.433333333333333
26429,"P56_batch1","Podo",0
26430,"P56_batch1","LOH",0.566666666666667
26431,"P56_batch1","stroma2",0.433333333333333
26432,"P56_batch1","CNT",0.466666666666667
26433,"P56_batch1","PT",0.466666666666667
26434,"P56_batch1","PT",0.466666666666667
26435,"P56_batch1","PT",0.4
26436,"P56_batch1","PT",0.533333333333333
26437,"P56_batch1","PT2",0.433333333333333
26438,"P56_batch1","PT",0.466666666666667
26439,"P56_batch1","PT",0.233333333333333
26440,"P56_batch1","PT",0.5
26441,"P56_batch1","LOH",0.366666666666667
26442,"P56_batch1","stroma2",0.4
26443,"P56_batch1","NP",0.366666666666667
26444,"P56_batch1","PT",0.933333333333333
26445,"P56_batch1","PT",0.6
26446,"P56_batch1","IC",0.233333333333333
26447,"P56_batch1","PC",0.433333333333333
26448,"P56_batch1","LOH",0.4
26449,"P56_batch1","Endo",0.166666666666667
26450,"P56_batch1","LOH",0.466666666666667
26451,"P56_batch1","PT",0.333333333333333
26452,"P56_batch1","CNT",0.233333333333333
26453,"P56_batch1","Endo",0.333333333333333
26454,"P56_batch1","Endo",0.4
26455,"P56_batch1","stroma1",0.333333333333333
26456,"P56_batch1","LOH",0.266666666666667
26457,"P56_batch1","PT",0.4
26458,"P56_batch1","PT",0.533333333333333
26459,"P56_batch1","Podo",0.0666666666666667
26460,"P56_batch1","immune",0.133333333333333
26461,"P56_batch1","PT",0.5
26462,"P56_batch1","CNT",0.5
26463,"P56_batch1","stroma2",0.333333333333333
26464,"P56_batch1","PT2",0.366666666666667
26465,"P56_batch1","PT",0.333333333333333
26466,"P56_batch1","LOH",0.266666666666667
26467,"P56_batch1","PT",0.466666666666667
26468,"P56_batch1","Endo",0.5
26469,"P56_batch1","PT2",0.5
26470,"P56_batch1","PT",0.433333333333333
26471,"P56_batch1","IC",0.4
26472,"P56_batch1","stroma2",0.3
26473,"P56_batch1","PT",0.4
26474,"P56_batch1","stroma1",0.3
26475,"P56_batch1","LOH",0.233333333333333
26476,"P56_batch1","LOH",0.433333333333333
26477,"P56_batch1","PT",0.333333333333333
26478,"P56_batch1","PT",0.4
26479,"P56_batch1","PC",0.433333333333333
26480,"P56_batch1","LOH",0.433333333333333
26481,"P56_batch1","stroma2",0.5
26482,"P56_batch1","PT2",0.666666666666667
26483,"P56_batch1","LOH",0.466666666666667
26484,"P56_batch1","PC",0.433333333333333
26485,"P56_batch1","PT_out",0.5
26486,"P56_batch1","stroma1",0.633333333333333
26487,"P56_batch1","PC",0.233333333333333
26488,"P56_batch1","PT2",0.566666666666667
26489,"P56_batch1","PT",0.533333333333333
26490,"P56_batch1","CNT",0.7
26491,"P56_batch1","Endo",0.533333333333333
26492,"P56_batch1","PT",0.366666666666667
26493,"P56_batch1","LOH",0.366666666666667
26494,"P56_batch1","PT",0.633333333333333
26495,"P56_batch1","LOH",0.533333333333333
26496,"P56_batch1","CNT",0.466666666666667
26497,"P56_batch1","PT",0.6
26498,"P56_batch1","PT",0.433333333333333
26499,"P56_batch1","stroma1",0.5
26500,"P56_batch1","PT",0.333333333333333
26501,"P56_batch1","Endo",0.2
26502,"P56_batch1","Endo",0.233333333333333
26503,"P56_batch1","stroma2",0.566666666666667
26504,"P56_batch1","PT",0.633333333333333
26505,"P56_batch1","Endo",0.266666666666667
26506,"P56_batch1","Endo",0.366666666666667
26507,"P56_batch1","PT",0.333333333333333
26508,"P56_batch1","LOH",0.4
26509,"P56_batch1","LOH",0.6
26510,"P56_batch1","DCT",0.466666666666667
26511,"P56_batch1","PT",0.333333333333333
26512,"P56_batch1","Endo",0.266666666666667
26513,"P56_batch1","DCT",0.666666666666667
26514,"P56_batch1","PT",0.533333333333333
26515,"P56_batch1","CNT",0.466666666666667
26516,"P56_batch1","LOH",0.733333333333333
26517,"P56_batch1","CNT",0.333333333333333
26518,"P56_batch1","CNT",0.466666666666667
26519,"P56_batch1","PT",0.6
26520,"P56_batch1","DCT",0.6
26521,"P56_batch1","PT",0.366666666666667
26522,"P56_batch1","CNT",0.533333333333333
26523,"P56_batch1","Endo",0.433333333333333
26524,"P56_batch1","PT",0.4
26525,"P56_batch1","PT2",0.666666666666667
26526,"P56_batch1","Endo",0.366666666666667
26527,"P56_batch1","PT",0.3
26528,"P56_batch1","CNT",0.6
26529,"P56_batch1","LOH",0.466666666666667
26530,"P56_batch1","stroma2",0.366666666666667
26531,"P56_batch1","Endo",0.166666666666667
26532,"P56_batch1","Endo",0.266666666666667
26533,"P56_batch1","PT",0.733333333333333
26534,"P56_batch1","PT2",0.466666666666667
26535,"P56_batch1","PT2",0.5
26536,"P56_batch1","PT",0.233333333333333
26537,"P56_batch1","IC",0.8
26538,"P56_batch1","Endo",0.3
26539,"P56_batch1","PT",0.6
26540,"P56_batch1","Endo",0.5
26541,"P56_batch1","PT",0.633333333333333
26542,"P56_batch1","stroma2",0.5
26543,"P56_batch1","PT",0.7
26544,"P56_batch1","LOH",0.566666666666667
26545,"P56_batch1","PT",0.633333333333333
26546,"P56_batch1","LOH",0.533333333333333
26547,"P56_batch1","stroma2",0.266666666666667
26548,"P56_batch1","PT",0.333333333333333
26549,"P56_batch1","PT",0.566666666666667
26550,"P56_batch1","LOH",0.4
26551,"P56_batch1","immune",0.333333333333333
26552,"P56_batch1","PT",0.566666666666667
26553,"P56_batch1","PT_out",0.5
26554,"P56_batch1","stroma2",0.366666666666667
26555,"P56_batch1","LOH",0.7
26556,"P56_batch1","PC",0.133333333333333
26557,"P56_batch1","LOH",0.566666666666667
26558,"P56_batch1","PC",0.533333333333333
26559,"P56_batch1","PT",0.566666666666667
26560,"P56_batch1","PT",0.0333333333333333
26561,"P56_batch1","LOH",0.6
26562,"P56_batch1","LOH",0.266666666666667
26563,"P56_batch1","PT",0.5
26564,"P56_batch1","Podo",0.0666666666666667
26565,"P56_batch1","PT2",0.366666666666667
26566,"P56_batch1","stroma2",0.333333333333333
26567,"P56_batch1","CNT",0.366666666666667
26568,"P56_batch1","Endo",0.333333333333333
26569,"P56_batch1","Podo",0
26570,"P56_batch1","LOH",0.533333333333333
26571,"P56_batch1","stroma2",0.266666666666667
26572,"P56_batch1","Endo",0.366666666666667
26573,"P56_batch1","PT2",0.433333333333333
26574,"P56_batch1","PT",0.5
26575,"P56_batch1","Endo",0.366666666666667
26576,"P56_batch1","PT2",0.6
26577,"P56_batch1","PT2",0.466666666666667
26578,"P56_batch1","DCT",0.533333333333333
26579,"P56_batch1","PT2",0.733333333333333
26580,"P56_batch1","LOH",0.366666666666667
26581,"P56_batch1","DCT",0.566666666666667
26582,"P56_batch1","PT2",0.433333333333333
26583,"P56_batch1","PT",0.6
26584,"P56_batch1","PT2",0.433333333333333
26585,"P56_batch1","PT",0.533333333333333
26586,"P56_batch1","PT_out",0.466666666666667
26587,"P56_batch1","PT2",0.333333333333333
26588,"P56_batch1","LOH",0.366666666666667
26589,"P56_batch1","Endo",0.4
26590,"P56_batch1","stroma2",0.233333333333333
26591,"P56_batch1","LOH",0.566666666666667
26592,"P56_batch1","LOH",0.433333333333333
26593,"P56_batch1","PT2",0.5
26594,"P56_batch1","Endo",0.4
26595,"P56_batch1","PT",0.333333333333333
26596,"P56_batch1","PC",0.2
26597,"P56_batch1","PT2",0.733333333333333
26598,"P56_batch1","PT",0.4
26599,"P56_batch1","PT",0.433333333333333
26600,"P56_batch1","PT",0.733333333333333
26601,"P56_batch1","PT",0.6
26602,"P56_batch1","Endo",0.366666666666667
26603,"P56_batch1","PT2",0.466666666666667
26604,"P56_batch1","PT2",0.733333333333333
26605,"P56_batch1","Endo",0.333333333333333
26606,"P56_batch1","DCT",0.6
26607,"P56_batch1","LOH",0.466666666666667
26608,"P56_batch1","stroma2",0.266666666666667
26609,"P56_batch1","PT",0.466666666666667
26610,"P56_batch1","PT",0.166666666666667
26611,"P56_batch1","CNT",0.4
26612,"P56_batch1","CNT",0.433333333333333
26613,"P56_batch1","LOH",0.333333333333333
26614,"P56_batch1","LOH",0.6
26615,"P56_batch1","DCT",0.5
26616,"P56_batch1","PT",0.3
26617,"P56_batch1","PT",0.533333333333333
26618,"P56_batch1","LOH",0.333333333333333
26619,"P56_batch1","NP_LOH",0.766666666666667
26620,"P56_batch1","LOH",0.566666666666667
26621,"P56_batch1","DCT",0.566666666666667
26622,"P56_batch1","PT",0.466666666666667
26623,"P56_batch1","Endo",0.433333333333333
26624,"P56_batch1","Podo",0.133333333333333
26625,"P56_batch1","PT",0.3
26626,"P56_batch1","LOH",0.666666666666667
26627,"P56_batch1","LOH",0.5
26628,"P56_batch1","Endo",0.166666666666667
26629,"P56_batch1","PT2",0.466666666666667
26630,"P56_batch1","IC",0.3
26631,"P56_batch1","PC",0.133333333333333
26632,"P56_batch1","NP_LOH",0.1
26633,"P56_batch1","PT",0.4
26634,"P56_batch1","stroma2",0.633333333333333
26635,"P56_batch1","PT",0.533333333333333
26636,"P56_batch1","PT2",0.633333333333333
26637,"P56_batch1","PT2",0.466666666666667
26638,"P56_batch1","PT2",0.6
26639,"P56_batch1","LOH",0.333333333333333
26640,"P56_batch1","stroma2",0.4
26641,"P56_batch1","stroma2",0.366666666666667
26642,"P56_batch1","PT_out",0.5
26643,"P56_batch1","LOH",0.466666666666667
26644,"P56_batch1","stroma1",0.7
26645,"P56_batch1","Endo",0.3
26646,"P56_batch1","Endo",0.266666666666667
26647,"P56_batch1","PT2",0.366666666666667
26648,"P56_batch1","PT2",0.7
26649,"P56_batch1","stroma2",0.3
26650,"P56_batch1","LOH",0.566666666666667
26651,"P56_batch1","Endo",0.466666666666667
26652,"P56_batch1","PT2",0.7
26653,"P56_batch1","IC",0.3
26654,"P56_batch1","PT",0.4
26655,"P56_batch1","LOH",0.566666666666667
26656,"P56_batch1","PT",0.6
26657,"P56_batch1","PT",0.566666666666667
26658,"P56_batch1","Endo",0.266666666666667
26659,"P56_batch1","PT2",0.6
26660,"P56_batch1","immune",0.166666666666667
26661,"P56_batch1","LOH",0.5
26662,"P56_batch1","PT2",0.566666666666667
26663,"P56_batch1","PT",0.7
26664,"P56_batch1","PT",0.633333333333333
26665,"P56_batch1","PT2",0.3
26666,"P56_batch1","PT",0.4
26667,"P56_batch1","LOH",0.433333333333333
26668,"P56_batch1","PT2",0.766666666666667
26669,"P56_batch1","stroma2",0.2
26670,"P56_batch1","PT2",0.666666666666667
26671,"P56_batch1","PT",0.5
26672,"P56_batch1","PT",0.366666666666667
26673,"P56_batch1","CNT",0.566666666666667
26674,"P56_batch1","PC",0.666666666666667
26675,"P56_batch1","Podo",0
26676,"P56_batch1","stroma2",0.4
26677,"P56_batch1","NP",0.1
26678,"P56_batch1","Endo",0.266666666666667
26679,"P56_batch1","DCT",0.333333333333333
26680,"P56_batch1","LOH",0.533333333333333
26681,"P56_batch1","PT",0.3
26682,"P56_batch1","PT",0.333333333333333
26683,"P56_batch1","PT",0.466666666666667
26684,"P56_batch1","Endo",0.366666666666667
26685,"P56_batch1","stroma2",0.5
26686,"P56_batch1","PT",0.6
26687,"P56_batch1","PT",0.233333333333333
26688,"P56_batch1","PT",0.3
26689,"P56_batch1","PT",0.466666666666667
26690,"P56_batch1","LOH",0.5
26691,"P56_batch1","LOH",0.4
26692,"P56_batch1","stroma1",0.366666666666667
26693,"P56_batch1","Endo",0.266666666666667
26694,"P56_batch1","stroma2",0.333333333333333
26695,"P56_batch1","NP_LOH",0.4
26696,"P56_batch1","PT2",0.566666666666667
26697,"P56_batch1","Endo",0.366666666666667
26698,"P56_batch1","IC",0.366666666666667
26699,"P56_batch1","IC",0.166666666666667
26700,"P56_batch1","PT",0.566666666666667
26701,"P56_batch1","LOH",0.733333333333333
26702,"P56_batch1","PT",0.7
26703,"P56_batch1","PC",0.666666666666667
26704,"P56_batch1","LOH",0.233333333333333
26705,"P56_batch1","PT",0.433333333333333
26706,"P56_batch1","PT",0.533333333333333
26707,"P56_batch1","PT",0.233333333333333
26708,"P56_batch1","PT",0.466666666666667
26709,"P56_batch1","Podo",0
26710,"P56_batch1","DCT",0.633333333333333
26711,"P56_batch1","PT",0.466666666666667
26712,"P56_batch1","PT",0.5
26713,"P56_batch1","PT",0.5
26714,"P56_batch1","PT",0.533333333333333
26715,"P56_batch1","LOH",0.4
26716,"P56_batch1","PT",0.6
26717,"P56_batch1","PC",0.666666666666667
26718,"P56_batch1","stroma1",0.333333333333333
26719,"P56_batch1","IC",0.266666666666667
26720,"P56_batch1","PT",0.466666666666667
26721,"P56_batch1","IC",0.266666666666667
26722,"P56_batch1","PC",0.466666666666667
26723,"P56_batch1","PT",0.5
26724,"P56_batch1","DCT",0.533333333333333
26725,"P56_batch1","Endo",0.366666666666667
26726,"P56_batch1","PT",0.633333333333333
26727,"P56_batch1","PT",0.533333333333333
26728,"P56_batch1","LOH",0.6
26729,"P56_batch1","PT",0.533333333333333
26730,"P56_batch1","PT",0.7
26731,"P56_batch1","PT",0.6
26732,"P56_batch1","PT",0.6
26733,"P56_batch1","immune",0.166666666666667
26734,"P56_batch1","IC",0.1
26735,"P56_batch1","PC",0.4
26736,"P56_batch1","PT",0.4
26737,"P56_batch1","PT",0.266666666666667
26738,"P56_batch1","LOH",0.433333333333333
26739,"P56_batch1","PT",0.4
26740,"P56_batch1","PT2",0.8
26741,"P56_batch1","CNT",0.233333333333333
26742,"P56_batch1","PT",0.7
26743,"P56_batch1","PT",0.4
26744,"P56_batch1","PT",0.6
26745,"P56_batch1","PT",0.533333333333333
26746,"P56_batch1","PC",0.333333333333333
26747,"P56_batch1","PT",0.433333333333333
26748,"P56_batch1","DCT",0.6
26749,"P56_batch1","PC",0.566666666666667
26750,"P56_batch1","PT",0.333333333333333
26751,"P56_batch1","PT",0.5
26752,"P56_batch1","Endo",0.2
26753,"P56_batch1","stroma2",0.166666666666667
26754,"P56_batch1","Endo",0.2
26755,"P56_batch1","LOH",0.266666666666667
26756,"P56_batch1","PT2",0.533333333333333
26757,"P56_batch1","DCT",0.6
26758,"P56_batch1","DCT",0.566666666666667
26759,"P56_batch1","DCT",0.533333333333333
26760,"P56_batch1","PT",0.433333333333333
26761,"P56_batch1","PT",0.466666666666667
26762,"P56_batch1","PT",0.633333333333333
26763,"P56_batch1","PT",0.5
26764,"P56_batch1","LOH",0.666666666666667
26765,"P56_batch1","LOH",0.6
26766,"P56_batch1","PT",0.5
26767,"P56_batch1","Endo",0.333333333333333
26768,"P56_batch1","Endo",0.333333333333333
26769,"P56_batch1","stroma2",0.566666666666667
26770,"P56_batch1","PT2",0.533333333333333
26771,"P56_batch1","stroma1",0.4
26772,"P56_batch1","immune",0.366666666666667
26773,"P56_batch1","stroma2",0.666666666666667
26774,"P56_batch1","PT",0.566666666666667
26775,"P56_batch1","PT2",0.5
26776,"P56_batch1","LOH",0.466666666666667
26777,"P56_batch1","stroma2",0.166666666666667
26778,"P56_batch1","Endo",0.566666666666667
26779,"P56_batch1","DCT",0.533333333333333
26780,"P56_batch1","PT",0.633333333333333
26781,"P56_batch1","Endo",0.433333333333333
26782,"P56_batch1","Endo",0.366666666666667
26783,"P56_batch1","PT",0.366666666666667
26784,"P56_batch1","DCT",0.533333333333333
26785,"P56_batch1","PT2",0.366666666666667
26786,"P56_batch1","LOH",0.366666666666667
26787,"P56_batch1","PT",0.4
26788,"P56_batch1","LOH",0.4
26789,"P56_batch1","PT",0.333333333333333
26790,"P56_batch1","LOH",0.166666666666667
26791,"P56_batch1","PT",0.4
26792,"P56_batch1","PT",0.1
26793,"P56_batch1","NP_LOH",0.433333333333333
26794,"P56_batch1","IC",0.6
26795,"P56_batch1","DCT",0.3
26796,"P56_batch1","stroma2",0.333333333333333
26797,"P56_batch1","PT2",0.733333333333333
26798,"P56_batch1","PT",0.3
26799,"P56_batch1","PT2",0.5
26800,"P56_batch1","PT2",0.5
26801,"P56_batch1","Endo",0.233333333333333
26802,"P56_batch1","PT",0.4
26803,"P56_batch1","stroma2",0.4
26804,"P56_batch1","Endo",0.4
26805,"P56_batch1","LOH",0.433333333333333
26806,"P56_batch1","LOH",0.2
26807,"P56_batch1","CNT",0.4
26808,"P56_batch1","PT",0.433333333333333
26809,"P56_batch1","Endo",0.166666666666667
26810,"P56_batch1","Podo",0
26811,"P56_batch1","NP",0.3
26812,"P56_batch1","LOH",0.466666666666667
26813,"P56_batch1","PT2",0.6
26814,"P56_batch1","PT",0.466666666666667
26815,"P56_batch1","PC",0.5
26816,"P56_batch1","PT2",0.633333333333333
26817,"P56_batch1","Endo",0.4
26818,"P56_batch1","LOH",0.333333333333333
26819,"P56_batch1","Endo",0.433333333333333
26820,"P56_batch1","PT2",0.4
26821,"P56_batch1","PT",0.3
26822,"P56_batch1","IC",0.5
26823,"P56_batch1","PT",0.6
26824,"P56_batch1","NP_LOH",0.1
26825,"P56_batch1","Endo",0.5
26826,"P56_batch1","stroma2",0.266666666666667
26827,"P56_batch1","LOH",0.433333333333333
26828,"P56_batch1","CNT",0.166666666666667
26829,"P56_batch1","PT",0.433333333333333
26830,"P56_batch1","LOH",0.433333333333333
26831,"P56_batch1","IC",0.533333333333333
26832,"P56_batch1","LOH",0.533333333333333
26833,"P56_batch1","PT",0.4
26834,"P56_batch1","PT",0.4
26835,"P56_batch1","LOH",0.6
26836,"P56_batch1","PT",0.433333333333333
26837,"P56_batch1","PT2",0.5
26838,"P56_batch1","PT",0.5
26839,"P56_batch1","DCT",0.5
26840,"P56_batch1","Endo",0.3
26841,"P56_batch1","PT",0.333333333333333
26842,"P56_batch1","PT",0.4
26843,"P56_batch1","PT",0.466666666666667
26844,"P56_batch1","PT2",0.233333333333333
26845,"P56_batch1","PT",0.633333333333333
26846,"P56_batch1","PT",0.3
26847,"P56_batch1","immune",0.433333333333333
26848,"P56_batch1","LOH",0.4
26849,"P56_batch1","PT2",0.5
26850,"P56_batch1","PT",0.433333333333333
26851,"P56_batch1","Endo",0.566666666666667
26852,"P56_batch1","stroma1",0.366666666666667
26853,"P56_batch1","IC",0.266666666666667
26854,"P56_batch1","PT",0.533333333333333
26855,"P56_batch1","IC",0.566666666666667
26856,"P56_batch1","PT_out",0.366666666666667
26857,"P56_batch1","Endo",0.333333333333333
26858,"P56_batch1","PT2",0.3
26859,"P56_batch1","PT2",0.5
26860,"P56_batch1","PT",0.366666666666667
26861,"P56_batch1","LOH",0.533333333333333
26862,"P56_batch1","NP_LOH",0.433333333333333
26863,"P56_batch1","PT",0.466666666666667
26864,"P56_batch1","CNT",0.433333333333333
26865,"P56_batch1","PT",0.566666666666667
26866,"P56_batch1","PT",0.5
26867,"P56_batch1","Podo",0.1
26868,"P56_batch1","Endo",0.333333333333333
26869,"P56_batch1","PT",0.6
26870,"P56_batch1","PT",0.366666666666667
26871,"P56_batch1","LOH",0.233333333333333
26872,"P56_batch1","PT2",0.6
26873,"P56_batch1","PT",0.666666666666667
26874,"P56_batch1","PT_out",0.466666666666667
26875,"P56_batch1","stroma2",0.4
26876,"P56_batch1","LOH",0.466666666666667
26877,"P56_batch1","Podo",0.0666666666666667
26878,"P56_batch1","PT",0.466666666666667
26879,"P56_batch1","Endo",0.433333333333333
26880,"P56_batch1","stroma2",0.466666666666667
26881,"P56_batch1","stroma2",0.366666666666667
26882,"P56_batch1","IC",0.1
26883,"P56_batch1","Endo",0.3
26884,"P56_batch1","PT2",0.366666666666667
26885,"P56_batch1","Endo",0.166666666666667
26886,"P56_batch1","PT",0.2
26887,"P56_batch1","PT",0.366666666666667
26888,"P56_batch1","PT",0.466666666666667
26889,"P56_batch1","NP_LOH",0.133333333333333
26890,"P56_batch1","PT",0.433333333333333
26891,"P56_batch1","PT",0.666666666666667
26892,"P56_batch1","PT",0.5
26893,"P56_batch1","PT_out",0.5
26894,"P56_batch1","PT",0.6
26895,"P56_batch1","NP",0.366666666666667
26896,"P56_batch1","DCT",0.666666666666667
26897,"P56_batch1","Endo",0.366666666666667
26898,"P56_batch1","PT",0.633333333333333
26899,"P56_batch1","PT",0.466666666666667
26900,"P56_batch1","CNT",0.466666666666667
26901,"P56_batch1","stroma1",0.6
26902,"P56_batch1","LOH",0.566666666666667
26903,"P56_batch1","PT",0.366666666666667
26904,"P56_batch1","CNT",0.466666666666667
26905,"P56_batch1","CNT",0.466666666666667
26906,"P56_batch1","LOH",0.433333333333333
26907,"P56_batch1","Endo",0.4
26908,"P56_batch1","PT",0.6
26909,"P56_batch1","PT2",0.6
26910,"P56_batch1","CNT",0.666666666666667
26911,"P56_batch1","stroma2",0.4
26912,"P56_batch1","PT",0.433333333333333
26913,"P56_batch1","PC",0.5
26914,"P56_batch1","IC",0.366666666666667
26915,"P56_batch1","LOH",0.366666666666667
26916,"P56_batch1","LOH",0.5
26917,"P56_batch1","PT",0.366666666666667
26918,"P56_batch1","PT",0.5
26919,"P56_batch1","stroma1",0.466666666666667
26920,"P56_batch1","PT",0.566666666666667
26921,"P56_batch1","PT",0.433333333333333
26922,"P56_batch1","stroma2",0.466666666666667
26923,"P56_batch1","Endo",0.366666666666667
26924,"P56_batch1","IC",0.233333333333333
26925,"P56_batch1","PT",0.333333333333333
26926,"P56_batch1","Podo",0.0666666666666667
26927,"P56_batch1","PT2",0.3
26928,"P56_batch1","PT",0.666666666666667
26929,"P56_batch1","IC",0.6
26930,"P56_batch1","PT2",0.233333333333333
26931,"P56_batch1","NP_LOH",0.333333333333333
26932,"P56_batch1","PT2",0.5
26933,"P56_batch1","Endo",0.3
26934,"P56_batch1","PT",0.433333333333333
26935,"P56_batch1","LOH",0.433333333333333
26936,"P56_batch1","PT",0.366666666666667
26937,"P56_batch1","NP",0.133333333333333
26938,"P56_batch1","NP_LOH",0.266666666666667
26939,"P56_batch1","stroma1",0.466666666666667
26940,"P56_batch1","LOH",0.433333333333333
26941,"P56_batch1","stroma2",0.7
26942,"P56_batch1","LOH",0.5
26943,"P56_batch1","LOH",0.466666666666667
26944,"P56_batch1","PT",0.433333333333333
26945,"P56_batch1","DCT",0.533333333333333
26946,"P56_batch1","DCT",0.6
26947,"P56_batch1","PC",0.6
26948,"P56_batch1","DCT",0.566666666666667
26949,"P56_batch1","DCT",0.433333333333333
26950,"P56_batch1","PC",0.533333333333333
26951,"P56_batch1","NP_LOH",0.2
26952,"P56_batch1","PT",0.4
26953,"P56_batch1","LOH",0.6
26954,"P56_batch1","PT",0.4
26955,"P56_batch1","DCT",0.666666666666667
26956,"P56_batch1","PT",0.433333333333333
26957,"P56_batch1","Endo",0.3
26958,"P56_batch1","PT",0.3
26959,"P56_batch1","PC",0.766666666666667
26960,"P56_batch1","stroma1",0.6
26961,"P56_batch1","LOH",0.433333333333333
26962,"P56_batch1","stroma2",0.466666666666667
26963,"P56_batch1","PT",0.466666666666667
26964,"P56_batch1","PT",0.4
26965,"P56_batch1","PT",0.433333333333333
26966,"P56_batch1","PT2",0.433333333333333
26967,"P56_batch1","PT",0.466666666666667
26968,"P56_batch1","LOH",0.633333333333333
26969,"P56_batch1","LOH",0.466666666666667
26970,"P56_batch1","NP",0.5
26971,"P56_batch1","LOH",0.466666666666667
26972,"P56_batch1","PT",0.466666666666667
26973,"P56_batch1","LOH",0.7
26974,"P56_batch1","LOH",0.266666666666667
26975,"P56_batch1","PT",0.566666666666667
26976,"P56_batch1","PT2",0.433333333333333
26977,"P56_batch1","PT",0.5
26978,"P56_batch1","Endo",0.3
26979,"P56_batch1","PT",0.3
26980,"P56_batch1","DCT",0.233333333333333
26981,"P56_batch1","Endo",0.466666666666667
26982,"P56_batch1","LOH",0.6
26983,"P56_batch1","PT",0.533333333333333
26984,"P56_batch1","LOH",0.5
26985,"P56_batch1","PT",0.366666666666667
26986,"P56_batch1","PT",0.333333333333333
26987,"P56_batch1","Endo",0.366666666666667
26988,"P56_batch1","Endo",0.3
26989,"P56_batch1","stroma2",0.566666666666667
26990,"P56_batch1","CNT",0.666666666666667
26991,"P56_batch1","LOH",0.6
26992,"P56_batch1","PT",0.433333333333333
26993,"P56_batch1","Endo",0.3
26994,"P56_batch1","PT",0.5
26995,"P56_batch1","Endo",0.333333333333333
26996,"P56_batch1","DCT",0.6
26997,"P56_batch1","LOH",0.566666666666667
26998,"P56_batch1","PT",0.266666666666667
26999,"P56_batch1","PT",0.5
27000,"P56_batch1","Podo",0.4
27001,"P56_batch1","PT",0.8
27002,"P56_batch1","PT",0.7
27003,"P56_batch1","PT2",0.433333333333333
27004,"P56_batch1","Endo",0.5
27005,"P56_batch1","PT",0.6
27006,"P56_batch1","Endo",0.366666666666667
27007,"P56_batch1","PT",0.633333333333333
27008,"P56_batch1","PT2",0.333333333333333
27009,"P56_batch1","PT",0.333333333333333
27010,"P56_batch1","PC",0.266666666666667
27011,"P56_batch1","Endo",0.366666666666667
27012,"P56_batch1","Endo",0.366666666666667
27013,"P56_batch1","immune",0.633333333333333
27014,"P56_batch1","PT",0.633333333333333
27015,"P56_batch1","Endo",0.4
27016,"P56_batch1","stroma2",0.233333333333333
27017,"P56_batch1","LOH",0.5
27018,"P56_batch1","PT",0.366666666666667
27019,"P56_batch1","PT",0.666666666666667
27020,"P56_batch1","PT",0.4
27021,"P56_batch1","PT2",0.433333333333333
27022,"P56_batch1","stroma2",0.266666666666667
27023,"P56_batch1","LOH",0.3
27024,"P56_batch1","PT",0.6
27025,"P56_batch1","PT",0.466666666666667
27026,"P56_batch1","PT",0.466666666666667
27027,"P56_batch1","PT",0.566666666666667
27028,"P56_batch1","PT2",0.733333333333333
27029,"P56_batch1","PT",0.533333333333333
27030,"P56_batch1","LOH",0.533333333333333
27031,"P56_batch1","PT2",0.233333333333333
27032,"P56_batch1","PT",0.566666666666667
27033,"P56_batch1","PT",0.433333333333333
27034,"P56_batch1","IC",0.333333333333333
27035,"P56_batch1","DCT",0.266666666666667
27036,"P56_batch1","Endo",0.333333333333333
27037,"P56_batch1","LOH",0.566666666666667
27038,"P56_batch1","IC",0.1
27039,"P56_batch1","PT",0.533333333333333
27040,"P56_batch1","PT",0.433333333333333
27041,"P56_batch1","DCT",0.5
27042,"P56_batch1","Endo",0.266666666666667
27043,"P56_batch1","PT",0.633333333333333
27044,"P56_batch1","LOH",0.766666666666667
27045,"P56_batch1","PT",0.433333333333333
27046,"P56_batch1","stroma2",0.266666666666667
27047,"P56_batch1","LOH",0.233333333333333
27048,"P56_batch1","LOH",0.466666666666667
27049,"P56_batch1","PC",0.3
27050,"P56_batch1","PT",0.566666666666667
27051,"P56_batch1","LOH",0.366666666666667
27052,"P56_batch1","PT",0.566666666666667
27053,"P56_batch1","stroma2",0.433333333333333
27054,"P56_batch1","Endo",0.333333333333333
27055,"P56_batch1","PT2",0.566666666666667
27056,"P56_batch1","IC",0.433333333333333
27057,"P56_batch1","LOH",0.533333333333333
27058,"P56_batch1","stroma2",0.3
27059,"P56_batch1","stroma2",0.666666666666667
27060,"P56_batch1","stroma2",0.533333333333333
27061,"P56_batch1","LOH",0.566666666666667
27062,"P56_batch1","Endo",0.433333333333333
27063,"P56_batch1","PT",0.3
27064,"P56_batch1","PT",0.466666666666667
27065,"P56_batch1","Endo",0.433333333333333
27066,"P56_batch1","PT",0.5
27067,"P56_batch1","PT",0.266666666666667
27068,"P56_batch1","Endo",0.4
27069,"P56_batch1","PT",0.633333333333333
27070,"P56_batch1","PT",0.4
27071,"P56_batch1","PT2",0.566666666666667
27072,"P56_batch1","LOH",0.366666666666667
27073,"P56_batch1","PT",0.566666666666667
27074,"P56_batch1","PT",0.6
27075,"P56_batch1","PT",0.533333333333333
27076,"P56_batch1","stroma2",0.5
27077,"P56_batch1","Endo",0.366666666666667
27078,"P56_batch1","DCT",0.5
27079,"P56_batch1","stroma2",0.2
27080,"P56_batch1","Endo",0.3
27081,"P56_batch1","PT",0.6
27082,"P56_batch1","Endo",0.466666666666667
27083,"P56_batch1","PT2",0.2
27084,"P56_batch1","IC",0.666666666666667
27085,"P56_batch1","PT2",0.333333333333333
27086,"P56_batch1","PT",0.5
27087,"P56_batch1","PT",0.733333333333333
27088,"P56_batch1","PT",0.666666666666667
27089,"P56_batch1","PT",0.533333333333333
27090,"P56_batch1","PT2",0.366666666666667
27091,"P56_batch1","PT",0.566666666666667
27092,"P56_batch1","Endo",0.3
27093,"P56_batch1","IC",0.2
27094,"P56_batch1","PT2",0.433333333333333
27095,"P56_batch1","Endo",0.333333333333333
27096,"P56_batch1","PT",0.266666666666667
27097,"P56_batch1","Endo",0.333333333333333
27098,"P56_batch1","CNT",0.366666666666667
27099,"P56_batch1","PT",0.566666666666667
27100,"P56_batch1","Podo",0.166666666666667
27101,"P56_batch1","PT",0.666666666666667
27102,"P56_batch1","Endo",0.166666666666667
27103,"P56_batch1","PT",0.666666666666667
27104,"P56_batch1","PT",0.6
27105,"P56_batch1","PT",0.333333333333333
27106,"P56_batch1","LOH",0.466666666666667
27107,"P56_batch1","PT",0.6
27108,"P56_batch1","PC",0.5
27109,"P56_batch1","DCT",0.533333333333333
27110,"P56_batch1","LOH",0.566666666666667
27111,"P56_batch1","PT2",0.633333333333333
27112,"P56_batch1","PT",0.5
27113,"P56_batch1","immune",0.166666666666667
27114,"P56_batch1","PT",0.5
27115,"P56_batch1","PT",0.6
27116,"P56_batch1","PT",0.6
27117,"P56_batch1","LOH",0.333333333333333
27118,"P56_batch1","LOH",0.7
27119,"P56_batch1","Endo",0.533333333333333
27120,"P56_batch1","CNT",0.166666666666667
27121,"P56_batch1","PT",0.7
27122,"P56_batch1","stroma2",0.133333333333333
27123,"P56_batch1","stroma1",0.333333333333333
27124,"P56_batch1","NP",0.266666666666667
27125,"P56_batch1","PT",0.4
27126,"P56_batch1","PT",0.4
27127,"P56_batch1","NP_LOH",0.1
27128,"P56_batch1","Endo",0.333333333333333
27129,"P56_batch1","PT",0.3
27130,"P56_batch1","stroma2",0.4
27131,"P56_batch1","DCT",0.6
27132,"P56_batch1","DCT",0.633333333333333
27133,"P56_batch1","LOH",0.433333333333333
27134,"P56_batch1","PT",0.633333333333333
27135,"P56_batch1","CNT",0.533333333333333
27136,"P56_batch1","PT",0.4
27137,"P56_batch1","PT",0.266666666666667
27138,"P56_batch1","LOH",0.233333333333333
27139,"P56_batch1","Endo",0.3
27140,"P56_batch1","PT2",0.333333333333333
27141,"P56_batch1","PT",0.566666666666667
27142,"P56_batch1","stroma2",0.166666666666667
27143,"P56_batch1","stroma2",0.2
27144,"P56_batch1","LOH",0.533333333333333
27145,"P56_batch1","PT",0.333333333333333
27146,"P56_batch1","CNT",0.333333333333333
27147,"P56_batch1","PT",0.433333333333333
27148,"P56_batch1","stroma2",0.233333333333333
27149,"P56_batch1","PT",0.533333333333333
27150,"P56_batch1","stroma2",0.466666666666667
27151,"P56_batch1","PT",0.133333333333333
27152,"P56_batch1","Endo",0.366666666666667
27153,"P56_batch1","CNT",0.533333333333333
27154,"P56_batch1","PT",0.633333333333333
27155,"P56_batch1","stroma2",0.333333333333333
27156,"P56_batch1","PT",0.4
27157,"P56_batch1","PT",0.666666666666667
27158,"P56_batch1","PT",0.366666666666667
27159,"P56_batch1","Endo",0.366666666666667
27160,"P56_batch1","PT",0.466666666666667
27161,"P56_batch1","stroma1",0.666666666666667
27162,"P56_batch1","immune",0.166666666666667
27163,"P56_batch1","CNT",0.433333333333333
27164,"P56_batch1","Endo",0.466666666666667
27165,"P56_batch1","PT",0.166666666666667
27166,"P56_batch1","PT",0.533333333333333
27167,"P56_batch1","LOH",0.4
27168,"P56_batch1","CNT",0.333333333333333
27169,"P56_batch1","PT",0.366666666666667
27170,"P56_batch1","PT",0.4
27171,"P56_batch1","Endo",0.466666666666667
27172,"P56_batch1","PT",0.366666666666667
27173,"P56_batch1","Podo",0.2
27174,"P56_batch1","PT",0.566666666666667
27175,"P56_batch1","PT",0.166666666666667
27176,"P56_batch1","PT",0.433333333333333
27177,"P56_batch1","PC",0.533333333333333
27178,"P56_batch1","immune",0.4
27179,"P56_batch1","PT2",0.5
27180,"P56_batch1","PT2",0.366666666666667
27181,"P56_batch1","LOH",0.5
27182,"P56_batch1","LOH",0.4
27183,"P56_batch1","PT",0.533333333333333
27184,"P56_batch1","PT",0.5
27185,"P56_batch1","PT2",0.6
27186,"P56_batch1","PT",0.6
27187,"P56_batch1","Endo",0.3
27188,"P56_batch1","NP",0.266666666666667
27189,"P56_batch1","DCT",0.666666666666667
27190,"P56_batch1","stroma2",0.233333333333333
27191,"P56_batch1","CNT",0.166666666666667
27192,"P56_batch1","stroma2",0.5
27193,"P56_batch1","DCT",0.733333333333333
27194,"P56_batch1","stroma2",0.566666666666667
27195,"P56_batch1","LOH",0.633333333333333
27196,"P56_batch1","PT",0.266666666666667
27197,"P56_batch1","Endo",0.5
27198,"P56_batch1","PT",0.366666666666667
27199,"P56_batch1","stroma2",0.466666666666667
27200,"P56_batch1","NP_LOH",0.333333333333333
27201,"P56_batch1","PT",0.5
27202,"P56_batch1","PT",0.366666666666667
27203,"P56_batch1","LOH",0.433333333333333
27204,"P56_batch1","PT",0.733333333333333
27205,"P56_batch1","PT",0.466666666666667
27206,"P56_batch1","PT",0.3
27207,"P56_batch1","PT",0.7
27208,"P56_batch1","LOH",0.333333333333333
27209,"P56_batch1","stroma2",0.633333333333333
27210,"P56_batch1","stroma2",0.166666666666667
27211,"P56_batch1","LOH",0.533333333333333
27212,"P56_batch1","PT",0.366666666666667
27213,"P56_batch1","LOH",0.433333333333333
27214,"P56_batch1","Endo",0.266666666666667
27215,"P56_batch1","NP",0.333333333333333
27216,"P56_batch1","PT",0.466666666666667
27217,"P56_batch1","PT",0.633333333333333
27218,"P56_batch1","LOH",0.566666666666667
27219,"P56_batch1","PT_out",0.466666666666667
27220,"P56_batch1","PC",0.333333333333333
27221,"P56_batch1","PT",0.3
27222,"P56_batch1","PT",0.533333333333333
27223,"P56_batch1","LOH",0.633333333333333
27224,"P56_batch1","stroma1",0.5
27225,"P56_batch1","CNT",0.366666666666667
27226,"P56_batch1","PC",0.5
27227,"P56_batch1","PT",0.666666666666667
27228,"P56_batch1","PT",0.633333333333333
27229,"P56_batch1","PT",0.5
27230,"P56_batch1","LOH",0.533333333333333
27231,"P56_batch1","NP",0.466666666666667
27232,"P56_batch1","PT2",0.633333333333333
27233,"P56_batch1","PT",0.466666666666667
27234,"P56_batch1","PT",0.666666666666667
27235,"P56_batch1","PT",0.5
27236,"P56_batch1","PT",0.466666666666667
27237,"P56_batch1","PT",0.4
27238,"P56_batch1","Endo",0.466666666666667
27239,"P56_batch1","PT",0.433333333333333
27240,"P56_batch1","PT",0.466666666666667
27241,"P56_batch1","stroma1",0.3
27242,"P56_batch1","PT",0.4
27243,"P56_batch1","LOH",0.5
27244,"P56_batch1","Endo",0.5
27245,"P56_batch1","PT",0.5
27246,"P56_batch1","LOH",0.333333333333333
27247,"P56_batch1","stroma2",0.6
27248,"P56_batch1","stroma2",0.4
27249,"P56_batch1","LOH",0.566666666666667
27250,"P56_batch1","LOH",0.3
27251,"P56_batch1","PT",0.433333333333333
27252,"P56_batch1","stroma1",0.766666666666667
27253,"P56_batch1","LOH",0.466666666666667
27254,"P56_batch1","CNT",0.4
27255,"P56_batch1","Podo",0
27256,"P56_batch1","PT",0.7
27257,"P56_batch1","PT2",0.5
27258,"P56_batch1","PT",0.666666666666667
27259,"P56_batch1","PT2",0.5
27260,"P56_batch1","LOH",0.4
27261,"P56_batch1","PT2",0.433333333333333
27262,"P56_batch1","PT",0.433333333333333
27263,"P56_batch1","PT2",0.433333333333333
27264,"P56_batch1","LOH",0.4
27265,"P56_batch1","PC",0.533333333333333
27266,"P56_batch1","stroma2",0.533333333333333
27267,"P56_batch1","LOH",0.533333333333333
27268,"P56_batch1","PT_out",0.5
27269,"P56_batch1","PT",0.433333333333333
27270,"P56_batch1","PT2",0.233333333333333
27271,"P56_batch1","LOH",0.433333333333333
27272,"P56_batch1","PT",0.6
27273,"P56_batch1","Endo",0.366666666666667
27274,"P56_batch1","PT2",0.3
27275,"P56_batch1","Endo",0.2
27276,"P56_batch1","PT",0.633333333333333
27277,"P56_batch1","PT",0.366666666666667
27278,"P56_batch1","IC",0.1
27279,"P56_batch1","PT",0.6
27280,"P56_batch1","PT",0.5
27281,"P56_batch1","PT",0.5
27282,"P56_batch1","PT",0.466666666666667
27283,"P56_batch1","PT",0.5
27284,"P56_batch1","PT",0.433333333333333
27285,"P56_batch1","DCT",0.5
27286,"P56_batch1","PT2",0.466666666666667
27287,"P56_batch1","immune",0.5
27288,"P56_batch1","PT",0.566666666666667
27289,"P56_batch1","PT2",0.4
27290,"P56_batch1","PT",0.7
27291,"P56_batch1","PT",0.433333333333333
27292,"P56_batch1","PT",0.6
27293,"P56_batch1","Endo",0.366666666666667
27294,"P56_batch1","DCT",0.533333333333333
27295,"P56_batch1","DCT",0.5
27296,"P56_batch1","immune",0.433333333333333
27297,"P56_batch1","DCT",0.566666666666667
27298,"P56_batch1","LOH",0.3
27299,"P56_batch1","Endo",0.6
27300,"P56_batch1","DCT",0.566666666666667
27301,"P56_batch1","LOH",0.2
27302,"P56_batch1","PT2",0.433333333333333
27303,"P56_batch1","PT",0.333333333333333
27304,"P56_batch1","stroma1",0.466666666666667
27305,"P56_batch1","PT",0.1
27306,"P56_batch1","PT",0.466666666666667
27307,"P56_batch1","immune",0.133333333333333
27308,"P56_batch1","PT",0.366666666666667
27309,"P56_batch1","PT",0.5
27310,"P56_batch1","LOH",0.4
27311,"P56_batch1","stroma2",0.5
27312,"P56_batch1","CNT",0.466666666666667
27313,"P56_batch1","PT",0
27314,"P56_batch1","LOH",0.533333333333333
27315,"P56_batch1","PT",0.433333333333333
27316,"P56_batch1","CNT",0.166666666666667
27317,"P56_batch1","PT",0.366666666666667
27318,"P56_batch1","PT",0.333333333333333
27319,"P56_batch1","CNT",0.5
27320,"P56_batch1","PT",0.366666666666667
27321,"P56_batch1","LOH",0.433333333333333
27322,"P56_batch1","PT2",0.8
27323,"P56_batch1","NP",0.133333333333333
27324,"P56_batch1","PT",0.7
27325,"P56_batch1","DCT",0.533333333333333
27326,"P56_batch1","PT",0.333333333333333
27327,"P56_batch1","PT2",0.766666666666667
27328,"P56_batch1","PT2",0.466666666666667
27329,"P56_batch1","Podo",0
27330,"P56_batch1","IC",0.166666666666667
27331,"P56_batch1","PT",0
27332,"P56_batch1","PT2",0.6
27333,"P56_batch1","PT",0.433333333333333
27334,"P56_batch1","PT",0.6
27335,"P56_batch1","PT",0.466666666666667
27336,"P56_batch1","PT",0.5
27337,"P56_batch1","Endo",0.466666666666667
27338,"P56_batch1","PT",0.366666666666667
27339,"P56_batch1","LOH",0.4
27340,"P56_batch1","LOH",0.433333333333333
27341,"P56_batch1","PT2",0.6
27342,"P56_batch1","stroma2",0.133333333333333
27343,"P56_batch1","stroma2",0.566666666666667
27344,"P56_batch1","Endo",0.3
27345,"P56_batch1","PT",0.633333333333333
27346,"P56_batch1","PT",0.2
27347,"P56_batch1","PT",0.0666666666666667
27348,"P56_batch1","PT",0.433333333333333
27349,"P56_batch1","stroma2",0.266666666666667
27350,"P56_batch1","PT",0.466666666666667
27351,"P56_batch1","Podo",0.0333333333333333
27352,"P56_batch1","PT2",0.633333333333333
27353,"P56_batch1","IC",0.3
27354,"P56_batch1","PT",0.366666666666667
27355,"P56_batch1","LOH",0.566666666666667
27356,"P56_batch1","stroma2",0.466666666666667
27357,"P56_batch1","LOH",0.533333333333333
27358,"P56_batch1","LOH",0.7
27359,"P56_batch1","PT2",0.5
27360,"P56_batch1","PT",0.3
27361,"P56_batch1","LOH",0.633333333333333
27362,"P56_batch1","LOH",0.533333333333333
27363,"P56_batch1","LOH",0.466666666666667
27364,"P56_batch1","Podo",0.333333333333333
27365,"P56_batch1","CNT",0.4
27366,"P56_batch1","PT",0.333333333333333
27367,"P56_batch1","Podo",0.166666666666667
27368,"P56_batch1","PT",0.6
27369,"P56_batch1","IC",0.5
27370,"P56_batch1","Endo",0.533333333333333
27371,"P56_batch1","IC",0.533333333333333
27372,"P56_batch1","IC",0.266666666666667
27373,"P56_batch1","Endo",0.4
27374,"P56_batch1","PT",0.366666666666667
27375,"P56_batch1","Podo",0.1
27376,"P56_batch1","PT",0.366666666666667
27377,"P56_batch1","IC",0.466666666666667
27378,"P56_batch1","PT",0.533333333333333
27379,"P56_batch1","PT2",0.633333333333333
27380,"P56_batch1","DCT",0.766666666666667
27381,"P56_batch1","LOH",0.4
27382,"P56_batch1","stroma2",0.4
27383,"P56_batch1","PT",0.566666666666667
27384,"P56_batch1","PT2",0.6
27385,"P56_batch1","PT",0.466666666666667
27386,"P56_batch1","LOH",0.566666666666667
27387,"P56_batch1","DCT",0.5
27388,"P56_batch1","Endo",0.166666666666667
27389,"P56_batch1","PT",0.433333333333333
27390,"P56_batch1","PT",0.4
27391,"P56_batch1","CNT",0.2
27392,"P56_batch1","PT",0.5
27393,"P56_batch1","Endo",0.333333333333333
27394,"P56_batch1","LOH",0.466666666666667
27395,"P56_batch1","stroma2",0.433333333333333
27396,"P56_batch1","PT_out",0.466666666666667
27397,"P56_batch1","stroma2",0.333333333333333
27398,"P56_batch1","PT",0.533333333333333
27399,"P56_batch1","PT",0.533333333333333
27400,"P56_batch1","LOH",0.433333333333333
27401,"P56_batch1","immune",0.666666666666667
27402,"P56_batch1","LOH",0.233333333333333
27403,"P56_batch1","stroma2",0.133333333333333
27404,"P56_batch1","LOH",0.466666666666667
27405,"P56_batch1","PT2",0.633333333333333
27406,"P56_batch1","PT",0.233333333333333
27407,"P56_batch1","CNT",0.4
27408,"P56_batch1","stroma1",0.466666666666667
27409,"P56_batch1","DCT",0.4
27410,"P56_batch1","CNT",0.433333333333333
27411,"P56_batch1","PT",0.333333333333333
27412,"P56_batch1","stroma2",0.4
27413,"P56_batch1","NP",0.4
27414,"P56_batch1","DCT",0.5
27415,"P56_batch1","Endo",0.366666666666667
27416,"P56_batch1","PT",0.3
27417,"P56_batch1","Endo",0.266666666666667
27418,"P56_batch1","NP",0.333333333333333
27419,"P56_batch1","PT2",0.666666666666667
27420,"P56_batch1","Endo",0.4
27421,"P56_batch1","LOH",0.533333333333333
27422,"P56_batch1","PT",0.433333333333333
27423,"P56_batch1","PT",0.466666666666667
27424,"P56_batch1","PT",0.666666666666667
27425,"P56_batch1","PT",0.5
27426,"P56_batch1","PT_out",0.5
27427,"P56_batch1","LOH",0.3
27428,"P56_batch1","Endo",0.366666666666667
27429,"P56_batch1","LOH",0.533333333333333
27430,"P56_batch1","PT",0.533333333333333
27431,"P56_batch1","PT",0.6
27432,"P56_batch1","immune",0.766666666666667
27433,"P56_batch1","PT2",0.233333333333333
27434,"P56_batch1","LOH",0.466666666666667
27435,"P56_batch1","IC",0.766666666666667
27436,"P56_batch1","PT",0.3
27437,"P56_batch1","PT",0.433333333333333
27438,"P56_batch1","PC",0.233333333333333
27439,"P56_batch1","stroma2",0.5
27440,"P56_batch1","PT_out",0.5
27441,"P56_batch1","LOH",0.466666666666667
27442,"P56_batch1","PT_out",0.566666666666667
27443,"P56_batch1","PT2",0.233333333333333
27444,"P56_batch1","LOH",0.6
27445,"P56_batch1","PT",0.633333333333333
27446,"P56_batch1","LOH",0.4
27447,"P56_batch1","PT",0.533333333333333
27448,"P56_batch1","PT",0.333333333333333
27449,"P56_batch1","PT",0.266666666666667
27450,"P56_batch1","LOH",0.5
27451,"P56_batch1","PT",0.466666666666667
27452,"P56_batch1","PT2",0.6
27453,"P56_batch1","Endo",0.466666666666667
27454,"P56_batch1","LOH",0.566666666666667
27455,"P56_batch1","PT",0.566666666666667
27456,"P56_batch1","PT",0.466666666666667
27457,"P56_batch1","PT",0.566666666666667
27458,"P56_batch1","stroma2",0.1
27459,"P56_batch1","LOH",0.666666666666667
27460,"P56_batch1","IC",0.6
27461,"P56_batch1","IC",0.1
27462,"P56_batch1","PT2",0.6
27463,"P56_batch1","PT",0.7
27464,"P56_batch1","PT",0.566666666666667
27465,"P56_batch1","LOH",0.6
27466,"P56_batch1","PT2",0.433333333333333
27467,"P56_batch1","PT2",0.333333333333333
27468,"P56_batch1","PT",0.5
27469,"P56_batch1","DCT",0.5
27470,"P56_batch1","PT",0.666666666666667
27471,"P56_batch1","PT",0.466666666666667
27472,"P56_batch1","PT",0.233333333333333
27473,"P56_batch1","stroma2",0.6
27474,"P56_batch1","LOH",0.533333333333333
27475,"P56_batch1","LOH",0.366666666666667
27476,"P56_batch1","PT",0.433333333333333
27477,"P56_batch1","Endo",0.5
27478,"P56_batch1","immune",0.233333333333333
27479,"P56_batch1","Endo",0.6
27480,"P56_batch1","PT2",0.2
27481,"P56_batch1","PT2",0.466666666666667
27482,"P56_batch1","LOH",0.466666666666667
27483,"P56_batch1","PT",0.433333333333333
27484,"P56_batch1","DCT",0.566666666666667
27485,"P56_batch1","LOH",0.6
27486,"P56_batch1","NP_LOH",0.533333333333333
27487,"P56_batch1","PT2",0.433333333333333
27488,"P56_batch1","CNT",0.833333333333333
27489,"P56_batch1","Endo",0.466666666666667
27490,"P56_batch1","stroma2",0.366666666666667
27491,"P56_batch1","NP_LOH",0.233333333333333
27492,"P56_batch1","stroma2",0.266666666666667
27493,"P56_batch1","PT",0.4
27494,"P56_batch1","DCT",0.633333333333333
27495,"P56_batch1","NP_LOH",0.566666666666667
27496,"P56_batch1","PC",0.366666666666667
27497,"P56_batch1","PT",0.566666666666667
27498,"P56_batch1","PT",0.633333333333333
27499,"P56_batch1","PT2",0.666666666666667
27500,"P56_batch1","Endo",0.466666666666667
27501,"P56_batch1","PT",0.566666666666667
27502,"P56_batch1","PC",0.666666666666667
27503,"P56_batch1","PT",0.666666666666667
27504,"P56_batch1","PT2",0.7
27505,"P56_batch1","PT",0.4
27506,"P56_batch1","IC",0.6
27507,"P56_batch1","LOH",0.6
27508,"P56_batch1","PT",0.4
27509,"P56_batch1","PC",0.2
27510,"P56_batch1","PT",0.433333333333333
27511,"P56_batch1","NP_LOH",0.4
27512,"P56_batch1","PT",0.566666666666667
27513,"P56_batch1","PT",0.4
27514,"P56_batch1","Podo",0
27515,"P56_batch1","LOH",0.433333333333333
27516,"P56_batch1","PT2",0.966666666666667
27517,"P56_batch1","PT",0.233333333333333
27518,"P56_batch1","PT",0.466666666666667
27519,"P56_batch1","LOH",0.466666666666667
27520,"P56_batch1","PT",0.4
27521,"P56_batch1","PT",0.333333333333333
27522,"P56_batch1","LOH",0.533333333333333
27523,"P56_batch1","NP",0.533333333333333
27524,"P56_batch1","PT",0.433333333333333
27525,"P56_batch1","PT",0.366666666666667
27526,"P56_batch1","Endo",0.433333333333333
27527,"P56_batch1","PT",0.533333333333333
27528,"P56_batch1","PT",0.233333333333333
27529,"P56_batch1","PC",0.333333333333333
27530,"P56_batch1","PT",0.5
27531,"P56_batch1","Endo",0.333333333333333
27532,"P56_batch1","PT",0.566666666666667
27533,"P56_batch1","PT",0.533333333333333
27534,"P56_batch1","PC",0.233333333333333
27535,"P56_batch1","PT",0.666666666666667
27536,"P56_batch1","PT",0.666666666666667
27537,"P56_batch1","LOH",0.533333333333333
27538,"P56_batch1","stroma2",0.4
27539,"P56_batch1","PT",0.266666666666667
27540,"P56_batch1","immune",0.166666666666667
27541,"P56_batch1","PT",0.533333333333333
27542,"P56_batch1","DCT",0.466666666666667
27543,"P56_batch1","Endo",0.366666666666667
27544,"P56_batch1","PC",0.233333333333333
27545,"P56_batch1","PT",0.733333333333333
27546,"P56_batch1","PC",0.166666666666667
27547,"P56_batch1","LOH",0.666666666666667
27548,"P56_batch1","PT",0.2
27549,"P56_batch1","PT",0.433333333333333
27550,"P56_batch1","PT",0.566666666666667
27551,"P56_batch1","stroma2",0.4
27552,"P56_batch1","PT2",0.433333333333333
27553,"P56_batch1","PT",0.266666666666667
27554,"P56_batch1","stroma2",0.366666666666667
27555,"P56_batch1","CNT",0.766666666666667
27556,"P56_batch1","IC",0.466666666666667
27557,"P56_batch1","PT",0.633333333333333
27558,"P56_batch1","PT",0.366666666666667
27559,"P56_batch1","stroma1",0.3
27560,"P56_batch1","NP_LOH",0.5
27561,"P56_batch1","PT",0.566666666666667
27562,"P56_batch1","LOH",0.433333333333333
27563,"P56_batch1","stroma2",0.4
27564,"P56_batch1","LOH",0.366666666666667
27565,"P56_batch1","stroma2",0.4
27566,"P56_batch1","PT",0.566666666666667
27567,"P56_batch1","PT",0.333333333333333
27568,"P56_batch1","stroma2",0.666666666666667
27569,"P56_batch1","PT",0.333333333333333
27570,"P56_batch1","Endo",0.633333333333333
27571,"P56_batch1","PT",0.366666666666667
27572,"P56_batch1","PC",0.266666666666667
27573,"P56_batch1","PT",0.433333333333333
27574,"P56_batch1","PT2",0.633333333333333
27575,"P56_batch1","LOH",0.466666666666667
27576,"P56_batch1","PT",0.366666666666667
27577,"P56_batch1","PT",0.466666666666667
27578,"P56_batch1","LOH",0.5
27579,"P56_batch1","Endo",0.2
27580,"P56_batch1","PT",0.266666666666667
27581,"P56_batch1","PT",0.233333333333333
27582,"P56_batch1","NP",0.333333333333333
27583,"P56_batch1","PT",0.6
27584,"P56_batch1","IC",0.333333333333333
27585,"P56_batch1","Endo",0.366666666666667
27586,"P56_batch1","stroma1",0.266666666666667
27587,"P56_batch1","PT",0.533333333333333
27588,"P56_batch1","PT",0.666666666666667
27589,"P56_batch1","LOH",0.5
27590,"P56_batch1","PT",0.366666666666667
27591,"P56_batch1","LOH",0.5
27592,"P56_batch1","PT",0.5
27593,"P56_batch1","LOH",0.466666666666667
27594,"P56_batch1","PT",0.433333333333333
27595,"P56_batch1","PT",0.433333333333333
27596,"P56_batch1","PT",0.333333333333333
27597,"P56_batch1","stroma2",0.433333333333333
27598,"P56_batch1","LOH",0.433333333333333
27599,"P56_batch1","PT",0.766666666666667
27600,"P56_batch1","PT2",0.4
27601,"P56_batch1","PC",0.433333333333333
27602,"P56_batch1","PT",0.4
27603,"P56_batch1","PT",0.533333333333333
27604,"P56_batch1","Endo",0.2
27605,"P56_batch1","PT_out",0.433333333333333
27606,"P56_batch1","DCT",0.666666666666667
27607,"P56_batch1","PT",0.4
27608,"P56_batch1","Endo",0.366666666666667
27609,"P56_batch1","PT",0.433333333333333
27610,"P56_batch1","LOH",0.3
27611,"P56_batch1","PT",0.566666666666667
27612,"P56_batch1","Endo",0.466666666666667
27613,"P56_batch1","Endo",0.2
27614,"P56_batch1","Endo",0.2
27615,"P56_batch1","LOH",0.6
27616,"P56_batch1","CNT",0.166666666666667
27617,"P56_batch1","PT",0.466666666666667
27618,"P56_batch1","LOH",0.3
27619,"P56_batch1","CNT",0.166666666666667
27620,"P56_batch1","IC",0.233333333333333
27621,"P56_batch1","DCT",0.6
27622,"P56_batch1","PT2",0.5
27623,"P56_batch1","NP_LOH",0.366666666666667
27624,"P56_batch1","Endo",0.4
27625,"P56_batch1","LOH",0.366666666666667
27626,"P56_batch1","PT",0.266666666666667
27627,"P56_batch1","PT",0.566666666666667
27628,"P56_batch1","LOH",0.333333333333333
27629,"P56_batch1","PT",0.366666666666667
27630,"P56_batch1","stroma2",0.133333333333333
27631,"P56_batch1","Endo",0.4
27632,"P56_batch1","PT",0.333333333333333
27633,"P56_batch1","Endo",0.6
27634,"P56_batch1","DCT",0.6
27635,"P56_batch1","PT2",0.766666666666667
27636,"P56_batch1","Endo",0.4
27637,"P56_batch1","Endo",0.566666666666667
27638,"P56_batch1","LOH",0.4
27639,"P56_batch1","LOH",0.5
27640,"P56_batch1","LOH",0.4
27641,"P56_batch1","PT",0.5
27642,"P56_batch1","Endo",0.133333333333333
27643,"P56_batch1","IC",0.1
27644,"P56_batch1","IC",0.566666666666667
27645,"P56_batch1","PT",0.4
27646,"P56_batch1","stroma2",0.433333333333333
27647,"P56_batch1","PT",0.3
27648,"P56_batch1","LOH",0.466666666666667
27649,"P56_batch1","LOH",0.6
27650,"P56_batch1","PT",0.6
27651,"P56_batch1","PT",0.266666666666667
27652,"P56_batch1","PT2",0.3
27653,"P56_batch1","PT",0.466666666666667
27654,"P56_batch1","PT",0.7
27655,"P56_batch1","PT2",0.833333333333333
27656,"P56_batch1","PT",0.333333333333333
27657,"P56_batch1","PT",0.566666666666667
27658,"P56_batch1","PT",0.366666666666667
27659,"P56_batch1","PT2",0.466666666666667
27660,"P56_batch1","Endo",0.333333333333333
27661,"P56_batch1","PT",0.566666666666667
27662,"P56_batch1","Endo",0.4
27663,"P56_batch1","PT2",0.333333333333333
27664,"P56_batch1","CNT",0.5
27665,"P56_batch1","PT",0.333333333333333
27666,"P56_batch1","LOH",0.566666666666667
27667,"P56_batch1","PC",0.2
27668,"P56_batch1","PT2",0.533333333333333
27669,"P56_batch1","LOH",0.566666666666667
27670,"P56_batch1","PT2",0.766666666666667
27671,"P56_batch1","PT",0.633333333333333
27672,"P56_batch1","PT",0.6
27673,"P56_batch1","PT",0.433333333333333
27674,"P56_batch1","PT2",0.533333333333333
27675,"P56_batch1","PT",0.333333333333333
27676,"P56_batch1","PT",0.5
27677,"P56_batch1","Endo",0.6
27678,"P56_batch1","PT",0.366666666666667
27679,"P56_batch1","PC",0.5
27680,"P56_batch1","CNT",0.333333333333333
27681,"P56_batch1","PT2",0.6
27682,"P56_batch1","Podo",0
27683,"P56_batch1","PT",0.3
27684,"P56_batch1","Endo",0.466666666666667
27685,"P56_batch1","LOH",0.533333333333333
27686,"P56_batch1","LOH",0.433333333333333
27687,"P56_batch1","Endo",0.433333333333333
27688,"P56_batch1","PT",0.633333333333333
27689,"P56_batch1","LOH",0.433333333333333
27690,"P56_batch1","CNT",0.5
27691,"P56_batch1","PT",0.466666666666667
27692,"P56_batch1","PT",0.6
27693,"P56_batch1","Endo",0.366666666666667
27694,"P56_batch1","PT",0.666666666666667
27695,"P56_batch1","PT",0.6
27696,"P56_batch1","Endo",0.366666666666667
27697,"P56_batch1","Endo",0.4
27698,"P56_batch1","PT",0.5
27699,"P56_batch1","stroma2",0.333333333333333
27700,"P56_batch1","Endo",0.6
27701,"P56_batch1","PT",0.333333333333333
27702,"P56_batch1","LOH",0.5
27703,"P56_batch1","Podo",0.0666666666666667
27704,"P56_batch1","PT",0.766666666666667
27705,"P56_batch1","PT",0.533333333333333
27706,"P56_batch1","PT",0.466666666666667
27707,"P56_batch1","Endo",0.633333333333333
27708,"P56_batch1","PC",0.1
27709,"P56_batch1","stroma2",0.333333333333333
27710,"P56_batch1","LOH",0.533333333333333
27711,"P56_batch1","PT2",0.533333333333333
27712,"P56_batch1","stroma2",0.633333333333333
27713,"P56_batch1","PT",0.566666666666667
27714,"P56_batch1","PC",0.2
27715,"P56_batch1","Endo",0.6
27716,"P56_batch1","PC",0.166666666666667
27717,"P56_batch1","LOH",0.266666666666667
27718,"P56_batch1","stroma2",0.2
27719,"P56_batch1","PT",0.7
27720,"P56_batch1","PT",0.566666666666667
27721,"P56_batch1","PT2",0.666666666666667
27722,"P56_batch1","CNT",0.4
27723,"P56_batch1","CNT",0.533333333333333
27724,"P56_batch1","LOH",0.533333333333333
27725,"P56_batch1","PT",0.6
27726,"P56_batch1","PT",0.233333333333333
27727,"P56_batch1","LOH",0.366666666666667
27728,"P56_batch1","CNT",0.5
27729,"P56_batch1","LOH",0.466666666666667
27730,"P56_batch1","PT_out",0.366666666666667
27731,"P56_batch1","PT",0.633333333333333
27732,"P56_batch1","IC",0.566666666666667
27733,"P56_batch1","PT2",0.433333333333333
27734,"P56_batch1","PT_out",0.566666666666667
27735,"P56_batch1","PT",0.633333333333333
27736,"P56_batch1","PT2",0.5
27737,"P56_batch1","IC",0.5
27738,"P56_batch1","PT",0.4
27739,"P56_batch1","PT",0.4
27740,"P56_batch1","LOH",0.633333333333333
27741,"P56_batch1","stroma1",0.533333333333333
27742,"P56_batch1","PT",0.433333333333333
27743,"P56_batch1","PT",0.3
27744,"P56_batch1","PT",0.4
27745,"P56_batch1","LOH",0.533333333333333
27746,"P56_batch1","Endo",0.333333333333333
27747,"P56_batch1","CNT",0.466666666666667
27748,"P56_batch1","IC",0.2
27749,"P56_batch1","immune",0.4
27750,"P56_batch1","DCT",0.633333333333333
27751,"P56_batch1","immune",0.666666666666667
27752,"P56_batch1","CNT",0.8
27753,"P56_batch1","PT",0.566666666666667
27754,"P56_batch1","stroma2",0.466666666666667
27755,"P56_batch1","Endo",0.266666666666667
27756,"P56_batch1","PT2",0.5
27757,"P56_batch1","PT_out",0.5
27758,"P56_batch1","NP_LOH",0.166666666666667
27759,"P56_batch1","IC",0.366666666666667
27760,"P56_batch1","PT",0.4
27761,"P56_batch1","LOH",0.433333333333333
27762,"P56_batch1","LOH",0.433333333333333
27763,"P56_batch1","LOH",0.433333333333333
27764,"P56_batch1","Podo",0
27765,"P56_batch1","Endo",0.566666666666667
27766,"P56_batch1","PT_out",0.766666666666667
27767,"P56_batch1","DCT",0.666666666666667
27768,"P56_batch1","Endo",0.4
27769,"P56_batch1","PT",0.566666666666667
27770,"P56_batch1","PT",0.633333333333333
27771,"P56_batch1","PT",0.5
27772,"P56_batch1","PT",0.566666666666667
27773,"P56_batch1","PT",0.4
27774,"P56_batch1","LOH",0.533333333333333
27775,"P56_batch1","PT",0.633333333333333
27776,"P56_batch1","PT2",0.733333333333333
27777,"P56_batch1","LOH",0.266666666666667
27778,"P56_batch1","PC",0.366666666666667
27779,"P56_batch1","PT",0.866666666666667
27780,"P56_batch1","PT",0.4
27781,"P56_batch1","PT",0.2
27782,"P56_batch1","LOH",0.533333333333333
27783,"P56_batch1","PT",0.2
27784,"P56_batch1","LOH",0.433333333333333
27785,"P56_batch1","PT",0.3
27786,"P56_batch1","LOH",0.5
27787,"P56_batch1","stroma2",0.266666666666667
27788,"P56_batch1","PT",0.7
27789,"P56_batch1","LOH",0.433333333333333
27790,"P56_batch1","PC",0.133333333333333
27791,"P56_batch1","NP",0.366666666666667
27792,"P56_batch1","LOH",0.533333333333333
27793,"P56_batch1","Endo",0.266666666666667
27794,"P56_batch1","LOH",0.533333333333333
27795,"P56_batch1","IC",0.6
27796,"P56_batch1","PT",0.466666666666667
27797,"P56_batch1","IC",0.6
27798,"P56_batch1","PT",0.366666666666667
27799,"P56_batch1","PT",0
27800,"P56_batch1","Podo",0
27801,"P56_batch1","stroma2",0.5
27802,"P56_batch1","LOH",0.466666666666667
27803,"P56_batch1","PT2",0.3
27804,"P56_batch1","PT2",0.6
27805,"P56_batch1","DCT",0.566666666666667
27806,"P56_batch1","PC",0.366666666666667
27807,"P56_batch1","PT",0.333333333333333
27808,"P56_batch1","LOH",0.366666666666667
27809,"P56_batch1","PT",0.633333333333333
27810,"P56_batch1","PT",0.433333333333333
27811,"P56_batch1","LOH",0.366666666666667
27812,"P56_batch1","LOH",0.466666666666667
27813,"P56_batch1","PT",0.566666666666667
27814,"P56_batch1","NP",0.366666666666667
27815,"P56_batch1","PT",0.2
27816,"P56_batch1","stroma2",0.333333333333333
27817,"P56_batch1","DCT",0.466666666666667
27818,"P56_batch1","PT2",0.566666666666667
27819,"P56_batch1","PT2",0.533333333333333
27820,"P56_batch1","LOH",0.433333333333333
27821,"P56_batch1","LOH",0.566666666666667
27822,"P56_batch1","LOH",0.3
27823,"P56_batch1","IC",0.5
27824,"P56_batch1","DCT",0.533333333333333
27825,"P56_batch1","IC",0.6
27826,"P56_batch1","DCT",0.466666666666667
27827,"P56_batch1","Endo",0.5
27828,"P56_batch1","PT",0.7
27829,"P56_batch1","IC",0.433333333333333
27830,"P56_batch1","Endo",0.2
27831,"P56_batch1","stroma2",0.1
27832,"P56_batch1","IC",0.366666666666667
27833,"P56_batch1","PT",0.666666666666667
27834,"P56_batch1","Endo",0.4
27835,"P56_batch1","stroma2",0.3
27836,"P56_batch1","PT",0.333333333333333
27837,"P56_batch1","stroma2",0.6
27838,"P56_batch1","PT2",0.433333333333333
27839,"P56_batch1","PT2",0.6
27840,"P56_batch1","Endo",0.366666666666667
27841,"P56_batch1","Podo",0.2
27842,"P56_batch1","Endo",0.266666666666667
27843,"P56_batch1","PT",0.5
27844,"P56_batch1","PT",0.5
27845,"P56_batch1","PT",0.233333333333333
27846,"P56_batch1","stroma2",0.433333333333333
27847,"P56_batch1","LOH",0.333333333333333
27848,"P56_batch1","PT",0.5
27849,"P56_batch1","LOH",0.433333333333333
27850,"P56_batch1","Podo",0.133333333333333
27851,"P56_batch1","LOH",0.5
27852,"P56_batch1","PT",0.433333333333333
27853,"P56_batch1","Endo",0.366666666666667
27854,"P56_batch1","stroma2",0.3
27855,"P56_batch1","Endo",0.133333333333333
27856,"P56_batch1","PC",0.6
27857,"P56_batch1","PC",0.7
27858,"P56_batch1","PT",0.3
27859,"P56_batch1","immune",0.133333333333333
27860,"P56_batch1","Endo",0.3
27861,"P56_batch1","NP_LOH",0.433333333333333
27862,"P56_batch1","PT",0.333333333333333
27863,"P56_batch1","LOH",0.366666666666667
27864,"P56_batch1","Endo",0.133333333333333
27865,"P56_batch1","PT",0.533333333333333
27866,"P56_batch1","PT",0.6
27867,"P56_batch1","LOH",0.333333333333333
27868,"P56_batch1","DCT",0.7
27869,"P56_batch1","Endo",0.433333333333333
27870,"P56_batch1","PT",0.666666666666667
27871,"P56_batch1","PT",0.566666666666667
27872,"P56_batch1","stroma2",0.333333333333333
27873,"P56_batch1","PT",0.466666666666667
27874,"P56_batch1","stroma2",0.4
27875,"P56_batch1","stroma2",0.466666666666667
27876,"P56_batch1","immune",0.3
27877,"P56_batch1","PT_out",0.633333333333333
27878,"P56_batch1","PT2",0.8
27879,"P56_batch1","LOH",0.533333333333333
27880,"P56_batch1","DCT",0.566666666666667
27881,"P56_batch1","PT2",0.366666666666667
27882,"P56_batch1","PC",0.133333333333333
27883,"P56_batch1","PT_out",0.5
27884,"P56_batch1","PT",0.6
27885,"P56_batch1","CNT",0.166666666666667
27886,"P56_batch1","PT",0.366666666666667
27887,"P56_batch1","PT",0.566666666666667
27888,"P56_batch1","IC",0.366666666666667
27889,"P56_batch1","PT",0.6
27890,"P56_batch1","PT",0.466666666666667
27891,"P56_batch1","PT",0.566666666666667
27892,"P56_batch1","PT",0.233333333333333
27893,"P56_batch1","PT",0.266666666666667
27894,"P56_batch1","PT",0.433333333333333
27895,"P56_batch1","Endo",0.4
27896,"P56_batch1","PT",0.433333333333333
27897,"P56_batch1","PT",0.7
27898,"P56_batch1","LOH",0.433333333333333
27899,"P56_batch1","PT",0.3
27900,"P56_batch1","PT",0.333333333333333
27901,"P56_batch1","stroma2",0.5
27902,"P56_batch1","PT",0.466666666666667
27903,"P56_batch1","PT",0.366666666666667
27904,"P56_batch1","PT",0.566666666666667
27905,"P56_batch1","LOH",0.366666666666667
27906,"P56_batch1","PT",0.466666666666667
27907,"P56_batch1","PT",0.566666666666667
27908,"P56_batch1","LOH",0.5
27909,"P56_batch1","PT2",0.633333333333333
27910,"P56_batch1","PT",0.666666666666667
27911,"P56_batch1","stroma1",0.733333333333333
27912,"P56_batch1","PT",0.433333333333333
27913,"P56_batch1","LOH",0.533333333333333
27914,"P56_batch1","PT",0.5
27915,"P56_batch1","PT",0.566666666666667
27916,"P56_batch1","LOH",0.533333333333333
27917,"P56_batch1","PT",0.466666666666667
27918,"P56_batch1","PT",0.733333333333333
27919,"P56_batch1","PT",0.466666666666667
27920,"P56_batch1","PT",0.333333333333333
27921,"P56_batch1","Endo",0.366666666666667
27922,"P56_batch1","PT2",0.366666666666667
27923,"P56_batch1","PC",0.166666666666667
27924,"P56_batch1","PT",0.366666666666667
27925,"P56_batch1","PC",0.666666666666667
27926,"P56_batch1","stroma2",0.433333333333333
27927,"P56_batch1","Podo",0.2
27928,"P56_batch1","PT",0.566666666666667
27929,"P56_batch1","stroma2",0.466666666666667
27930,"P56_batch1","LOH",0.366666666666667
27931,"P56_batch1","Endo",0.166666666666667
27932,"P56_batch1","PT",0.666666666666667
27933,"P56_batch1","stroma2",0.366666666666667
27934,"P56_batch1","LOH",0.366666666666667
27935,"P56_batch1","LOH",0.633333333333333
27936,"P56_batch1","DCT",0.733333333333333
27937,"P56_batch1","PT",0.433333333333333
27938,"P56_batch1","Endo",0.5
27939,"P56_batch1","PT2",0.433333333333333
27940,"P56_batch1","PT",0.633333333333333
27941,"P56_batch1","LOH",0.566666666666667
27942,"P56_batch1","PT",0.4
27943,"P56_batch1","stroma2",0.333333333333333
27944,"P56_batch1","Endo",0.366666666666667
27945,"P56_batch1","CNT",0.733333333333333
27946,"P56_batch1","PT",0.666666666666667
27947,"P56_batch1","IC",0.7
27948,"P56_batch1","PT",0.6
27949,"P56_batch1","DCT",0.766666666666667
27950,"P56_batch1","stroma2",0.466666666666667
27951,"P56_batch1","CNT",0.3
27952,"P56_batch1","PT",0.6
27953,"P56_batch1","PT",0.466666666666667
27954,"P56_batch1","PT",0.666666666666667
27955,"P56_batch1","PT2",0.433333333333333
27956,"P56_batch1","PT",0.6
27957,"P56_batch1","LOH",0.566666666666667
27958,"P56_batch1","PT_out",0.366666666666667
27959,"P56_batch1","PT",0.333333333333333
27960,"P56_batch1","PT",0.7
27961,"P56_batch1","PT",0.266666666666667
27962,"P56_batch1","stroma1",0.5
27963,"P56_batch1","PT2",0.533333333333333
27964,"P56_batch1","PT",0.566666666666667
27965,"P56_batch1","LOH",0.433333333333333
27966,"P56_batch1","PC",0.3
27967,"P56_batch1","Endo",0.433333333333333
27968,"P56_batch1","stroma2",0.433333333333333
27969,"P56_batch1","DCT",0.533333333333333
27970,"P56_batch1","PT",0.466666666666667
27971,"P56_batch1","Endo",0.433333333333333
27972,"P56_batch1","PT",0.4
27973,"P56_batch1","PT",0.533333333333333
27974,"P56_batch1","PT2",0.366666666666667
27975,"P56_batch1","LOH",0.266666666666667
27976,"P56_batch1","PT",0.366666666666667
27977,"P56_batch1","PT2",0.6
27978,"P56_batch1","PT",0.5
27979,"P56_batch1","stroma2",0.566666666666667
27980,"P56_batch1","PT",0.366666666666667
27981,"P56_batch1","PT_out",0.366666666666667
27982,"P56_batch1","stroma2",0.233333333333333
27983,"P56_batch1","PT2",0.366666666666667
27984,"P56_batch1","PT",0.3
27985,"P56_batch1","immune",0.566666666666667
27986,"P56_batch1","CNT",0.266666666666667
27987,"P56_batch1","stroma2",0.2
27988,"P56_batch1","PT",0.466666666666667
27989,"P56_batch1","LOH",0.333333333333333
27990,"P56_batch1","Endo",0.433333333333333
27991,"P56_batch1","PC",0.5
27992,"P56_batch1","PT",0.4
27993,"P56_batch1","PT",0.366666666666667
27994,"P56_batch1","PT",0.366666666666667
27995,"P56_batch1","PT",0.366666666666667
27996,"P56_batch1","LOH",0.466666666666667
27997,"P56_batch1","stroma2",0.166666666666667
27998,"P56_batch1","stroma1",0.366666666666667
27999,"P56_batch1","LOH",0.266666666666667
28000,"P56_batch1","PT",0.533333333333333
28001,"P56_batch1","PT",0.666666666666667
28002,"P56_batch1","PT",0.566666666666667
28003,"P56_batch1","Podo",0.366666666666667
28004,"P56_batch1","LOH",0.233333333333333
28005,"P56_batch1","PT",0.0333333333333333
28006,"P56_batch1","LOH",0.4
28007,"P56_batch1","PT",0.533333333333333
28008,"P56_batch1","CNT",0.166666666666667
28009,"P56_batch1","LOH",0.533333333333333
28010,"P56_batch1","PT",0.366666666666667
28011,"P56_batch1","LOH",0.466666666666667
28012,"P56_batch1","PT",0.733333333333333
28013,"P56_batch1","PT",0.566666666666667
28014,"P56_batch1","immune",0.2
28015,"P56_batch1","stroma2",0.333333333333333
28016,"P56_batch1","PT",0.666666666666667
28017,"P56_batch1","DCT",0.533333333333333
28018,"P56_batch1","stroma2",0.133333333333333
28019,"P56_batch1","Podo",0.0666666666666667
28020,"P56_batch1","PT2",0.5
28021,"P56_batch1","PT",0.4
28022,"P56_batch1","PT",0.366666666666667
28023,"P56_batch1","Podo",0
28024,"P56_batch1","Endo",0.5
28025,"P56_batch1","PC",0.3
28026,"P56_batch1","PT",0.566666666666667
28027,"P56_batch1","PT2",0.4
28028,"P56_batch1","stroma2",0.533333333333333
28029,"P56_batch1","PT",0
28030,"P56_batch1","stroma2",0.533333333333333
28031,"P56_batch1","LOH",0.533333333333333
28032,"P56_batch1","stroma2",0.433333333333333
28033,"P56_batch1","PT",0.266666666666667
28034,"P56_batch1","DCT",0.5
28035,"P56_batch1","PC",0.7
28036,"P56_batch1","Endo",0.433333333333333
28037,"P56_batch1","NP_LOH",0.3
28038,"P56_batch1","Endo",0.333333333333333
28039,"P56_batch1","PT",0.333333333333333
28040,"P56_batch1","LOH",0.4
28041,"P56_batch1","immune",0.166666666666667
28042,"P56_batch1","PT",0.3
28043,"P56_batch1","NP",0.366666666666667
28044,"P56_batch1","PT",0.5
28045,"P56_batch1","PT",0.633333333333333
28046,"P56_batch1","stroma2",0.433333333333333
28047,"P56_batch1","PT",0.566666666666667
28048,"P56_batch1","LOH",0.566666666666667
28049,"P56_batch1","Endo",0.566666666666667
28050,"P56_batch1","PT2",0.566666666666667
28051,"P56_batch1","IC",0.333333333333333
28052,"P56_batch1","Endo",0.4
28053,"P56_batch1","LOH",0.3
28054,"P56_batch1","PT",0.5
28055,"P56_batch1","PT",0.433333333333333
28056,"P56_batch1","PT",0.233333333333333
28057,"P56_batch1","Podo",0.4
28058,"P56_batch1","Endo",0.4
28059,"P56_batch1","LOH",0.5
28060,"P56_batch1","Endo",0.266666666666667
28061,"P56_batch1","PT",0.466666666666667
28062,"P56_batch1","LOH",0.2
28063,"P56_batch1","PC",0.466666666666667
28064,"P56_batch1","PT",0.4
28065,"P56_batch1","LOH",0.566666666666667
28066,"P56_batch1","PT",0.566666666666667
28067,"P56_batch1","NP_LOH",0.333333333333333
28068,"P56_batch1","CNT",0.3
28069,"P56_batch1","LOH",0.533333333333333
28070,"P56_batch1","PT",0.4
28071,"P56_batch1","PT",0.6
28072,"P56_batch1","NP",0.4
28073,"P56_batch1","IC",0.133333333333333
28074,"P56_batch1","stroma2",0.233333333333333
28075,"P56_batch1","PT",0.333333333333333
28076,"P56_batch1","PT",0.466666666666667
28077,"P56_batch1","PT",0.5
28078,"P56_batch1","PT",0.433333333333333
28079,"P56_batch1","PT2",0.7
28080,"P56_batch1","LOH",0.533333333333333
28081,"P56_batch1","PT",0.366666666666667
28082,"P56_batch1","Endo",0.433333333333333
28083,"P56_batch1","PT",0.4
28084,"P56_batch1","PT",0.333333333333333
28085,"P56_batch1","LOH",0.4
28086,"P56_batch1","PT2",0.266666666666667
28087,"P56_batch1","NP",0.333333333333333
28088,"P56_batch1","PT",0.533333333333333
28089,"P56_batch1","PT",0.333333333333333
28090,"P56_batch1","NP",0.1
28091,"P56_batch1","DCT",0.6
28092,"P56_batch1","Endo",0.5
28093,"P56_batch1","PT",0.466666666666667
28094,"P56_batch1","PT",0.366666666666667
28095,"P56_batch1","Endo",0.166666666666667
28096,"P56_batch1","LOH",0.4
28097,"P56_batch1","PT2",0.266666666666667
28098,"P56_batch1","PT",0.533333333333333
28099,"P56_batch1","Podo",0.3
28100,"P56_batch1","PT",0.366666666666667
28101,"P56_batch1","PT",0.533333333333333
28102,"P56_batch1","LOH",0.333333333333333
28103,"P56_batch1","PT",0.333333333333333
28104,"P56_batch1","PT2",0.7
28105,"P56_batch1","Endo",0.333333333333333
28106,"P56_batch1","PT",0.5
28107,"P56_batch1","PC",0.633333333333333
28108,"P56_batch1","stroma2",0.166666666666667
28109,"P56_batch1","stroma2",0.233333333333333
28110,"P56_batch1","LOH",0.5
28111,"P56_batch1","PT",0.533333333333333
28112,"P56_batch1","PT_out",0.533333333333333
28113,"P56_batch1","PT2",0.3
28114,"P56_batch1","Endo",0.366666666666667
28115,"P56_batch1","Endo",0.6
28116,"P56_batch1","PT",0.433333333333333
28117,"P56_batch1","NP_LOH",0.266666666666667
28118,"P56_batch1","CNT",0.333333333333333
28119,"P56_batch1","Endo",0.2
28120,"P56_batch1","LOH",0.433333333333333
28121,"P56_batch1","stroma2",0.433333333333333
28122,"P56_batch1","Endo",0.3
28123,"P56_batch1","PT2",0.433333333333333
28124,"P56_batch1","PT",0.366666666666667
28125,"P56_batch1","PT",0.466666666666667
28126,"P56_batch1","Endo",0.433333333333333
28127,"P56_batch1","LOH",0.433333333333333
28128,"P56_batch1","PC",0.3
28129,"P56_batch1","Endo",0.466666666666667
28130,"P56_batch1","CNT",0.166666666666667
28131,"P56_batch1","PT",0.466666666666667
28132,"P56_batch1","PT",0.566666666666667
28133,"P56_batch1","Podo",0.466666666666667
28134,"P56_batch1","PT",0.5
28135,"P56_batch1","PT",0.4
28136,"P56_batch1","CNT",0.433333333333333
28137,"P56_batch1","Podo",0
28138,"P56_batch1","Endo",0.4
28139,"P56_batch1","CNT",0.4
28140,"P56_batch1","LOH",0.433333333333333
28141,"P56_batch1","LOH",0.466666666666667
28142,"P56_batch1","DCT",0.4
28143,"P56_batch1","PT",0.333333333333333
28144,"P56_batch1","PT",0.566666666666667
28145,"P56_batch1","IC",0.466666666666667
28146,"P56_batch1","LOH",0.233333333333333
28147,"P56_batch1","PT2",0.333333333333333
28148,"P56_batch1","DCT",0.533333333333333
28149,"P56_batch1","PT",0.4
28150,"P56_batch1","PT",0.633333333333333
28151,"P56_batch1","Endo",0.266666666666667
28152,"P56_batch1","PT",0.6
28153,"P56_batch1","PT",0.6
28154,"P56_batch1","Endo",0.566666666666667
28155,"P56_batch1","PT",0.333333333333333
28156,"P56_batch1","PT",0.366666666666667
28157,"P56_batch1","NP_LOH",0.266666666666667
28158,"P56_batch1","stroma2",0.533333333333333
28159,"P56_batch1","LOH",0.233333333333333
28160,"P56_batch1","PT",0.5
28161,"P56_batch1","PT",0.4
28162,"P56_batch1","PT",0.366666666666667
28163,"P56_batch1","Endo",0.433333333333333
28164,"P56_batch1","NP_LOH",0.3
28165,"P56_batch1","stroma2",0.6
28166,"P56_batch1","Podo",0.0666666666666667
28167,"P56_batch1","PT",0.6
28168,"P56_batch1","PT",0.7
28169,"P56_batch1","PT",0.366666666666667
28170,"P56_batch1","PT",0.6
28171,"P56_batch1","PT",0.333333333333333
28172,"P56_batch1","PT",0.233333333333333
28173,"P56_batch1","LOH",0.6
28174,"P56_batch1","Endo",0.233333333333333
28175,"P56_batch1","PT",0.733333333333333
28176,"P56_batch1","PT2",0.3
28177,"P56_batch1","PT2",0.366666666666667
28178,"P56_batch1","LOH",0.4
28179,"P56_batch1","LOH",0.566666666666667
28180,"P56_batch1","LOH",0.4
28181,"P56_batch1","DCT",0.533333333333333
28182,"P56_batch1","DCT",0.5
28183,"P56_batch1","PT",0.4
28184,"P56_batch1","stroma2",0.366666666666667
28185,"P56_batch1","PT",0.4
28186,"P56_batch1","PT",0.4
28187,"P56_batch1","PT",0.433333333333333
28188,"P56_batch1","stroma1",0.633333333333333
28189,"P56_batch1","PT",0.4
28190,"P56_batch1","PT",0.233333333333333
28191,"P56_batch1","stroma2",0.266666666666667
28192,"P56_batch1","LOH",0.333333333333333
28193,"P56_batch1","stroma2",0.433333333333333
28194,"P56_batch1","PT2",0.733333333333333
28195,"P56_batch1","DCT",0.566666666666667
28196,"P56_batch1","DCT",0.633333333333333
28197,"P56_batch1","PT2",0.233333333333333
28198,"P56_batch1","Podo",0
28199,"P56_batch1","PT2",0.633333333333333
28200,"P56_batch1","Endo",0.266666666666667
28201,"P56_batch1","Endo",0.133333333333333
28202,"P56_batch1","stroma2",0.4
28203,"P56_batch1","stroma2",0.233333333333333
28204,"P56_batch1","PT",0.5
28205,"P56_batch1","DCT",0.733333333333333
28206,"P56_batch1","Podo",0.0666666666666667
28207,"P56_batch1","LOH",0.366666666666667
28208,"P56_batch1","CNT",0.766666666666667
28209,"P56_batch1","PT2",0.766666666666667
28210,"P56_batch1","LOH",0.4
28211,"P56_batch1","PT",0.566666666666667
28212,"P56_batch1","PC",0.533333333333333
28213,"P56_batch1","CNT",0.7
28214,"P56_batch1","stroma1",0.466666666666667
28215,"P56_batch1","PT",0.366666666666667
28216,"P56_batch1","PT",0.366666666666667
28217,"P56_batch1","PT",0.733333333333333
28218,"P56_batch1","PT",0.333333333333333
28219,"P56_batch1","LOH",0.5
28220,"P56_batch1","PT",0.266666666666667
28221,"P56_batch1","PC",0.2
28222,"P56_batch1","PT",0.5
28223,"P56_batch1","DCT",0.566666666666667
28224,"P56_batch1","PT",0.366666666666667
28225,"P56_batch1","stroma2",0.366666666666667
28226,"P56_batch1","PT",0.6
28227,"P56_batch1","PT",0.466666666666667
28228,"P56_batch1","PT",0.433333333333333
28229,"P56_batch1","PT2",0.433333333333333
28230,"P56_batch1","PT",0.466666666666667
28231,"P56_batch1","PT2",0.566666666666667
28232,"P56_batch1","stroma2",0.1
28233,"P56_batch1","Endo",0.6
28234,"P56_batch1","PT_out",0.366666666666667
28235,"P56_batch1","Endo",0.3
28236,"P56_batch1","LOH",0.366666666666667
28237,"P56_batch1","PT",0.2
28238,"P56_batch1","stroma1",0.333333333333333
28239,"P56_batch1","PT_out",0.466666666666667
28240,"P56_batch1","PC",0.266666666666667
28241,"P56_batch1","DCT",0.633333333333333
28242,"P56_batch1","PT_out",0.533333333333333
28243,"P56_batch1","PT",0.4
28244,"P56_batch1","PT",0.333333333333333
28245,"P56_batch1","CNT",0.5
28246,"P56_batch1","IC",0.633333333333333
28247,"P56_batch1","PT",0.5
28248,"P56_batch1","LOH",0.3
28249,"P56_batch1","PT2",0.466666666666667
28250,"P56_batch1","CNT",0.4
28251,"P56_batch1","Endo",0.3
28252,"P56_batch1","Endo",0.566666666666667
28253,"P56_batch1","stroma2",0.266666666666667
28254,"P56_batch1","LOH",0.433333333333333
28255,"P56_batch1","PT",0.3
28256,"P56_batch1","PT",0.366666666666667
28257,"P56_batch1","PT",0.633333333333333
28258,"P56_batch1","PT",0.5
28259,"P56_batch1","LOH",0.533333333333333
28260,"P56_batch1","LOH",0.533333333333333
28261,"P56_batch1","PT",0.466666666666667
28262,"P56_batch1","Endo",0.366666666666667
28263,"P56_batch1","PT2",0.466666666666667
28264,"P56_batch1","stroma2",0.333333333333333
28265,"P56_batch1","LOH",0.3
28266,"P56_batch1","PT",0.433333333333333
28267,"P56_batch1","PT",0.2
28268,"P56_batch1","LOH",0.466666666666667
28269,"P56_batch1","PT",0.566666666666667
28270,"P56_batch1","Endo",0.366666666666667
28271,"P56_batch1","PT2",0.666666666666667
28272,"P56_batch1","PT",0.533333333333333
28273,"P56_batch1","LOH",0.6
28274,"P56_batch1","PT_out",0.466666666666667
28275,"P56_batch1","PT",0.5
28276,"P56_batch1","PT",0.533333333333333
28277,"P56_batch1","Podo",0.2
28278,"P56_batch1","PT",0.433333333333333
28279,"P56_batch1","PT2",0.666666666666667
28280,"P56_batch1","PT",0.4
28281,"P56_batch1","LOH",0.566666666666667
28282,"P56_batch1","PT",0.866666666666667
28283,"P56_batch1","DCT",0.3
28284,"P56_batch1","NP",0.433333333333333
28285,"P56_batch1","PT2",0.3
28286,"P56_batch1","LOH",0.633333333333333
28287,"P56_batch1","LOH",0.6
28288,"P56_batch1","LOH",0.266666666666667
28289,"P56_batch1","IC",0.233333333333333
28290,"P56_batch1","IC",0.3
28291,"P56_batch1","PT",0.466666666666667
28292,"P56_batch1","IC",0.3
28293,"P56_batch1","PT",0.4
28294,"P56_batch1","CNT",0.4
28295,"P56_batch1","stroma2",0.333333333333333
28296,"P56_batch1","stroma2",0.4
28297,"P56_batch1","PT",0.2
28298,"P56_batch1","LOH",0.2
28299,"P56_batch1","LOH",0.366666666666667
28300,"P56_batch1","PT",0.1
28301,"P56_batch1","PT",0.433333333333333
28302,"P56_batch1","PT",0.6
28303,"P56_batch1","PT",0.666666666666667
28304,"P56_batch1","LOH",0.3
28305,"P56_batch1","PC",0.333333333333333
28306,"P56_batch1","DCT",0.466666666666667
28307,"P56_batch1","NP_LOH",0.333333333333333
28308,"P56_batch1","PT",0.5
28309,"P56_batch1","PT2",0.566666666666667
28310,"P56_batch1","PT",0.466666666666667
28311,"P56_batch1","stroma2",0.5
28312,"P56_batch1","PT",0.366666666666667
28313,"P56_batch1","LOH",0.466666666666667
28314,"P56_batch1","PT",0.666666666666667
28315,"P56_batch1","PC",0.5
28316,"P56_batch1","LOH",0.6
