"peak_index","seqnames","start","end","width","strand","name","peak_detection","top_peak_col","p_value","fdr","is_batch_peak"
125053,"chr17",39843133,39846875,3743,"*","chr17:39843133-39846875",11968,4139,0.0964417859287871,0.136952266300465,FALSE
294623,"chrM",172,6605,6434,"*","chrM:172-6605",11381,9863,0.614298917898658,0.689758497528249,FALSE
294624,"chrM",11121,15870,4750,"*","chrM:11121-15870",11161,9864,1,1,FALSE
125054,"chr17",39847439,39848921,1483,"*","chr17:39847439-39848921",10464,4140,0.171677158682502,0.229330962707056,FALSE
294655,"chrUn_JH584304",59605,60375,771,"*","chrUn_JH584304:59605-60375",10454,9867,0.0340464920637284,0.0537349937874501,FALSE
108362,"chr15",102405389,102407080,1692,"*","chr15:102405389-102407080",8920,3534,1,1,FALSE
114501,"chr16",42874702,42876594,1893,"*","chr16:42874702-42876594",8903,3754,1,1,FALSE
127249,"chr17",57031569,57032525,957,"*","chr17:57031569-57032525",8284,4227,1,1,FALSE
246676,"chr7",25267484,25268676,1193,"*","chr7:25267484-25268676",8271,8135,1,1,FALSE
258950,"chr7",127477616,127479291,1676,"*","chr7:127477616-127479291",8261,8641,1,1,FALSE
124606,"chr17",34603487,34604655,1169,"*","chr17:34603487-34604655",7983,4095,1,1,FALSE
12314,"chr1",131526259,131528219,1961,"*","chr1:131526259-131528219",7827,332,0.461523387521646,0.542414638621535,FALSE
114097,"chr16",38088380,38089803,1424,"*","chr16:38088380-38089803",7804,3749,1,1,FALSE
6968,"chr1",75316905,75318317,1413,"*","chr1:75316905-75318317",7733,204,1,1,FALSE
269003,"chr8",70212200,70213334,1135,"*","chr8:70212200-70213334",7717,8935,1,1,FALSE
135353,"chr18",36559603,36560894,1292,"*","chr18:36559603-36560894",7636,4445,0.617699711941321,0.693110089700764,FALSE
104690,"chr15",81810292,81812153,1862,"*","chr15:81810292-81812153",7626,3362,1,1,FALSE
127057,"chr17",56079037,56079924,888,"*","chr17:56079037-56079924",7578,4209,1,1,FALSE
143943,"chr19",11965130,11966083,954,"*","chr19:11965130-11966083",7509,4768,0.543499032322234,0.622137170698528,FALSE
241833,"chr6",124828843,124830441,1599,"*","chr6:124828843-124830441",7498,7932,0.521681630675999,0.601887489283485,FALSE
209544,"chr4_GL456216_random",15816,17630,1815,"*","chr4_GL456216_random:15816-17630",7478,6894,1,1,FALSE
122609,"chr17",25919803,25920841,1039,"*","chr17:25919803-25920841",7470,3980,1,1,FALSE
294616,"chr9",124422956,124426005,3050,"*","chr9:124422956-124426005",7468,9862,0.000103983150586185,0.000264857744743213,TRUE
84868,"chr14",21499860,21501544,1685,"*","chr14:21499860-21501544",7464,2778,1,1,FALSE
184852,"chr3",107332275,107334392,2118,"*","chr3:107332275-107334392",7371,6060,0.44959021888321,0.531053884813619,FALSE
278669,"chr9",13826590,13828484,1895,"*","chr9:13826590-13828484",7362,9306,1,1,FALSE
153565,"chr2",25223835,25225663,1829,"*","chr2:25223835-25225663",7359,5050,1,1,FALSE
108379,"chr15",102517743,102519035,1293,"*","chr15:102517743-102519035",7352,3537,1,1,FALSE
30699,"chr10",80701902,80702985,1084,"*","chr10:80701902-80702985",7312,896,1,1,FALSE
91083,"chr14",67715390,67716469,1080,"*","chr14:67715390-67716469",7304,2992,1,1,FALSE
239646,"chr6",108658745,108660971,2227,"*","chr6:108658745-108660971",7300,7860,0.0330267782910436,0.0523072193396319,FALSE
248815,"chr7",44929322,44930333,1012,"*","chr7:44929322-44930333",7296,8283,1,1,FALSE
193943,"chr4",45011860,45013068,1209,"*","chr4:45011860-45013068",7261,6306,1,1,FALSE
130847,"chr17",84956733,84958312,1580,"*","chr17:84956733-84958312",7254,4310,1,1,FALSE
43357,"chr11",55469024,55469984,961,"*","chr11:55469024-55469984",7221,1358,1,1,FALSE
248792,"chr7",44848599,44850615,2017,"*","chr7:44848599-44850615",7201,8278,1,1,FALSE
16626,"chr1",165460379,165461576,1198,"*","chr1:165460379-165461576",7182,468,0.367685690592443,0.446853165684393,FALSE
198843,"chr4",95051614,95053746,2133,"*","chr4:95051614-95053746",7178,6407,1,1,FALSE
246412,"chr7",19715355,19716461,1107,"*","chr7:19715355-19716461",7161,8112,1,1,FALSE
39094,"chr11",20542563,20543550,988,"*","chr11:20542563-20543550",7147,1218,0.242325304267477,0.310992433608159,FALSE
64366,"chr12",84450560,84451772,1213,"*","chr12:84450560-84451772",7146,2207,1,1,FALSE
277535,"chr8",126734849,126737407,2559,"*","chr8:126734849-126737407",7146,9281,1,1,FALSE
182881,"chr3",95014856,95016770,1915,"*","chr3:95014856-95016770",7137,5959,1,1,FALSE
256064,"chr7",110061061,110062410,1350,"*","chr7:110061061-110062410",7136,8525,1,1,FALSE
145101,"chr19",23134022,23136407,2386,"*","chr19:23134022-23136407",7109,4796,0.254681644511854,0.324022448488364,FALSE
68757,"chr12",118301039,118302660,1622,"*","chr12:118301039-118302660",7106,2334,0.48284159203049,0.563672183084858,FALSE
162546,"chr2",98666339,98667543,1205,"*","chr2:98666339-98667543",7093,5346,0.000109589856287879,0.00027786474718022,TRUE
84375,"chr14",18238258,18239776,1519,"*","chr14:18238258-18239776",7085,2754,0.79198161632844,0.8506374180882,FALSE
208630,"chr4",151861805,151862993,1189,"*","chr4:151861805-151862993",7073,6839,1,1,FALSE
39530,"chr11",23255250,23256332,1083,"*","chr11:23255250-23256332",7053,1233,0.33830753685023,0.416224823880697,FALSE
143188,"chr19",6979660,6980915,1256,"*","chr19:6979660-6980915",7052,4709,0.736498467792227,0.803686673714782,FALSE
258991,"chr7",127745286,127746576,1291,"*","chr7:127745286-127746576",7026,8647,0.178740212797258,0.23787624806662,FALSE
245603,"chr7",4739642,4740510,869,"*","chr7:4739642-4740510",7019,8037,1,1,FALSE
52490,"chr11",106083944,106085712,1769,"*","chr11:106083944-106085712",7003,1843,1,1,FALSE
225581,"chr5",137628315,137629876,1562,"*","chr5:137628315-137629876",6976,7421,0.68721125089203,0.757507992605853,FALSE
270765,"chr8",84066379,84067683,1305,"*","chr8:84066379-84067683",6957,9031,1,1,FALSE
199914,"chr4",101647002,101648366,1365,"*","chr4:101647002-101648366",6947,6442,1,1,FALSE
262334,"chr8",4165860,4166829,970,"*","chr8:4165860-4166829",6945,8760,0.693372524690062,0.763457965965715,FALSE
236953,"chr6",88841744,88842859,1116,"*","chr6:88841744-88842859",6929,7797,1,1,FALSE
143198,"chr19",7039675,7040747,1073,"*","chr19:7039675-7040747",6906,4712,1,1,FALSE
118590,"chr16",91728349,91729737,1389,"*","chr16:91728349-91729737",6904,3838,1,1,FALSE
246278,"chr7",19227617,19229160,1544,"*","chr7:19227617-19229160",6884,8098,1,1,FALSE
225037,"chr5",135008703,135010396,1694,"*","chr5:135008703-135010396",6874,7382,0.895080505587878,0.943779529299745,FALSE
59744,"chr12",40222434,40223771,1338,"*","chr12:40222434-40223771",6868,2089,1,1,FALSE
53280,"chr11",109610994,109612371,1378,"*","chr11:109610994-109612371",6836,1872,0.0490961462465185,0.0750017510640369,FALSE
143062,"chr19",6363410,6364256,847,"*","chr19:6363410-6364256",6823,4699,0.332912871705925,0.41029439451063,FALSE
21778,"chr10",5823752,5824871,1120,"*","chr10:5823752-5824871",6811,600,0.382750600843491,0.462482601309196,FALSE
142940,"chr19",5845309,5847672,2364,"*","chr19:5845309-5847672",6805,4676,0.965561721501099,1,FALSE
281600,"chr9",40799869,40801685,1817,"*","chr9:40799869-40801685",6787,9395,0.0095033094971565,0.0167962345301458,TRUE
286472,"chr9",66795157,66796325,1169,"*","chr9:66795157-66796325",6785,9582,0.699531547475641,0.768765845160497,FALSE
240054,"chr6",113306401,113307229,829,"*","chr6:113306401-113307229",6760,7867,1,1,FALSE
249004,"chr7",45704158,45705526,1369,"*","chr7:45704158-45705526",6748,8311,0.289243769472829,0.362460864001039,FALSE
279434,"chr9",21545826,21547448,1623,"*","chr9:21545826-21547448",6744,9339,1,1,FALSE
30847,"chr10",81320231,81321473,1243,"*","chr10:81320231-81321473",6742,917,0.394110096528604,0.473917864993511,FALSE
95436,"chr14",120477495,120478719,1225,"*","chr14:120477495-120478719",6722,3078,0.255846572806035,0.325090943845025,FALSE
75678,"chr13",54693735,54694906,1172,"*","chr13:54693735-54694906",6716,2516,0.00627090338133948,0.0115913186346386,TRUE
31739,"chr10",86705240,86706657,1418,"*","chr10:86705240-86706657",6709,966,0.723206088237915,0.790907795535778,FALSE
147840,"chr19",41980675,41982011,1337,"*","chr19:41980675-41982011",6708,4879,0.246142165828192,0.314840324671517,FALSE
268963,"chr8",69996082,69997061,980,"*","chr8:69996082-69997061",6688,8930,1,1,FALSE
269300,"chr8",71569489,71570972,1484,"*","chr8:71569489-71570972",6680,8977,0.000225971002124586,0.000542156914886243,TRUE
89077,"chr14",55559874,55561224,1351,"*","chr14:55559874-55561224",6679,2926,0.365873370036139,0.44510142340163,FALSE
144119,"chr19",14597843,14599082,1240,"*","chr19:14597843-14599082",6678,4778,0.537236346878698,0.61595545388523,FALSE
16456,"chr1",164457838,164459335,1498,"*","chr1:164457838-164459335",6635,460,5.31385763148757e-08,2.08878051552184e-07,TRUE
225066,"chr5",135148902,135149989,1088,"*","chr5:135148902-135149989",6634,7387,1,1,FALSE
74580,"chr13",48545592,48547059,1468,"*","chr13:48545592-48547059",6629,2479,0.00292097642962732,0.00579788890358738,TRUE
30556,"chr10",80147961,80149902,1942,"*","chr10:80147961-80149902",6609,869,0.144138777507949,0.195840730309713,FALSE
187822,"chr3",135437902,135439728,1827,"*","chr3:135437902-135439728",6599,6152,0.109101442356644,0.152546759447209,FALSE
212503,"chr5",34187231,34188447,1217,"*","chr5:34187231-34188447",6595,6996,0.576879172863174,0.653317296560787,FALSE
153821,"chr2",26445097,26446453,1357,"*","chr2:26445097-26446453",6588,5072,0.281299691911703,0.353480386920963,FALSE
158816,"chr2",65237428,65239664,2237,"*","chr2:65237428-65239664",6584,5254,1,1,FALSE
55648,"chr11",120572704,120573720,1017,"*","chr11:120572704-120573720",6582,1977,0.190299995452274,0.251055402971338,FALSE
103734,"chr15",77841804,77843021,1218,"*","chr15:77841804-77843021",6571,3307,0.203257681972688,0.266113749636931,FALSE
245717,"chr7",6362357,6363603,1247,"*","chr7:6362357-6363603",6568,8051,0.885622120701589,0.936571616647197,FALSE
269391,"chr8",72160752,72161651,900,"*","chr8:72160752-72161651",6553,8984,1,1,FALSE
245493,"chr7",3644541,3645749,1209,"*","chr7:3644541-3645749",6551,8027,1,1,FALSE
192907,"chr4",33247565,33249061,1497,"*","chr4:33247565-33249061",6550,6247,0.205380995272376,0.268406525700747,FALSE
45897,"chr11",70668547,70669908,1362,"*","chr11:70668547-70669908",6547,1490,0.987510991628553,1,FALSE
55814,"chr11",121236640,121237727,1088,"*","chr11:121236640-121237727",6539,1995,1,1,FALSE
49016,"chr11",87591778,87592761,984,"*","chr11:87591778-87592761",6529,1647,0.814518435369927,0.872262192514379,FALSE
245497,"chr7",3692837,3694602,1766,"*","chr7:3692837-3694602",6516,8029,0.62389024494913,0.698488854622851,FALSE
284313,"chr9",57075883,57076641,759,"*","chr9:57075883-57076641",6515,9498,0.533303750388996,0.612851931037688,FALSE
58902,"chr12",31949335,31951119,1785,"*","chr12:31949335-31951119",6498,2073,0.345196951308216,0.423450627218126,FALSE
127764,"chr17",64331545,64332664,1120,"*","chr17:64331545-64332664",6495,4236,0.626324776117852,0.700743763837382,FALSE
133760,"chr18",21299716,21300942,1227,"*","chr18:21299716-21300942",6492,4376,0.514225151492172,0.595030260925911,FALSE
258895,"chr7",127208464,127209578,1115,"*","chr7:127208464-127209578",6490,8630,1,1,FALSE
222729,"chr5",120612461,120613745,1285,"*","chr5:120612461-120613745",6489,7277,1,1,FALSE
160484,"chr2",75703505,75705560,2056,"*","chr2:75703505-75705560",6487,5287,0.34873442188986,0.426847517613048,FALSE
134496,"chr18",31634026,31635411,1386,"*","chr18:31634026-31635411",6467,4390,0.619099680529019,0.694369314186877,FALSE
276437,"chr8",122281163,122282361,1199,"*","chr8:122281163-122282361",6455,9237,0.0034476434719319,0.00673631002722138,TRUE
126359,"chr17",48409091,48410508,1418,"*","chr17:48409091-48410508",6454,4194,0.11240114178059,0.156591169936738,FALSE
88661,"chr14",52103851,52104757,907,"*","chr14:52103851-52104757",6445,2898,1,1,FALSE
272602,"chr8",95080460,95081563,1104,"*","chr8:95080460-95081563",6441,9109,1,1,FALSE
51464,"chr11",100939180,100940139,960,"*","chr11:100939180-100940139",6432,1772,0.0444881522884164,0.0684854561090154,FALSE
62151,"chr12",72084410,72086460,2051,"*","chr12:72084410-72086460",6430,2143,1,1,FALSE
248822,"chr7",44986411,44987202,792,"*","chr7:44986411-44987202",6409,8285,0.659932151465047,0.731632096967901,FALSE
211065,"chr5",23432635,23434776,2142,"*","chr5:23432635-23434776",6372,6924,0.0881988209806097,0.126722443937658,FALSE
234888,"chr6",71440167,71441609,1443,"*","chr6:71440167-71441609",6372,7707,1,1,FALSE
30622,"chr10",80398849,80400144,1296,"*","chr10:80398849-80400144",6363,883,0.108759126776125,0.152238419339481,FALSE
269088,"chr8",70538308,70539935,1628,"*","chr8:70538308-70539935",6353,8946,0.309287291456026,0.384494395146725,FALSE
50362,"chr11",96075381,96076384,1004,"*","chr11:96075381-96076384",6330,1697,1,1,FALSE
143497,"chr19",8819064,8820511,1448,"*","chr19:8819064-8820511",6314,4738,1,1,FALSE
50606,"chr11",96977225,96978385,1161,"*","chr11:96977225-96978385",6287,1715,1,1,FALSE
271879,"chr8",91133565,91134683,1119,"*","chr8:91133565-91134683",6286,9079,1,1,FALSE
107590,"chr15",99392219,99394331,2113,"*","chr15:99392219-99394331",6266,3490,1,1,FALSE
269194,"chr8",70839295,70840317,1023,"*","chr8:70839295-70840317",6260,8962,0.23507550573051,0.302932352745503,FALSE
30795,"chr10",81136464,81138232,1769,"*","chr10:81136464-81138232",6258,909,0.00886412856171017,0.015772470750374,TRUE
246786,"chr7",25754351,25755965,1615,"*","chr7:25754351-25755965",6258,8148,1,1,FALSE
248684,"chr7",44304727,44305870,1144,"*","chr7:44304727-44305870",6257,8266,1,1,FALSE
44221,"chr11",61174435,61175769,1335,"*","chr11:61174435-61175769",6252,1398,1,1,FALSE
199423,"chr4",98922891,98924226,1336,"*","chr4:98922891-98924226",6244,6426,1,1,FALSE
241868,"chr6",124930393,124932350,1958,"*","chr6:124930393-124932350",6244,7936,0.113564970518252,0.157992446463901,FALSE
67286,"chr12",108178975,108180100,1126,"*","chr12:108178975-108180100",6231,2287,0.00624898509769828,0.0115593509021426,TRUE
27179,"chr10",58322933,58324032,1100,"*","chr10:58322933-58324032",6228,727,0.139642476266622,0.190508153160467,FALSE
212432,"chr5",33657573,33658853,1281,"*","chr5:33657573-33658853",6226,6989,0.214980159237575,0.278905240318598,FALSE
48937,"chr11",87108773,87109787,1015,"*","chr11:87108773-87109787",6222,1640,0.44066273599852,0.521988552473963,FALSE
277483,"chr8",126593976,126595867,1892,"*","chr8:126593976-126595867",6215,9278,0.0313202996020216,0.0498889767474062,TRUE
140300,"chr18",73572026,73573117,1092,"*","chr18:73572026-73573117",6208,4557,0.273521029122108,0.34518050116369,FALSE
246603,"chr7",24884020,24884943,924,"*","chr7:24884020-24884943",6207,8126,0.75116917743733,0.816133395738081,FALSE
291196,"chr9",104001987,104003415,1429,"*","chr9:104001987-104003415",6202,9703,1,1,FALSE
261316,"chr7",141215314,141216905,1592,"*","chr7:141215314-141216905",6201,8712,0.218048568309161,0.282373178333542,FALSE
247541,"chr7",30588844,30590310,1467,"*","chr7:30588844-30590310",6197,8217,1,1,FALSE
39307,"chr11",21571723,21572576,854,"*","chr11:21571723-21572576",6194,1223,0.0644310548861558,0.0958795459615414,FALSE
279372,"chr9",21290988,21291907,920,"*","chr9:21290988-21291907",6182,9334,1,1,FALSE
50655,"chr11",97187890,97188877,988,"*","chr11:97187890-97188877",6170,1718,0.287118452036539,0.360068286978353,FALSE
20604,"chr1",191396669,191398028,1360,"*","chr1:191396669-191398028",6166,574,0.00640086068789162,0.0117966470473491,TRUE
221698,"chr5",115158011,115159175,1165,"*","chr5:115158011-115159175",6165,7242,0.0353526662224761,0.0556209349000567,FALSE
127286,"chr17",57247432,57248799,1368,"*","chr17:57247432-57248799",6159,4231,0.00574376156875734,0.010696017818915,TRUE
155801,"chr2",34904859,34905703,845,"*","chr2:34904859-34905703",6155,5187,0.78343158128269,0.843669590009358,FALSE
14210,"chr1",150392680,150393905,1226,"*","chr1:150392680-150393905",6150,393,0.396362472330622,0.475939568120343,FALSE
47254,"chr11",77981781,77983030,1250,"*","chr11:77981781-77983030",6140,1561,0.145938129539985,0.198123987971742,FALSE
107912,"chr15",100614933,100616367,1435,"*","chr15:100614933-100616367",6134,3510,3.09727281393775e-07,1.1077513640693e-06,TRUE
51613,"chr11",101551938,101553180,1243,"*","chr11:101551938-101553180",6102,1789,1,1,FALSE
45535,"chr11",69094840,69095529,690,"*","chr11:69094840-69095529",6099,1439,0.0826411310789375,0.119631052517281,FALSE
2639,"chr1",37864590,37865657,1068,"*","chr1:37864590-37865657",6084,65,0.533642267297937,0.613100031362519,FALSE
167516,"chr2",136890968,136892481,1514,"*","chr2:136890968-136892481",6077,5506,1,1,FALSE
30454,"chr10",79853031,79854905,1875,"*","chr10:79853031-79854905",6073,853,0.325741545404345,0.402647151303269,FALSE
255668,"chr7",105399728,105400806,1079,"*","chr7:105399728-105400806",6071,8512,1,1,FALSE
274651,"chr8",113634999,113636066,1068,"*","chr8:113634999-113636066",6066,9191,0.0159309165835385,0.0268830856961501,TRUE
149691,"chr19",53943995,53945248,1254,"*","chr19:53943995-53945248",6057,4955,0.683001601500842,0.75369852295392,FALSE
191963,"chr4",16163219,16164432,1214,"*","chr4:16163219-16164432",6053,6228,0.000315486759018195,0.000738153390309301,TRUE
124906,"chr17",35916255,35917236,982,"*","chr17:35916255-35917236",6050,4128,0.000145482339558118,0.000361177605655704,TRUE
263162,"chr8",11557951,11558685,735,"*","chr8:11557951-11558685",6048,8784,0.0100494834964482,0.0176927526345918,TRUE
71513,"chr13",29985873,29987065,1193,"*","chr13:29985873-29987065",6041,2402,0.371091980442227,0.450016810932083,FALSE
122397,"chr17",24886385,24887134,750,"*","chr17:24886385-24887134",6038,3969,1,1,FALSE
109361,"chr16",8829151,8830436,1286,"*","chr16:8829151-8830436",6036,3592,0.000190986849959466,0.000464914435149625,TRUE
162421,"chr2",94157666,94158612,947,"*","chr2:94157666-94158612",6035,5343,0.317104869305678,0.39313770060213,FALSE
88894,"chr14",54686170,54687310,1141,"*","chr14:54686170-54687310",6027,2914,0.211785449963857,0.275260527636935,FALSE
66132,"chr12",100724769,100725800,1032,"*","chr12:100724769-100725800",6025,2254,1,1,FALSE
122057,"chr17",20944985,20946092,1108,"*","chr17:20944985-20946092",6022,3930,1,1,FALSE
223581,"chr5",124327536,124328485,950,"*","chr5:124327536-124328485",6014,7331,0.0221936502655123,0.036430811335378,TRUE
45678,"chr11",69758105,69759800,1696,"*","chr11:69758105-69759800",6012,1462,0.000375230517725366,0.000865783381922857,TRUE
148835,"chr19",46760960,46762089,1130,"*","chr19:46760960-46762089",6002,4935,0.0954834101010443,0.135861425869443,FALSE
89084,"chr14",55590812,55592095,1284,"*","chr14:55590812-55592095",5992,2927,1,1,FALSE
154856,"chr2",30981806,30982658,853,"*","chr2:30981806-30982658",5988,5135,1,1,FALSE
151035,"chr19",61266506,61267396,891,"*","chr19:61266506-61267396",5975,4986,0.000134434730505523,0.000335751075188618,TRUE
36963,"chr10",128695888,128696894,1007,"*","chr10:128695888-128696894",5968,1121,1,1,FALSE
129258,"chr17",74527887,74529079,1193,"*","chr17:74527887-74529079",5963,4276,0.0663582007038653,0.0983375825487038,FALSE
270742,"chr8",83955041,83955951,911,"*","chr8:83955041-83955951",5963,9025,0.493849430316338,0.574510737920356,FALSE
268908,"chr8",69716519,69717498,980,"*","chr8:69716519-69717498",5962,8923,0.485390306616179,0.566250940989476,FALSE
225158,"chr5",135688663,135689519,857,"*","chr5:135688663-135689519",5961,7394,0.00693808768077791,0.01265150926473,TRUE
47297,"chr11",78177509,78179504,1996,"*","chr11:78177509-78179504",5950,1567,0.187370568100769,0.247910251522585,FALSE
193275,"chr4",40142798,40143960,1163,"*","chr4:40142798-40143960",5950,6256,1,1,FALSE
246122,"chr7",16923875,16924907,1033,"*","chr7:16923875-16924907",5948,8084,1,1,FALSE
279229,"chr9",20651586,20652409,824,"*","chr9:20651586-20652409",5944,9322,0.162610732613297,0.218504074997711,FALSE
280481,"chr9",31279831,31281527,1697,"*","chr9:31279831-31281527",5933,9373,1,1,FALSE
45963,"chr11",71019105,71020128,1024,"*","chr11:71019105-71020128",5932,1495,0.165686567381346,0.222159516467345,FALSE
254036,"chr7",92669767,92670692,926,"*","chr7:92669767-92670692",5919,8458,0.367371943072022,0.446598520632169,FALSE
67964,"chr12",111537618,111539115,1498,"*","chr12:111537618-111539115",5916,2311,0.00529840235234549,0.00997815885564123,TRUE
11874,"chr1",128102508,128103966,1459,"*","chr1:128102508-128103966",5907,324,0.0449992391803398,0.0691657534281275,FALSE
240026,"chr6",113076095,113077774,1680,"*","chr6:113076095-113077774",5907,7865,1,1,FALSE
30672,"chr10",80622048,80622969,922,"*","chr10:80622048-80622969",5905,889,1.52643094698445e-08,6.42364638179683e-08,TRUE
247065,"chr7",28372260,28373638,1379,"*","chr7:28372260-28373638",5902,8175,0.124698022379456,0.171949837809509,FALSE
124438,"chr17",33759899,33760946,1048,"*","chr17:33759899-33760946",5900,4074,0.846555366521149,0.901934121586564,FALSE
182998,"chr3",95624751,95625681,931,"*","chr3:95624751-95625681",5898,5973,0.323368137104896,0.400231229788788,FALSE
104191,"chr15",79690319,79691156,838,"*","chr15:79690319-79691156",5897,3335,0.513895887895093,0.594786907285987,FALSE
122390,"chr17",24849825,24850934,1110,"*","chr17:24849825-24850934",5894,3966,0.250516334031187,0.319454646813551,FALSE
69902,"chr13",14063111,14064328,1218,"*","chr13:14063111-14064328",5890,2362,1,1,FALSE
105524,"chr15",85634490,85635357,868,"*","chr15:85634490-85635357",5890,3401,0.0020780267225566,0.00423741175072716,TRUE
161453,"chr2",84714761,84716529,1769,"*","chr2:84714761-84716529",5890,5304,0.395401492503812,0.475013806467819,FALSE
232327,"chr6",47813174,47814041,868,"*","chr6:47813174-47814041",5887,7630,1,1,FALSE
9824,"chr1",93478034,93479472,1439,"*","chr1:93478034-93479472",5883,277,0.00152314395654388,0.00317453930084176,TRUE
275972,"chr8",120588813,120589788,976,"*","chr8:120588813-120589788",5882,9228,0.0857748675261306,0.123630538377242,FALSE
247081,"chr7",28436335,28437676,1342,"*","chr7:28436335-28437676",5881,8180,0.129240062760639,0.17757634344688,FALSE
6791,"chr1",74284334,74285340,1007,"*","chr1:74284334-74285340",5880,182,1,1,FALSE
292356,"chr9",111271278,111272305,1028,"*","chr9:111271278-111272305",5880,9798,1,1,FALSE
281210,"chr9",36767505,36768293,789,"*","chr9:36767505-36768293",5875,9383,0.0772038550314161,0.112513264180643,FALSE
46463,"chr11",74830025,74831212,1188,"*","chr11:74830025-74831212",5870,1520,0.0695377122099954,0.102562997359875,FALSE
148134,"chr19",43674752,43675858,1107,"*","chr19:43674752-43675858",5866,4891,1,1,FALSE
53151,"chr11",109011745,109012277,533,"*","chr11:109011745-109012277",5863,1868,0.0310976625396037,0.0495975479100538,TRUE
182280,"chr3",89393485,89395371,1887,"*","chr3:89393485-89395371",5856,5923,0.537655011815502,0.616294144676183,FALSE
50102,"chr11",95040036,95041863,1828,"*","chr11:95040036-95041863",5855,1686,0.387454385975206,0.467375616375399,FALSE
246670,"chr7",25237797,25238938,1142,"*","chr7:25237797-25238938",5854,8132,0.00908819471968849,0.0161367093744469,TRUE
256306,"chr7",111082159,111083673,1515,"*","chr7:111082159-111083673",5848,8538,0.0584750405111325,0.0876950217623462,FALSE
229527,"chr6",21949346,21950356,1011,"*","chr6:21949346-21950356",5847,7549,1,1,FALSE
96157,"chr15",3995479,3996505,1027,"*","chr15:3995479-3996505",5845,3101,0.0497425343322381,0.0759196189441974,FALSE
246044,"chr7",16614720,16615823,1104,"*","chr7:16614720-16615823",5843,8081,3.95149645728582e-05,0.000106970667495555,TRUE
256077,"chr7",110121433,110123403,1971,"*","chr7:110121433-110123403",5842,8527,1,1,FALSE
241681,"chr6",122810718,122811831,1114,"*","chr6:122810718-122811831",5841,7920,0.0637334044744863,0.095011038274428,FALSE
247168,"chr7",28810320,28811707,1388,"*","chr7:28810320-28811707",5832,8188,0.053517681602893,0.0810382822575605,FALSE
272439,"chr8",94385989,94387931,1943,"*","chr8:94385989-94387931",5832,9096,1,1,FALSE
261337,"chr7",141327433,141328521,1089,"*","chr7:141327433-141328521",5830,8715,0.00742592378677365,0.0134478880600754,TRUE
81602,"chr13",107890097,107891747,1651,"*","chr13:107890097-107891747",5826,2684,0.016870368010464,0.0283345112705139,TRUE
61901,"chr12",71015176,71016337,1162,"*","chr12:71015176-71016337",5823,2141,0.782154367766185,0.842475622324628,FALSE
180506,"chr3",75556621,75557811,1191,"*","chr3:75556621-75557811",5821,5866,0.0446267194189795,0.0686776229901193,FALSE
142652,"chr19",4509994,4510896,903,"*","chr19:4509994-4510896",5818,4638,0.218189188639222,0.282482118901117,FALSE
108554,"chr15",103239432,103240719,1288,"*","chr15:103239432-103240719",5814,3544,0.455618512846272,0.536779586293912,FALSE
225833,"chr5",139149507,139150520,1014,"*","chr5:139149507-139150520",5813,7440,0.0237284100666427,0.0386960372906763,TRUE
44079,"chr11",60352652,60353588,937,"*","chr11:60352652-60353588",5805,1386,1,1,FALSE
104037,"chr15",79062675,79063761,1087,"*","chr15:79062675-79063761",5790,3326,0.892393477699678,0.941939495144266,FALSE
245987,"chr7",16399610,16400590,981,"*","chr7:16399610-16400590",5788,8079,0.00930716167162379,0.0165020597014606,TRUE
234777,"chr6",70843914,70844837,924,"*","chr6:70843914-70844837",5785,7702,0.130613185939953,0.17931519211965,FALSE
183835,"chr3",100921896,100922779,884,"*","chr3:100921896-100922779",5784,6025,0.00656555051625634,0.0120424624289368,TRUE
205315,"chr4",135272190,135273811,1622,"*","chr4:135272190-135273811",5783,6687,3.69429669962838e-08,1.48604050668881e-07,TRUE
253287,"chr7",83891629,83892573,945,"*","chr7:83891629-83892573",5782,8428,0.0334849288315909,0.0530160367821263,FALSE
8630,"chr1",88277045,88278044,1000,"*","chr1:88277045-88278044",5779,249,1.40147023269725e-06,4.6375586786805e-06,TRUE
46627,"chr11",75461228,75461903,676,"*","chr11:75461228-75461903",5779,1533,0.00652897039516304,0.0119885611369134,TRUE
88945,"chr14",54893679,54894454,776,"*","chr14:54893679-54894454",5773,2919,1,1,FALSE
43040,"chr11",53891427,53892384,958,"*","chr11:53891427-53892384",5772,1337,1.14435680381873e-09,5.47539140583123e-09,TRUE
45719,"chr11",69920951,69922140,1190,"*","chr11:69920951-69922140",5772,1471,1.26960832722784e-06,4.22358059623367e-06,TRUE
15293,"chr1",156035609,156036951,1343,"*","chr1:156035609-156036951",5771,429,1,1,FALSE
262390,"chr8",4677423,4678984,1562,"*","chr8:4677423-4678984",5758,8766,0.158199593198118,0.213034733636032,FALSE
267889,"chr8",57511223,57512267,1045,"*","chr8:57511223-57512267",5758,8899,0.196790243875236,0.258526331943294,FALSE
236442,"chr6",86669057,86669870,814,"*","chr6:86669057-86669870",5757,7779,0.0150382832828408,0.025566615577764,TRUE
64237,"chr12",83921584,83922481,898,"*","chr12:83921584-83922481",5749,2196,0.304795742509305,0.380044566719832,FALSE
50184,"chr11",95309638,95310817,1180,"*","chr11:95309638-95310817",5745,1689,0.300073407616617,0.374810651532122,FALSE
75803,"chr13",55444563,55445856,1294,"*","chr13:55444563-55445856",5743,2530,0.0370710260092388,0.058050463528404,FALSE
210758,"chr5",20881660,20882787,1128,"*","chr5:20881660-20882787",5739,6916,0.702840557677616,0.771165852180838,FALSE
245615,"chr7",4812099,4813251,1153,"*","chr7:4812099-4813251",5736,8039,0.313332580899785,0.389136339915283,FALSE
144035,"chr19",12795531,12797034,1504,"*","chr19:12795531-12797034",5734,4777,0.0337159162192578,0.0532636907097279,FALSE
155219,"chr2",32451187,32452542,1356,"*","chr2:32451187-32452542",5731,5158,0.182327792377233,0.241942399651317,FALSE
224283,"chr5",129941318,129942325,1008,"*","chr5:129941318-129942325",5729,7362,7.09708665584532e-14,5.40113139714256e-13,TRUE
54401,"chr11",116086708,116088721,2014,"*","chr11:116086708-116088721",5728,1909,0.00873284315354124,0.0155675962362715,TRUE
225621,"chr5",137785972,137788048,2077,"*","chr5:137785972-137788048",5727,7426,1.21825648167299e-07,4.59372730645922e-07,TRUE
30690,"chr10",80676351,80677056,706,"*","chr10:80676351-80677056",5715,894,2.29872966669352e-12,1.4792340197513e-11,TRUE
278080,"chr9",4309298,4310261,964,"*","chr9:4309298-4310261",5712,9295,0.580133824676366,0.656557067311415,FALSE
101124,"chr15",58075545,58077409,1865,"*","chr15:58075545-58077409",5707,3214,0.477263377432684,0.558202780623022,FALSE
180771,"chr3",79628366,79629864,1499,"*","chr3:79628366-79629864",5707,5872,0.150380947060267,0.203547573173074,FALSE
143175,"chr19",6921712,6922606,895,"*","chr19:6921712-6922606",5705,4705,0.00205841437284483,0.00420256098988328,TRUE
149478,"chr19",53141965,53143114,1150,"*","chr19:53141965-53143114",5703,4947,7.68629088252948e-09,3.34186560109978e-08,TRUE
10389,"chr1",106171211,106172070,860,"*","chr1:106171211-106172070",5701,292,0.0464807177407923,0.0712894443877183,FALSE
264675,"chr8",25016516,25017589,1074,"*","chr8:25016516-25017589",5690,8823,0.0133518103676645,0.0229886542142985,TRUE
251697,"chr7",73558432,73559186,755,"*","chr7:73558432-73559186",5689,8379,0.00192482720022394,0.00394108763354614,TRUE
30433,"chr10",79780013,79781140,1128,"*","chr10:79780013-79781140",5686,848,2.23186292929055e-08,9.18462110819158e-08,TRUE
122313,"chr17",24527538,24528503,966,"*","chr17:24527538-24528503",5685,3960,0.0180001446348678,0.0300848621196856,TRUE
78421,"chr13",80885403,80886577,1175,"*","chr13:80885403-80886577",5682,2605,0.000127880465277581,0.000320021184378332,TRUE
30501,"chr10",79984342,79985536,1195,"*","chr10:79984342-79985536",5681,860,0.016192485899912,0.0272784465968868,TRUE
245920,"chr7",16098148,16098958,811,"*","chr7:16098148-16098958",5675,8073,5.70280813449951e-07,1.98091659109189e-06,TRUE
122581,"chr17",25832721,25833880,1160,"*","chr17:25832721-25833880",5674,3976,0.099374957649033,0.140678026116978,FALSE
169735,"chr2",154790652,154792597,1946,"*","chr2:154790652-154792597",5666,5572,0.000260731818135976,0.000617555230070998,TRUE
51335,"chr11",100397126,100398369,1244,"*","chr11:100397126-100398369",5662,1764,0.254947236001405,0.324195366227626,FALSE
92229,"chr14",75844637,75846138,1502,"*","chr14:75844637-75846138",5654,3026,0.00210175128185917,0.00428055250887814,TRUE
257555,"chr7",118242991,118244484,1494,"*","chr7:118242991-118244484",5652,8569,0.00856698404434153,0.0153200716100528,TRUE
80272,"chr13",98814744,98815985,1242,"*","chr13:98814744-98815985",5637,2652,0.505400793143702,0.586447891788932,FALSE
177178,"chr3",37419211,37420596,1386,"*","chr3:37419211-37420596",5637,5803,0.588634294988263,0.665273841532848,FALSE
254879,"chr7",99140965,99141865,901,"*","chr7:99140965-99141865",5636,8475,1,1,FALSE
16054,"chr1",161876429,161877600,1172,"*","chr1:161876429-161877600",5633,442,0.251802765825157,0.32076785455434,FALSE
99631,"chr15",38518206,38520090,1885,"*","chr15:38518206-38520090",5632,3180,0.214951549497181,0.278905240318598,FALSE
9608,"chr1",92180153,92181244,1092,"*","chr1:92180153-92181244",5629,269,0.769556623493041,0.831773263611155,FALSE
87656,"chr14",40966580,40967605,1026,"*","chr14:40966580-40967605",5627,2862,2.10644109197453e-06,6.83940186008624e-06,TRUE
279530,"chr9",22002495,22003343,849,"*","chr9:22002495-22003343",5624,9351,0.3632284087365,0.442314185017658,FALSE
4423,"chr1",55052393,55053608,1216,"*","chr1:55052393-55053608",5620,108,0.0213788269145287,0.0351741146997839,TRUE
105966,"chr15",88861875,88862817,943,"*","chr15:88861875-88862817",5620,3421,0.0121417654903621,0.021079453976323,TRUE
88859,"chr14",54517225,54518024,800,"*","chr14:54517225-54518024",5619,2908,0.652859431635107,0.725399368483452,FALSE
39367,"chr11",22286469,22287734,1266,"*","chr11:22286469-22287734",5616,1224,1,1,FALSE
14483,"chr1",151754954,151755863,910,"*","chr1:151754954-151755863",5613,401,0.155077613316865,0.20916861790783,FALSE
192,"chr1",7088450,7089463,1014,"*","chr1:7088450-7089463",5611,5,0.551479267712324,0.628681335741363,FALSE
57827,"chr12",24650838,24652553,1716,"*","chr12:24650838-24652553",5610,2051,0.00290325557717706,0.00576500313180511,TRUE
52029,"chr11",103267030,103268146,1117,"*","chr11:103267030-103268146",5607,1821,0.0237450601320555,0.0387040386346626,TRUE
117556,"chr16",84834384,84836594,2211,"*","chr16:84834384-84836594",5607,3809,0.568329324933069,0.644949302012107,FALSE
68402,"chr12",113155312,113156923,1612,"*","chr12:113155312-113156923",5602,2329,0.407060742448178,0.486651906373689,FALSE
220629,"chr5",110770258,110771372,1115,"*","chr5:110770258-110771372",5602,7214,0.000158325323426586,0.000391119870124966,TRUE
46464,"chr11",74832004,74832745,742,"*","chr11:74832004-74832745",5594,1521,8.88415977032178e-06,2.62069609744005e-05,TRUE
62798,"chr12",76403648,76404697,1050,"*","chr12:76403648-76404697",5594,2160,0.134160814974082,0.183631008724449,FALSE
168172,"chr2",143914833,143916087,1255,"*","chr2:143914833-143916087",5593,5514,0.00938967772955189,0.0166247835154956,TRUE
124734,"chr17",35164663,35165766,1104,"*","chr17:35164663-35165766",5590,4111,1.10855710827046e-05,3.22568189974498e-05,TRUE
263161,"chr8",11555360,11556660,1301,"*","chr8:11555360-11556660",5585,8783,0.00332891481120167,0.00652266012950392,TRUE
284311,"chr9",57073113,57074064,952,"*","chr9:57073113-57074064",5579,9497,0.236117057591988,0.304039476682962,FALSE
251063,"chr7",68748598,68749884,1287,"*","chr7:68748598-68749884",5578,8373,1,1,FALSE
246638,"chr7",25076922,25077709,788,"*","chr7:25076922-25077709",5576,8129,0.191091759344365,0.251966982257865,FALSE
84757,"chr14",20928949,20929896,948,"*","chr14:20928949-20929896",5574,2775,0.0136905209162347,0.0234828832182413,TRUE
293681,"chr9",119322282,119323367,1086,"*","chr9:119322282-119323367",5574,9823,0.668569983816067,0.740059756271936,FALSE
62640,"chr12",75669162,75670167,1006,"*","chr12:75669162-75670167",5573,2154,0.131287218585846,0.180191076840305,FALSE
99579,"chr15",38298963,38299951,989,"*","chr15:38298963-38299951",5568,3177,8.63907728008588e-11,4.71565353716478e-10,TRUE
245661,"chr7",5061084,5062763,1680,"*","chr7:5061084-5062763",5558,8046,0.00287262867153352,0.00571326306987574,TRUE
46628,"chr11",75462272,75463540,1269,"*","chr11:75462272-75463540",5556,1534,0.465692925705196,0.546223221629763,FALSE
250163,"chr7",63938695,63940062,1368,"*","chr7:63938695-63940062",5556,8351,0.183139063163556,0.242890004195698,FALSE
60542,"chr12",52503334,52505002,1669,"*","chr12:52503334-52505002",5555,2101,0.065391843965082,0.0971358347669073,FALSE
183971,"chr3",101516714,101517719,1006,"*","chr3:101516714-101517719",5555,6031,6.95188882126693e-10,3.43133702925317e-09,TRUE
107691,"chr15",99723997,99726141,2145,"*","chr15:99723997-99726141",5551,3494,1,1,FALSE
161770,"chr2",91264828,91265588,761,"*","chr2:91264828-91265588",5551,5323,0.305786576395034,0.380994986786736,FALSE
127111,"chr17",56325637,56326365,729,"*","chr17:56325637-56326365",5549,4214,0.85556262988531,0.909592419610153,FALSE
146638,"chr19",32755786,32758304,2519,"*","chr19:32755786-32758304",5545,4844,1,1,FALSE
42929,"chr11",53430530,53431599,1070,"*","chr11:53430530-53431599",5542,1333,0.00425781447675281,0.00816298787721015,TRUE
103787,"chr15",78173759,78174741,983,"*","chr15:78173759-78174741",5538,3312,0.340792478679783,0.418355608494701,FALSE
52518,"chr11",106216170,106217296,1127,"*","chr11:106216170-106217296",5537,1845,0.00474871260270526,0.00901083985333066,TRUE
18047,"chr1",175692177,175693541,1365,"*","chr1:175692177-175693541",5533,510,0.011728439319422,0.0204399430453504,TRUE
30725,"chr10",80826170,80827271,1102,"*","chr10:80826170-80827271",5533,900,0.000354184558909614,0.000821011958529472,TRUE
290649,"chr9",100642438,100643906,1469,"*","chr9:100642438-100643906",5530,9688,0.0637190855863812,0.095011038274428,FALSE
22726,"chr10",13964464,13968078,3615,"*","chr10:13964464-13968078",5525,620,0.121480117432401,0.167975826095687,FALSE
122191,"chr17",23802727,23803870,1144,"*","chr17:23802727-23803870",5524,3945,0.0660294562008411,0.0979374906568393,FALSE
21777,"chr10",5805206,5806487,1282,"*","chr10:5805206-5806487",5515,599,0.000837756370030877,0.00182676923251391,TRUE
142426,"chr19",3575400,3576590,1191,"*","chr19:3575400-3576590",5515,4612,0.038795458928241,0.0605611285173916,FALSE
247950,"chr7",35333394,35334599,1206,"*","chr7:35333394-35334599",5514,8237,0.00214287288374809,0.0043518945648824,TRUE
155408,"chr2",33130345,33132176,1832,"*","chr2:33130345-33132176",5511,5174,1,1,FALSE
37724,"chr11",6291384,6292896,1513,"*","chr11:6291384-6292896",5507,1181,1,1,FALSE
181951,"chr3",87885280,87886221,942,"*","chr3:87885280-87886221",5502,5890,0.000356556951757267,0.000825745603884361,TRUE
255215,"chr7",100607207,100608783,1577,"*","chr7:100607207-100608783",5502,8493,0.00714308356534537,0.0129874246642643,TRUE
39024,"chr11",20200763,20202159,1397,"*","chr11:20200763-20202159",5499,1212,0.0124324575974161,0.0215467202728182,TRUE
83218,"chr13",119690066,119690916,851,"*","chr13:119690066-119690916",5498,2726,0.399533952155256,0.478942642238379,FALSE
125866,"chr17",46159954,46161376,1423,"*","chr17:46159954-46161376",5498,4164,0.147859795787814,0.200352026812756,FALSE
136525,"chr18",46525156,46526608,1453,"*","chr18:46525156-46526608",5495,4481,6.51368007376842e-10,3.23420063245701e-09,TRUE
248830,"chr7",45017337,45018202,866,"*","chr7:45017337-45018202",5493,8288,1,1,FALSE
255168,"chr7",100371744,100372627,884,"*","chr7:100371744-100372627",5491,8489,0.194969269135603,0.256471019646939,FALSE
3922,"chr1",51477820,51479082,1263,"*","chr1:51477820-51479082",5490,93,0.234407573085059,0.302149488379813,FALSE
60410,"chr12",51691055,51692740,1686,"*","chr12:51691055-51692740",5484,2097,0.283897396522686,0.356386387801514,FALSE
226891,"chr5",144357904,144359021,1118,"*","chr5:144357904-144359021",5484,7486,0.319485441852669,0.395892740833543,FALSE
51985,"chr11",103115428,103116705,1278,"*","chr11:103115428-103116705",5474,1814,0.00676748925222212,0.0123810633959424,TRUE
111871,"chr16",25058908,25060224,1317,"*","chr16:25058908-25060224",5470,3687,0.0018234239423573,0.00375344574383965,TRUE
202896,"chr4",122885760,122886903,1144,"*","chr4:122885760-122886903",5463,6557,0.31278660431249,0.388651347306771,FALSE
121482,"chr17",12915767,12916967,1201,"*","chr17:12915767-12916967",5456,3904,0.227826737452711,0.294349789990583,FALSE
294521,"chr9",123528988,123530278,1291,"*","chr9:123528988-123530278",5456,9855,1,1,FALSE
291887,"chr9",108305852,108307108,1257,"*","chr9:108305852-108307108",5454,9757,2.67799407907037e-09,1.21616443191207e-08,TRUE
259114,"chr7",128461350,128462243,894,"*","chr7:128461350-128462243",5451,8660,0.00271559564324412,0.00542251526206892,TRUE
213068,"chr5",36581691,36582720,1030,"*","chr5:36581691-36582720",5445,7019,0.00155905883794457,0.00324263485429404,TRUE
258306,"chr7",123369465,123370582,1118,"*","chr7:123369465-123370582",5444,8598,1,1,FALSE
30548,"chr10",80115261,80116095,835,"*","chr10:80115261-80116095",5438,867,0.00072754769116035,0.00159970908346603,TRUE
276649,"chr8",123042222,123042949,728,"*","chr8:123042222-123042949",5436,9247,0.0123804116433668,0.0214639591597899,TRUE
270925,"chr8",84846684,84847556,873,"*","chr8:84846684-84847556",5433,9041,0.0991903516038227,0.140456459365368,FALSE
90191,"chr14",62760794,62762034,1241,"*","chr14:62760794-62762034",5420,2968,7.19543490064725e-06,2.14149848233549e-05,TRUE
273463,"chr8",105826950,105828028,1079,"*","chr8:105826950-105828028",5412,9138,0.0722216573800537,0.105865812635669,FALSE
278759,"chr9",14275175,14276929,1755,"*","chr9:14275175-14276929",5409,9308,0.0690070193695387,0.101924647548159,FALSE
233015,"chr6",51469030,51471336,2307,"*","chr6:51469030-51471336",5404,7659,0.000987112787263794,0.00212099868342027,TRUE
23518,"chr10",20311648,20313305,1658,"*","chr10:20311648-20313305",5403,641,0.220208903383639,0.284949409140319,FALSE
250615,"chr7",66689391,66690520,1130,"*","chr7:66689391-66690520",5403,8361,0.120228982696751,0.166429931750762,FALSE
122825,"chr17",26715472,26716899,1428,"*","chr17:26715472-26716899",5400,3999,0.0362237290350635,0.0568661366327528,FALSE
111346,"chr16",22439468,22440370,903,"*","chr16:22439468-22440370",5399,3678,1,1,FALSE
249041,"chr7",45813987,45815012,1026,"*","chr7:45813987-45815012",5397,8317,7.10286922332484e-07,2.42916184108237e-06,TRUE
159988,"chr2",72978658,72981137,2480,"*","chr2:72978658-72981137",5396,5278,0.541297556397301,0.619759052435655,FALSE
64999,"chr12",87387986,87388954,969,"*","chr12:87387986-87388954",5395,2234,0.572466628858885,0.64905513476064,FALSE
154816,"chr2",30807412,30808291,880,"*","chr2:30807412-30808291",5393,5134,0.000637719644212953,0.00141463984962944,TRUE
211943,"chr5",30887404,30889444,2041,"*","chr5:30887404-30889444",5393,6956,0.111849091407954,0.155952442007744,FALSE
75677,"chr13",54686891,54688621,1731,"*","chr13:54686891-54688621",5391,2515,0.497784140122958,0.578280831927228,FALSE
130659,"chr17",84187603,84189099,1497,"*","chr17:84187603-84189099",5384,4305,2.05056856142405e-07,7.50025077331403e-07,TRUE
211325,"chr5",24842132,24843285,1154,"*","chr5:24842132-24843285",5384,6937,0.000748052285782385,0.00164190580724843,TRUE
292879,"chr9",115310049,115311760,1712,"*","chr9:115310049-115311760",5384,9810,0.00470993134314284,0.00894743796189749,TRUE
176776,"chr3",32708343,32709305,963,"*","chr3:32708343-32709305",5383,5790,0.0665306299851012,0.0985055226311833,FALSE
204521,"chr4",132074199,132075920,1722,"*","chr4:132074199-132075920",5382,6627,0.00185142825298631,0.00380170072481789,TRUE
52684,"chr11",106788344,106789626,1283,"*","chr11:106788344-106789626",5380,1853,1.98695090819796e-07,7.29557819786626e-07,TRUE
105971,"chr15",88875705,88876881,1177,"*","chr15:88875705-88876881",5380,3425,6.20690289215194e-07,2.14031134212136e-06,TRUE
214007,"chr5",45449897,45450883,987,"*","chr5:45449897-45450883",5380,7035,0.503309273811012,0.584292168343409,FALSE
228392,"chr6",5496050,5497213,1164,"*","chr6:5496050-5497213",5378,7529,0.297589509614158,0.371986887017698,FALSE
182105,"chr3",88552581,88554389,1809,"*","chr3:88552581-88554389",5375,5909,0.588061548443147,0.664862481496201,FALSE
100167,"chr15",44427440,44428734,1295,"*","chr15:44427440-44428734",5373,3193,8.66662885736319e-06,2.56005230814432e-05,TRUE
111424,"chr16",22857157,22858202,1046,"*","chr16:22857157-22858202",5373,3679,0.0875442222345466,0.125895110409153,FALSE
246255,"chr7",19149074,19150139,1066,"*","chr7:19149074-19150139",5372,8097,0.368535390440868,0.44757759344288,FALSE
211990,"chr5",31047915,31048994,1080,"*","chr5:31047915-31048994",5371,6964,0.0233969442036798,0.0382178115055207,TRUE
216551,"chr5",73490545,73491384,840,"*","chr5:73490545-73491384",5368,7101,1,1,FALSE
103431,"chr15",76350613,76352055,1443,"*","chr15:76350613-76352055",5367,3285,0.710540225345746,0.778247782415933,FALSE
206778,"chr4",141060231,141061262,1032,"*","chr4:141060231-141061262",5364,6746,5.74916027245774e-07,1.99485089259463e-06,TRUE
182466,"chr3",90292258,90293495,1238,"*","chr3:90292258-90293495",5363,5937,0.0776574328758888,0.11310432985128,FALSE
202324,"chr4",118179556,118180513,958,"*","chr4:118179556-118180513",5363,6530,0.00152006584237779,0.00316944504248914,TRUE
64414,"chr12",84772784,84773597,814,"*","chr12:84772784-84773597",5359,2209,1,1,FALSE
124086,"chr17",31564004,31565771,1768,"*","chr17:31564004-31565771",5353,4050,2.1347056828625e-10,1.1188184920663e-09,TRUE
246107,"chr7",16874453,16875636,1184,"*","chr7:16874453-16875636",5350,8083,1.28333216667143e-07,4.82962806862461e-07,TRUE
231397,"chr6",37441804,37442799,996,"*","chr6:37441804-37442799",5345,7598,0.424633186651791,0.50587703913723,FALSE
127095,"chr17",56255792,56257081,1290,"*","chr17:56255792-56257081",5336,4211,0.0154478036082265,0.0261738454900483,TRUE
8813,"chr1",89069670,89070923,1254,"*","chr1:89069670-89070923",5335,252,0.00404535779651527,0.00779152117972896,TRUE
270673,"chr8",83607808,83609003,1196,"*","chr8:83607808-83609003",5333,9020,1,1,FALSE
66876,"chr12",105032300,105032989,690,"*","chr12:105032300-105032989",5325,2282,1,1,FALSE
90203,"chr14",62837219,62838089,871,"*","chr14:62837219-62838089",5324,2969,0.000190536453895653,0.00046404396954616,TRUE
189201,"chr3",145923970,145924893,924,"*","chr3:145923970-145924893",5324,6177,0.454614880767354,0.535767612820237,FALSE
37757,"chr11",6444146,6445039,894,"*","chr11:6444146-6445039",5323,1184,1,1,FALSE
279271,"chr9",20877960,20878836,877,"*","chr9:20877960-20878836",5322,9323,1.16443234782899e-05,3.38104630612368e-05,TRUE
88976,"chr14",55014716,55015849,1134,"*","chr14:55014716-55015849",5319,2920,0.035221870852028,0.0554325949827322,FALSE
122412,"chr17",25015768,25016711,944,"*","chr17:25015768-25016711",5316,3972,0.000851228803307827,0.00185452898324145,TRUE
245652,"chr7",5014333,5016064,1732,"*","chr7:5014333-5016064",5314,8043,0.000201012401523601,0.000487184686193895,TRUE
228105,"chr5",151368136,151369288,1153,"*","chr5:151368136-151369288",5313,7526,0.425921594358884,0.50704951709391,FALSE
35504,"chr10",119239398,119240930,1533,"*","chr10:119239398-119240930",5312,1052,0.112692445748167,0.156953267058728,FALSE
153719,"chr2",25983130,25984131,1002,"*","chr2:25983130-25984131",5308,5065,1.29953739422796e-10,6.97925560809861e-10,TRUE
55075,"chr11",118289949,118290780,832,"*","chr11:118289949-118290780",5307,1940,0.0018297654441732,0.00376340074901933,TRUE
176551,"chr3",31093844,31095382,1539,"*","chr3:31093844-31095382",5304,5785,1.28267193013198e-35,6.34986104025732e-34,TRUE
254724,"chr7",98655773,98657265,1493,"*","chr7:98655773-98657265",5303,8472,5.9476590587828e-05,0.00015618852570333,TRUE
236231,"chr6",85451129,85452398,1270,"*","chr6:85451129-85452398",5302,7764,0.669272416486632,0.740509314418734,FALSE
245957,"chr7",16285579,16287092,1514,"*","chr7:16285579-16287092",5300,8077,1.15507145424032e-24,2.42662070218554e-23,TRUE
291539,"chr9",106437976,106439459,1484,"*","chr9:106437976-106439459",5298,9719,0.347535437302435,0.425796909216412,FALSE
231597,"chr6",38550818,38552484,1667,"*","chr6:38550818-38552484",5293,7610,0.00427216276702338,0.00818421986019804,TRUE
52152,"chr11",103966374,103967276,903,"*","chr11:103966374-103967276",5292,1828,1,1,FALSE
269147,"chr8",70698464,70699313,850,"*","chr8:70698464-70699313",5285,8953,3.11839615537013e-12,1.98119196656298e-11,TRUE
291076,"chr9",103364885,103366387,1503,"*","chr9:103364885-103366387",5284,9701,2.06941290512936e-09,9.55407620096658e-09,TRUE
18317,"chr1",178318252,178319499,1248,"*","chr1:178318252-178319499",5283,516,0.000722702386763356,0.00158975448034174,TRUE
84977,"chr14",21987632,21988927,1296,"*","chr14:21987632-21988927",5280,2782,0.000941696714570324,0.00203126987612236,TRUE
225560,"chr5",137501769,137503270,1502,"*","chr5:137501769-137503270",5280,7418,5.34966495903533e-07,1.86529461612111e-06,TRUE
174139,"chr2",180256700,180257727,1028,"*","chr2:180256700-180257727",5278,5721,1,1,FALSE
64879,"chr12",86800924,86802807,1884,"*","chr12:86800924-86802807",5275,2222,0.464164735063936,0.544922205991941,FALSE
240057,"chr6",113326423,113327572,1150,"*","chr6:113326423-113327572",5275,7868,0.0651619079473832,0.0968518251298799,FALSE
99522,"chr15",37960583,37961781,1199,"*","chr15:37960583-37961781",5273,3174,0.222759306684192,0.288025997781475,FALSE
54184,"chr11",115276786,115277793,1008,"*","chr11:115276786-115277793",5267,1890,0.117152120834446,0.162575799104144,FALSE
160684,"chr2",76647645,76648808,1164,"*","chr2:76647645-76648808",5263,5291,0.0347581345065743,0.0547616516828873,FALSE
45648,"chr11",69632526,69633482,957,"*","chr11:69632526-69633482",5260,1455,7.66003916022468e-11,4.21593215499565e-10,TRUE
74396,"chr13",47043089,47044015,927,"*","chr13:47043089-47044015",5259,2475,1.31652522083946e-19,1.76477911640678e-18,TRUE
33478,"chr10",98913972,98915439,1468,"*","chr10:98913972-98915439",5252,1001,5.88271594994218e-12,3.64932751237108e-11,TRUE
122318,"chr17",24549606,24550936,1331,"*","chr17:24549606-24550936",5242,3961,1.11237355251402e-18,1.3274147404702e-17,TRUE
50563,"chr11",96829559,96830745,1187,"*","chr11:96829559-96830745",5241,1707,0.0777179239348814,0.11315946991101,FALSE
211458,"chr5",25529451,25530468,1018,"*","chr5:25529451-25530468",5240,6944,0.101629201433784,0.143544069821729,FALSE
261048,"chr7",139388523,139389386,864,"*","chr7:139388523-139389386",5235,8697,1.68429242516556e-15,1.51465146147982e-14,TRUE
226228,"chr5",140704473,140705368,896,"*","chr5:140704473-140705368",5234,7459,1.48410859038295e-06,4.89481725060341e-06,TRUE
54631,"chr11",116842667,116844063,1397,"*","chr11:116842667-116844063",5233,1927,1,1,FALSE
36936,"chr10",128565656,128566751,1096,"*","chr10:128565656-128566751",5228,1116,0.0098596560954726,0.0173661611118927,TRUE
294625,"chrM",16101,16392,292,"*","chrM:16101-16392",5225,9865,2.56220704315856e-229,1.28110352157928e-225,TRUE
184386,"chr3",104220229,104221168,940,"*","chr3:104220229-104221168",5222,6046,0.000253616171653136,0.000603273481572636,TRUE
244674,"chr6",145210736,145211955,1220,"*","chr6:145210736-145211955",5220,8002,0.00022324430518402,0.000536129455293036,TRUE
245841,"chr7",12977704,12978600,897,"*","chr7:12977704-12978600",5219,8062,0.0125448642833991,0.0217264708753015,TRUE
89978,"chr14",61439380,61440558,1179,"*","chr14:61439380-61440558",5218,2962,0.388130140743388,0.467626675594443,FALSE
193616,"chr4",42999746,43001044,1299,"*","chr4:42999746-43001044",5214,6283,0.463556052377854,0.544335430222938,FALSE
116512,"chr16",64851553,64852899,1347,"*","chr16:64851553-64852899",5211,3797,0.842654436248411,0.898543864628291,FALSE
42376,"chr11",50377017,50378849,1833,"*","chr11:50377017-50378849",5209,1309,0.894583799303567,0.943779529299745,FALSE
30838,"chr10",81292662,81293634,973,"*","chr10:81292662-81293634",5207,915,2.44780612879719e-10,1.27224850769085e-09,TRUE
258953,"chr7",127511479,127513462,1984,"*","chr7:127511479-127513462",5207,8642,0.000100055483070941,0.000255373872054469,TRUE
43269,"chr11",55097570,55098460,891,"*","chr11:55097570-55098460",5200,1353,2.59856953413268e-08,1.05891179060012e-07,TRUE
237558,"chr6",92091221,92092682,1462,"*","chr6:92091221-92092682",5200,7829,1.92042382571192e-08,7.94877411304605e-08,TRUE
16457,"chr1",164460818,164461793,976,"*","chr1:164460818-164461793",5198,461,5.95346499276767e-11,3.31115961777957e-10,TRUE
187998,"chr3",136669519,136671993,2475,"*","chr3:136669519-136671993",5198,6154,0.509669707062123,0.59071593308081,FALSE
68485,"chr12",116280560,116281831,1272,"*","chr12:116280560-116281831",5197,2331,0.693848156095664,0.763645340188933,FALSE
223840,"chr5",125392852,125393818,967,"*","chr5:125392852-125393818",5197,7347,6.36346032793338e-08,2.4799143912445e-07,TRUE
134986,"chr18",34931539,34932581,1043,"*","chr18:34931539-34932581",5196,4419,0.0229366582274184,0.0375149791092875,TRUE
190268,"chr3",153944107,153945277,1171,"*","chr3:153944107-153945277",5194,6194,0.00779762236335106,0.014049770024056,TRUE
294627,"chrUn_GL456359",19391,20770,1380,"*","chrUn_GL456359:19391-20770",5191,9866,0.438222797094026,0.519960604050814,FALSE
104687,"chr15",81802367,81803552,1186,"*","chr15:81802367-81803552",5189,3360,0.0514920726513959,0.0783268522229934,FALSE
270956,"chr8",84989443,84991323,1881,"*","chr8:84989443-84991323",5185,9050,0.00735400369429627,0.0133272991922731,TRUE
59016,"chr12",32819683,32821314,1632,"*","chr12:32819683-32821314",5184,2076,2.038755720854e-11,1.19086198648014e-10,TRUE
211626,"chr5",28070801,28072465,1665,"*","chr5:28070801-28072465",5184,6946,0.0217994484409972,0.0358190082829398,TRUE
87238,"chr14",34310241,34311534,1294,"*","chr14:34310241-34311534",5181,2854,1.09566769646308e-06,3.65954474436566e-06,TRUE
82196,"chr13",111489635,111490900,1266,"*","chr13:111489635-111490900",5177,2698,8.46106915208849e-11,4.62859362805716e-10,TRUE
142555,"chr19",4096848,4097987,1140,"*","chr19:4096848-4097987",5172,4624,0.689593623873942,0.759799056714348,FALSE
23035,"chr10",17721813,17723864,2052,"*","chr10:17721813-17723864",5166,624,0.0204007946939891,0.0336646777128533,TRUE
99229,"chr15",36608685,36609897,1213,"*","chr15:36608685-36609897",5163,3163,2.2580953252656e-10,1.17977812187335e-09,TRUE
79109,"chr13",92354562,92355813,1252,"*","chr13:92354562-92355813",5159,2622,5.32591221689404e-05,0.000141121150421146,TRUE
151103,"chr2",3512477,3513477,1001,"*","chr2:3512477-3513477",5158,4994,0.0235316984342225,0.0384128280023221,TRUE
285389,"chr9",62122345,62123324,980,"*","chr9:62122345-62123324",5157,9532,6.13719855915336e-05,0.000160598226102107,TRUE
206463,"chr4",139574120,139574986,867,"*","chr4:139574120-139574986",5156,6737,3.70276029274909e-05,0.000100782806008413,TRUE
263175,"chr8",11635105,11637005,1901,"*","chr8:11635105-11637005",5156,8785,0.140284958657061,0.191258990263675,FALSE
226575,"chr5",142905846,142907140,1295,"*","chr5:142905846-142907140",5154,7471,9.83285017829041e-18,1.09011642774838e-16,TRUE
225215,"chr5",135962413,135963229,817,"*","chr5:135962413-135963229",5153,7402,4.64295429153226e-12,2.89460990743907e-11,TRUE
97841,"chr15",25622050,25623060,1011,"*","chr15:25622050-25623060",5145,3128,6.21158584303284e-05,0.000162436868280147,TRUE
104566,"chr15",81190462,81191363,902,"*","chr15:81190462-81191363",5143,3347,0.107317379260827,0.15056452304077,FALSE
267249,"chr8",47674796,47675992,1197,"*","chr8:47674796-47675992",5141,8889,0.0150271193691825,0.0255563254577934,TRUE
235940,"chr6",83831449,83832348,900,"*","chr6:83831449-83832348",5140,7753,0.175308400406062,0.233557687724569,FALSE
241608,"chr6",122308444,122309276,833,"*","chr6:122308444-122309276",5140,7919,0.0105648117916349,0.0185282563865923,TRUE
255557,"chr7",102209813,102210890,1078,"*","chr7:102209813-102210890",5139,8508,0.133665937197294,0.183053871812235,FALSE
88529,"chr14",50930598,50931617,1020,"*","chr14:50930598-50931617",5137,2891,0.488561814686569,0.569154024564969,FALSE
143307,"chr19",7341368,7342294,927,"*","chr19:7341368-7342294",5137,4723,2.45062738727024e-07,8.88552352164698e-07,TRUE
225669,"chr5",138171043,138172699,1657,"*","chr5:138171043-138172699",5137,7429,0.00979533726810646,0.0172818229853678,TRUE
134970,"chr18",34859819,34861492,1674,"*","chr18:34859819-34861492",5134,4416,4.68831889773897e-09,2.07999951097559e-08,TRUE
166322,"chr2",128817513,128818876,1364,"*","chr2:128817513-128818876",5132,5467,0.00131366779584196,0.00276678137287691,TRUE
54632,"chr11",116852170,116854102,1933,"*","chr11:116852170-116854102",5130,1928,0.000277725396944331,0.000654087133641854,TRUE
209329,"chr4",155223070,155223782,713,"*","chr4:155223070-155223782",5130,6865,9.35647014723649e-31,3.13975508296526e-29,TRUE
169348,"chr2",152830537,152832042,1506,"*","chr2:152830537-152832042",5128,5556,0.00702608846892776,0.0127979753532382,TRUE
225182,"chr5",135778053,135779000,948,"*","chr5:135778053-135779000",5127,7398,3.09795280326752e-11,1.77838852081947e-10,TRUE
195646,"chr4",57955736,57957150,1415,"*","chr4:57955736-57957150",5125,6351,0.134581863002889,0.184156900660767,FALSE
157636,"chr2",53190935,53192633,1699,"*","chr2:53190935-53192633",5122,5229,0.324217086971699,0.401060226338073,FALSE
73911,"chr13",44730305,44731579,1275,"*","chr13:44730305-44731579",5121,2464,1.20762162304934e-06,4.02540541016447e-06,TRUE
227011,"chr5",145204093,145204823,731,"*","chr5:145204093-145204823",5121,7492,0.0361313555496067,0.0567389377349352,FALSE
284167,"chr9",56417635,56419356,1722,"*","chr9:56417635-56419356",5120,9491,0.517762730715715,0.598292963618806,FALSE
152805,"chr2",18056227,18057434,1208,"*","chr2:18056227-18057434",5117,5029,1.60638802947258e-09,7.52759151580402e-09,TRUE
256809,"chr7",113206959,113208112,1154,"*","chr7:113206959-113208112",5114,8550,0.552935449629535,0.630054067490354,FALSE
174102,"chr2",180118851,180119895,1045,"*","chr2:180118851-180119895",5113,5717,0.534154405865824,0.613265678376376,FALSE
119539,"chr16",96081487,96083833,2347,"*","chr16:96081487-96083833",5112,3859,0.000717765602949708,0.0015802853433503,TRUE
211280,"chr5",24685273,24686254,982,"*","chr5:24685273-24686254",5110,6936,1.02306095731455e-10,5.53604414131249e-10,TRUE
269473,"chr8",72570753,72572377,1625,"*","chr8:72570753-72572377",5110,8992,0.463063612361694,0.544012702492592,FALSE
36645,"chr10",127289932,127291452,1521,"*","chr10:127289932-127291452",5109,1082,1.89225613638812e-09,8.77801057279861e-09,TRUE
240148,"chr6",113696624,113697674,1051,"*","chr6:113696624-113697674",5109,7876,1,1,FALSE
6824,"chr1",74397179,74398562,1384,"*","chr1:74397179-74398562",5108,186,3.32881539042771e-08,1.3444327101889e-07,TRUE
204693,"chr4",132922246,132923188,943,"*","chr4:132922246-132923188",5107,6643,2.28731218868361e-05,6.39271153908219e-05,TRUE
152197,"chr2",11777289,11778878,1590,"*","chr2:11777289-11778878",5106,5018,0.648717354068311,0.721920046815392,FALSE
11478,"chr1",125434760,125436274,1515,"*","chr1:125434760-125436274",5103,319,4.45624020519218e-05,0.000119470246787994,TRUE
166280,"chr2",128698038,128699703,1666,"*","chr2:128698038-128699703",5103,5465,0.122273131603674,0.169025617367534,FALSE
203947,"chr4",129334938,129336264,1327,"*","chr4:129334938-129336264",5101,6601,7.43539033737944e-06,2.20765746359247e-05,TRUE
291556,"chr9",106476249,106477583,1335,"*","chr9:106476249-106477583",5101,9722,0.297792957552199,0.372148159900273,FALSE
120745,"chr17",8282908,8284611,1704,"*","chr17:8282908-8284611",5099,3899,0.0238043623736808,0.0387819523846216,TRUE
145104,"chr19",23140712,23141512,801,"*","chr19:23140712-23141512",5099,4799,0.00161886880893211,0.00336074040831073,TRUE
27480,"chr10",59951471,59952958,1488,"*","chr10:59951471-59952958",5097,738,0.449039041849799,0.530528168537097,FALSE
151080,"chr2",3283496,3284570,1075,"*","chr2:3283496-3284570",5096,4989,4.81698464840421e-05,0.00012859008671661,TRUE
226480,"chr5",142439973,142441389,1417,"*","chr5:142439973-142441389",5091,7465,1,1,FALSE
133100,"chr18",12973106,12974709,1604,"*","chr18:12973106-12974709",5087,4369,5.55595223278592e-06,1.68158360556475e-05,TRUE
212593,"chr5",34659934,34660848,915,"*","chr5:34659934-34660848",5087,7001,0.0545679848824611,0.0824788163277828,FALSE
135883,"chr18",39489126,39491967,2842,"*","chr18:39489126-39491967",5086,4472,0.374387158060894,0.453582696948018,FALSE
30740,"chr10",80900422,80901532,1111,"*","chr10:80900422-80901532",5085,901,0.0366511663889582,0.05744696926169,FALSE
77513,"chr13",69610843,69612295,1453,"*","chr13:69610843-69612295",5085,2584,0.763136913778754,0.825905750842807,FALSE
18282,"chr1",177796058,177797104,1047,"*","chr1:177796058-177797104",5081,513,1.46935150312242e-08,6.18934921281558e-08,TRUE
46211,"chr11",72607039,72608844,1806,"*","chr11:72607039-72608844",5077,1502,0.0559748246922381,0.0843502481799851,FALSE
246422,"chr7",19749400,19750683,1284,"*","chr7:19749400-19750683",5076,8113,8.99557900204281e-17,9.03170582534419e-16,TRUE
165225,"chr2",121448446,121449873,1428,"*","chr2:121448446-121449873",5073,5425,2.27701207922129e-09,1.04355113138523e-08,TRUE
148601,"chr19",45782720,45784181,1462,"*","chr19:45782720-45784181",5069,4911,8.18322544016099e-05,0.000211343632235563,TRUE
68045,"chr12",111813886,111814776,891,"*","chr12:111813886-111814776",5068,2315,0.622746576530876,0.69783345644428,FALSE
204934,"chr4",133813114,133814897,1784,"*","chr4:133813114-133814897",5068,6665,2.89343462217866e-06,9.17385739435214e-06,TRUE
63168,"chr12",78861163,78862431,1269,"*","chr12:78861163-78862431",5066,2171,0.00709970733091811,0.0129179536588757,TRUE
16758,"chr1",166002284,166003775,1492,"*","chr1:166002284-166003775",5064,472,5.44896822289939e-10,2.74368994103695e-09,TRUE
119929,"chr17",3557347,3558326,980,"*","chr17:3557347-3558326",5063,3875,0.000247717064358293,0.000590364786363901,TRUE
127999,"chr17",65884621,65885828,1208,"*","chr17:65884621-65885828",5063,4241,0.0398624857273998,0.0620717622662719,FALSE
205588,"chr4",136285353,136286491,1139,"*","chr4:136285353-136286491",5060,6702,0.0343531147145005,0.0541847235244487,FALSE
49891,"chr11",94210867,94212894,2028,"*","chr11:94210867-94212894",5059,1680,3.26336186211414e-23,5.93338520384389e-22,TRUE
183053,"chr3",95881987,95883517,1531,"*","chr3:95881987-95883517",5058,5981,0.0141569790092928,0.0242165224243804,TRUE
209399,"chr4",155563143,155564378,1236,"*","chr4:155563143-155564378",5058,6871,4.21672330207677e-32,1.59724367502908e-30,TRUE
269231,"chr8",71272216,71273576,1361,"*","chr8:71272216-71273576",5054,8966,0.738192865780093,0.805184190423313,FALSE
10342,"chr1",105989970,105990974,1005,"*","chr1:105989970-105990974",5053,291,3.99561867311421e-13,2.81381596698184e-12,TRUE
8251,"chr1",86358878,86359998,1121,"*","chr1:86358878-86359998",5050,229,0.461486337181914,0.542414638621535,FALSE
30012,"chr10",77146930,77147762,833,"*","chr10:77146930-77147762",5047,827,0.000191853372169351,0.000466796525959492,TRUE
122024,"chr17",17624077,17625779,1703,"*","chr17:17624077-17625779",5045,3927,0.000183028107094735,0.000447064257681327,TRUE
206525,"chr4",139967248,139968528,1281,"*","chr4:139967248-139968528",5044,6740,1.65561086608399e-07,6.15011465855866e-07,TRUE
294496,"chr9",123461623,123462314,692,"*","chr9:123461623-123462314",5040,9854,0.0743130278956553,0.108613019432411,FALSE
155320,"chr2",32712223,32714010,1788,"*","chr2:32712223-32714010",5039,5166,0.0142001306584138,0.0242737276212201,TRUE
249051,"chr7",45896604,45897957,1354,"*","chr7:45896604-45897957",5039,8320,0.00573435120402127,0.0106824724367013,TRUE
42174,"chr11",49243517,49244770,1254,"*","chr11:49243517-49244770",5037,1294,3.54814675960895e-09,1.5925254755875e-08,TRUE
128936,"chr17",72836258,72837006,749,"*","chr17:72836258-72837006",5034,4263,1.5878627326146e-07,5.91603104550894e-07,TRUE
220972,"chr5",112276248,112277094,847,"*","chr5:112276248-112277094",5034,7220,3.51599851582787e-25,7.9189155761889e-24,TRUE
137878,"chr18",56924929,56926240,1312,"*","chr18:56924929-56926240",5033,4507,0.682144511478957,0.752918886842116,FALSE
193744,"chr4",43655867,43657100,1234,"*","chr4:43655867-43657100",5032,6298,0.000180296935273809,0.000441255348198259,TRUE
45657,"chr11",69672194,69672925,732,"*","chr11:69672194-69672925",5030,1458,5.62304897804091e-05,0.000147917715602223,TRUE
269635,"chr8",75033429,75034583,1155,"*","chr8:75033429-75034583",5026,8995,0.0495820805380702,0.0757209537844689,FALSE
272430,"chr8",94362093,94366316,4224,"*","chr8:94362093-94366316",5019,9094,6.10753836200563e-05,0.000160050795650043,TRUE
54429,"chr11",116198676,116199685,1010,"*","chr11:116198676-116199685",5017,1915,1.16608842407742e-06,3.89215094818898e-06,TRUE
261677,"chr7",143068787,143069767,981,"*","chr7:143068787-143069767",5017,8733,0.00355237958504081,0.00692201789758537,TRUE
30564,"chr10",80167572,80168817,1246,"*","chr10:80167572-80168817",5012,874,1.15582475158408e-09,5.51443106671793e-09,TRUE
36842,"chr10",128082735,128083594,860,"*","chr10:128082735-128083594",5011,1098,0.0195592888226723,0.0324581626662335,TRUE
46635,"chr11",75509687,75511205,1519,"*","chr11:75509687-75511205",5011,1536,0.564481858424067,0.641165218564364,FALSE
40225,"chr11",31870268,31871225,958,"*","chr11:31870268-31871225",5005,1263,0.000137386290030626,0.000342438409847023,TRUE
174494,"chr3",5860440,5861021,582,"*","chr3:5860440-5861021",5000,5738,0.428148552029896,0.50945805810316,FALSE
119243,"chr16",94569065,94570171,1107,"*","chr16:94569065-94570171",4996,3852,1.14837793454712e-35,5.74188967273562e-34,TRUE
147885,"chr19",42128675,42129666,992,"*","chr19:42128675-42129666",4994,4884,0.181059139481153,0.240662349197435,FALSE
269270,"chr8",71464570,71465266,697,"*","chr8:71464570-71465266",4989,8973,0.156018020288058,0.210323564691369,FALSE
154695,"chr2",30392112,30393434,1323,"*","chr2:30392112-30393434",4982,5115,0.0293370449983119,0.0470295687693361,TRUE
44397,"chr11",62076703,62077922,1220,"*","chr11:62076703-62077922",4979,1407,0.0133576736594485,0.0229908324603245,TRUE
224972,"chr5",134688583,134689535,953,"*","chr5:134688583-134689535",4975,7379,0.029932971504757,0.0479234253998672,TRUE
155773,"chr2",34771599,34772438,840,"*","chr2:34771599-34772438",4974,5182,0.442296692994277,0.523551956669362,FALSE
248923,"chr7",45434337,45435178,842,"*","chr7:45434337-45435178",4974,8301,7.44143010691545e-08,2.88427523523855e-07,TRUE
55065,"chr11",118248404,118249498,1095,"*","chr11:118248404-118249498",4973,1939,6.91502472717623e-10,3.41651419326889e-09,TRUE
103487,"chr15",76659782,76660581,800,"*","chr15:76659782-76660581",4973,3295,0.0102313035965057,0.0179812013998343,TRUE
107463,"chr15",98917310,98918655,1346,"*","chr15:98917310-98918655",4971,3480,0.272206994069579,0.343782513348799,FALSE
28407,"chr10",66920317,66922245,1929,"*","chr10:66920317-66922245",4970,765,0.377193936670303,0.456430223463581,FALSE
11504,"chr1",125559864,125561742,1879,"*","chr1:125559864-125561742",4966,320,0.00740452303875503,0.0134139910122374,TRUE
54510,"chr11",116433854,116434473,620,"*","chr11:116433854-116434473",4965,1920,2.15082720758036e-09,9.91164611788184e-09,TRUE
84783,"chr14",21051904,21053288,1385,"*","chr14:21051904-21053288",4965,2776,0.497371338232016,0.577935554534065,FALSE
288395,"chr9",78480820,78482579,1760,"*","chr9:78480820-78482579",4959,9624,0.0195960106266139,0.0324975300607196,TRUE
253660,"chr7",89403396,89404812,1417,"*","chr7:89403396-89404812",4958,8441,0.000118225990287152,0.000297207159851947,TRUE
165970,"chr2",127269764,127271068,1305,"*","chr2:127269764-127271068",4956,5454,0.180829694366125,0.240508420976915,FALSE
106939,"chr15",96459992,96461962,1971,"*","chr15:96459992-96461962",4949,3454,2.40704913332926e-14,1.91949691653051e-13,TRUE
227666,"chr5",149183909,149184985,1077,"*","chr5:149183909-149184985",4948,7517,1.82518799195588e-11,1.06736139880461e-10,TRUE
197047,"chr4",72200229,72201604,1376,"*","chr4:72200229-72201604",4947,6376,6.94802669313067e-07,2.37946119627763e-06,TRUE
123360,"chr17",28690892,28692451,1560,"*","chr17:28690892-28692451",4946,4028,4.44517340169976e-06,1.36690449006758e-05,TRUE
102808,"chr15",73067451,73068108,658,"*","chr15:73067451-73068108",4944,3254,3.61570585432774e-15,3.16692400620754e-14,TRUE
50328,"chr11",95858510,95860015,1506,"*","chr11:95858510-95860015",4940,1695,0.0739157888308545,0.108064018758559,FALSE
119233,"chr16",94526120,94527353,1234,"*","chr16:94526120-94527353",4939,3851,4.39024194150053e-11,2.47476997829793e-10,TRUE
142886,"chr19",5688444,5689388,945,"*","chr19:5688444-5689388",4939,4670,0.000114933420332814,0.000289943038175616,TRUE
144927,"chr19",21652514,21653833,1320,"*","chr19:21652514-21653833",4938,4789,1,1,FALSE
18206,"chr1",177441609,177442625,1017,"*","chr1:177441609-177442625",4934,512,3.2748220980099e-10,1.68112017351638e-09,TRUE
70165,"chr13",17694638,17695779,1142,"*","chr13:17694638-17695779",4934,2366,4.69818077498717e-05,0.000125687019127533,TRUE
125688,"chr17",45572534,45574727,2194,"*","chr17:45572534-45574727",4933,4156,0.00763844768571819,0.0137927910540235,TRUE
217237,"chr5",76950871,76952062,1192,"*","chr5:76950871-76952062",4932,7115,0.00144504193579845,0.00303070875796656,TRUE
234953,"chr6",71831018,71832179,1162,"*","chr6:71831018-71832179",4932,7711,0.00752167193064889,0.0136015767281173,TRUE
156711,"chr2",44926545,44927844,1300,"*","chr2:44926545-44927844",4931,5216,5.39220823734024e-10,2.71784689382068e-09,TRUE
245524,"chr7",4136647,4137760,1114,"*","chr7:4136647-4137760",4931,8031,4.08023567887187e-05,0.000110217063178603,TRUE
254511,"chr7",97578958,97581362,2405,"*","chr7:97578958-97581362",4927,8465,0.456090820496875,0.537163395980361,FALSE
108397,"chr15",102624941,102626098,1158,"*","chr15:102624941-102626098",4925,3538,1,1,FALSE
4076,"chr1",52232524,52233874,1351,"*","chr1:52232524-52233874",4919,98,0.0640886320344667,0.0954836591693484,FALSE
8294,"chr1",86526032,86526970,939,"*","chr1:86526032-86526970",4918,236,1.79110061562325e-10,9.4667051565711e-10,TRUE
146946,"chr19",34877847,34879833,1987,"*","chr19:34877847-34879833",4915,4849,3.18632829688196e-05,8.75846150874645e-05,TRUE
286479,"chr9",66834487,66835477,991,"*","chr9:66834487-66835477",4915,9583,0.695389863762304,0.765005350673602,FALSE
4428,"chr1",55087135,55088664,1530,"*","chr1:55087135-55088664",4910,109,1.71889422233427e-13,1.25283835447104e-12,TRUE
45696,"chr11",69837771,69838867,1097,"*","chr11:69837771-69838867",4905,1464,1,1,FALSE
14411,"chr1",151428105,151429325,1221,"*","chr1:151428105-151429325",4897,398,0.00101622182639422,0.00217886326413855,TRUE
25970,"chr10",42277528,42278511,984,"*","chr10:42277528-42278511",4896,701,0.0439843504579994,0.0678142930280596,FALSE
212254,"chr5",32458636,32459812,1177,"*","chr5:32458636-32459812",4896,6976,7.65898552261482e-08,2.95257730247294e-07,TRUE
203983,"chr4",129461034,129462176,1143,"*","chr4:129461034-129462176",4893,6602,0.0350199169358727,0.0551321110451396,FALSE
53232,"chr11",109425548,109426587,1040,"*","chr11:109425548-109426587",4892,1870,1.57986804583805e-05,4.51390870239444e-05,TRUE
260732,"chr7",137410324,137411458,1135,"*","chr7:137410324-137411458",4890,8690,0.000149301370109961,0.000369924108300201,TRUE
251693,"chr7",73537558,73538346,789,"*","chr7:73537558-73538346",4888,8378,3.54156379941384e-06,1.10260392260705e-05,TRUE
76328,"chr13",58401621,58403260,1640,"*","chr13:58401621-58403260",4887,2545,0.00226153905210953,0.00457246067955829,TRUE
11106,"chr1",120120235,120121785,1551,"*","chr1:120120235-120121785",4886,314,0.0906323788304214,0.129920267818838,FALSE
60034,"chr12",44209222,44210703,1482,"*","chr12:44209222-44210703",4886,2092,1,1,FALSE
49846,"chr11",93995063,93997801,2739,"*","chr11:93995063-93997801",4883,1674,3.84871965583639e-08,1.54443003845762e-07,TRUE
266969,"chr8",46470591,46471975,1385,"*","chr8:46470591-46471975",4880,8880,6.70607966799709e-14,5.12697222323937e-13,TRUE
41415,"chr11",43681583,43682352,770,"*","chr11:43681583-43682352",4879,1279,0.219980014942155,0.28472691553476,FALSE
3806,"chr1",46852842,46854675,1834,"*","chr1:46852842-46854675",4876,92,0.000182647017057586,0.000446351459085011,TRUE
282323,"chr9",44305460,44306229,770,"*","chr9:44305460-44306229",4874,9417,0.139145748701944,0.189953453186338,FALSE
62849,"chr12",76572434,76573889,1456,"*","chr12:76572434-76573889",4873,2162,1.08017108252316e-06,3.61503039666385e-06,TRUE
127146,"chr17",56461777,56463079,1303,"*","chr17:56461777-56463079",4869,4215,4.3847164857607e-06,1.34914353408021e-05,TRUE
186505,"chr3",123508180,123509559,1380,"*","chr3:123508180-123509559",4869,6124,0.0647877701511042,0.0963530192610116,FALSE
272767,"chr8",95807134,95808442,1309,"*","chr8:95807134-95808442",4868,9116,0.000107763303598712,0.000273510922839371,TRUE
225129,"chr5",135545172,135545975,804,"*","chr5:135545172-135545975",4865,7390,2.23824550056768e-07,8.1449981825607e-07,TRUE
73300,"chr13",42051197,42053147,1951,"*","chr13:42051197-42053147",4862,2448,3.91027589104427e-06,1.21211279945576e-05,TRUE
160048,"chr2",73386233,73387172,940,"*","chr2:73386233-73387172",4860,5280,5.18592186554506e-10,2.62180074092268e-09,TRUE
28167,"chr10",63023326,63025070,1745,"*","chr10:63023326-63025070",4858,760,7.26405493118594e-12,4.42390677904137e-11,TRUE
92007,"chr14",74731379,74732835,1457,"*","chr14:74731379-74732835",4858,3018,0.0556363714886753,0.0839160957596912,FALSE
84131,"chr14",16364243,16366316,2074,"*","chr14:16364243-16366316",4857,2751,0.0030100664726907,0.00596052766869445,TRUE
258857,"chr7",127026146,127027910,1765,"*","chr7:127026146-127027910",4855,8627,2.27203989900579e-30,7.32916096453479e-29,TRUE
188743,"chr3",142881093,142882798,1706,"*","chr3:142881093-142882798",4852,6165,1.89417601327131e-09,8.77801057279861e-09,TRUE
104621,"chr15",81465955,81466997,1043,"*","chr15:81465955-81466997",4848,3353,2.1888000549234e-09,1.00680775295465e-08,TRUE
1396,"chr1",23256012,23257267,1256,"*","chr1:23256012-23257267",4844,33,4.81069781172975e-05,0.000128559535321479,TRUE
120578,"chr17",7169352,7170490,1139,"*","chr17:7169352-7170490",4844,3897,0.00421559548456379,0.00809135409705142,TRUE
25605,"chr10",40348678,40350282,1605,"*","chr10:40348678-40350282",4843,682,1.91494911286626e-07,7.0610218026042e-07,TRUE
246879,"chr7",27195722,27196779,1058,"*","chr7:27195722-27196779",4841,8153,0.471062345468632,0.551724461781017,FALSE
42094,"chr11",48816716,48817825,1110,"*","chr11:48816716-48817825",4840,1289,3.28891675162912e-08,1.33046794159754e-07,TRUE
291517,"chr9",106367694,106369293,1600,"*","chr9:106367694-106369293",4840,9717,2.69900775895905e-06,8.60104448361712e-06,TRUE
220589,"chr5",110447926,110449313,1388,"*","chr5:110447926-110449313",4839,7213,0.00880117786644881,0.0156716130100584,TRUE
227768,"chr5",149635804,149637099,1296,"*","chr5:149635804-149637099",4834,7520,0.204754117152506,0.267722433515306,FALSE
234921,"chr6",71632671,71633825,1155,"*","chr6:71632671-71633825",4834,7710,3.95424799548882e-08,1.58296557065205e-07,TRUE
96845,"chr15",9070767,9072182,1416,"*","chr15:9070767-9072182",4833,3109,1,1,FALSE
212431,"chr5",33651902,33653051,1150,"*","chr5:33651902-33653051",4832,6988,1,1,FALSE
172477,"chr2",168080591,168081738,1148,"*","chr2:168080591-168081738",4831,5684,2.15546731656002e-09,9.92388267292829e-09,TRUE
5876,"chr1",65178176,65179660,1485,"*","chr1:65178176-65179660",4830,148,0.00118779608498947,0.0025218600530562,TRUE
161447,"chr2",84677602,84678726,1125,"*","chr2:84677602-84678726",4830,5303,1.95030377506434e-08,8.06577243616351e-08,TRUE
21571,"chr10",4386556,4387716,1161,"*","chr10:4386556-4387716",4827,597,1.1009923530484e-36,6.32754225889883e-35,TRUE
124893,"chr17",35841242,35841991,750,"*","chr17:35841242-35841991",4827,4125,5.03839398113093e-05,0.000133914917379165,TRUE
83415,"chr14",8172773,8173638,866,"*","chr14:8172773-8173638",4825,2734,0.757376213692243,0.821093033057505,FALSE
143523,"chr19",8966452,8967500,1049,"*","chr19:8966452-8967500",4825,4747,3.12194797460024e-06,9.84220672950896e-06,TRUE
39053,"chr11",20332280,20333640,1361,"*","chr11:20332280-20333640",4823,1214,6.7910173392744e-05,0.000176757348757793,TRUE
208365,"chr4",150706536,150708952,2417,"*","chr4:150706536-150708952",4823,6825,1,1,FALSE
248861,"chr7",45128770,45129456,687,"*","chr7:45128770-45129456",4823,8294,0.0051954004315481,0.00979524968240592,TRUE
14402,"chr1",151343823,151345645,1823,"*","chr1:151343823-151345645",4822,397,0.109405675361787,0.152886634099759,FALSE
51963,"chr11",103028076,103029098,1023,"*","chr11:103028076-103029098",4822,1811,5.60105042600764e-05,0.000147473681569448,TRUE
2000,"chr1",34439213,34440200,988,"*","chr1:34439213-34440200",4821,41,1.47934934982928e-05,4.23639561806781e-05,TRUE
17579,"chr1",171222335,171223098,764,"*","chr1:171222335-171223098",4820,490,0.00298053229031955,0.00590672273150921,TRUE
30912,"chr10",81544826,81545802,977,"*","chr10:81544826-81545802",4820,930,4.65294420091177e-19,5.78724403098479e-18,TRUE
17123,"chr1",168432100,168432908,809,"*","chr1:168432100-168432908",4815,478,2.64035289783885e-22,4.41530584922884e-21,TRUE
249056,"chr7",45922807,45924590,1784,"*","chr7:45922807-45924590",4814,8321,0.00520924648464164,0.00981765262842374,TRUE
21326,"chr1",195241436,195242133,698,"*","chr1:195241436-195242133",4813,596,1.08152906677115e-06,3.61715406946872e-06,TRUE
29687,"chr10",75516934,75518276,1343,"*","chr10:75516934-75518276",4813,799,7.55597933769741e-07,2.57707344396228e-06,TRUE
132236,"chr18",6135419,6137015,1597,"*","chr18:6135419-6137015",4813,4345,2.21057786397524e-07,8.05017430435264e-07,TRUE
17324,"chr1",170174440,170175558,1119,"*","chr1:170174440-170175558",4808,481,0.0022538339648823,0.00455872565712439,TRUE
249757,"chr7",52005570,52006765,1196,"*","chr7:52005570-52006765",4808,8339,0.0910514198285184,0.130446160212777,FALSE
118577,"chr16",91646838,91648595,1758,"*","chr16:91646838-91648595",4804,3836,0.387073639031282,0.467029004622686,FALSE
23366,"chr10",19591461,19592523,1063,"*","chr10:19591461-19592523",4802,634,0.117416758991384,0.162895315636519,FALSE
25498,"chr10",39731149,39733373,2225,"*","chr10:39731149-39733373",4800,673,0.000969831898835007,0.00208655744155552,TRUE
246873,"chr7",27178460,27179437,978,"*","chr7:27178460-27179437",4800,8152,1,1,FALSE
248785,"chr7",44815724,44816922,1199,"*","chr7:44815724-44816922",4800,8277,4.53855534836866e-08,1.80101402713042e-07,TRUE
57949,"chr12",25096103,25096687,585,"*","chr12:25096103-25096687",4799,2057,0.148643389616206,0.201359238168797,FALSE
231489,"chr6",37870414,37871819,1406,"*","chr6:37870414-37871819",4798,7600,0.0091108919746848,0.016165528698873,TRUE
258810,"chr7",126798965,126800265,1301,"*","chr7:126798965-126800265",4792,8621,2.21136983711518e-09,1.01625452073308e-08,TRUE
285851,"chr9",64021906,64023495,1590,"*","chr9:64021906-64023495",4792,9554,0.202372811514439,0.265233042613944,FALSE
18606,"chr1",179803065,179804255,1191,"*","chr1:179803065-179804255",4789,522,0.00910133341884773,0.0161543014179051,TRUE
153916,"chr2",26933011,26934188,1178,"*","chr2:26933011-26934188",4789,5078,3.48672253815303e-07,1.23642643196916e-06,TRUE
9849,"chr1",93635168,93636678,1511,"*","chr1:93635168-93636678",4788,279,0.132102187761904,0.181061112612259,FALSE
282265,"chr9",44078648,44079896,1249,"*","chr9:44078648-44079896",4787,9410,2.83560390800271e-05,7.84616465966439e-05,TRUE
182497,"chr3",90432970,90434140,1171,"*","chr3:90432970-90434140",4777,5938,0.0141807029025653,0.0242488079729228,TRUE
232817,"chr6",50566188,50567248,1061,"*","chr6:50566188-50567248",4777,7657,0.0470619133188726,0.0721144856249963,FALSE
246872,"chr7",27166241,27167558,1318,"*","chr7:27166241-27167558",4777,8151,0.00176181144940428,0.0036371004322962,TRUE
77969,"chr13",73692355,73693092,738,"*","chr13:73692355-73693092",4776,2590,0.166977512611741,0.223770453781481,FALSE
34858,"chr10",115384247,115385860,1614,"*","chr10:115384247-115385860",4774,1034,0.00471841849793068,0.0089601566614711,TRUE
251715,"chr7",73617790,73619186,1397,"*","chr7:73617790-73619186",4772,8383,4.84773899282421e-19,5.9996769713171e-18,TRUE
169950,"chr2",156179545,156180887,1343,"*","chr2:156179545-156180887",4770,5590,0.00195146044276982,0.0039923495146682,TRUE
110131,"chr16",13818675,13819813,1139,"*","chr16:13818675-13819813",4768,3616,0.0671738237749448,0.0993989697764795,FALSE
249887,"chr7",56049865,56050905,1041,"*","chr7:56049865-56050905",4767,8343,0.0355983197751067,0.0559898077620426,FALSE
42597,"chr11",51688410,51689478,1069,"*","chr11:51688410-51689478",4766,1320,0.702216357679096,0.770819272973761,FALSE
138288,"chr18",60525726,60526894,1169,"*","chr18:60525726-60526894",4764,4509,0.879415953115528,0.931190124010512,FALSE
193511,"chr4",41464693,41465695,1003,"*","chr4:41464693-41465695",4764,6274,0.214798711856099,0.278814527331386,FALSE
243452,"chr6",136827713,136828738,1026,"*","chr6:136827713-136828738",4764,7987,1,1,FALSE
107896,"chr15",100551555,100552459,905,"*","chr15:100551555-100552459",4763,3507,1,1,FALSE
55507,"chr11",120098528,120099764,1237,"*","chr11:120098528-120099764",4762,1956,0.0586709055342995,0.0879623771128927,FALSE
51061,"chr11",98773819,98774492,674,"*","chr11:98773819-98774492",4761,1747,3.86377305665754e-21,5.88989795222187e-20,TRUE
216498,"chr5",73255727,73257241,1515,"*","chr5:73255727-73257241",4761,7099,1,1,FALSE
293688,"chr9",119340890,119341737,848,"*","chr9:119340890-119341737",4760,9824,0.231116637669273,0.298215016347449,FALSE
107215,"chr15",97766996,97768669,1674,"*","chr15:97766996-97768669",4758,3457,4.80724292657089e-08,1.90009601840747e-07,TRUE
239590,"chr6",108456309,108459312,3004,"*","chr6:108456309-108459312",4758,7857,0.368794426571373,0.447690208604573,FALSE
55880,"chr11",121672874,121673752,879,"*","chr11:121672874-121673752",4756,2001,0.0368225725552247,0.0576975439599259,FALSE
252363,"chr7",79272513,79273537,1025,"*","chr7:79272513-79273537",4753,8391,0.00532859398925897,0.010015727358659,TRUE
124466,"chr17",33890476,33891225,750,"*","chr17:33890476-33891225",4752,4079,0.551316658933554,0.628639291828453,FALSE
259068,"chr7",128237225,128238967,1743,"*","chr7:128237225-128238967",4750,8659,0.143870226217036,0.195528983714373,FALSE
115080,"chr16",46496258,46497919,1662,"*","chr16:46496258-46497919",4748,3771,1,1,FALSE
193700,"chr4",43492642,43493960,1319,"*","chr4:43492642-43493960",4748,6292,7.59132788941745e-07,2.58736465215319e-06,TRUE
246944,"chr7",27486598,27487774,1177,"*","chr7:27486598-27487774",4748,8162,5.44406599469419e-06,1.64871774521326e-05,TRUE
637,"chr1",13372309,13374691,2383,"*","chr1:13372309-13374691",4746,20,0.00054902065704501,0.00123098802028029,TRUE
245739,"chr7",6727470,6729237,1768,"*","chr7:6727470-6729237",4744,8053,9.28024876705803e-05,0.000237955096591232,TRUE
248798,"chr7",44869047,44870428,1382,"*","chr7:44869047-44870428",4744,8280,0.012994869685916,0.0224281492680635,TRUE
101085,"chr15",57892109,57892998,890,"*","chr15:57892109-57892998",4742,3210,6.84970964172065e-05,0.000178192238338206,TRUE
271843,"chr8",90907718,90909219,1502,"*","chr8:90907718-90909219",4738,9077,7.89556892505123e-10,3.85525826418517e-09,TRUE
31429,"chr10",84916933,84917943,1011,"*","chr10:84916933-84917943",4734,950,5.27102272850876e-06,1.60213456793579e-05,TRUE
187374,"chr3",131564338,131565410,1073,"*","chr3:131564338-131565410",4733,6143,0.00411707119940335,0.00791744461423721,TRUE
102530,"chr15",68362772,68363914,1143,"*","chr15:68362772-68363914",4732,3251,3.23711722122196e-17,3.4510844575927e-16,TRUE
271528,"chr8",88696587,88697553,967,"*","chr8:88696587-88697553",4732,9067,0.323645924569875,0.400452764872402,FALSE
248959,"chr7",45567944,45568875,932,"*","chr7:45567944-45568875",4731,8307,0.00283817498279533,0.00564923364409898,TRUE
222724,"chr5",120588502,120589308,807,"*","chr5:120588502-120589308",4727,7276,5.28295157311606e-13,3.6585537209945e-12,TRUE
177666,"chr3",40949310,40950471,1162,"*","chr3:40949310-40950471",4725,5812,2.53900262042723e-34,1.08504385488343e-32,TRUE
246940,"chr7",27473324,27474064,741,"*","chr7:27473324-27474064",4725,8159,0.000140207536336879,0.000348842791720451,TRUE
105963,"chr15",88850365,88852355,1991,"*","chr15:88850365-88852355",4724,3419,0.742054644013401,0.808162321948814,FALSE
272483,"chr8",94601385,94602459,1075,"*","chr8:94601385-94602459",4722,9097,0.286223508522511,0.359036011694068,FALSE
104449,"chr15",80710722,80711549,828,"*","chr15:80710722-80711549",4719,3345,1,1,FALSE
86759,"chr14",31640635,31642422,1788,"*","chr14:31640635-31642422",4717,2845,2.26839728037852e-17,2.45497541166506e-16,TRUE
108697,"chr16",4029162,4030086,925,"*","chr16:4029162-4030086",4717,3554,5.48409263712363e-05,0.000144622696126678,TRUE
201908,"chr4",116074937,116076223,1287,"*","chr4:116074937-116076223",4717,6502,0.407496434085444,0.486853565215584,FALSE
110327,"chr16",15637091,15638212,1122,"*","chr16:15637091-15638212",4714,3623,1,1,FALSE
48506,"chr11",84869792,84871731,1940,"*","chr11:84869792-84871731",4710,1618,0.000768659291793188,0.00168270422896933,TRUE
229945,"chr6",28479741,28480688,948,"*","chr6:28479741-28480688",4707,7560,0.00285405898578064,0.00567858930716402,TRUE
122860,"chr17",26939149,26940151,1003,"*","chr17:26939149-26940151",4706,4002,3.87313899694853e-10,1.97810980436595e-09,TRUE
126926,"chr17",53478778,53480049,1272,"*","chr17:53478778-53480049",4702,4197,0.123498796773008,0.170531340476399,FALSE
133684,"chr18",21001366,21002466,1101,"*","chr18:21001366-21002466",4702,4375,2.30460948263379e-06,7.44382907827452e-06,TRUE
148100,"chr19",43524345,43525262,918,"*","chr19:43524345-43525262",4702,4890,0.00322344243998539,0.00633289280940155,TRUE
190780,"chr4",3938333,3939622,1290,"*","chr4:3938333-3939622",4702,6204,9.16105187266416e-15,7.58365221247033e-14,TRUE
14719,"chr1",152902259,152903714,1456,"*","chr1:152902259-152903714",4699,408,8.96303544341572e-20,1.21450344761731e-18,TRUE
270209,"chr8",79638910,79640655,1746,"*","chr8:79638910-79640655",4696,9009,1.571206426312e-05,4.49172791970268e-05,TRUE
169223,"chr2",152396188,152399392,3205,"*","chr2:152396188-152399392",4695,5544,0.000197498866949595,0.000479598996963562,TRUE
33009,"chr10",95514574,95515988,1415,"*","chr10:95514574-95515988",4691,992,0.694799231619094,0.76452380239777,FALSE
127933,"chr17",65612647,65614505,1859,"*","chr17:65612647-65614505",4690,4239,1,1,FALSE
33233,"chr10",96616539,96617350,812,"*","chr10:96616539-96617350",4688,998,0.000418353117078738,0.000958206864587124,TRUE
51988,"chr11",103132110,103133607,1498,"*","chr11:103132110-103133607",4687,1815,1.30190436641296e-08,5.52216535923779e-08,TRUE
75784,"chr13",55362241,55363336,1096,"*","chr13:55362241-55363336",4686,2524,0.00047259350545903,0.00107319246323485,TRUE
65999,"chr12",100187145,100188121,977,"*","chr12:100187145-100188121",4685,2249,1,1,FALSE
268104,"chr8",60982862,60984261,1400,"*","chr8:60982862-60984261",4685,8905,0.458583671925948,0.539383288550868,FALSE
18303,"chr1",178187345,178188219,875,"*","chr1:178187345-178188219",4684,515,0.37988195844773,0.459349405619987,FALSE
201975,"chr4",116556940,116558257,1318,"*","chr4:116556940-116558257",4684,6507,0.102245838201988,0.144252029066011,FALSE
52524,"chr11",106272510,106273489,980,"*","chr11:106272510-106273489",4683,1847,1.90824458970893e-10,1.00433925774154e-09,TRUE
54082,"chr11",114850167,114853301,3135,"*","chr11:114850167-114853301",4682,1884,0.000704941618593604,0.00155478963077548,TRUE
59046,"chr12",32953701,32955133,1433,"*","chr12:32953701-32955133",4682,2077,0.000567590629974954,0.00126807558081983,TRUE
253116,"chr7",82865763,82867615,1853,"*","chr7:82865763-82867615",4682,8425,0.0189365978991275,0.0314980004975508,TRUE
59719,"chr12",40037056,40038451,1396,"*","chr12:40037056-40038451",4679,2088,0.404839633857225,0.484251995606582,FALSE
67324,"chr12",108275111,108276124,1014,"*","chr12:108275111-108276124",4677,2288,4.96705557980531e-49,6.71223727000718e-47,TRUE
30628,"chr10",80433516,80434489,974,"*","chr10:80433516-80434489",4675,884,0.59345068810177,0.669355614822659,FALSE
78543,"chr13",81782954,81784161,1208,"*","chr13:81782954-81784161",4675,2610,0.271409182242543,0.342948170637532,FALSE
291597,"chr9",106891848,106892755,908,"*","chr9:106891848-106892755",4672,9726,0.0145574685926384,0.0248336209359235,TRUE
23850,"chr10",21993225,21995020,1796,"*","chr10:21993225-21995020",4668,647,0.000632002151490853,0.00140382530317826,TRUE
218485,"chr5",93266937,93268776,1840,"*","chr5:93266937-93268776",4667,7152,0.031750228136603,0.0504933653571931,FALSE
122297,"chr17",24454517,24455981,1465,"*","chr17:24454517-24455981",4666,3956,0.355988485681114,0.434768546264184,FALSE
276344,"chr8",121950065,121950982,918,"*","chr8:121950065-121950982",4666,9236,4.21233794172426e-08,1.68090101425549e-07,TRUE
5783,"chr1",64737391,64738651,1261,"*","chr1:64737391-64738651",4665,146,0.141889604507379,0.193204799165822,FALSE
188214,"chr3",138143392,138144263,872,"*","chr3:138143392-138144263",4665,6156,0.0177313446424977,0.0296808581226946,TRUE
241921,"chr6",125215270,125215984,715,"*","chr6:125215270-125215984",4664,7947,0.259282369945404,0.329004316062472,FALSE
99273,"chr15",36793504,36794823,1320,"*","chr15:36793504-36794823",4663,3167,7.01728012088513e-10,3.46019729826683e-09,TRUE
30555,"chr10",80141424,80143047,1624,"*","chr10:80141424-80143047",4662,868,0.0223916763908165,0.0367197054621457,TRUE
61228,"chr12",59011509,59012527,1019,"*","chr12:59011509-59012527",4660,2117,0.00204544627549752,0.00417779059537893,TRUE
108932,"chr16",5013319,5014081,763,"*","chr16:5013319-5014081",4660,3583,0.0849124606583773,0.122535932562262,FALSE
46465,"chr11",74837810,74839463,1654,"*","chr11:74837810-74839463",4659,1522,0.00186610870758984,0.00383027238832069,TRUE
261803,"chr7",143548484,143549651,1168,"*","chr7:143548484-143549651",4659,8736,0.104307631963315,0.146904092498601,FALSE
56619,"chr12",8921376,8922593,1218,"*","chr12:8921376-8922593",4658,2026,0.150773373901629,0.204023510015736,FALSE
12671,"chr1",133130875,133131930,1056,"*","chr1:133130875-133131930",4657,347,0.0737113936067654,0.1078282527893,FALSE
245689,"chr7",6155114,6156607,1494,"*","chr7:6155114-6156607",4656,8048,0.00348330250496597,0.00680066869380314,TRUE
263477,"chr8",13104876,13106496,1621,"*","chr8:13104876-13106496",4655,8790,1,1,FALSE
93312,"chr14",87415888,87417547,1660,"*","chr14:87415888-87417547",4654,3047,0.194939323547867,0.256471019646939,FALSE
105566,"chr15",85734750,85736057,1308,"*","chr15:85734750-85736057",4654,3406,2.0729699325381e-09,9.56166943052628e-09,TRUE
114716,"chr16",44138900,44140185,1286,"*","chr16:44138900-44140185",4654,3759,4.56016829826296e-15,3.95847942557549e-14,TRUE
283788,"chr9",53536569,53537525,957,"*","chr9:53536569-53537525",4654,9476,0.0555337548454404,0.0837865945163555,FALSE
188957,"chr3",144569711,144571170,1460,"*","chr3:144569711-144571170",4651,6169,0.56048014270154,0.637351148642443,FALSE
285768,"chr9",63757584,63758928,1345,"*","chr9:63757584-63758928",4651,9551,0.509437373181492,0.590583553421623,FALSE
11826,"chr1",127773585,127774947,1363,"*","chr1:127773585-127774947",4647,323,8.77143492281886e-09,3.80374454588849e-08,TRUE
48850,"chr11",86757395,86758504,1110,"*","chr11:86757395-86758504",4645,1636,1.09074263749883e-05,3.17630354542466e-05,TRUE
104344,"chr15",80254757,80256331,1575,"*","chr15:80254757-80256331",4645,3344,0.0125775638340662,0.0217755606545467,TRUE
241786,"chr6",124662590,124663652,1063,"*","chr6:124662590-124663652",4644,7922,3.0530969385348e-16,2.91326043753321e-15,TRUE
28109,"chr10",62650998,62651972,975,"*","chr10:62650998-62651972",4642,757,0.00503594023394292,0.0095341541725538,TRUE
47403,"chr11",78697172,78698335,1164,"*","chr11:78697172-78698335",4642,1579,1.9402496632785e-05,5.47165725684856e-05,TRUE
250798,"chr7",67644982,67645756,775,"*","chr7:67644982-67645756",4642,8365,0.0966553765147986,0.137216604932991,FALSE
269135,"chr8",70673003,70674011,1009,"*","chr8:70673003-70674011",4642,8951,9.58489630332106e-14,7.17432358033014e-13,TRUE
154701,"chr2",30415210,30416985,1776,"*","chr2:30415210-30416985",4640,5116,0.000639589885140942,0.00141815939055641,TRUE
225212,"chr5",135934067,135935411,1345,"*","chr5:135934067-135935411",4639,7400,0.000161181212533346,0.000397781867061565,TRUE
231595,"chr6",38533340,38534258,919,"*","chr6:38533340-38534258",4638,7608,0.00161920472872411,0.00336074040831073,TRUE
233815,"chr6",54992364,54993421,1058,"*","chr6:54992364-54993421",4638,7678,1.06322113785295e-05,3.09977008120394e-05,TRUE
69888,"chr13",13953997,13955244,1248,"*","chr13:13953997-13955244",4637,2360,3.91649194466289e-09,1.74687419476489e-08,TRUE
109701,"chr16",11134296,11135231,936,"*","chr16:11134296-11135231",4634,3600,0.418195344295559,0.498801698825809,FALSE
215734,"chr5",66080751,66082246,1496,"*","chr5:66080751-66082246",4631,7083,1.90626084252462e-06,6.23368490034211e-06,TRUE
155199,"chr2",32395212,32396786,1575,"*","chr2:32395212-32396786",4630,5152,0.0718100047604856,0.105385977047968,FALSE
68282,"chr12",112721178,112723106,1929,"*","chr12:112721178-112723106",4627,2323,0.0713910256837689,0.104863433730565,FALSE
73609,"chr13",43559796,43560938,1143,"*","chr13:43559796-43560938",4624,2455,1.01969433785331e-11,6.09136402540808e-11,TRUE
169832,"chr2",155517750,155518637,888,"*","chr2:155517750-155518637",4624,5582,1,1,FALSE
297812,"chrX",98936948,98938469,1522,"*","chrX:98936948-98938469",4624,9948,0.76758645123,0.830002650551471,FALSE
252598,"chr7",80231784,80233234,1451,"*","chr7:80231784-80233234",4623,8407,0.000230236431583591,0.000551068529400648,TRUE
62074,"chr12",71830714,71831856,1143,"*","chr12:71830714-71831856",4619,2142,0.000143471377029721,0.00035636208899583,TRUE
95773,"chr14",121797527,121799004,1478,"*","chr14:121797527-121799004",4619,3086,0.716938656091557,0.784568457092971,FALSE
203476,"chr4",126201947,126203315,1369,"*","chr4:126201947-126203315",4619,6580,0.0119910720893453,0.0208395413440133,TRUE
264927,"chr8",26118622,26120022,1401,"*","chr8:26118622-26120022",4618,8836,6.13806420162253e-05,0.000160598226102107,TRUE
84377,"chr14",18270663,18271738,1076,"*","chr14:18270663-18271738",4617,2755,0.00938788054000785,0.0166247835154956,TRUE
57284,"chr12",15815450,15818062,2613,"*","chr12:15815450-15818062",4616,2031,0.436765123338232,0.518600241436989,FALSE
211261,"chr5",24577027,24578054,1028,"*","chr5:24577027-24578054",4616,6933,0.00144740780324773,0.0030343979103726,TRUE
258958,"chr7",127588016,127589048,1033,"*","chr7:127588016-127589048",4616,8644,1,1,FALSE
269734,"chr8",76901637,76902641,1005,"*","chr8:76901637-76902641",4616,8999,5.47526122897324e-05,0.000144465995487421,TRUE
5749,"chr1",64532176,64533823,1648,"*","chr1:64532176-64533823",4615,143,1,1,FALSE
39114,"chr11",20631427,20633159,1733,"*","chr11:20631427-20633159",4614,1219,1.30512756302319e-09,6.17958126431432e-09,TRUE
209511,"chr4",156109331,156110417,1087,"*","chr4:156109331-156110417",4614,6890,0.000335757115778016,0.000781921555142096,TRUE
187355,"chr3",131488631,131491071,2441,"*","chr3:131488631-131491071",4613,6142,0.472863500805663,0.55344510862086,FALSE
143335,"chr19",7494060,7495197,1138,"*","chr19:7494060-7495197",4612,4727,0.0107972169245867,0.018909311601728,TRUE
210918,"chr5",21701092,21702176,1085,"*","chr5:21701092-21702176",4612,6922,0.000257642103978906,0.000610815798906843,TRUE
236390,"chr6",86471895,86473101,1207,"*","chr6:86471895-86473101",4610,7776,8.61459449665534e-17,8.77249948742907e-16,TRUE
195174,"chr4",55349536,55350375,840,"*","chr4:55349536-55350375",4609,6342,4.20088216839388e-13,2.9542068694753e-12,TRUE
279424,"chr9",21509810,21510882,1073,"*","chr9:21509810-21510882",4609,9338,0.000118200165173631,0.000297207159851947,TRUE
50808,"chr11",97702587,97703719,1133,"*","chr11:97702587-97703719",4607,1724,0.777435843887217,0.838507708206731,FALSE
113905,"chr16",36874718,36875721,1004,"*","chr16:36874718-36875721",4606,3743,0.00308240020642901,0.00609170001270555,TRUE
142771,"chr19",5087971,5089167,1197,"*","chr19:5087971-5089167",4606,4652,6.7085453363558e-05,0.000174701701467599,TRUE
42368,"chr11",50325371,50326329,959,"*","chr11:50325371-50326329",4604,1307,0.173157798546433,0.231061914259985,FALSE
240911,"chr6",117879120,117880309,1190,"*","chr6:117879120-117880309",4603,7893,0.404047831257043,0.483657925852337,FALSE
5154,"chr1",60180169,60181154,986,"*","chr1:60180169-60181154",4602,135,0.0770390684811,0.112334599709974,FALSE
196313,"chr4",63171331,63172875,1545,"*","chr4:63171331-63172875",4601,6369,0.0700299920166907,0.103167342393475,FALSE
244979,"chr6",146577322,146578596,1275,"*","chr6:146577322-146578596",4601,8011,1,1,FALSE
259020,"chr7",127925340,127926699,1360,"*","chr7:127925340-127926699",4601,8655,2.91141825276701e-06,9.21918382763462e-06,TRUE
174488,"chr3",5575875,5576878,1004,"*","chr3:5575875-5576878",4600,5737,0.00165407862589835,0.00342743188126472,TRUE
212815,"chr5",35728661,35729646,986,"*","chr5:35728661-35729646",4600,7009,0.000494644104661583,0.00111961092046533,TRUE
185973,"chr3",121425849,121428082,2234,"*","chr3:121425849-121428082",4599,6100,3.36765185751066e-06,1.05304936132291e-05,TRUE
48569,"chr11",85352536,85353498,963,"*","chr11:85352536-85353498",4597,1624,1.62984497850481e-05,4.64608032641052e-05,TRUE
48790,"chr11",86484180,86485369,1190,"*","chr11:86484180-86485369",4596,1630,9.01002146095431e-08,3.4441978061752e-07,TRUE
110909,"chr16",20097297,20098646,1350,"*","chr16:20097297-20098646",4596,3660,0.536233077854773,0.614946190200428,FALSE
45893,"chr11",70646320,70647823,1504,"*","chr11:70646320-70647823",4594,1488,2.69572053029715e-06,8.59604760936592e-06,TRUE
170852,"chr2",160645679,160646319,641,"*","chr2:160645679-160646319",4594,5614,1.73729365852772e-06,5.6960447820581e-06,TRUE
60948,"chr12",55491788,55493443,1656,"*","chr12:55491788-55493443",4593,2113,7.52286932038705e-08,2.90907552992539e-07,TRUE
154762,"chr2",30657682,30659852,2171,"*","chr2:30657682-30659852",4592,5123,0.000270482778429107,0.000639137000068778,TRUE
99580,"chr15",38300610,38301426,817,"*","chr15:38300610-38301426",4590,3178,7.77868568100577e-05,0.000201311741226857,TRUE
30586,"chr10",80260852,80262079,1228,"*","chr10:80260852-80262079",4589,877,0.456985129969427,0.537882685933883,FALSE
90276,"chr14",63177716,63178498,783,"*","chr14:63177716-63178498",4589,2972,0.0656207035259715,0.0974179090349934,FALSE
172133,"chr2",167062593,167063469,877,"*","chr2:167062593-167063469",4589,5664,7.32212684346067e-22,1.17341776337511e-20,TRUE
31753,"chr10",86778290,86779374,1085,"*","chr10:86778290-86779374",4584,967,0.593018097138883,0.669169597313115,FALSE
234607,"chr6",67036593,67038179,1587,"*","chr6:67036593-67038179",4584,7695,7.92147877245887e-06,2.35058717283646e-05,TRUE
62771,"chr12",76254907,76255725,819,"*","chr12:76254907-76255725",4583,2158,0.75176992516973,0.816608652150478,FALSE
115541,"chr16",52031116,52032380,1265,"*","chr16:52031116-52032380",4583,3777,4.99686600732484e-19,6.13865602865459e-18,TRUE
268900,"chr8",69625222,69626004,783,"*","chr8:69625222-69626004",4582,8921,0.0385845073359431,0.0602694585066277,FALSE
100176,"chr15",44618776,44619885,1110,"*","chr15:44618776-44619885",4581,3194,0.0399887117544306,0.0622101925240054,FALSE
124471,"chr17",33915861,33916657,797,"*","chr17:33915861-33916657",4578,4081,1,1,FALSE
238040,"chr6",94699556,94701165,1610,"*","chr6:94699556-94701165",4578,7835,1,1,FALSE
103835,"chr15",78405800,78407026,1227,"*","chr15:78405800-78407026",4577,3314,0.264520714973057,0.335175766564948,FALSE
127193,"chr17",56716720,56718103,1384,"*","chr17:56716720-56718103",4577,4220,0.0298436368969278,0.047795702909878,TRUE
51312,"chr11",100319710,100320835,1126,"*","chr11:100319710-100320835",4576,1762,5.13216033692629e-23,9.13195789488664e-22,TRUE
194047,"chr4",45530115,45531665,1551,"*","chr4:45530115-45531665",4575,6314,7.66456465778208e-11,4.21593215499565e-10,TRUE
205214,"chr4",134852951,134854394,1444,"*","chr4:134852951-134854394",4575,6684,3.47948622897401e-06,1.08462787686222e-05,TRUE
270777,"chr8",84104435,84105423,989,"*","chr8:84104435-84105423",4574,9032,0.00323149453471088,0.0063462186463293,TRUE
60842,"chr12",54695496,54697503,2008,"*","chr12:54695496-54697503",4573,2106,0.350393722476517,0.428668610810518,FALSE
30428,"chr10",79766661,79768109,1449,"*","chr10:79766661-79768109",4570,847,7.67487334841572e-10,3.76219281785084e-09,TRUE
122759,"chr17",26508086,26509422,1337,"*","chr17:26508086-26509422",4568,3993,1.63825546197528e-13,1.20106705423408e-12,TRUE
134701,"chr18",33213489,33214508,1020,"*","chr18:33213489-33214508",4568,4402,0.000183374203563917,0.000447690926669719,TRUE
37410,"chr11",4848933,4850028,1096,"*","chr11:4848933-4850028",4566,1159,0.0308368857110395,0.0492287447494245,TRUE
142499,"chr19",3912550,3913345,796,"*","chr19:3912550-3913345",4566,4619,0.0643372994872597,0.0957685315380466,FALSE
189926,"chr3",152395537,152397136,1600,"*","chr3:152395537-152397136",4564,6191,9.62156303189106e-07,3.23522630527608e-06,TRUE
275220,"chr8",116993164,116993992,829,"*","chr8:116993164-116993992",4562,9202,3.21405159445516e-06,1.00753968478218e-05,TRUE
5774,"chr1",64690526,64691618,1093,"*","chr1:64690526-64691618",4560,145,3.33962066132557e-07,1.18763181412716e-06,TRUE
30406,"chr10",79681409,79682425,1017,"*","chr10:79681409-79682425",4560,844,3.52570282525765e-17,3.73485468777293e-16,TRUE
88680,"chr14",52278896,52279919,1024,"*","chr14:52278896-52279919",4559,2901,1,1,FALSE
270744,"chr8",83972316,83973262,947,"*","chr8:83972316-83973262",4559,9026,0.0911895735136323,0.130606665015228,FALSE
168203,"chr2",144011040,144011831,792,"*","chr2:144011040-144011831",4557,5515,2.41960971960769e-14,1.92644085956026e-13,TRUE
88650,"chr14",52019480,52021096,1617,"*","chr14:52019480-52021096",4556,2897,0.000991601199915844,0.00212881322437923,TRUE
95224,"chr14",118937449,118938459,1011,"*","chr14:118937449-118938459",4555,3075,0.0201400291165708,0.0332673094095983,TRUE
182015,"chr3",88177606,88178511,906,"*","chr3:88177606-88178511",4553,5897,0.00122952506143801,0.00260051831945434,TRUE
124516,"chr17",34119195,34120131,937,"*","chr17:34119195-34120131",4552,4089,3.72378415596414e-23,6.74598578979011e-22,TRUE
153518,"chr2",24974858,24976347,1490,"*","chr2:24974858-24976347",4547,5047,0.000119538818939618,0.000299896685749168,TRUE
270807,"chr8",84237056,84237776,721,"*","chr8:84237056-84237776",4547,9034,1,1,FALSE
163696,"chr2",109917013,109918459,1447,"*","chr2:109917013-109918459",4543,5370,0.000112045208541553,0.000283371797019608,TRUE
213158,"chr5",36988666,36989681,1016,"*","chr5:36988666-36989681",4539,7022,2.57519546419104e-10,1.33291690693118e-09,TRUE
160469,"chr2",75658731,75660109,1379,"*","chr2:75658731-75660109",4538,5286,1.20630673260992e-15,1.10265697679152e-14,TRUE
213663,"chr5",43232482,43234397,1916,"*","chr5:43232482-43234397",4538,7030,0.0725384208573037,0.106267830145479,FALSE
30576,"chr10",80226149,80227158,1010,"*","chr10:80226149-80227158",4537,875,1.42256239750046e-12,9.42094302980437e-12,TRUE
273468,"chr8",105860325,105861169,845,"*","chr8:105860325-105861169",4537,9140,7.89312859951166e-11,4.32737313569718e-10,TRUE
241865,"chr6",124919721,124920521,801,"*","chr6:124919721-124920521",4535,7935,0.0195508338691294,0.0324549035012108,TRUE
206777,"chr4",141053326,141054410,1085,"*","chr4:141053326-141054410",4532,6745,5.57351532815885e-09,2.45097419883854e-08,TRUE
282329,"chr9",44334377,44335474,1098,"*","chr9:44334377-44335474",4532,9421,1.12416383263141e-07,4.26789609958773e-07,TRUE
256861,"chr7",113513350,113514392,1043,"*","chr7:113513350-113514392",4530,8553,0.228521197013689,0.295094520937098,FALSE
59801,"chr12",40445453,40447071,1619,"*","chr12:40445453-40447071",4528,2090,8.23122718697291e-06,2.43671615955385e-05,TRUE
247480,"chr7",30321228,30322852,1625,"*","chr7:30321228-30322852",4528,8211,0.0138502644323436,0.0237324613302666,TRUE
226271,"chr5",140830038,140831071,1034,"*","chr5:140830038-140831071",4524,7462,2.29324712348582e-05,6.40571822202743e-05,TRUE
270951,"chr8",84979731,84980798,1068,"*","chr8:84979731-84980798",4523,9049,1.26315072032565e-16,1.25064427755015e-15,TRUE
108561,"chr15",103272495,103273201,707,"*","chr15:103272495-103273201",4522,3545,0.000313206120535249,0.000733503795164517,TRUE
144868,"chr19",21271742,21273175,1434,"*","chr19:21271742-21273175",4522,4788,9.79576736418023e-16,9.02004361342562e-15,TRUE
205025,"chr4",134186838,134187671,834,"*","chr4:134186838-134187671",4521,6672,0.00293982006862577,0.00582835065151818,TRUE
30865,"chr10",81378317,81379166,850,"*","chr10:81378317-81379166",4515,920,3.83323573315134e-33,1.50914792643754e-31,TRUE
184366,"chr3",103913972,103915232,1261,"*","chr3:103913972-103915232",4515,6044,0.0839945400060516,0.121449595150451,FALSE
243123,"chr6",134919683,134920999,1317,"*","chr6:134919683-134920999",4515,7977,0.00444020562592485,0.00847044186555675,TRUE
57758,"chr12",21417190,21418182,993,"*","chr12:21417190-21418182",4514,2048,0.0392036535241844,0.0611410691269251,FALSE
136082,"chr18",42511167,42512052,886,"*","chr18:42511167-42512052",4514,4476,1.64084877887977e-08,6.85973569765791e-08,TRUE
1703,"chr1",30949117,30950573,1457,"*","chr1:30949117-30950573",4510,40,1.0770372066199e-05,3.13822029900904e-05,TRUE
293378,"chr9",118040129,118041278,1150,"*","chr9:118040129-118041278",4510,9812,0.537932621780235,0.616429415031164,FALSE
87773,"chr14",45219138,45220048,911,"*","chr14:45219138-45220048",4509,2863,1,1,FALSE
121500,"chr17",13007559,13009058,1500,"*","chr17:13007559-13009058",4509,3907,0.0304431619921782,0.0486934772747571,TRUE
213028,"chr5",36483831,36484914,1084,"*","chr5:36483831-36484914",4509,7014,0.00293269547755446,0.00581653208558997,TRUE
105953,"chr15",88819160,88819925,766,"*","chr15:88819160-88819925",4508,3416,0.208979833580641,0.272321909800157,FALSE
248521,"chr7",41632810,41634121,1312,"*","chr7:41632810-41634121",4508,8255,1.54963721855453e-08,6.5110807502291e-08,TRUE
154668,"chr2",30237130,30238446,1317,"*","chr2:30237130-30238446",4507,5112,6.957720176922e-05,0.000180813933911694,TRUE
194011,"chr4",45452642,45454097,1456,"*","chr4:45452642-45454097",4507,6310,0.587032640387335,0.66391386607932,FALSE
223094,"chr5",122314966,122315642,677,"*","chr5:122314966-122315642",4507,7296,0.00334319467798726,0.00654501698901186,TRUE
67904,"chr12",111376935,111378664,1730,"*","chr12:111376935-111378664",4504,2309,1.80345002085857e-17,1.96883190050062e-16,TRUE
13208,"chr1",135258338,135259550,1213,"*","chr1:135258338-135259550",4503,374,0.430460716985218,0.512087457750676,FALSE
235792,"chr6",83121195,83122470,1276,"*","chr6:83121195-83122470",4503,7741,1.57325651509609e-09,7.38618082204737e-09,TRUE
244397,"chr6",143166579,143168018,1440,"*","chr6:143166579-143168018",4503,8001,8.92908339946873e-06,2.63239487012639e-05,TRUE
65337,"chr12",91848949,91849704,756,"*","chr12:91848949-91849704",4502,2240,0.0115008428128931,0.0200712789055726,TRUE
18034,"chr1",175625171,175626182,1012,"*","chr1:175625171-175626182",4500,509,0.00941090681069578,0.01665647223132,TRUE
62936,"chr12",76961749,76962891,1143,"*","chr12:76961749-76962891",4496,2164,1.56271689250003e-05,4.47001399456529e-05,TRUE
142183,"chr18",84684745,84686123,1379,"*","chr18:84684745-84686123",4494,4600,0.863151259468899,0.916491037873115,FALSE
255750,"chr7",105810733,105811652,920,"*","chr7:105810733-105811652",4494,8518,0.110219647089701,0.153895067145631,FALSE
101277,"chr15",58888251,58889837,1587,"*","chr15:58888251-58889837",4492,3218,0.385296471657388,0.464996948657238,FALSE
154080,"chr2",27539927,27540726,800,"*","chr2:27539927-27540726",4490,5089,0.00019856387779138,0.000481951159687815,TRUE
232029,"chr6",42349197,42351041,1845,"*","chr6:42349197-42351041",4489,7622,0.556504597112399,0.63354348487295,FALSE
155848,"chr2",35200353,35201574,1222,"*","chr2:35200353-35201574",4486,5191,6.10894876135673e-06,1.83672542434057e-05,TRUE
51809,"chr11",102296100,102297650,1551,"*","chr11:102296100-102297650",4485,1799,7.87866830297861e-26,1.8758734054711e-24,TRUE
207027,"chr4",141793189,141794253,1065,"*","chr4:141793189-141794253",4485,6762,2.62783474370585e-20,3.76480622307429e-19,TRUE
4923,"chr1",58973064,58974382,1319,"*","chr1:58973064-58974382",4481,127,1,1,FALSE
297232,"chrX",75673904,75674805,902,"*","chrX:75673904-75674805",4480,9935,0.895997408133031,0.944547130648357,FALSE
46183,"chr11",72503284,72504952,1669,"*","chr11:72503284-72504952",4479,1501,0.0276653507355142,0.0445210021492021,TRUE
202814,"chr4",120825041,120826209,1169,"*","chr4:120825041-120826209",4479,6553,1.0708687746296e-09,5.14346193385976e-09,TRUE
140954,"chr18",76241155,76242644,1490,"*","chr18:76241155-76242644",4477,4581,1.95792892027617e-05,5.51840169187194e-05,TRUE
201936,"chr4",116220857,116221986,1130,"*","chr4:116220857-116221986",4475,6504,5.90913199316278e-07,2.04326832405352e-06,TRUE
277766,"chr8",127440340,127441662,1323,"*","chr8:127440340-127441662",4475,9290,0.110703309663314,0.154527232919199,FALSE
25768,"chr10",41518645,41520151,1507,"*","chr10:41518645-41520151",4474,690,2.67809511767954e-05,7.4308965529399e-05,TRUE
147878,"chr19",42090025,42090981,957,"*","chr19:42090025-42090981",4472,4883,0.00119681022278267,0.00253776552752898,TRUE
126227,"chr17",47736995,47738793,1799,"*","chr17:47736995-47738793",4471,4192,0.140355189891322,0.191271722392099,FALSE
182046,"chr3",88296311,88297517,1207,"*","chr3:88296311-88297517",4471,5898,0.68406608461638,0.754540133042554,FALSE
254050,"chr7",92741191,92741995,805,"*","chr7:92741191-92741995",4471,8459,0.0246110436045016,0.0400440019598138,TRUE
105533,"chr15",85669265,85672100,2836,"*","chr15:85669265-85672100",4468,3403,2.32895627142321e-08,9.55273286063661e-08,TRUE
68364,"chr12",113000327,113001398,1072,"*","chr12:113000327-113001398",4466,2326,0.108227375659108,0.151621428494127,FALSE
208444,"chr4",151044276,151045597,1322,"*","chr4:151044276-151045597",4465,6836,2.54576474713866e-19,3.28910174048922e-18,TRUE
142721,"chr19",4810988,4812260,1273,"*","chr19:4810988-4812260",4462,4644,0.0804524990493568,0.116868824882854,FALSE
208221,"chr4",150236591,150237551,961,"*","chr4:150236591-150237551",4460,6818,8.80432905471321e-19,1.06076253671243e-17,TRUE
211225,"chr5",24423418,24424187,770,"*","chr5:24423418-24424187",4460,6929,5.19840970103308e-06,1.58198712752072e-05,TRUE
223433,"chr5",123748967,123750026,1060,"*","chr5:123748967-123750026",4460,7324,8.95449874625029e-07,3.03131304883219e-06,TRUE
55590,"chr11",120349359,120350855,1497,"*","chr11:120349359-120350855",4459,1968,0.000409491993858211,0.000939632845016548,TRUE
204603,"chr4",132421751,132422937,1187,"*","chr4:132421751-132422937",4459,6634,0.625553680339422,0.700037690621556,FALSE
184000,"chr3",101603851,101605287,1437,"*","chr3:101603851-101605287",4458,6034,0.00877489927727835,0.015630387027571,TRUE
259144,"chr7",128610983,128612565,1583,"*","chr7:128610983-128612565",4458,8662,1.23535726278578e-08,5.26131713281849e-08,TRUE
36978,"chr10",128821484,128822212,729,"*","chr10:128821484-128822212",4457,1125,0.269797289681163,0.341083804906653,FALSE
180695,"chr3",79286418,79288305,1888,"*","chr3:79286418-79288305",4457,5869,0.0176299360880476,0.0295209914401333,TRUE
64910,"chr12",86888128,86889253,1126,"*","chr12:86888128-86889253",4455,2228,0.332152069881343,0.409684059228734,FALSE
89988,"chr14",61556245,61557368,1124,"*","chr14:61556245-61557368",4455,2963,1.28371514064042e-07,4.82962806862461e-07,TRUE
292613,"chr9",113930682,113931401,720,"*","chr9:113930682-113931401",4455,9801,0.00147933456036717,0.00309613763157633,TRUE
69186,"chr13",5860825,5861844,1020,"*","chr13:5860825-5861844",4454,2344,3.00141284415857e-09,1.35565169112853e-08,TRUE
206955,"chr4",141545165,141547430,2266,"*","chr4:141545165-141547430",4453,6754,6.19729920103075e-31,2.13699972449336e-29,TRUE
271598,"chr8",89042782,89044112,1331,"*","chr8:89042782-89044112",4452,9071,1.2716970872953e-13,9.4060435450836e-13,TRUE
279520,"chr9",21955452,21956416,965,"*","chr9:21955452-21956416",4450,9349,0.00814387986435394,0.0146314765798669,TRUE
29205,"chr10",70598397,70600124,1728,"*","chr10:70598397-70600124",4449,785,8.74723639567412e-17,8.87143650676888e-16,TRUE
248829,"chr7",45016129,45016717,589,"*","chr7:45016129-45016717",4448,8287,1.21652274555512e-23,2.31278088508577e-22,TRUE
258726,"chr7",126396468,126397311,844,"*","chr7:126396468-126397311",4448,8608,1.30314797213569e-05,3.76414781090609e-05,TRUE
177692,"chr3",41082798,41083834,1037,"*","chr3:41082798-41083834",4447,5813,4.00273936815579e-24,7.87940820503109e-23,TRUE
90009,"chr14",61680967,61683109,2143,"*","chr14:61680967-61683109",4446,2966,0.0128366190177321,0.0221703264554959,TRUE
54389,"chr11",116030043,116030984,942,"*","chr11:116030043-116030984",4444,1908,1.43847642170774e-12,9.51373294780248e-12,TRUE
241919,"chr6",125191464,125192680,1217,"*","chr6:125191464-125192680",4444,7946,0.189811167758919,0.250675076279607,FALSE
169954,"chr2",156196256,156197398,1143,"*","chr2:156196256-156197398",4443,5591,6.92096478290279e-23,1.20574299353707e-21,TRUE
76275,"chr13",58128193,58129732,1540,"*","chr13:58128193-58129732",4438,2542,1.69829596697793e-13,1.2414444203055e-12,TRUE
225849,"chr5",139251919,139253315,1397,"*","chr5:139251919-139253315",4437,7442,6.50862188213517e-08,2.53253769732886e-07,TRUE
192826,"chr4",32615022,32615974,953,"*","chr4:32615022-32615974",4434,6244,0.0516477355871098,0.0785158643768772,FALSE
189215,"chr3",145987543,145989021,1479,"*","chr3:145987543-145989021",4433,6180,0.313054393445878,0.388887445274382,FALSE
6717,"chr1",74036146,74037583,1438,"*","chr1:74036146-74037583",4431,172,0.0723590208445795,0.106036079783968,FALSE
194469,"chr4",47352367,47353867,1501,"*","chr4:47352367-47353867",4431,6326,0.0344747671153391,0.054347335875365,FALSE
140551,"chr18",74778328,74779546,1219,"*","chr18:74778328-74779546",4429,4569,1,1,FALSE
149619,"chr19",53599962,53601148,1187,"*","chr19:53599962-53601148",4428,4952,0.0442157128263613,0.0681289874057955,FALSE
55944,"chr12",3309570,3310652,1083,"*","chr12:3309570-3310652",4427,2004,1.85755223236967e-07,6.85443628180689e-07,TRUE
239693,"chr6",108828272,108829157,886,"*","chr6:108828272-108829157",4421,7862,0.341610508929682,0.419256883811589,FALSE
255510,"chr7",101896069,101897099,1031,"*","chr7:101896069-101897099",4419,8503,0.43883647117792,0.520530596278841,FALSE
241880,"chr6",125008710,125010133,1424,"*","chr6:125008710-125010133",4418,7938,5.14226111775305e-07,1.79673693841826e-06,TRUE
161685,"chr2",90745105,90746101,997,"*","chr2:90745105-90746101",4417,5312,1,1,FALSE
116655,"chr16",70313756,70314866,1111,"*","chr16:70313756-70314866",4416,3799,0.043768835097026,0.0675444986065215,FALSE
216420,"chr5",72913860,72915032,1173,"*","chr5:72913860-72915032",4416,7098,0.00019589543229051,0.000475936424418148,TRUE
225070,"chr5",135186655,135187850,1196,"*","chr5:135186655-135187850",4415,7389,3.88821508317018e-08,1.55777847883421e-07,TRUE
269168,"chr8",70760643,70761558,916,"*","chr8:70760643-70761558",4415,8957,0.534729958335476,0.613687186819413,FALSE
16813,"chr1",166378764,166380265,1502,"*","chr1:166378764-166380265",4414,473,3.8618483416621e-08,1.54845563017726e-07,TRUE
207026,"chr4",141790587,141791229,643,"*","chr4:141790587-141791229",4414,6761,5.85990280076008e-09,2.57013280735091e-08,TRUE
61513,"chr12",69158759,69159855,1097,"*","chr12:69158759-69159855",4413,2126,0.00521959204022609,0.00983344393411094,TRUE
135743,"chr18",38992596,38993927,1332,"*","chr18:38992596-38993927",4411,4468,0.0691797378945194,0.102125388093474,FALSE
243106,"chr6",134829577,134830816,1240,"*","chr6:134829577-134830816",4411,7973,0.551776978837463,0.628877340822274,FALSE
183968,"chr3",101506259,101508286,2028,"*","chr3:101506259-101508286",4410,6029,0.00191174465188038,0.00391750953254176,TRUE
245692,"chr7",6171657,6173032,1376,"*","chr7:6171657-6173032",4407,8049,0.00247088357359979,0.00496161360160601,TRUE
212008,"chr5",31192782,31193773,992,"*","chr5:31192782-31193773",4406,6967,0.00724546210490252,0.0131448877084589,TRUE
148666,"chr19",46152241,46152840,600,"*","chr19:46152241-46152840",4405,4919,2.75275796867258e-08,1.11991780662025e-07,TRUE
247534,"chr7",30551924,30553178,1255,"*","chr7:30551924-30553178",4405,8214,4.64743739735521e-06,1.42384724183677e-05,TRUE
45734,"chr11",69995498,69996089,592,"*","chr11:69995498-69996089",4404,1475,7.14978289779389e-15,5.99814001492776e-14,TRUE
124305,"chr17",32320675,32321922,1248,"*","chr17:32320675-32321922",4404,4062,0.00095020032895124,0.00204696322479802,TRUE
266100,"chr8",36248063,36249952,1890,"*","chr8:36248063-36249952",4404,8864,0.215513091006751,0.279451622156057,FALSE
292094,"chr9",109931364,109932265,902,"*","chr9:109931364-109932265",4404,9780,2.5465739349576e-07,9.20670258480695e-07,TRUE
107365,"chr15",98533880,98534755,876,"*","chr15:98533880-98534755",4402,3471,0.534090792539662,0.613265678376376,FALSE
123102,"chr17",27820254,27821395,1142,"*","chr17:27820254-27821395",4402,4009,2.06513484761539e-28,5.83371425880054e-27,TRUE
143487,"chr19",8741013,8742094,1082,"*","chr19:8741013-8742094",4402,4732,0.113250169174798,0.15759834285388,FALSE
30242,"chr10",78169513,78170377,865,"*","chr10:78169513-78170377",4401,836,0.658443060018672,0.73030507987874,FALSE
15282,"chr1",155972666,155974169,1504,"*","chr1:155972666-155974169",4400,428,0.17468343309392,0.232787091010021,FALSE
267257,"chr8",47713296,47714782,1487,"*","chr8:47713296-47714782",4400,8890,3.18566981293578e-15,2.82417536607782e-14,TRUE
211219,"chr5",24394167,24395111,945,"*","chr5:24394167-24395111",4398,6928,0.000933602358278886,0.00201729118037789,TRUE
54268,"chr11",115627829,115628644,816,"*","chr11:115627829-115628644",4394,1897,0.00275434546720346,0.00549111935247898,TRUE
43215,"chr11",54910259,54913444,3186,"*","chr11:54910259-54913444",4393,1351,0.00106907244924108,0.00228434284025872,TRUE
64967,"chr12",87147122,87148601,1480,"*","chr12:87147122-87148601",4391,2231,2.46606797168359e-07,8.93502888291155e-07,TRUE
290918,"chr9",102717254,102718732,1479,"*","chr9:102717254-102718732",4391,9695,0.000749213335269125,0.00164373263551805,TRUE
169681,"chr2",154602978,154604242,1265,"*","chr2:154602978-154604242",4390,5569,3.56292622557535e-05,9.71353932817706e-05,TRUE
54326,"chr11",115813351,115814458,1108,"*","chr11:115813351-115814458",4388,1901,2.07722535566485e-22,3.50882661429873e-21,TRUE
77193,"chr13",64152994,64154447,1454,"*","chr13:64152994-64154447",4385,2566,0.659419662468863,0.73122606173083,FALSE
123321,"chr17",28512566,28513360,795,"*","chr17:28512566-28513360",4385,4023,0.216896622803088,0.281099822191664,FALSE
97288,"chr15",12204730,12205622,893,"*","chr15:12204730-12205622",4384,3123,2.1564410304343e-12,1.39665869846781e-11,TRUE
48245,"chr11",83472176,83473655,1480,"*","chr11:83472176-83473655",4379,1608,1,1,FALSE
42740,"chr11",52360327,52362126,1800,"*","chr11:52360327-52362126",4378,1330,0.00814947540624912,0.0146362704853612,TRUE
43922,"chr11",59839104,59840188,1085,"*","chr11:59839104-59840188",4378,1382,0.0709683184835601,0.104349953464314,FALSE
90968,"chr14",67008345,67009429,1085,"*","chr14:67008345-67009429",4378,2989,0.00592884334770915,0.010999709364952,TRUE
78987,"chr13",91460305,91461504,1200,"*","chr13:91460305-91461504",4377,2619,1.56724387948501e-10,8.36309434090188e-10,TRUE
193415,"chr4",40947822,40948875,1054,"*","chr4:40947822-40948875",4377,6267,4.97724641325192e-19,6.12961380942355e-18,TRUE
99343,"chr15",37006947,37008056,1110,"*","chr15:37006947-37008056",4374,3173,4.23013195417421e-08,1.6866554841205e-07,TRUE
238111,"chr6",95117690,95118595,906,"*","chr6:95117690-95118595",4374,7836,0.000446767338714333,0.00101769325447456,TRUE
54879,"chr11",117653835,117655207,1373,"*","chr11:117653835-117655207",4371,1930,7.40525895680178e-15,6.19168809097139e-14,TRUE
64929,"chr12",86946864,86947777,914,"*","chr12:86946864-86947777",4371,2230,5.69334736258511e-08,2.22918847399574e-07,TRUE
176447,"chr3",30602076,30603359,1284,"*","chr3:30602076-30603359",4371,5780,0.00292815244207502,0.00580982627395837,TRUE
155250,"chr2",32534574,32535966,1393,"*","chr2:32534574-32535966",4370,5162,7.99704276615353e-17,8.18581400943418e-16,TRUE
50821,"chr11",97744251,97745625,1375,"*","chr11:97744251-97745625",4368,1725,7.30854631898334e-18,8.23034495381007e-17,TRUE
70971,"chr13",24799976,24801836,1861,"*","chr13:24799976-24801836",4368,2395,1.18260713430732e-30,3.89015504706356e-29,TRUE
103435,"chr15",76380242,76380829,588,"*","chr15:76380242-76380829",4366,3286,0.254868560198731,0.324177766724409,FALSE
51062,"chr11",98775148,98776227,1080,"*","chr11:98775148-98776227",4364,1748,3.40589915066864e-19,4.34425912075082e-18,TRUE
250157,"chr7",63924789,63926543,1755,"*","chr7:63924789-63926543",4363,8349,0.142350474250268,0.193674114626216,FALSE
5704,"chr1",64121325,64122658,1334,"*","chr1:64121325-64122658",4361,142,1.16668855211135e-05,3.38563131779266e-05,TRUE
246243,"chr7",19092731,19094781,2051,"*","chr7:19092731-19094781",4359,8094,0.245329343896661,0.313880941525923,FALSE
241893,"chr6",125088374,125090469,2096,"*","chr6:125088374-125090469",4358,7940,0.000118880813664311,0.000298545488860649,TRUE
256315,"chr7",111122132,111123240,1109,"*","chr7:111122132-111123240",4356,8539,0.000116428650395145,0.000293566945020538,TRUE
29853,"chr10",76442271,76443311,1041,"*","chr10:76442271-76443311",4355,817,1,1,FALSE
154690,"chr2",30363926,30364582,657,"*","chr2:30363926-30364582",4353,5114,0.509019479303655,0.59023594538921,FALSE
262344,"chr8",4238089,4239486,1398,"*","chr8:4238089-4239486",4352,8761,0.174199595095874,0.232346882896988,FALSE
11041,"chr1",119837009,119838029,1021,"*","chr1:119837009-119838029",4351,310,0.020081617150201,0.0331817864345688,TRUE
171494,"chr2",164878595,164880455,1861,"*","chr2:164878595-164880455",4351,5645,5.72912887032347e-11,3.19705852138586e-10,TRUE
122456,"chr17",25272688,25274606,1919,"*","chr17:25272688-25274606",4350,3973,2.00222603874131e-10,1.05158930606161e-09,TRUE
233128,"chr6",52012130,52013290,1161,"*","chr6:52012130-52013290",4350,7660,2.92440294355536e-06,9.25443969479543e-06,TRUE
295510,"chrX",18161864,18163542,1679,"*","chrX:18161864-18163542",4350,9894,9.27563572952471e-55,2.31890893238118e-52,TRUE
183046,"chr3",95818219,95820140,1922,"*","chr3:95818219-95820140",4349,5978,0.0222891405590046,0.0365635507857686,TRUE
110658,"chr16",18083342,18084281,940,"*","chr16:18083342-18084281",4348,3646,0.288250339224361,0.361306516952069,FALSE
6721,"chr1",74047370,74048330,961,"*","chr1:74047370-74048330",4347,174,1,1,FALSE
119048,"chr16",93711075,93712436,1362,"*","chr16:93711075-93712436",4346,3844,6.47922606794377e-49,8.3067000871074e-47,TRUE
61622,"chr12",69724324,69725576,1253,"*","chr12:69724324-69725576",4345,2133,0.611759366461464,0.687262641145199,FALSE
284862,"chr9",59750507,59751795,1289,"*","chr9:59750507-59751795",4345,9521,5.16507455983038e-09,2.27736973537495e-08,TRUE
291629,"chr9",107296213,107297247,1035,"*","chr9:107296213-107297247",4342,9728,0.00751388168522756,0.0135924053640151,TRUE
90628,"chr14",65343372,65344491,1120,"*","chr14:65343372-65344491",4341,2979,5.71064730779221e-13,3.93295269131695e-12,TRUE
237399,"chr6",91473109,91474221,1113,"*","chr6:91473109-91474221",4341,7818,1.24233872361978e-07,4.68100498726368e-07,TRUE
148710,"chr19",46395178,46396104,927,"*","chr19:46395178-46396104",4340,4923,0.154836627698827,0.208899929437166,FALSE
9445,"chr1",91459144,91459986,843,"*","chr1:91459144-91459986",4339,265,0.00898886461069928,0.0159773633322063,TRUE
30666,"chr10",80590195,80590996,802,"*","chr10:80590195-80590996",4339,887,9.02247978493609e-33,3.47018453266773e-31,TRUE
134509,"chr18",31759302,31760910,1609,"*","chr18:31759302-31760910",4338,4391,0.157866530156653,0.212700795145045,FALSE
6854,"chr1",74587534,74588644,1111,"*","chr1:74587534-74588644",4337,188,0.860509616564969,0.914243347901759,FALSE
290636,"chr9",100545530,100546642,1113,"*","chr9:100545530-100546642",4337,9687,0.567392153475551,0.644031956271908,FALSE
30807,"chr10",81182647,81183505,859,"*","chr10:81182647-81183505",4335,912,0.207181958783103,0.270260838485655,FALSE
206169,"chr4",138453488,138455631,2144,"*","chr4:138453488-138455631",4335,6724,0.0808501903020472,0.117378325061044,FALSE
104664,"chr15",81729480,81730492,1013,"*","chr15:81729480-81730492",4334,3359,1.73897490847942e-06,5.69782080104659e-06,TRUE
124763,"chr17",35240891,35242557,1667,"*","chr17:35240891-35242557",4333,4113,0.0509260111062997,0.077536557713611,FALSE
36016,"chr10",122096693,122098045,1353,"*","chr10:122096693-122098045",4331,1061,0.00100056375422235,0.00214713251979045,TRUE
247459,"chr7",30231485,30232616,1132,"*","chr7:30231485-30232616",4329,8208,1.82110689690229e-05,5.1560217919091e-05,TRUE
131287,"chr17",87106899,87108100,1202,"*","chr17:87106899-87108100",4328,4322,3.62210868693442e-16,3.4300271656576e-15,TRUE
39535,"chr11",23305688,23307473,1786,"*","chr11:23305688-23307473",4326,1234,1.42301547333866e-08,6.00935588403152e-08,TRUE
157945,"chr2",59160134,59162262,2129,"*","chr2:59160134-59162262",4321,5237,0.754711607726951,0.819092259308608,FALSE
45536,"chr11",69096708,69097542,835,"*","chr11:69096708-69097542",4318,1440,5.07341112573705e-30,1.60550984991679e-28,TRUE
108895,"chr16",4879516,4881090,1575,"*","chr16:4879516-4881090",4318,3576,0.0719058233706772,0.105495632879515,FALSE
114720,"chr16",44172483,44173954,1472,"*","chr16:44172483-44173954",4317,3760,0.000311466641185588,0.000730114020594441,TRUE
185935,"chr3",121291425,121292426,1002,"*","chr3:121291425-121292426",4316,6099,9.56905989349656e-17,9.54995997354946e-16,TRUE
78694,"chr13",85288553,85289922,1370,"*","chr13:85288553-85289922",4315,2613,0.943595290711023,0.988057896032485,FALSE
20654,"chr1",191575051,191576421,1371,"*","chr1:191575051-191576421",4314,577,0.000182393797379984,0.000445950604841036,TRUE
149553,"chr19",53390060,53391175,1116,"*","chr19:53390060-53391175",4311,4950,0.0033291657300988,0.00652266012950392,TRUE
233767,"chr6",54816522,54817938,1417,"*","chr6:54816522-54817938",4311,7676,0.000160031596027846,0.000395139743278632,TRUE
287174,"chr9",70678585,70679945,1361,"*","chr9:70678585-70679945",4311,9597,6.1843675429902e-18,7.0436987961164e-17,TRUE
132367,"chr18",7626409,7627435,1027,"*","chr18:7626409-7627435",4310,4350,0.326938207169058,0.40392578354112,FALSE
269213,"chr8",70897256,70898475,1220,"*","chr8:70897256-70898475",4310,8965,7.70798244886186e-08,2.96917659817483e-07,TRUE
153996,"chr2",27246867,27247849,983,"*","chr2:27246867-27247849",4309,5082,0.625453537454283,0.700037690621556,FALSE
269157,"chr8",70723449,70724495,1047,"*","chr8:70723449-70724495",4307,8955,8.13270279866606e-13,5.5324508834463e-12,TRUE
225531,"chr5",137348103,137350663,2561,"*","chr5:137348103-137350663",4305,7417,5.70054908312702e-06,1.7232615124326e-05,TRUE
291704,"chr9",107553886,107555613,1728,"*","chr9:107553886-107555613",4304,9735,3.51838771604096e-13,2.48825156721426e-12,TRUE
78157,"chr13",75707181,75708726,1546,"*","chr13:75707181-75708726",4298,2601,0.101671279945346,0.14356294824251,FALSE
87326,"chr14",34673457,34674682,1226,"*","chr14:34673457-34674682",4298,2857,1.18984783731503e-07,4.5035875750001e-07,TRUE
234765,"chr6",70791637,70792680,1044,"*","chr6:70791637-70792680",4298,7699,0.00289643443235226,0.00575374340951978,TRUE
278251,"chr9",7763620,7764741,1122,"*","chr9:7763620-7764741",4298,9298,0.451730766504762,0.533204398612797,FALSE
25016,"chr10",34019085,34020167,1083,"*","chr10:34019085-34020167",4297,667,1.21599703315652e-05,3.5205472876564e-05,TRUE
45714,"chr11",69900568,69902120,1553,"*","chr11:69900568-69902120",4297,1467,4.01292678478053e-08,1.60388760382915e-07,TRUE
178142,"chr3",51276095,51277911,1817,"*","chr3:51276095-51277911",4297,5822,0.00176714095632568,0.00364509273169489,TRUE
211,"chr1",7397734,7398644,911,"*","chr1:7397734-7398644",4296,6,0.000352391898203099,0.000817235385443179,TRUE
16406,"chr1",164248612,164249608,997,"*","chr1:164248612-164249608",4295,454,3.4135843269962e-06,1.06541333551692e-05,TRUE
213023,"chr5",36464621,36465504,884,"*","chr5:36464621-36465504",4295,7013,1,1,FALSE
155018,"chr2",31688084,31688863,780,"*","chr2:31688084-31688863",4294,5139,1.43561396755803e-06,4.74740068636914e-06,TRUE
164933,"chr2",119476495,119478597,2103,"*","chr2:119476495-119478597",4294,5406,0.700583855423292,0.769534111844565,FALSE
183120,"chr3",96159988,96162778,2791,"*","chr3:96159988-96162778",4294,5987,0.340727093623491,0.418355608494701,FALSE
140703,"chr18",75366493,75367893,1401,"*","chr18:75366493-75367893",4291,4574,2.53414035980166e-08,1.03434300400068e-07,TRUE
269177,"chr8",70792214,70793316,1103,"*","chr8:70792214-70793316",4289,8960,0.112338834100802,0.156547985090304,FALSE
182139,"chr3",88685421,88686592,1172,"*","chr3:88685421-88686592",4288,5910,0.416909297074467,0.497386419797742,FALSE
9888,"chr1",93803642,93804651,1010,"*","chr1:93803642-93804651",4287,282,0.0410167204325041,0.0636115391322955,FALSE
184050,"chr3",101805468,101806713,1246,"*","chr3:101805468-101806713",4287,6036,2.49638217527675e-09,1.13782232236862e-08,TRUE
104764,"chr15",82146707,82147736,1030,"*","chr15:82146707-82147736",4286,3377,0.000119214556120012,0.000299233323594408,TRUE
148509,"chr19",45363487,45364413,927,"*","chr19:45363487-45364413",4286,4910,0.17467293466748,0.232787091010021,FALSE
253889,"chr7",90475857,90476927,1071,"*","chr7:90475857-90476927",4285,8454,0.512319882365418,0.593237473790433,FALSE
6951,"chr1",75214433,75215357,925,"*","chr1:75214433-75215357",4284,201,8.53022613081811e-05,0.000219624771648252,TRUE
153340,"chr2",23067918,23069707,1790,"*","chr2:23067918-23069707",4284,5040,3.65013655719084e-12,2.30711951553819e-11,TRUE
139313,"chr18",65430483,65431618,1136,"*","chr18:65430483-65431618",4281,4538,0.0365757373217259,0.0573467189114549,FALSE
182284,"chr3",89418086,89419421,1336,"*","chr3:89418086-89419421",4281,5925,0.000104835678928856,0.000266893276295458,TRUE
30706,"chr10",80742114,80742887,774,"*","chr10:80742114-80742887",4280,897,3.20295768324298e-06,1.00532256222316e-05,TRUE
207334,"chr4",143161761,143162748,988,"*","chr4:143161761-143162748",4280,6771,0.000209058167380479,0.000504727589040268,TRUE
278081,"chr9",4376072,4377065,994,"*","chr9:4376072-4377065",4280,9296,8.52225228574909e-11,4.65696846215797e-10,TRUE
254077,"chr7",92874251,92875566,1316,"*","chr7:92874251-92875566",4278,8460,9.38254080741745e-06,2.75794850306216e-05,TRUE
54388,"chr11",116023963,116025048,1086,"*","chr11:116023963-116025048",4277,1907,0.100268794931436,0.141742712653995,FALSE
104644,"chr15",81584954,81586718,1765,"*","chr15:81584954-81586718",4277,3356,1.78505631044992e-29,5.3766756338853e-28,TRUE
237180,"chr6",90507735,90508832,1098,"*","chr6:90507735-90508832",4275,7810,0.0665782025521517,0.0985467770162103,FALSE
4874,"chr1",58711261,58713589,2329,"*","chr1:58711261-58713589",4274,123,0.623438777962137,0.698296122269419,FALSE
124469,"chr17",33908807,33909816,1010,"*","chr17:33908807-33909816",4274,4080,0.00234305602388529,0.00472390327396229,TRUE
177397,"chr3",38484384,38485486,1103,"*","chr3:38484384-38485486",4274,5807,1.98376025016417e-06,6.465972132217e-06,TRUE
33740,"chr10",100486939,100487951,1013,"*","chr10:100486939-100487951",4273,1008,4.76486179677422e-14,3.71095155512011e-13,TRUE
234070,"chr6",57534998,57536121,1124,"*","chr6:57534998-57536121",4273,7685,1.30753770267402e-24,2.71273382297515e-23,TRUE
191309,"chr4",9668658,9669720,1063,"*","chr4:9668658-9669720",4272,6210,0.000204427297368963,0.000494024401568302,TRUE
269173,"chr8",70776525,70777590,1066,"*","chr8:70776525-70777590",4272,8959,0.0732849766644479,0.10723584528014,FALSE
207594,"chr4",148038461,148039646,1186,"*","chr4:148038461-148039646",4271,6785,1.67528846640564e-05,4.77290161369127e-05,TRUE
278267,"chr9",7836559,7837682,1124,"*","chr9:7836559-7837682",4270,9299,0.0398364738835625,0.0620699187964514,FALSE
279862,"chr9",25151109,25152434,1326,"*","chr9:25151109-25152434",4267,9363,0.189907099806913,0.25073554239096,FALSE
119548,"chr16",96127431,96128484,1054,"*","chr16:96127431-96128484",4266,3860,1.07252016780394e-16,1.06824717908759e-15,TRUE
149086,"chr19",47730819,47732368,1550,"*","chr19:47730819-47732368",4266,4944,5.13888658007403e-09,2.26782285087115e-08,TRUE
30919,"chr10",81570695,81572111,1417,"*","chr10:81570695-81572111",4265,933,0.000110118229077149,0.000278921552880316,TRUE
45607,"chr11",69418698,69419372,675,"*","chr11:69418698-69419372",4265,1452,3.03137364251285e-27,8.01950699077475e-26,TRUE
111013,"chr16",20717275,20718315,1041,"*","chr16:20717275-20718315",4265,3669,1,1,FALSE
137293,"chr18",53744431,53745439,1009,"*","chr18:53744431-53745439",4264,4496,0.00554522790642233,0.0103736813112019,TRUE
70184,"chr13",17804798,17805868,1071,"*","chr13:17804798-17805868",4263,2367,2.17088241733052e-15,1.94175529278222e-14,TRUE
15838,"chr1",160212373,160213652,1280,"*","chr1:160212373-160213652",4261,437,4.23512929515617e-09,1.88731252012307e-08,TRUE
30662,"chr10",80577358,80578926,1569,"*","chr10:80577358-80578926",4261,886,5.6877590651618e-09,2.49682136310878e-08,TRUE
108575,"chr15",103304047,103306465,2419,"*","chr15:103304047-103306465",4260,3546,0.0700692166711615,0.10319472263794,FALSE
128654,"chr17",71001911,71003247,1337,"*","chr17:71001911-71003247",4260,4255,2.01141201676597e-07,7.3772735514141e-07,TRUE
214058,"chr5",45857206,45858287,1082,"*","chr5:45857206-45858287",4260,7038,6.34257643773729e-10,3.15701422251579e-09,TRUE
973,"chr1",16656595,16657799,1205,"*","chr1:16656595-16657799",4256,26,4.30152210265561e-20,6.0414636273253e-19,TRUE
279542,"chr9",22070507,22071756,1250,"*","chr9:22070507-22071756",4256,9353,1.28220502388761e-10,6.90099582286121e-10,TRUE
212428,"chr5",33629229,33630207,979,"*","chr5:33629229-33630207",4254,6987,2.22192142060338e-14,1.78038575368861e-13,TRUE
34178,"chr10",108331797,108333756,1960,"*","chr10:108331797-108333756",4253,1013,5.42235464030674e-14,4.18391561752063e-13,TRUE
108920,"chr16",4964040,4964897,858,"*","chr16:4964040-4964897",4253,3582,0.0690233713196136,0.101924647548159,FALSE
895,"chr1",16104260,16106651,2392,"*","chr1:16104260-16106651",4251,24,5.50095563265137e-09,2.42119526085008e-08,TRUE
36880,"chr10",128303039,128304236,1198,"*","chr10:128303039-128304236",4251,1103,0.311666944594667,0.387356381549424,FALSE
69407,"chr13",9093548,9094976,1429,"*","chr13:9093548-9094976",4250,2350,1.46602267883634e-36,8.23608246537268e-35,TRUE
112741,"chr16",31199786,31201718,1933,"*","chr16:31199786-31201718",4249,3709,0.000820318676781934,0.00179088937172682,TRUE
160136,"chr2",73892005,73893339,1335,"*","chr2:73892005-73893339",4248,5281,1.87775274140702e-09,8.72561682809954e-09,TRUE
30858,"chr10",81350286,81351197,912,"*","chr10:81350286-81351197",4247,918,1,1,FALSE
142921,"chr19",5803228,5804086,859,"*","chr19:5803228-5804086",4247,4674,6.71944809784298e-28,1.8259369831095e-26,TRUE
201366,"chr4",109676190,109677257,1068,"*","chr4:109676190-109677257",4246,6484,1,1,FALSE
104811,"chr15",82345924,82346691,768,"*","chr15:82345924-82346691",4245,3380,2.42068026012567e-09,1.10432493618872e-08,TRUE
103454,"chr15",76511642,76512524,883,"*","chr15:76511642-76512524",4241,3288,0.00211970694520663,0.00431191414550654,TRUE
112402,"chr16",30008143,30010132,1990,"*","chr16:30008143-30010132",4237,3696,0.913315429639275,0.958760686163421,FALSE
48389,"chr11",84179280,84180600,1321,"*","chr11:84179280-84180600",4236,1613,9.71763623778018e-06,2.85141908385569e-05,TRUE
180761,"chr3",79567377,79568566,1190,"*","chr3:79567377-79568566",4234,5871,3.38223682459854e-13,2.39535185878083e-12,TRUE
176779,"chr3",32736423,32737574,1152,"*","chr3:32736423-32737574",4233,5791,0.274571265407787,0.346243714259505,FALSE
221796,"chr5",115543432,115544480,1049,"*","chr5:115543432-115544480",4233,7252,7.47458127253872e-05,0.000193742386535477,TRUE
9734,"chr1",92934196,92935072,877,"*","chr1:92934196-92935072",4232,273,3.1099496621658e-09,1.40214141666628e-08,TRUE
165288,"chr2",121955742,121957139,1398,"*","chr2:121955742-121957139",4232,5426,0.0260071354375645,0.0420827434264798,TRUE
171472,"chr2",164804654,164805550,897,"*","chr2:164804654-164805550",4232,5642,0.00806011971979684,0.0144914054652946,TRUE
70738,"chr13",23738406,23740390,1985,"*","chr13:23738406-23740390",4230,2389,0.0002338903712061,0.000559011403456261,TRUE
222272,"chr5",118244885,118245652,768,"*","chr5:118244885-118245652",4229,7269,0.146873347230177,0.199069323976928,FALSE
207551,"chr4",147868107,147869170,1064,"*","chr4:147868107-147869170",4228,6783,8.33457738442566e-06,2.46439307641208e-05,TRUE
32266,"chr10",91123438,91124553,1116,"*","chr10:91123438-91124553",4225,975,3.04675107005376e-24,6.09350214010752e-23,TRUE
175363,"chr3",19187623,19188833,1211,"*","chr3:19187623-19188833",4224,5759,0.00141464569956394,0.00297069655515317,TRUE
257301,"chr7",116307042,116309177,2136,"*","chr7:116307042-116309177",4224,8561,0.0253391101709046,0.0410948916167769,TRUE
55626,"chr11",120491414,120493190,1777,"*","chr11:120491414-120493190",4223,1973,0.954291726638785,0.998004315664908,FALSE
9825,"chr1",93511640,93512736,1097,"*","chr1:93511640-93512736",4221,278,0.023748798106229,0.0387040386346626,TRUE
105969,"chr15",88867227,88868576,1350,"*","chr15:88867227-88868576",4221,3423,0.493830144180452,0.574510737920356,FALSE
136881,"chr18",49755309,49756235,927,"*","chr18:49755309-49756235",4221,4487,0.0625934606465962,0.0934509714042941,FALSE
105943,"chr15",88751152,88752365,1214,"*","chr15:88751152-88752365",4220,3415,2.52096561528575e-24,5.10316926171204e-23,TRUE
128496,"chr17",69382594,69384499,1906,"*","chr17:69382594-69384499",4220,4250,0.00184978710470472,0.00379999868258873,TRUE
188154,"chr3",137864009,137864830,822,"*","chr3:137864009-137864830",4218,6155,1.22554741940999e-11,7.26896452793589e-11,TRUE
202003,"chr4",116720603,116721496,894,"*","chr4:116720603-116721496",4216,6513,1.6280961747431e-05,4.64374265471507e-05,TRUE
108092,"chr15",101246112,101247237,1126,"*","chr15:101246112-101247237",4214,3519,2.84709945026263e-11,1.64192586520336e-10,TRUE
230213,"chr6",29767970,29769368,1399,"*","chr6:29767970-29769368",4214,7568,1.40555010827017e-12,9.320624060147e-12,TRUE
37752,"chr11",6415454,6416952,1499,"*","chr11:6415454-6416952",4213,1183,2.30282517440122e-11,1.3388518455821e-10,TRUE
271903,"chr8",91313135,91313989,855,"*","chr8:91313135-91313989",4213,9081,6.03984921328362e-23,1.06335373473303e-21,TRUE
92931,"chr14",79480840,79482721,1882,"*","chr14:79480840-79482721",4212,3042,0.000318400955038964,0.00074392746504431,TRUE
139706,"chr18",67724035,67725092,1058,"*","chr18:67724035-67725092",4212,4545,3.62665345871852e-19,4.60235210497274e-18,TRUE
183386,"chr3",97756538,97757473,936,"*","chr3:97756538-97757473",4210,6011,0.747472237793826,0.812709269229645,FALSE
64658,"chr12",85824399,85825453,1055,"*","chr12:85824399-85825453",4208,2219,0.000464265698328415,0.0010561094138499,TRUE
246253,"chr7",19131357,19132010,654,"*","chr7:19131357-19132010",4207,8096,0.00543321582219832,0.0101898271234027,TRUE
108307,"chr15",102203024,102204518,1495,"*","chr15:102203024-102204518",4206,3529,2.13571354515316e-13,1.53885801363441e-12,TRUE
149444,"chr19",53038193,53039153,961,"*","chr19:53038193-53039153",4206,4946,0.00311553182409484,0.00614261006327847,TRUE
175436,"chr3",19628033,19629559,1527,"*","chr3:19628033-19629559",4206,5761,2.61796131240808e-06,8.36944153583146e-06,TRUE
226768,"chr5",143731820,143732920,1101,"*","chr5:143731820-143732920",4206,7478,8.80603199315204e-17,8.91298784731988e-16,TRUE
61252,"chr12",59218933,59220409,1477,"*","chr12:59218933-59220409",4205,2121,0.799160385658523,0.857652270507108,FALSE
193723,"chr4",43561623,43562960,1338,"*","chr4:43561623-43562960",4204,6296,2.50612002575416e-11,1.45030094082996e-10,TRUE
279580,"chr9",22327146,22328628,1483,"*","chr9:22327146-22328628",4204,9359,0.538142879322207,0.616429415031164,FALSE
57581,"chr12",17544273,17545713,1441,"*","chr12:17544273-17545713",4202,2038,2.37320663604691e-26,5.78830886840709e-25,TRUE
88801,"chr14",54253692,54254489,798,"*","chr14:54253692-54254489",4202,2903,0.0336854382451894,0.0532323613229921,FALSE
32282,"chr10",91181329,91182525,1197,"*","chr10:91181329-91182525",4200,977,3.10144043539249e-07,1.10844904767423e-06,TRUE
181711,"chr3",86223690,86225361,1672,"*","chr3:86223690-86225361",4200,5888,0.0751764669310314,0.109778719233399,FALSE
13804,"chr1",138619137,138620496,1360,"*","chr1:138619137-138620496",4199,386,0.0729326916263581,0.106777064101772,FALSE
45606,"chr11",69417446,69418548,1103,"*","chr11:69417446-69418548",4199,1451,1.04882855487236e-36,6.09784043530442e-35,TRUE
164705,"chr2",118388177,118389177,1001,"*","chr2:118388177-118389177",4199,5388,0.00267837769961719,0.00535461355381286,TRUE
230816,"chr6",33059462,33060741,1280,"*","chr6:33059462-33060741",4199,7582,1.6273932886004e-14,1.31879520956272e-13,TRUE
48533,"chr11",85139750,85140648,899,"*","chr11:85139750-85140648",4197,1621,6.43445716819796e-49,8.3067000871074e-47,TRUE
136058,"chr18",42275031,42276060,1030,"*","chr18:42275031-42276060",4196,4475,0.107528350715194,0.150811151073204,FALSE
179168,"chr3",57575019,57577010,1992,"*","chr3:57575019-57577010",4193,5838,0.00317358671067037,0.00624721793439049,TRUE
85842,"chr14",26637420,26638723,1304,"*","chr14:26637420-26638723",4192,2810,0.000444357222498531,0.00101312636228575,TRUE
131505,"chr17",88065628,88066871,1244,"*","chr17:88065628-88066871",4192,4331,0.131872635016226,0.180845632221923,FALSE
139151,"chr18",64887065,64888357,1293,"*","chr18:64887065-64888357",4192,4534,0.0413787031939296,0.0640934064342156,FALSE
29954,"chr10",76961743,76962547,805,"*","chr10:76961743-76962547",4191,819,2.76813989259729e-19,3.53982083452339e-18,TRUE
186211,"chr3",122244922,122246532,1611,"*","chr3:122244922-122246532",4189,6114,2.3232038554316e-09,1.06276480120384e-08,TRUE
239508,"chr6",108212270,108213515,1246,"*","chr6:108212270-108213515",4189,7852,0.000227206680835356,0.000544337999126392,TRUE
250147,"chr7",63896526,63897803,1278,"*","chr7:63896526-63897803",4188,8346,1.94663366884154e-07,7.16728154949022e-07,TRUE
110183,"chr16",14159040,14160088,1049,"*","chr16:14159040-14160088",4187,3620,7.80616152207309e-82,7.80616152207309e-79,TRUE
36886,"chr10",128337426,128338366,941,"*","chr10:128337426-128338366",4185,1105,2.27738184315412e-08,9.35654002939244e-08,TRUE
153015,"chr2",19657240,19658930,1691,"*","chr2:19657240-19658930",4185,5034,5.97948538578201e-15,5.09325842059796e-14,TRUE
86634,"chr14",31128185,31129418,1234,"*","chr14:31128185-31129418",4183,2840,0.0222117117587277,0.0364484932043448,TRUE
49629,"chr11",90249101,90250116,1016,"*","chr11:90249101-90250116",4182,1665,0.0010479157564581,0.00224393095601307,TRUE
298978,"chrX",136741276,136742390,1115,"*","chrX:136741276-136742390",4181,9966,2.85066914124683e-06,9.04974330554549e-06,TRUE
43766,"chr11",59163186,59164167,982,"*","chr11:59163186-59164167",4180,1373,1.10680432268495e-15,1.01355707205582e-14,TRUE
143266,"chr19",7217265,7218112,848,"*","chr19:7217265-7218112",4179,4721,0.00979908092064272,0.0172823296660365,TRUE
64559,"chr12",85455042,85455972,931,"*","chr12:85455042-85455972",4178,2215,8.69438463997132e-10,4.21648139668832e-09,TRUE
51589,"chr11",101442100,101442731,632,"*","chr11:101442100-101442731",4177,1787,0.0011934626322734,0.00253174084063089,TRUE
197637,"chr4",82505383,82507457,2075,"*","chr4:82505383-82507457",4174,6385,7.79355906996844e-08,2.9952187048303e-07,TRUE
134988,"chr18",34954027,34955541,1515,"*","chr18:34954027-34955541",4171,4420,7.20791083937186e-12,4.40043396787049e-11,TRUE
30493,"chr10",79959703,79960478,776,"*","chr10:79959703-79960478",4170,858,1.48259773657873e-16,1.4592497407271e-15,TRUE
193391,"chr4",40853522,40854804,1283,"*","chr4:40853522-40854804",4170,6265,1.40855924218053e-16,1.38911167867902e-15,TRUE
281317,"chr9",37207963,37208686,724,"*","chr9:37207963-37208686",4169,9385,0.00788657825812634,0.0141947052882044,TRUE
18827,"chr1",180850544,180851429,886,"*","chr1:180850544-180851429",4168,534,8.9898586566385e-30,2.79188157038463e-28,TRUE
206474,"chr4",139622543,139623392,850,"*","chr4:139622543-139623392",4167,6738,0.00244540535269153,0.00491519732071359,TRUE
228698,"chr6",8509081,8510566,1486,"*","chr6:8509081-8510566",4167,7538,4.66264046314508e-05,0.000124803010255489,TRUE
123583,"chr17",29489887,29491150,1264,"*","chr17:29489887-29491150",4166,4040,1.21228582933728e-26,3.06132785186181e-25,TRUE
210789,"chr5",21054584,21056727,2144,"*","chr5:21054584-21056727",4166,6919,0.00333916706752974,0.00653969265086123,TRUE
259033,"chr7",127966705,127968774,2070,"*","chr7:127966705-127968774",4166,8657,2.90762028452541e-13,2.07390890479701e-12,TRUE
15938,"chr1",161034425,161035485,1061,"*","chr1:161034425-161035485",4165,440,4.230751064569e-10,2.15634610834302e-09,TRUE
143038,"chr19",6276114,6277230,1117,"*","chr19:6276114-6277230",4165,4693,2.75122201385718e-19,3.5272077100733e-18,TRUE
96225,"chr15",5116115,5116969,855,"*","chr15:5116115-5116969",4164,3103,0.0237080528588754,0.0386880758140917,TRUE
248928,"chr7",45459175,45460336,1162,"*","chr7:45459175-45460336",4164,8303,2.786127948853e-29,8.29204746682441e-28,TRUE
55449,"chr11",119942112,119943409,1298,"*","chr11:119942112-119943409",4163,1954,6.40443229617186e-15,5.44594583007811e-14,TRUE
246206,"chr7",18910118,18911024,907,"*","chr7:18910118-18911024",4163,8089,0.888072185127352,0.938423664333084,FALSE
63145,"chr12",78748362,78750011,1650,"*","chr12:78748362-78750011",4162,2170,0.00159928920976052,0.00332492559201772,TRUE
36563,"chr10",126978307,126979194,888,"*","chr10:126978307-126979194",4161,1071,8.93811430157494e-17,8.99206670178565e-16,TRUE
30601,"chr10",80329400,80330425,1026,"*","chr10:80329400-80330425",4158,882,6.26252253406332e-52,1.15972639519691e-49,TRUE
45593,"chr11",69395225,69396630,1406,"*","chr11:69395225-69396630",4158,1447,0.497163129935836,0.577827905550716,FALSE
142209,"chr18",84850879,84851726,848,"*","chr18:84850879-84851726",4158,4601,1,1,FALSE
281112,"chr9",35210739,35211688,950,"*","chr9:35210739-35211688",4158,9380,0.00223480850028629,0.00452573612856681,TRUE
225576,"chr5",137600398,137601520,1123,"*","chr5:137600398-137601520",4156,7420,0.151207569258016,0.204555694342554,FALSE
26006,"chr10",42501794,42503276,1483,"*","chr10:42501794-42503276",4155,703,0.308756549777008,0.384025559424139,FALSE
51549,"chr11",101259087,101261107,2021,"*","chr11:101259087-101261107",4154,1780,8.66833711537666e-06,2.56005230814432e-05,TRUE
30524,"chr10",80053298,80054551,1254,"*","chr10:80053298-80054551",4153,864,6.8909382382846e-09,3.00651755597059e-08,TRUE
142619,"chr19",4396787,4398441,1655,"*","chr19:4396787-4398441",4153,4636,2.31982406901172e-36,1.28879114945096e-34,TRUE
258949,"chr7",127470544,127472033,1490,"*","chr7:127470544-127472033",4153,8640,0.553348864709364,0.630381481783281,FALSE
199047,"chr4",95966914,95967952,1039,"*","chr4:95966914-95967952",4152,6413,9.0025837746416e-09,3.89385111359931e-08,TRUE
212571,"chr5",34573374,34574289,916,"*","chr5:34573374-34574289",4150,7000,0.00175319608625749,0.00362080976096136,TRUE
124177,"chr17",31855379,31857130,1752,"*","chr17:31855379-31857130",4149,4054,4.87867008130116e-49,6.71223727000718e-47,TRUE
77485,"chr13",69534259,69535710,1452,"*","chr13:69534259-69535710",4147,2583,2.10347442508967e-10,1.10360672879836e-09,TRUE
162997,"chr2",103484744,103486130,1387,"*","chr2:103484744-103486130",4147,5355,0.242565906357238,0.311141490966185,FALSE
240106,"chr6",113482757,113484109,1353,"*","chr6:113482757-113484109",4147,7873,1.8084135020411e-08,7.49756841642246e-08,TRUE
163081,"chr2",103795934,103798238,2305,"*","chr2:103795934-103798238",4146,5358,0.025707836717082,0.0416388673746065,TRUE
269251,"chr8",71371335,71372030,696,"*","chr8:71371335-71372030",4146,8968,0.000240606222595234,0.000574787918287706,TRUE
18336,"chr1",178405582,178407170,1589,"*","chr1:178405582-178407170",4145,520,0.135859475503605,0.18580344024016,FALSE
196095,"chr4",62360308,62361085,778,"*","chr4:62360308-62361085",4144,6360,0.000654677315911011,0.00144840114139604,TRUE
241811,"chr6",124745209,124746381,1173,"*","chr6:124745209-124746381",4144,7927,1.30212659170827e-08,5.52216535923779e-08,TRUE
247075,"chr7",28392520,28393266,747,"*","chr7:28392520-28393266",4144,8179,0.244477003071357,0.313110915818849,FALSE
290922,"chr9",102726120,102726853,734,"*","chr9:102726120-102726853",4144,9697,1,1,FALSE
36993,"chr10",128908989,128911007,2019,"*","chr10:128908989-128911007",4143,1126,2.70338624737583e-06,8.60951034196123e-06,TRUE
213206,"chr5",37330945,37331795,851,"*","chr5:37330945-37331795",4143,7023,0.589889069190634,0.666390724345497,FALSE
257819,"chr7",119895210,119896575,1366,"*","chr7:119895210-119896575",4143,8582,0.190067055843869,0.25088048553837,FALSE
122560,"chr17",25727298,25728062,765,"*","chr17:25727298-25728062",4139,3975,0.0357544032490292,0.0562176151714295,FALSE
166969,"chr2",132252670,132253694,1025,"*","chr2:132252670-132253694",4139,5495,0.0702434307415006,0.103390389669562,FALSE
111274,"chr16",22009160,22010060,901,"*","chr16:22009160-22010060",4137,3675,0.106372915860392,0.149610289536416,FALSE
155687,"chr2",34371891,34373600,1710,"*","chr2:34371891-34373600",4137,5179,0.187539334214051,0.24800229332723,FALSE
221485,"chr5",114443815,114444612,798,"*","chr5:114443815-114444612",4137,7232,0.106639124324637,0.149900371555577,FALSE
6728,"chr1",74058391,74059101,711,"*","chr1:74058391-74059101",4136,175,7.99622147846699e-06,2.37135868281939e-05,TRUE
191434,"chr4",11007043,11008313,1271,"*","chr4:11007043-11008313",4136,6213,2.32098975625789e-26,5.68870038298503e-25,TRUE
205368,"chr4",135493826,135495451,1626,"*","chr4:135493826-135495451",4136,6690,0.000323624338366456,0.000754720938354608,TRUE
215655,"chr5",65763198,65765443,2246,"*","chr5:65763198-65765443",4136,7078,4.62330162416298e-08,1.83028567860767e-07,TRUE
25901,"chr10",42088999,42090309,1311,"*","chr10:42088999-42090309",4133,695,3.068201664573e-05,8.44304255523665e-05,TRUE
94195,"chr14",103098723,103100091,1369,"*","chr14:103098723-103100091",4133,3062,0.473342928867368,0.553876584211757,FALSE
155173,"chr2",32287688,32288884,1197,"*","chr2:32287688-32288884",4133,5149,7.92026792117895e-08,3.04157754269545e-07,TRUE
32142,"chr10",89685759,89687008,1250,"*","chr10:89685759-89687008",4131,972,0.00219913524362192,0.00445891168617582,TRUE
33564,"chr10",99262831,99263586,756,"*","chr10:99262831-99263586",4131,1006,0.652262597186781,0.725080012888405,FALSE
118813,"chr16",92465995,92466713,719,"*","chr16:92465995-92466713",4130,3842,0.00653178840454492,0.0119893326074613,TRUE
177793,"chr3",41564499,41566482,1984,"*","chr3:41564499-41566482",4129,5814,0.000935217871705208,0.00201990901016244,TRUE
105063,"chr15",83464281,83465085,805,"*","chr15:83464281-83465085",4128,3390,0.0254280591695569,0.0412124135649221,TRUE
153651,"chr2",25574472,25575405,934,"*","chr2:25574472-25575405",4128,5063,0.00531525608563172,0.00999938491433337,TRUE
193349,"chr4",40721931,40723588,1658,"*","chr4:40721931-40723588",4127,6263,0.00281948177510537,0.00561426080267895,TRUE
14947,"chr1",153899553,153900858,1306,"*","chr1:153899553-153900858",4125,413,0.00120610131610242,0.00255421710313939,TRUE
127221,"chr17",56830966,56831686,721,"*","chr17:56830966-56831686",4125,4222,2.84847151744048e-20,4.0576517342457e-19,TRUE
39938,"chr11",30025827,30026544,718,"*","chr11:30025827-30026544",4124,1246,8.24148245137267e-23,1.42586201580842e-21,TRUE
51840,"chr11",102408339,102409094,756,"*","chr11:102408339-102409094",4124,1804,0.00217260435959035,0.00440690539470659,TRUE
215464,"chr5",64802692,64803898,1207,"*","chr5:64802692-64803898",4123,7068,0.465709918761536,0.546223221629763,FALSE
234663,"chr6",67266230,67267475,1246,"*","chr6:67266230-67267475",4123,7698,1.40264272566312e-14,1.14035993956351e-13,TRUE
182992,"chr3",95588552,95589270,719,"*","chr3:95588552-95589270",4122,5972,3.09059016155369e-16,2.9434192014797e-15,TRUE
86845,"chr14",32084986,32086270,1285,"*","chr14:32084986-32086270",4121,2848,0.206270145099216,0.269282173758768,FALSE
248915,"chr7",45395302,45396339,1038,"*","chr7:45395302-45396339",4121,8300,6.67614759682945e-07,2.29105957338004e-06,TRUE
50588,"chr11",96916161,96917056,896,"*","chr11:96916161-96917056",4120,1710,0.00463801757615859,0.00882423435342197,TRUE
103739,"chr15",77857643,77858418,776,"*","chr15:77857643-77858418",4120,3308,0.00705779606576955,0.0128510489180072,TRUE
232014,"chr6",42264692,42265512,821,"*","chr6:42264692-42265512",4120,7621,1.73319799445617e-05,4.92106188090905e-05,TRUE
64976,"chr12",87266010,87267401,1392,"*","chr12:87266010-87267401",4119,2233,3.90533771560179e-26,9.43318288792704e-25,TRUE
249230,"chr7",46838147,46840044,1898,"*","chr7:46838147-46840044",4119,8327,4.15034773243522e-07,1.46139004663212e-06,TRUE
18676,"chr1",180195223,180196518,1296,"*","chr1:180195223-180196518",4117,525,0.303346548595811,0.378426333078606,FALSE
30883,"chr10",81429752,81432140,2389,"*","chr10:81429752-81432140",4116,927,0.0391973044534981,0.0611410691269251,FALSE
205934,"chr4",137593692,137594737,1046,"*","chr4:137593692-137594737",4116,6710,0.0678564790979945,0.100320045975746,FALSE
235084,"chr6",72438908,72440469,1562,"*","chr6:72438908-72440469",4116,7720,1.11974201759159e-18,1.33302621141856e-17,TRUE
5964,"chr1",66815976,66818224,2249,"*","chr1:66815976-66818224",4114,152,5.64203295882528e-13,3.89105721298295e-12,TRUE
15836,"chr1",160195009,160195585,577,"*","chr1:160195009-160195585",4114,436,0.0135249137055743,0.0232307002843941,TRUE
130658,"chr17",84182776,84184078,1303,"*","chr17:84182776-84184078",4113,4304,0.0321979176335588,0.0510915862163739,FALSE
6843,"chr1",74505647,74506926,1280,"*","chr1:74505647-74506926",4112,187,1.81071068954206e-09,8.43760805937585e-09,TRUE
237165,"chr6",90463117,90464221,1105,"*","chr6:90463117-90464221",4112,7807,0.0403406156695747,0.0626601672407187,FALSE
6705,"chr1",74013062,74014052,991,"*","chr1:74013062-74014052",4111,169,0.363356258276602,0.442362135715367,FALSE
86791,"chr14",31829848,31831730,1883,"*","chr14:31829848-31831730",4110,2847,3.97373823035564e-11,2.25268607163018e-10,TRUE
90562,"chr14",64949542,64950578,1037,"*","chr14:64949542-64950578",4110,2975,1.32202115020816e-43,1.27117418289246e-41,TRUE
3623,"chr1",44118514,44120485,1972,"*","chr1:44118514-44120485",4109,88,7.44454557457554e-17,7.67478925213973e-16,TRUE
30964,"chr10",82763433,82764574,1142,"*","chr10:82763433-82764574",4105,939,0.0197188445782713,0.0326683295575212,TRUE
25829,"chr10",41809682,41810907,1226,"*","chr10:41809682-41810907",4104,692,1,1,FALSE
246388,"chr7",19628421,19629792,1372,"*","chr7:19628421-19629792",4102,8110,9.59842634665783e-11,5.21087206658949e-10,TRUE
59449,"chr12",36156497,36158337,1841,"*","chr12:36156497-36158337",4101,2085,5.41689473517781e-16,5.08151476095479e-15,TRUE
153348,"chr2",23155478,23156823,1346,"*","chr2:23155478-23156823",4101,5041,0.338840707282068,0.416573281635195,FALSE
207154,"chr4",142193155,142194344,1190,"*","chr4:142193155-142194344",4101,6768,0.00322251324249712,0.00633289280940155,TRUE
148693,"chr19",46327984,46329357,1374,"*","chr19:46327984-46329357",4100,4921,0.401907148584526,0.481441241716011,FALSE
223757,"chr5",125140632,125141997,1366,"*","chr5:125140632-125141997",4099,7344,0.651538834555702,0.724576106045042,FALSE
130883,"chr17",85089968,85091195,1228,"*","chr17:85089968-85091195",4098,4314,0.00037970823221233,0.000875307128198087,TRUE
39480,"chr11",22858433,22860472,2040,"*","chr11:22858433-22860472",4097,1228,0.0210585857602611,0.0347157694696029,TRUE
30557,"chr10",80151836,80153557,1722,"*","chr10:80151836-80153557",4096,870,0.141114842600418,0.192202182784552,FALSE
104173,"chr15",79546002,79547338,1337,"*","chr15:79546002-79547338",4096,3331,1.66748941909359e-07,6.18504977408601e-07,TRUE
294218,"chr9",121857175,121858368,1194,"*","chr9:121857175-121858368",4096,9844,0.050520700131302,0.0770367492090606,FALSE
193626,"chr4",43045520,43046572,1053,"*","chr4:43045520-43046572",4095,6287,0.496440977955753,0.577256951111341,FALSE
250241,"chr7",64392135,64393108,974,"*","chr7:64392135-64393108",4094,8354,0.000310873541177892,0.00072906552809074,TRUE
22366,"chr10",11149243,11150003,761,"*","chr10:11149243-11150003",4093,610,0.0147237090234651,0.0250788181758263,TRUE
248782,"chr7",44748242,44749192,951,"*","chr7:44748242-44749192",4093,8276,0.000426936758379926,0.000975632446023596,TRUE
223601,"chr5",124439606,124440550,945,"*","chr5:124439606-124440550",4091,7333,0.662128865100818,0.733904749612966,FALSE
279888,"chr9",25251714,25253285,1572,"*","chr9:25251714-25253285",4091,9364,0.387931499579086,0.467612704410663,FALSE
164945,"chr2",119547052,119548077,1026,"*","chr2:119547052-119548077",4090,5407,0.0618656024634441,0.0924471046973164,FALSE
269404,"chr8",72239599,72240860,1262,"*","chr8:72239599-72240860",4090,8985,0.000340133154821765,0.000791007336794802,TRUE
219084,"chr5",100038510,100040383,1874,"*","chr5:100038510-100040383",4088,7159,0.00245093695765228,0.00492353748021752,TRUE
297149,"chrX",73966209,73968150,1942,"*","chrX:73966209-73968150",4088,9926,6.88064614903962e-07,2.35800073647691e-06,TRUE
204622,"chr4",132509569,132510910,1342,"*","chr4:132509569-132510910",4086,6637,1,1,FALSE
61363,"chr12",64965229,64966555,1327,"*","chr12:64965229-64966555",4085,2123,0.101239520406055,0.143074505944114,FALSE
101500,"chr15",59647618,59649023,1406,"*","chr15:59647618-59649023",4085,3226,0.000255275349968975,0.00060664294194148,TRUE
290693,"chr9",101073471,101075195,1725,"*","chr9:101073471-101075195",4085,9691,2.16972178495139e-23,3.97384942298789e-22,TRUE
127185,"chr17",56672874,56673710,837,"*","chr17:56672874-56673710",4084,4219,4.49982943638092e-33,1.7577458735863e-31,TRUE
127173,"chr17",56584208,56585305,1098,"*","chr17:56584208-56585305",4083,4216,5.00335322267776e-29,1.48028201854371e-27,TRUE
220644,"chr5",110839527,110840518,992,"*","chr5:110839527-110840518",4083,7218,1.01847410211593e-06,3.41999362698431e-06,TRUE
88679,"chr14",52257502,52258411,910,"*","chr14:52257502-52258411",4082,2900,0.0519305720656951,0.0788738943889658,FALSE
8281,"chr1",86487254,86488090,837,"*","chr1:86487254-86488090",4081,232,4.14877572394373e-26,9.97301856717244e-25,TRUE
6706,"chr1",74014659,74016288,1630,"*","chr1:74014659-74016288",4078,170,0.0446637286642688,0.0687134287142597,FALSE
42908,"chr11",53299574,53301113,1540,"*","chr11:53299574-53301113",4076,1331,0.439734748024784,0.521012734626521,FALSE
26873,"chr10",53596393,53598016,1624,"*","chr10:53596393-53598016",4075,720,0.186124198648419,0.246391578830313,FALSE
258996,"chr7",127768906,127770188,1283,"*","chr7:127768906-127770188",4075,8648,0.0402711252933367,0.0625716676403615,FALSE
260089,"chr7",133636945,133638854,1910,"*","chr7:133636945-133638854",4072,8682,1,1,FALSE
74542,"chr13",48260664,48262295,1632,"*","chr13:48260664-48262295",4070,2478,3.18017268878219e-11,1.82140474729793e-10,TRUE
223525,"chr5",124095301,124096429,1129,"*","chr5:124095301-124096429",4070,7328,1.99417905690654e-48,2.3740226867935e-46,TRUE
258903,"chr7",127260495,127261279,785,"*","chr7:127260495-127261279",4070,8634,0.253647502784911,0.322871057516435,FALSE
155210,"chr2",32423542,32424558,1017,"*","chr2:32423542-32424558",4067,5157,0.394749026915142,0.474572044860715,FALSE
17860,"chr1",172632470,172633512,1043,"*","chr1:172632470-172633512",4066,508,0.210949122188957,0.274387515854522,FALSE
237111,"chr6",89643927,89645135,1209,"*","chr6:89643927-89645135",4065,7803,0.374184250691562,0.453446741022252,FALSE
240073,"chr6",113377464,113378488,1025,"*","chr6:113377464-113378488",4065,7871,0.0998635705230576,0.141289714944903,FALSE
67451,"chr12",108835545,108836631,1087,"*","chr12:108835545-108836631",4064,2294,0.613036376408342,0.688495481141444,FALSE
76541,"chr13",59769486,59770705,1220,"*","chr13:59769486-59770705",4063,2547,7.18340251589421e-06,2.13919074326808e-05,TRUE
80111,"chr13",98016093,98016854,762,"*","chr13:98016093-98016854",4063,2648,0.000244465731416317,0.000583172069218314,TRUE
55963,"chr12",3426235,3427234,1000,"*","chr12:3426235-3427234",4061,2005,0.400660661284328,0.480178165489367,FALSE
50590,"chr11",96928830,96930248,1419,"*","chr11:96928830-96930248",4060,1711,0.000317805320231658,0.000742882936492889,TRUE
179302,"chr3",58525414,58526325,912,"*","chr3:58525414-58526325",4060,5842,0.0257988535244173,0.0417592319916111,TRUE
161522,"chr2",85047713,85048901,1189,"*","chr2:85047713-85048901",4059,5307,0.128805357097264,0.177076377642651,FALSE
291250,"chr9",104262395,104263560,1166,"*","chr9:104262395-104263560",4058,9705,2.35590615049751e-08,9.64744533373264e-08,TRUE
246680,"chr7",25281856,25282848,993,"*","chr7:25281856-25282848",4056,8137,2.68928239511589e-43,2.49007629177397e-41,TRUE
67441,"chr12",108792315,108793567,1253,"*","chr12:108792315-108793567",4055,2293,1.18137077582607e-42,1.03629015423339e-40,TRUE
202417,"chr4",118543287,118544683,1397,"*","chr4:118543287-118544683",4055,6539,0.504496077185829,0.585533980020693,FALSE
236214,"chr6",85374119,85375386,1268,"*","chr6:85374119-85375386",4055,7763,0.00114848446432546,0.00244046847497973,TRUE
44090,"chr11",60416831,60417876,1046,"*","chr11:60416831-60417876",4053,1387,1.22481930550481e-08,5.22088365517822e-08,TRUE
62464,"chr12",73907426,73908862,1437,"*","chr12:73907426-73908862",4053,2149,8.74931249730941e-08,3.34966022102198e-07,TRUE
25662,"chr10",40629852,40631505,1654,"*","chr10:40629852-40631505",4051,685,4.43843948956166e-14,3.47295734707485e-13,TRUE
159778,"chr2",71872874,71873968,1095,"*","chr2:71872874-71873968",4050,5277,0.103011865289725,0.145209846757437,FALSE
201233,"chr4",109000199,109001262,1064,"*","chr4:109000199-109001262",4047,6477,1,1,FALSE
143183,"chr19",6950746,6953170,2425,"*","chr19:6950746-6953170",4046,4707,6.66735216568924e-06,1.99501860134328e-05,TRUE
186391,"chr3",122983979,122985050,1072,"*","chr3:122983979-122985050",4046,6122,2.39345821589628e-10,1.24789270901787e-09,TRUE
54310,"chr11",115765289,115767510,2222,"*","chr11:115765289-115767510",4045,1899,0.544539555016526,0.623185574521087,FALSE
122286,"chr17",24413986,24415212,1227,"*","chr17:24413986-24415212",4045,3954,0.83648529026422,0.892727097400448,FALSE
277334,"chr8",125909823,125911625,1803,"*","chr8:125909823-125911625",4043,9274,0.0898373517916164,0.128854491955847,FALSE
122622,"chr17",25985362,25986409,1048,"*","chr17:25985362-25986409",4042,3981,0.0064374274852454,0.0118552992361794,TRUE
223527,"chr5",124111694,124112884,1191,"*","chr5:124111694-124112884",4042,7329,1,1,FALSE
67793,"chr12",110978556,110979635,1080,"*","chr12:110978556-110979635",4040,2305,0.410753055106852,0.490509977438323,FALSE
129976,"chr17",80206501,80207833,1333,"*","chr17:80206501-80207833",4040,4291,0.57496290245859,0.651465284104188,FALSE
193691,"chr4",43442134,43443501,1368,"*","chr4:43442134-43443501",4040,6291,0.0048609411607976,0.00921680159423133,TRUE
252560,"chr7",80114064,80115776,1713,"*","chr7:80114064-80115776",4036,8401,0.468811855456891,0.549378776669507,FALSE
63716,"chr12",80945229,80946567,1339,"*","chr12:80945229-80946567",4034,2185,0.236354123675719,0.304188061358712,FALSE
172221,"chr2",167348974,167349962,989,"*","chr2:167348974-167349962",4034,5666,5.89897113875478e-45,6.27550121144125e-43,TRUE
270811,"chr8",84270191,84270897,707,"*","chr8:84270191-84270897",4034,9035,0.343883332095037,0.421942738766917,FALSE
121917,"chr17",15704388,15706489,2102,"*","chr17:15704388-15706489",4033,3919,0.395380480209097,0.475013806467819,FALSE
30898,"chr10",81496135,81497101,967,"*","chr10:81496135-81497101",4032,929,2.67715877360419e-23,4.88532622920472e-22,TRUE
282338,"chr9",44396848,44397596,749,"*","chr9:44396848-44397596",4032,9424,0.0175307852888703,0.0293647994788447,TRUE
27327,"chr10",59322829,59324076,1248,"*","chr10:59322829-59324076",4031,732,1.79261339814526e-12,1.17164274388579e-11,TRUE
182283,"chr3",89411527,89412366,840,"*","chr3:89411527-89412366",4031,5924,0.152981329008817,0.206619839287975,FALSE
6821,"chr1",74386760,74387482,723,"*","chr1:74386760-74387482",4028,184,0.015712011979221,0.0265315973982117,TRUE
257542,"chr7",118129074,118130142,1069,"*","chr7:118129074-118130142",4028,8568,0.0136787323856972,0.0234787716884608,TRUE
276485,"chr8",122443125,122444064,940,"*","chr8:122443125-122444064",4028,9239,0.00153532335258348,0.00319859031788225,TRUE
37481,"chr11",5098876,5100424,1549,"*","chr11:5098876-5100424",4027,1164,2.22410666089362e-06,7.19775618412174e-06,TRUE
171167,"chr2",163419115,163420092,978,"*","chr2:163419115-163420092",4027,5622,6.57341207131651e-14,5.03324048339702e-13,TRUE
174142,"chr2",180273078,180274039,962,"*","chr2:180273078-180274039",4027,5722,0.00304500145123386,0.00602016894273203,TRUE
182004,"chr3",88141713,88142710,998,"*","chr3:88141713-88142710",4026,5896,2.11614604049735e-12,1.37233854766365e-11,TRUE
244808,"chr6",145746074,145747469,1396,"*","chr6:145746074-145747469",4026,8006,0.086599179422811,0.124674891193221,FALSE
269255,"chr8",71381450,71383166,1717,"*","chr8:71381450-71383166",4026,8970,2.84009464825104e-22,4.73349108041839e-21,TRUE
176705,"chr3",32396192,32398284,2093,"*","chr3:32396192-32398284",4024,5786,0.00868733462267358,0.0155020246657273,TRUE
39234,"chr11",21091041,21092143,1103,"*","chr11:21091041-21092143",4023,1221,9.70408349828144e-06,2.84911435651246e-05,TRUE
157013,"chr2",48948917,48950334,1418,"*","chr2:48948917-48950334",4023,5220,4.93719589768877e-09,2.18653494140335e-08,TRUE
55690,"chr11",120712918,120714258,1341,"*","chr11:120712918-120714258",4022,1987,0.0441510142146215,0.0680502685182205,FALSE
18741,"chr1",180387142,180388108,967,"*","chr1:180387142-180388108",4020,529,2.26192564810473e-13,1.62029057887158e-12,TRUE
61371,"chr12",65073528,65074411,884,"*","chr12:65073528-65074411",4018,2124,0.0529261525304771,0.0802154479091802,FALSE
118570,"chr16",91597156,91598238,1083,"*","chr16:91597156-91598238",4018,3835,5.0786695675113e-06,1.54743131246536e-05,TRUE
49826,"chr11",93885067,93886674,1608,"*","chr11:93885067-93886674",4017,1671,0.00359427940848583,0.00700093379136313,TRUE
292206,"chr9",110656338,110657126,789,"*","chr9:110656338-110657126",4017,9789,0.000252656527186829,0.000601276837664991,TRUE
212010,"chr5",31201876,31202785,910,"*","chr5:31201876-31202785",4016,6968,0.0401834216412154,0.0624742251884568,FALSE
18291,"chr1",177983010,177983765,756,"*","chr1:177983010-177983765",4015,514,3.31784607345213e-09,1.49183726324286e-08,TRUE
259460,"chr7",130519238,130520608,1371,"*","chr7:130519238-130520608",4015,8666,0.0710224874947604,0.104383432531982,FALSE
68261,"chr12",112644417,112645784,1368,"*","chr12:112644417-112645784",4014,2321,1,1,FALSE
168613,"chr2",146511566,146512625,1060,"*","chr2:146511566-146512625",4013,5525,3.17722644342337e-06,9.99127812397285e-06,TRUE
121904,"chr17",15564033,15564975,943,"*","chr17:15564033-15564975",4012,3918,0.000346923847214924,0.000805301409505395,TRUE
170949,"chr2",161108559,161109834,1276,"*","chr2:161108559-161109834",4012,5618,1,1,FALSE
4172,"chr1",52844662,52845493,832,"*","chr1:52844662-52845493",4011,100,0.00651085015878562,0.0119640759992386,TRUE
135526,"chr18",38250070,38250915,846,"*","chr18:38250070-38250915",4009,4459,2.68722455184542e-06,8.57442422413983e-06,TRUE
228657,"chr6",8258989,8259904,916,"*","chr6:8258989-8259904",4009,7537,1.20664664853856e-17,1.32890600059313e-16,TRUE
102921,"chr15",73512160,73513420,1261,"*","chr15:73512160-73513420",4008,3259,5.21944770318249e-05,0.000138520374288283,TRUE
204737,"chr4",133055788,133056978,1191,"*","chr4:133055788-133056978",4008,6645,2.13901263895183e-13,1.53885801363441e-12,TRUE
270931,"chr8",84893228,84894298,1071,"*","chr8:84893228-84894298",4008,9042,2.74409843294101e-20,3.92014061848716e-19,TRUE
284683,"chr9",58581731,58582995,1265,"*","chr9:58581731-58582995",4007,9512,2.52808163036632e-40,1.91521335633812e-38,TRUE
18124,"chr1",176813506,176815145,1640,"*","chr1:176813506-176815145",4006,511,4.66068990661061e-37,2.79280443505773e-35,TRUE
274754,"chr8",114439435,114440370,936,"*","chr8:114439435-114440370",4006,9193,0.37460860164359,0.453741038812488,FALSE
287170,"chr9",70656263,70658076,1814,"*","chr9:70656263-70658076",4006,9596,0.237849254214241,0.305797446919826,FALSE
288626,"chr9",80164508,80165533,1026,"*","chr9:80164508-80165533",4006,9631,1.07381338455798e-24,2.27502835711436e-23,TRUE
169816,"chr2",155381609,155382531,923,"*","chr2:155381609-155382531",4005,5581,1.660923197608e-08,6.93206676797997e-08,TRUE
131336,"chr17",87282069,87283669,1601,"*","chr17:87282069-87283669",4004,4325,0.858470169832311,0.912295610873869,FALSE
95510,"chr14",120910466,120912018,1553,"*","chr14:120910466-120912018",4002,3080,1.14182046518e-28,3.30005914791909e-27,TRUE
61234,"chr12",59066407,59067462,1056,"*","chr12:59066407-59067462",4001,2118,0.00689225699180986,0.0125809804172645,TRUE
55216,"chr11",119040728,119041562,835,"*","chr11:119040728-119041562",3998,1943,6.97870202512592e-52,1.24619679020106e-49,TRUE
69742,"chr13",12394893,12395693,801,"*","chr13:12394893-12395693",3998,2356,0.0133941546603152,0.0230298395122339,TRUE
126035,"chr17",46889549,46890983,1435,"*","chr17:46889549-46890983",3998,4182,2.03186388137373e-13,1.47236513143024e-12,TRUE
136900,"chr18",49832361,49833211,851,"*","chr18:49832361-49833211",3997,4488,1,1,FALSE
6947,"chr1",75191635,75192957,1323,"*","chr1:75191635-75192957",3996,198,1.08024308940597e-08,4.62829087149089e-08,TRUE
182418,"chr3",90051810,90053343,1534,"*","chr3:90051810-90053343",3996,5930,6.68920031186567e-60,2.57276935071757e-57,TRUE
211603,"chr5",27790896,27792223,1328,"*","chr5:27790896-27792223",3996,6945,0.000553331309801059,0.00123898636319091,TRUE
50593,"chr11",96937672,96938660,989,"*","chr11:96937672-96938660",3995,1713,0.0218615937618163,0.0359093195824841,TRUE
68929,"chr13",3537667,3539055,1389,"*","chr13:3537667-3539055",3994,2339,1,1,FALSE
153576,"chr2",25262286,25263110,825,"*","chr2:25262286-25263110",3994,5053,0.407187395701321,0.486651906373689,FALSE
107492,"chr15",99029645,99030701,1057,"*","chr15:99029645-99030701",3993,3483,0.0783969797231309,0.114081751634358,FALSE
51419,"chr11",100738036,100738729,694,"*","chr11:100738036-100738729",3992,1769,0.0642054808698538,0.0956007755655953,FALSE
51524,"chr11",101170483,101171915,1433,"*","chr11:101170483-101171915",3991,1778,5.64215950694725e-16,5.28292088665473e-15,TRUE
56132,"chr12",4233670,4234697,1028,"*","chr12:4233670-4234697",3991,2011,0.120630319733234,0.166846915260352,FALSE
79822,"chr13",96542368,96544079,1712,"*","chr13:96542368-96544079",3991,2640,0.454046356544486,0.535305772865464,FALSE
104700,"chr15",81839686,81840305,620,"*","chr15:81839686-81840305",3991,3366,1.08179688310046e-07,4.11329613346183e-07,TRUE
46149,"chr11",72410597,72412397,1801,"*","chr11:72410597-72412397",3990,1498,0.964178952127345,1,FALSE
200083,"chr4",103114152,103115205,1054,"*","chr4:103114152-103115205",3990,6444,1,1,FALSE
232494,"chr6",48840632,48841836,1205,"*","chr6:48840632-48841836",3989,7646,0.00982861369855244,0.017322195450392,TRUE
47373,"chr11",78535466,78536779,1314,"*","chr11:78535466-78536779",3988,1577,1.38440996106064e-12,9.19262922351024e-12,TRUE
227053,"chr5",146261084,146261576,493,"*","chr5:146261084-146261576",3988,7498,0.0125949640037932,0.021790595162272,TRUE
28085,"chr10",62486128,62487576,1449,"*","chr10:62486128-62487576",3987,755,1.32884758754846e-21,2.10260694232351e-20,TRUE
130063,"chr17",80727073,80729060,1988,"*","chr17:80727073-80729060",3987,4295,0.0785969656120081,0.114239775598849,FALSE
75645,"chr13",54562656,54563371,716,"*","chr13:54562656-54563371",3986,2511,3.37285369152846e-06,1.05401677860264e-05,TRUE
173364,"chr2",173152628,173153670,1043,"*","chr2:173152628-173153670",3984,5703,0.08411427667411,0.121552422939465,FALSE
215562,"chr5",65199152,65200212,1061,"*","chr5:65199152-65200212",3984,7072,0.00151967734195352,0.00316944504248914,TRUE
225599,"chr5",137684492,137685268,777,"*","chr5:137684492-137685268",3984,7422,0.00303000480486877,0.0059952607931713,TRUE
36930,"chr10",128524956,128526503,1548,"*","chr10:128524956-128526503",3982,1113,0.231814212485839,0.298960810531131,FALSE
291876,"chr9",108263362,108264811,1450,"*","chr9:108263362-108264811",3982,9754,5.90160471061258e-14,4.54669084022541e-13,TRUE
131207,"chr17",86753223,86754457,1235,"*","chr17:86753223-86754457",3980,4318,1.77593611047157e-08,7.38742142459056e-08,TRUE
20740,"chr1",191906171,191907912,1742,"*","chr1:191906171-191907912",3978,580,4.46433434221225e-12,2.79370109024546e-11,TRUE
193541,"chr4",41569162,41570089,928,"*","chr4:41569162-41570089",3977,6276,0.367901928084704,0.446916822260331,FALSE
261317,"chr7",141221517,141222506,990,"*","chr7:141221517-141222506",3977,8713,0.000180919723387593,0.000442562924137949,TRUE
262981,"chr8",11008712,11010107,1396,"*","chr8:11008712-11010107",3977,8773,4.79839084387969e-06,1.46650086915638e-05,TRUE
50272,"chr11",95666671,95667765,1095,"*","chr11:95666671-95667765",3976,1693,0.0266468119278312,0.043020361523783,TRUE
52236,"chr11",104441597,104443298,1702,"*","chr11:104441597-104443298",3974,1832,0.332171835222657,0.409684059228734,FALSE
67807,"chr12",111038452,111039663,1212,"*","chr12:111038452-111039663",3974,2307,1.14656387731721e-07,4.3496353464234e-07,TRUE
54140,"chr11",115162907,115163668,762,"*","chr11:115162907-115163668",3972,1887,8.81822064427563e-10,4.268257814267e-09,TRUE
72276,"chr13",34993738,34994971,1234,"*","chr13:34993738-34994971",3972,2420,0.697174181722049,0.766727993819184,FALSE
17289,"chr1",169968992,169969751,760,"*","chr1:169968992-169969751",3970,480,0.0020596270282981,0.0042033204659145,TRUE
142720,"chr19",4793519,4794417,899,"*","chr19:4793519-4794417",3970,4643,0.0156507177631521,0.0264548981797703,TRUE
221734,"chr5",115300243,115301610,1368,"*","chr5:115300243-115301610",3970,7245,0.0423122025833954,0.0654177529118668,FALSE
233280,"chr6",52639682,52640850,1169,"*","chr6:52639682-52640850",3970,7669,0.000486227283525868,0.00110230674778661,TRUE
179572,"chr3",61363389,61364920,1532,"*","chr3:61363389-61364920",3968,5847,5.90843354480997e-10,2.96310609067701e-09,TRUE
291588,"chr9",106821725,106822933,1209,"*","chr9:106821725-106822933",3968,9724,0.000105724261755442,0.000268744945997566,TRUE
183388,"chr3",97767667,97768651,985,"*","chr3:97767667-97768651",3967,6012,3.82931020011393e-08,1.53787558237507e-07,TRUE
221822,"chr5",115652780,115653534,755,"*","chr5:115652780-115653534",3967,7256,0.074888087089228,0.109421518248434,FALSE
183188,"chr3",96557271,96558282,1012,"*","chr3:96557271-96558282",3966,5995,5.55039253300558e-05,0.000146216873893719,TRUE
266893,"chr8",45999317,46000575,1259,"*","chr8:45999317-46000575",3965,8874,0.0118661334176219,0.0206367537697773,TRUE
108812,"chr16",4586385,4587304,920,"*","chr16:4586385-4587304",3964,3563,1,1,FALSE
268986,"chr8",70138789,70139971,1183,"*","chr8:70138789-70139971",3964,8932,0.004746991794443,0.00901083985333066,TRUE
152153,"chr2",11534940,11536499,1560,"*","chr2:11534940-11536499",3963,5015,0.0276297954289923,0.0444901259179771,TRUE
184937,"chr3",107696041,107697085,1045,"*","chr3:107696041-107697085",3963,6062,7.79596267414534e-07,2.65530063833288e-06,TRUE
245833,"chr7",12921566,12922619,1054,"*","chr7:12921566-12922619",3963,8059,0.00400351494687714,0.00771687537948563,TRUE
258749,"chr7",126503335,126504053,719,"*","chr7:126503335-126504053",3963,8614,1.46635965939186e-31,5.27467503378368e-30,TRUE
45518,"chr11",69039987,69042108,2122,"*","chr11:69039987-69042108",3962,1435,3.6221931098273e-07,1.28264628534961e-06,TRUE
207933,"chr4",149306781,149308499,1719,"*","chr4:149306781-149308499",3962,6803,0.35440522981404,0.433152321943339,FALSE
222962,"chr5",121836273,121837930,1658,"*","chr5:121836273-121837930",3962,7291,1.26858697187533e-25,2.9779036898482e-24,TRUE
247172,"chr7",28824730,28825635,906,"*","chr7:28824730-28825635",3961,8189,1.01011625238339e-05,2.95528453008599e-05,TRUE
118534,"chr16",91484709,91485773,1065,"*","chr16:91484709-91485773",3960,3834,4.29886668549527e-10,2.18883232459026e-09,TRUE
217570,"chr5",86065147,86066133,987,"*","chr5:86065147-86066133",3960,7121,5.36326371875775e-05,0.000141960394885065,TRUE
270386,"chr8",81014639,81015544,906,"*","chr8:81014639-81015544",3959,9013,1.39320879934996e-07,5.21801048445678e-07,TRUE
286389,"chr9",66511569,66512905,1337,"*","chr9:66511569-66512905",3959,9578,0.0265382371401428,0.0428589101100498,TRUE
148790,"chr19",46598841,46599427,587,"*","chr19:46598841-46599427",3958,4934,0.357781452720933,0.436425289974303,FALSE
276274,"chr8",121652818,121653485,668,"*","chr8:121652818-121653485",3958,9235,6.58552168140365e-16,6.14321052369744e-15,TRUE
114183,"chr16",38452061,38453279,1219,"*","chr16:38452061-38453279",3956,3750,0.00413653840183518,0.00795182314847208,TRUE
246937,"chr7",27447579,27448340,762,"*","chr7:27447579-27448340",3956,8158,2.09655865599623e-05,5.88312224089208e-05,TRUE
247033,"chr7",28179370,28180478,1109,"*","chr7:28179370-28180478",3956,8171,9.55687735101348e-49,1.16547284768457e-46,TRUE
116,"chr1",4857515,4858642,1128,"*","chr1:4857515-4858642",3954,2,6.06105580082605e-14,4.66235061602004e-13,TRUE
211457,"chr5",25497972,25500189,2218,"*","chr5:25497972-25500189",3954,6943,8.83207456279817e-17,8.92128743716987e-16,TRUE
270854,"chr8",84639046,84639975,930,"*","chr8:84639046-84639975",3954,9036,4.82235138115348e-47,5.35816820128164e-45,TRUE
36625,"chr10",127210800,127212030,1231,"*","chr10:127210800-127212030",3952,1079,0.00055096368667973,0.00123479087108859,TRUE
108264,"chr15",102073495,102074821,1327,"*","chr15:102073495-102074821",3952,3524,5.37226760169358e-11,3.0079885787758e-10,TRUE
227626,"chr5",148994482,148995675,1194,"*","chr5:148994482-148995675",3952,7512,0.0340281193204129,0.0537229544054513,FALSE
255511,"chr7",101905581,101906492,912,"*","chr7:101905581-101906492",3952,8504,0.519704316627622,0.600120457999563,FALSE
273509,"chr8",106134979,106136202,1224,"*","chr8:106134979-106136202",3952,9144,1,1,FALSE
290022,"chr9",96363666,96364980,1315,"*","chr9:96363666-96364980",3952,9667,2.78047209150733e-16,2.68385337018082e-15,TRUE
248560,"chr7",43443163,43444411,1249,"*","chr7:43443163-43444411",3951,8258,0.127200802059242,0.175063036139887,FALSE
127101,"chr17",56276077,56277813,1737,"*","chr17:56276077-56277813",3950,4212,0.0950718541384549,0.135429991650221,FALSE
185123,"chr3",108410578,108412355,1778,"*","chr3:108410578-108412355",3945,6073,0.114568929214384,0.159211963888804,FALSE
201294,"chr4",109201542,109202678,1137,"*","chr4:109201542-109202678",3945,6480,0.0226330251411258,0.0370592467380912,TRUE
44112,"chr11",60537004,60538376,1373,"*","chr11:60537004-60538376",3943,1389,5.29770444970339e-06,1.60828914684377e-05,TRUE
130647,"chr17",84156341,84157731,1391,"*","chr17:84156341-84157731",3943,4303,0.000277178788117714,0.000653415342097393,TRUE
200604,"chr4",106244319,106245636,1318,"*","chr4:106244319-106245636",3943,6451,6.05453534975391e-12,3.72816216117851e-11,TRUE
204623,"chr4",132514991,132516089,1099,"*","chr4:132514991-132516089",3943,6638,1,1,FALSE
148714,"chr19",46406520,46407544,1025,"*","chr19:46406520-46407544",3942,4925,0.699827506048343,0.768872232529491,FALSE
9809,"chr1",93342672,93344022,1351,"*","chr1:93342672-93344022",3941,275,7.7068251070157e-12,4.65950731984021e-11,TRUE
55811,"chr11",121204108,121205259,1152,"*","chr11:121204108-121205259",3941,1994,0.591211299063938,0.667432037778209,FALSE
108937,"chr16",5049547,5050872,1326,"*","chr16:5049547-5050872",3941,3584,0.550209963509553,0.627663659034397,FALSE
36998,"chr10",128923103,128923871,769,"*","chr10:128923103-128923871",3939,1127,0.0196820472661362,0.0326185735269078,TRUE
182175,"chr3",88949752,88951446,1695,"*","chr3:88949752-88951446",3939,5913,0.781239212328873,0.84203407235274,FALSE
232430,"chr6",48601612,48602811,1200,"*","chr6:48601612-48602811",3938,7642,0.000219879235898592,0.000529064571459557,TRUE
26879,"chr10",53629176,53630509,1334,"*","chr10:53629176-53630509",3936,721,0.34957617147007,0.427773092841496,FALSE
169645,"chr2",154436076,154437200,1125,"*","chr2:154436076-154437200",3936,5567,7.67740897174141e-13,5.24413181129878e-12,TRUE
45833,"chr11",70451883,70452630,748,"*","chr11:70451883-70452630",3935,1483,1,1,FALSE
200874,"chr4",107253263,107254266,1004,"*","chr4:107253263-107254266",3935,6463,7.80986531519927e-34,3.28145601478961e-32,TRUE
225214,"chr5",135957377,135958172,796,"*","chr5:135957377-135958172",3934,7401,0.00585758079183841,0.0108755677531348,TRUE
231587,"chr6",38433461,38435065,1605,"*","chr6:38433461-38435065",3934,7607,0.00781606353302401,0.014077924230951,TRUE
33120,"chr10",95939922,95941437,1516,"*","chr10:95939922-95941437",3933,997,0.000154048819010171,0.000381308957945968,TRUE
47167,"chr11",77685801,77686482,682,"*","chr11:77685801-77686482",3933,1556,3.86505503035684e-05,0.000104800841387116,TRUE
285914,"chr9",64252738,64254130,1393,"*","chr9:64252738-64254130",3933,9555,0.0101982461867271,0.0179294060948085,TRUE
224274,"chr5",129887024,129887800,777,"*","chr5:129887024-129887800",3931,7359,1,1,FALSE
143182,"chr19",6941360,6942874,1515,"*","chr19:6941360-6942874",3930,4706,1,1,FALSE
39005,"chr11",20112369,20113463,1095,"*","chr11:20112369-20113463",3928,1211,2.92639081614122e-09,1.32415874033539e-08,TRUE
135454,"chr18",37934694,37935950,1257,"*","chr18:37934694-37935950",3928,4455,2.07261578823948e-11,1.20781805841461e-10,TRUE
173506,"chr2",173659163,173660161,999,"*","chr2:173659163-173660161",3928,5708,1.83072984800048e-56,5.7210307750015e-54,TRUE
188708,"chr3",142700379,142701540,1162,"*","chr3:142700379-142701540",3928,6163,1.23190153206129e-31,4.46341134804814e-30,TRUE
246310,"chr7",19344595,19345789,1195,"*","chr7:19344595-19345789",3928,8104,0.788091167740268,0.847409857785234,FALSE
56770,"chr12",10390718,10391707,990,"*","chr12:10390718-10391707",3926,2028,4.53280649619314e-08,1.80016143613707e-07,TRUE
125989,"chr17",46704477,46705539,1063,"*","chr17:46704477-46705539",3926,4177,9.73008062986872e-15,8.04138895030473e-14,TRUE
42682,"chr11",52098375,52099636,1262,"*","chr11:52098375-52099636",3925,1327,2.17431773328971e-17,2.3633888405323e-16,TRUE
35931,"chr10",121625833,121627029,1197,"*","chr10:121625833-121627029",3923,1060,0.000246486577179783,0.00058771239194035,TRUE
51363,"chr11",100527237,100528493,1257,"*","chr11:100527237-100528493",3922,1766,0.0272431024050381,0.0439263179700712,TRUE
202527,"chr4",119294260,119295079,820,"*","chr4:119294260-119295079",3922,6544,0.153477154916938,0.207121666554572,FALSE
179193,"chr3",57735592,57736566,975,"*","chr3:57735592-57736566",3921,5839,1.10495758575786e-15,1.01355707205582e-14,TRUE
180250,"chr3",69004231,69006363,2133,"*","chr3:69004231-69006363",3921,5860,0.00720388514316053,0.0130884541118469,TRUE
69380,"chr13",8885417,8886266,850,"*","chr13:8885417-8886266",3920,2347,3.19482070663355e-16,3.03690181238931e-15,TRUE
6944,"chr1",75168409,75169366,958,"*","chr1:75168409-75169366",3918,196,0.337154386437228,0.415083676342786,FALSE
108665,"chr16",3743552,3744602,1051,"*","chr16:3743552-3744602",3918,3548,2.30197508016552e-06,7.44012630952011e-06,TRUE
129693,"chr17",78736266,78737160,895,"*","chr17:78736266-78737160",3918,4282,0.0128169275069397,0.0221439659760534,TRUE
154069,"chr2",27475209,27476554,1346,"*","chr2:27475209-27476554",3918,5087,4.42034383100073e-05,0.000118571454694226,TRUE
169773,"chr2",155074003,155075041,1039,"*","chr2:155074003-155075041",3918,5575,2.41848643579024e-17,2.60612762477396e-16,TRUE
172098,"chr2",166905825,166906806,982,"*","chr2:166905825-166906806",3918,5662,4.12705757519473e-05,0.000111181507952444,TRUE
12932,"chr1",134078644,134079725,1082,"*","chr1:134078644-134079725",3917,362,3.23390714745271e-22,5.37193878314404e-21,TRUE
291713,"chr9",107587512,107588093,582,"*","chr9:107587512-107588093",3917,9739,0.339580387897653,0.41717492370719,FALSE
205077,"chr4",134395967,134396688,722,"*","chr4:134395967-134396688",3915,6678,0.0935830871945838,0.133690124563691,FALSE
43665,"chr11",58301921,58303149,1229,"*","chr11:58301921-58303149",3914,1365,0.00537742006321796,0.0100940639834134,TRUE
204179,"chr4",130306905,130309318,2414,"*","chr4:130306905-130309318",3914,6618,0.181770220832655,0.241330617143726,FALSE
253340,"chr7",84150927,84152568,1642,"*","chr7:84150927-84152568",3914,8431,1.46250204640798e-12,9.65985499608973e-12,TRUE
292218,"chr9",110683388,110684892,1505,"*","chr9:110683388-110684892",3914,9790,8.02127124154369e-06,2.37737736856659e-05,TRUE
85168,"chr14",22800856,22801976,1121,"*","chr14:22800856-22801976",3913,2789,2.3824660332436e-05,6.64379819644059e-05,TRUE
34510,"chr10",111164090,111165341,1252,"*","chr10:111164090-111165341",3912,1024,7.2739868538245e-18,8.20991744223985e-17,TRUE
166970,"chr2",132262839,132263629,791,"*","chr2:132262839-132263629",3912,5496,0.00255318427121608,0.00511865331037707,TRUE
117114,"chr16",76372226,76374210,1985,"*","chr16:76372226-76374210",3910,3802,0.0183666065287245,0.0306416525337412,TRUE
228967,"chr6",13677218,13678495,1278,"*","chr6:13677218-13678495",3910,7543,3.2976602034003e-05,9.03468548876794e-05,TRUE
108974,"chr16",5255651,5256546,896,"*","chr16:5255651-5256546",3909,3587,4.79118343665183e-06,1.46519371151432e-05,TRUE
183064,"chr3",95928879,95929645,767,"*","chr3:95928879-95929645",3909,5983,1.65258149377874e-07,6.14342562743024e-07,TRUE
39856,"chr11",29172107,29173864,1758,"*","chr11:29172107-29173864",3908,1241,6.35679306825669e-08,2.47924846655877e-07,TRUE
117026,"chr16",75766562,75767696,1135,"*","chr16:75766562-75767696",3908,3800,4.51645658190585e-25,1.0036570182013e-23,TRUE
209365,"chr4",155361050,155361959,910,"*","chr4:155361050-155361959",3908,6869,8.04864666829901e-07,2.73391530852548e-06,TRUE
109996,"chr16",13109341,13110446,1106,"*","chr16:13109341-13110446",3907,3611,0.556050395972398,0.633170571592346,FALSE
82707,"chr13",113794116,113795554,1439,"*","chr13:113794116-113795554",3906,2713,1,1,FALSE
114673,"chr16",43889380,43890465,1086,"*","chr16:43889380-43890465",3904,3758,1.14923534438894e-08,4.91546340628291e-08,TRUE
273240,"chr8",104623982,104625299,1318,"*","chr8:104623982-104625299",3904,9124,0.000265456841002806,0.000628247163071254,TRUE
45785,"chr11",70220673,70222447,1775,"*","chr11:70220673-70222447",3903,1480,0.520005970372173,0.600330143583668,FALSE
50982,"chr11",98446315,98447606,1292,"*","chr11:98446315-98447606",3902,1739,5.3198439559302e-05,0.000141035099573971,TRUE
129941,"chr17",80061532,80062805,1274,"*","chr17:80061532-80062805",3902,4288,0.00035728786220238,0.000827055236579583,TRUE
282462,"chr9",44881237,44883420,2184,"*","chr9:44881237-44883420",3902,9438,2.77304694136036e-25,6.36019940678982e-24,TRUE
37253,"chr11",4096467,4097181,715,"*","chr11:4096467-4097181",3901,1150,0.0717371545396718,0.105309974368279,FALSE
122357,"chr17",24736293,24737642,1350,"*","chr17:24736293-24737642",3901,3965,1,1,FALSE
245591,"chr7",4684788,4685592,805,"*","chr7:4684788-4685592",3901,8036,6.12466654715058e-06,1.83923920334852e-05,TRUE
270669,"chr8",83593783,83594997,1215,"*","chr8:83593783-83594997",3901,9019,1,1,FALSE
287,"chr1",9747729,9748989,1261,"*","chr1:9747729-9748989",3900,13,3.27844148906095e-17,3.48770371176696e-16,TRUE
24504,"chr10",26772201,26773663,1463,"*","chr10:26772201-26773663",3900,656,5.12339231161317e-13,3.56285974382001e-12,TRUE
46485,"chr11",74925546,74927129,1584,"*","chr11:74925546-74927129",3898,1527,3.97500861013713e-08,1.59000344405485e-07,TRUE
255186,"chr7",100464910,100466314,1405,"*","chr7:100464910-100466314",3898,8490,0.0889573996677251,0.127702267682637,FALSE
54074,"chr11",114829544,114830926,1383,"*","chr11:114829544-114830926",3897,1883,0.000709121934419853,0.00156194258682787,TRUE
30471,"chr10",79908365,79909558,1194,"*","chr10:79908365-79909558",3896,854,7.00172042662883e-19,8.49723352746218e-18,TRUE
40916,"chr11",35769327,35770329,1003,"*","chr11:35769327-35770329",3896,1272,6.76399695233903e-06,2.02030972292086e-05,TRUE
154429,"chr2",29124738,29125805,1068,"*","chr2:29124738-29125805",3894,5096,0.0344779498793316,0.054347335875365,FALSE
297485,"chrX",85776175,85777772,1598,"*","chrX:85776175-85777772",3894,9939,0.00166777690141621,0.00345152504432162,TRUE
131784,"chr18",3336838,3338151,1314,"*","chr18:3336838-3338151",3893,4338,0.0592309523638525,0.0887488048604323,FALSE
219663,"chr5",103424805,103426252,1448,"*","chr5:103424805-103426252",3892,7174,0.0865313742699632,0.124613154190615,FALSE
258854,"chr7",127016180,127017737,1558,"*","chr7:127016180-127017737",3892,8626,1.51003138356934e-10,8.07503413673444e-10,TRUE
62833,"chr12",76533206,76534456,1251,"*","chr12:76533206-76534456",3890,2161,6.11211443109403e-05,0.000160086810662494,TRUE
290715,"chr9",101251035,101252254,1220,"*","chr9:101251035-101252254",3890,9692,1.75946341826471e-12,1.15148129467586e-11,TRUE
106428,"chr15",93274776,93276108,1333,"*","chr15:93274776-93276108",3889,3444,8.64342050596283e-19,1.04389136545445e-17,TRUE
263749,"chr8",14888152,14889360,1209,"*","chr8:14888152-14889360",3889,8802,1.83194073413661e-05,5.18375985890383e-05,TRUE
234859,"chr6",71270435,71272486,2052,"*","chr6:71270435-71272486",3888,7706,2.30745636800096e-06,7.44821293738205e-06,TRUE
62631,"chr12",75595941,75596942,1002,"*","chr12:75595941-75596942",3887,2152,0.201024353739123,0.263534810879815,FALSE
171466,"chr2",164769371,164770215,845,"*","chr2:164769371-164770215",3886,5640,0.00515522457703011,0.00973051071542113,TRUE
10981,"chr1",119504359,119505303,945,"*","chr1:119504359-119505303",3885,305,0.524121333455991,0.604104810345772,FALSE
120170,"chr17",5189666,5190600,935,"*","chr17:5189666-5190600",3885,3881,0.356336968456465,0.435087873573218,FALSE
266533,"chr8",41239229,41241168,1940,"*","chr8:41239229-41241168",3885,8869,0.316462036203364,0.39243804092679,FALSE
19394,"chr1",184033504,184034765,1262,"*","chr1:184033504-184034765",3884,553,0.478053105170348,0.55883998645927,FALSE
104709,"chr15",81871735,81872846,1112,"*","chr15:81871735-81872846",3884,3371,3.2100678415722e-40,2.39557301609866e-38,TRUE
182505,"chr3",90475796,90476671,876,"*","chr3:90475796-90476671",3884,5939,0.982459022250475,1,FALSE
6822,"chr1",74391445,74392566,1122,"*","chr1:74391445-74392566",3883,185,8.42941600275698e-14,6.36662840087385e-13,TRUE
127104,"chr17",56289766,56291933,2168,"*","chr17:56289766-56291933",3883,4213,0.00556270732385166,0.0103975837829003,TRUE
188656,"chr3",142394868,142396149,1282,"*","chr3:142394868-142396149",3882,6162,0.0968912167745461,0.137473349566609,FALSE
9429,"chr1",91412847,91414129,1283,"*","chr1:91412847-91414129",3881,261,1,1,FALSE
212532,"chr5",34369341,34370188,848,"*","chr5:34369341-34370188",3880,6998,2.01609812947099e-20,2.9218813470594e-19,TRUE
27497,"chr10",60002536,60003700,1165,"*","chr10:60002536-60003700",3879,739,0.000917046508217207,0.0019849491519853,TRUE
104617,"chr15",81399486,81400469,984,"*","chr15:81399486-81400469",3879,3351,5.64838420763016e-10,2.84123954106145e-09,TRUE
236198,"chr6",85332573,85333869,1297,"*","chr6:85332573-85333869",3879,7762,0.094033931348254,0.134180838111093,FALSE
291737,"chr9",107635167,107635955,789,"*","chr9:107635167-107635955",3879,9743,0.1957812446541,0.257403687423219,FALSE
44279,"chr11",61493775,61495129,1355,"*","chr11:61493775-61495129",3878,1401,6.01590689256176e-12,3.70894383018604e-11,TRUE
273406,"chr8",105565592,105566680,1089,"*","chr8:105565592-105566680",3877,9131,1,1,FALSE
46639,"chr11",75531305,75532437,1133,"*","chr11:75531305-75532437",3876,1537,0.00822558795244908,0.0147676623921886,TRUE
177235,"chr3",37722839,37725263,2425,"*","chr3:37722839-37725263",3875,5805,0.14225959670934,0.193618506432233,FALSE
264839,"chr8",25601336,25602716,1381,"*","chr8:25601336-25602716",3875,8829,0.453985141983396,0.535305772865464,FALSE
280465,"chr9",31211192,31212781,1590,"*","chr9:31211192-31212781",3875,9372,0.00144273113594151,0.00302713205191254,TRUE
122410,"chr17",24960307,24961234,928,"*","chr17:24960307-24961234",3874,3971,0.0660546818235758,0.0979458508653259,FALSE
151085,"chr2",3332339,3333362,1024,"*","chr2:3332339-3333362",3874,4990,6.83005306856998e-09,2.98516305444492e-08,TRUE
236712,"chr6",87810755,87812580,1826,"*","chr6:87810755-87812580",3873,7784,0.0056534393407846,0.0105513985456973,TRUE
275216,"chr8",116978553,116979400,848,"*","chr8:116978553-116979400",3873,9201,0.889026934376963,0.938980708044955,FALSE
241246,"chr6",120038125,120039183,1059,"*","chr6:120038125-120039183",3872,7902,0.00119748536046695,0.00253812073011222,TRUE
63125,"chr12",78225909,78227085,1177,"*","chr12:78225909-78227085",3871,2169,0.932032285687992,0.976563585171828,FALSE
102811,"chr15",73090204,73091197,994,"*","chr15:73090204-73091197",3869,3255,0.000151229232686035,0.000374515187434459,TRUE
43884,"chr11",59661819,59662987,1169,"*","chr11:59661819-59662987",3868,1380,2.64565014263315e-09,1.20366248527441e-08,TRUE
143172,"chr19",6909372,6910762,1391,"*","chr19:6909372-6910762",3868,4703,3.79985202526001e-06,1.18007826871429e-05,TRUE
245494,"chr7",3664974,3666040,1067,"*","chr7:3664974-3666040",3867,8028,2.29011556029174e-17,2.47312695495868e-16,TRUE
30686,"chr10",80664455,80665582,1128,"*","chr10:80664455-80665582",3864,891,1.61434490307661e-05,4.60714869599489e-05,TRUE
167561,"chr2",137116289,137117947,1659,"*","chr2:137116289-137117947",3864,5507,0.00493000560424804,0.00933713182622735,TRUE
37778,"chr11",6546166,6547617,1452,"*","chr11:6546166-6547617",3863,1186,1.51368575977961e-06,4.98578972259425e-06,TRUE
127254,"chr17",57059889,57060935,1047,"*","chr17:57059889-57060935",3862,4228,0.00361567648549686,0.00703712823179614,TRUE
268105,"chr8",60992674,60993824,1151,"*","chr8:60992674-60993824",3860,8906,6.28472233671623e-07,2.16565208019167e-06,TRUE
269131,"chr8",70658881,70660805,1925,"*","chr8:70658881-70660805",3859,8949,0.0213693233060172,0.0351700515240573,TRUE
215598,"chr5",65435567,65436780,1214,"*","chr5:65435567-65436780",3857,7074,0.00454488112133162,0.00865691642158403,TRUE
253443,"chr7",84689505,84690633,1129,"*","chr7:84689505-84690633",3856,8437,0.075113846308708,0.109719319761478,FALSE
189891,"chr3",152209872,152211440,1569,"*","chr3:152209872-152211440",3855,6190,1.53686707451647e-19,2.0382852447168e-18,TRUE
49864,"chr11",94133451,94134974,1524,"*","chr11:94133451-94134974",3854,1675,0.122404270338826,0.169160130374276,FALSE
112943,"chr16",32246552,32247516,965,"*","chr16:32246552-32247516",3854,3716,0.4896625193538,0.570303423426275,FALSE
156181,"chr2",37702595,37704223,1629,"*","chr2:37702595-37704223",3854,5205,3.26950913644528e-07,1.16435510557168e-06,TRUE
103421,"chr15",76306925,76307886,962,"*","chr15:76306925-76307886",3852,3281,4.4050741864977e-05,0.000118225286808849,TRUE
174678,"chr3",8923238,8924245,1008,"*","chr3:8923238-8924245",3852,5744,0.0015049607644204,0.00314352085078443,TRUE
204053,"chr4",129819788,129821181,1394,"*","chr4:129819788-129821181",3852,6611,1.67875386960773e-12,1.10154453386334e-11,TRUE
202001,"chr4",116708216,116708919,704,"*","chr4:116708216-116708919",3851,6512,5.45472600858993e-31,1.92067817203871e-29,TRUE
252783,"chr7",80992781,80994388,1608,"*","chr7:80992781-80994388",3851,8420,7.13564608772159e-27,1.83908404322721e-25,TRUE
84573,"chr14",20082560,20083559,1000,"*","chr14:20082560-20083559",3850,2758,7.11618882579521e-08,2.76249566218758e-07,TRUE
36918,"chr10",128493628,128494627,1000,"*","chr10:128493628-128494627",3848,1111,4.24394520113942e-28,1.17236055280094e-26,TRUE
154630,"chr2",30066075,30066973,899,"*","chr2:30066075-30066973",3848,5105,3.58740304569293e-25,8.04350458675546e-24,TRUE
36900,"chr10",128409335,128410359,1025,"*","chr10:128409335-128410359",3846,1108,0.402788691327704,0.482266153409607,FALSE
17587,"chr1",171246959,171247682,724,"*","chr1:171246959-171247682",3845,491,2.49943035583081e-11,1.44810565227741e-10,TRUE
58546,"chr12",29290660,29291604,945,"*","chr12:29290660-29291604",3845,2064,6.84793780123127e-18,7.76410181545495e-17,TRUE
167858,"chr2",140395099,140396351,1253,"*","chr2:140395099-140396351",3844,5511,0.020400724276834,0.0336646777128533,TRUE
45433,"chr11",68691327,68692398,1072,"*","chr11:68691327-68692398",3841,1427,3.28221882815655e-11,1.87555361608946e-10,TRUE
45520,"chr11",69059323,69060069,747,"*","chr11:69059323-69060069",3841,1436,1.44542243774042e-05,4.14636384893982e-05,TRUE
107369,"chr15",98567366,98568299,934,"*","chr15:98567366-98568299",3841,3472,0.436885837426818,0.518620414799166,FALSE
245808,"chr7",7298296,7299825,1530,"*","chr7:7298296-7299825",3841,8055,3.45177812003214e-06,1.07666192140741e-05,TRUE
258830,"chr7",126884558,126885299,742,"*","chr7:126884558-126885299",3841,8623,8.72615892257408e-07,2.95801997375392e-06,TRUE
113942,"chr16",37384561,37385650,1090,"*","chr16:37384561-37385650",3840,3744,3.72129668898293e-05,0.000101232227665477,TRUE
161988,"chr2",92374757,92375800,1044,"*","chr2:92374757-92375800",3839,5332,0.000369803233859437,0.000854049038936343,TRUE
264929,"chr8",26158087,26159191,1105,"*","chr8:26158087-26159191",3839,8837,1.21489082323026e-07,4.58795628108105e-07,TRUE
273500,"chr8",106058919,106060366,1448,"*","chr8:106058919-106060366",3839,9143,0.306002926479633,0.381169564623359,FALSE
45959,"chr11",70969804,70970792,989,"*","chr11:70969804-70970792",3838,1493,1.59538937206682e-06,5.2514462543345e-06,TRUE
74818,"chr13",49652618,49653551,934,"*","chr13:49652618-49653551",3836,2490,6.22464297317505e-05,0.00016262056497951,TRUE
217336,"chr5",77384055,77385308,1254,"*","chr5:77384055-77385308",3836,7119,0.541275481299771,0.619759052435655,FALSE
203448,"chr4",126103172,126104293,1122,"*","chr4:126103172-126104293",3835,6577,0.854656456760021,0.908822263675054,FALSE
225840,"chr5",139200120,139201020,901,"*","chr5:139200120-139201020",3835,7441,0.248723931554091,0.317492891950588,FALSE
84647,"chr14",20393357,20394133,777,"*","chr14:20393357-20394133",3834,2765,0.0693660091026774,0.102339936710943,FALSE
154784,"chr2",30718348,30719593,1246,"*","chr2:30718348-30719593",3834,5129,2.24956234648712e-13,1.61374630307541e-12,TRUE
184673,"chr3",105687132,105688240,1109,"*","chr3:105687132-105688240",3834,6054,0.293764186233229,0.367388927255164,FALSE
107545,"chr15",99251462,99252812,1351,"*","chr15:99251462-99252812",3833,3486,0.00111452455203946,0.00237638497236558,TRUE
181644,"chr3",85887107,85888198,1092,"*","chr3:85887107-85888198",3833,5885,0.00312122633241687,0.00615141177062843,TRUE
284791,"chr9",59291090,59292158,1069,"*","chr9:59291090-59292158",3833,9514,0.663668652109634,0.735448417674683,FALSE
288343,"chr9",78175422,78177371,1950,"*","chr9:78175422-78177371",3833,9623,0.0050779283469586,0.00959910840634897,TRUE
95972,"chr14",122982642,122984004,1363,"*","chr14:122982642-122984004",3831,3096,7.60786389958236e-14,5.77227913473623e-13,TRUE
123721,"chr17",30004201,30005364,1164,"*","chr17:30004201-30005364",3830,4044,7.49797063889647e-20,1.02711926560226e-18,TRUE
253824,"chr7",90129436,90130780,1345,"*","chr7:90129436-90130780",3830,8449,6.42524237862309e-17,6.66518918944304e-16,TRUE
114884,"chr16",45158245,45159602,1358,"*","chr16:45158245-45159602",3829,3764,0.0295336181109311,0.0473295162034152,TRUE
122301,"chr17",24470042,24470740,699,"*","chr17:24470042-24470740",3827,3957,0.0449107845298557,0.0690722616577295,FALSE
253675,"chr7",89433354,89434919,1566,"*","chr7:89433354-89434919",3827,8442,0.237205250252923,0.305126383139854,FALSE
85567,"chr14",25207580,25209078,1499,"*","chr14:25207580-25209078",3826,2795,0.0269193813894878,0.0434323675209548,TRUE
247146,"chr7",28741583,28742610,1028,"*","chr7:28741583-28742610",3826,8184,0.0840281864702892,0.121463120078475,FALSE
263508,"chr8",13287326,13288552,1227,"*","chr8:13287326-13288552",3826,8792,2.96117251643513e-27,7.87545882030619e-26,TRUE
2803,"chr1",38987219,38988326,1108,"*","chr1:38987219-38988326",3825,70,0.0247074778516868,0.0401617000189967,TRUE
132953,"chr18",12236047,12237415,1369,"*","chr18:12236047-12237415",3825,4364,0.00323732083764861,0.00635516458117119,TRUE
203910,"chr4",129188958,129190593,1636,"*","chr4:129188958-129190593",3825,6598,6.69861905450188e-23,1.17108724729054e-21,TRUE
42658,"chr11",51999809,52001159,1351,"*","chr11:51999809-52001159",3824,1325,3.49308110956567e-24,6.95832890351727e-23,TRUE
82922,"chr13",115101443,115102604,1162,"*","chr13:115101443-115102604",3824,2717,0.16802701508318,0.224847803689817,FALSE
88509,"chr14",50807496,50808243,748,"*","chr14:50807496-50808243",3823,2889,0.0143121629962354,0.0244485189549631,TRUE
252409,"chr7",79465688,79467118,1431,"*","chr7:79465688-79467118",3823,8392,3.38054221878378e-05,9.24150415195128e-05,TRUE
205542,"chr4",136143290,136144126,837,"*","chr4:136143290-136144126",3822,6698,0.0676030834306119,0.100004561287887,FALSE
226552,"chr5",142817500,142818361,862,"*","chr5:142817500-142818361",3822,7468,7.93656783066963e-38,5.22142620438792e-36,TRUE
247651,"chr7",31114724,31116231,1508,"*","chr7:31114724-31116231",3822,8224,0.00123473989677111,0.00260934044119001,TRUE
32663,"chr10",94035266,94036622,1357,"*","chr10:94035266-94036622",3820,984,0.00843251382559914,0.0151120319455182,TRUE
48809,"chr11",86586511,86587766,1256,"*","chr11:86586511-86587766",3820,1633,3.19062727834504e-05,8.76545955589297e-05,TRUE
102807,"chr15",73060483,73061626,1144,"*","chr15:73060483-73061626",3820,3253,0.252911397249495,0.322016039278706,FALSE
276534,"chr8",122610852,122612256,1405,"*","chr8:122610852-122612256",3820,9246,3.48767916491608e-12,2.20739187652916e-11,TRUE
142483,"chr19",3850260,3852496,2237,"*","chr19:3850260-3852496",3819,4617,6.68207727309346e-05,0.00017410310768873,TRUE
54585,"chr11",116674645,116675997,1353,"*","chr11:116674645-116675997",3818,1925,0.398884850451203,0.478393919946274,FALSE
299538,"chrX",150477870,150478992,1123,"*","chrX:150477870-150478992",3818,9976,1.83521765514018e-21,2.8585944784115e-20,TRUE
22375,"chr10",11280622,11282330,1709,"*","chr10:11280622-11282330",3817,611,0.668046092224132,0.739843949678251,FALSE
124703,"chr17",35046584,35047467,884,"*","chr17:35046584-35047467",3817,4107,0.00191006541711466,0.00391567326181768,TRUE
141534,"chr18",80469393,80470613,1221,"*","chr18:80469393-80470613",3817,4593,0.065536366228203,0.0973216011704826,FALSE
217667,"chr5",87562621,87563696,1076,"*","chr5:87562621-87563696",3816,7124,0.000526031738178757,0.00118422273340558,TRUE
292011,"chr9",108991488,108992275,788,"*","chr9:108991488-108992275",3816,9774,2.82212680532944e-06,8.96482466750141e-06,TRUE
199065,"chr4",96330446,96331582,1137,"*","chr4:96330446-96331582",3815,6414,0.0526769212116515,0.0798861407516705,FALSE
56285,"chr12",5213260,5214775,1516,"*","chr12:5213260-5214775",3814,2017,0.00275818233915006,0.00549657700109617,TRUE
104963,"chr15",83148767,83150190,1424,"*","chr15:83148767-83150190",3814,3383,0.00399613805583992,0.00770562679490921,TRUE
161046,"chr2",79634970,79636447,1478,"*","chr2:79634970-79636447",3814,5294,1.22832714553303e-23,2.32637716957012e-22,TRUE
3611,"chr1",43933339,43934546,1208,"*","chr1:43933339-43934546",3810,86,7.0629343295676e-06,2.10582418889911e-05,TRUE
48744,"chr11",86200820,86201867,1048,"*","chr11:86200820-86201867",3808,1628,0.570039826790931,0.646450245850455,FALSE
193167,"chr4",35155450,35157783,2334,"*","chr4:35155450-35157783",3807,6254,0.000875108355372093,0.0019024094682002,TRUE
250911,"chr7",68072576,68074110,1535,"*","chr7:68072576-68074110",3807,8368,0.0573859943287206,0.0861651566497306,FALSE
39545,"chr11",23497548,23498648,1101,"*","chr11:23497548-23498648",3806,1235,2.73044737995357e-36,1.45236562763488e-34,TRUE
42564,"chr11",51584205,51585381,1177,"*","chr11:51584205-51585381",3806,1313,0.685421625921205,0.755701902889973,FALSE
76642,"chr13",60177174,60178072,899,"*","chr13:60177174-60178072",3806,2550,9.34195052916971e-09,4.02318199615853e-08,TRUE
115819,"chr16",55821669,55822863,1195,"*","chr16:55821669-55822863",3806,3779,1,1,FALSE
153513,"chr2",24934521,24935964,1444,"*","chr2:24934521-24935964",3805,5045,0.0857336010975506,0.123606691317114,FALSE
225068,"chr5",135168243,135169204,962,"*","chr5:135168243-135169204",3805,7388,7.31126374604613e-05,0.000189705857448006,TRUE
240532,"chr6",115853036,115854034,999,"*","chr6:115853036-115854034",3805,7884,0.0994841686456393,0.140792766268949,FALSE
241914,"chr6",125164968,125166114,1147,"*","chr6:125164968-125166114",3805,7944,2.18681159383333e-13,1.57098534039751e-12,TRUE
275774,"chr8",120113562,120114491,930,"*","chr8:120113562-120114491",3805,9223,2.84501611052244e-12,1.81906400928545e-11,TRUE
48315,"chr11",83819801,83820730,930,"*","chr11:83819801-83820730",3804,1611,0.0555324964981575,0.0837865945163555,FALSE
104007,"chr15",78982632,78984545,1914,"*","chr15:78982632-78984545",3804,3322,0.761878799519721,0.824901255434951,FALSE
32566,"chr10",93452920,93453935,1016,"*","chr10:93452920-93453935",3803,981,0.00198974928541516,0.0040673534043646,TRUE
46686,"chr11",75651416,75652893,1478,"*","chr11:75651416-75652893",3803,1540,0.000524512340920317,0.00118239932578971,TRUE
60985,"chr12",55836065,55837213,1149,"*","chr12:55836065-55837213",3803,2114,1.90469082960211e-21,2.94843781672153e-20,TRUE
82536,"chr13",112927066,112928059,994,"*","chr13:112927066-112928059",3803,2708,0.000573076488016696,0.00127918858932298,TRUE
182864,"chr3",94953681,94954746,1066,"*","chr3:94953681-94954746",3803,5957,8.78694181149047e-08,3.36149265933071e-07,TRUE
200861,"chr4",107178128,107179673,1546,"*","chr4:107178128-107179673",3803,6462,5.33002902967383e-08,2.09184812781547e-07,TRUE
208750,"chr4",152296904,152297999,1096,"*","chr4:152296904-152297999",3803,6846,2.60599690421935e-19,3.35824343327235e-18,TRUE
51510,"chr11",101119615,101120511,897,"*","chr11:101119615-101120511",3802,1777,0.190201489247413,0.250991672271593,FALSE
207717,"chr4",148626032,148627454,1423,"*","chr4:148626032-148627454",3802,6794,7.25796608539389e-06,2.15882393973643e-05,TRUE
270697,"chr8",83714954,83715825,872,"*","chr8:83714954-83715825",3802,9023,9.84510716728146e-12,5.89527375286315e-11,TRUE
145439,"chr19",24961455,24962146,692,"*","chr19:24961455-24962146",3799,4806,6.32551630784942e-07,2.17670898411886e-06,TRUE
279391,"chr9",21367205,21368732,1528,"*","chr9:21367205-21368732",3799,9335,8.80695134416402e-21,1.31055823573869e-19,TRUE
185040,"chr3",108017558,108018603,1046,"*","chr3:108017558-108018603",3798,6064,9.46726271509056e-06,2.78121701383389e-05,TRUE
45732,"chr11",69980177,69981327,1151,"*","chr11:69980177-69981327",3797,1473,1.74578201172982e-08,7.26803501969116e-08,TRUE
168890,"chr2",148680717,148681828,1112,"*","chr2:148680717-148681828",3795,5529,5.40783047418013e-06,1.63973028325656e-05,TRUE
50880,"chr11",97987700,97989286,1587,"*","chr11:97987700-97989286",3794,1730,0.0056839038527224,0.0106003428808698,TRUE
120269,"chr17",5491329,5493183,1855,"*","chr17:5491329-5493183",3793,3884,1.43753968887896e-49,2.11402895423377e-47,TRUE
250860,"chr7",67950709,67952679,1971,"*","chr7:67950709-67952679",3793,8367,3.9279322121883e-05,0.00010639036327704,TRUE
16669,"chr1",165634237,165635182,946,"*","chr1:165634237-165635182",3792,469,4.57823306069436e-08,1.81387997650331e-07,TRUE
291813,"chr9",108002131,108003170,1040,"*","chr9:108002131-108003170",3791,9749,0.000142236798250307,0.000353646937469683,TRUE
227958,"chr5",150665181,150666135,955,"*","chr5:150665181-150666135",3790,7522,2.38503217139558e-21,3.66928026368551e-20,TRUE
247536,"chr7",30559601,30560149,549,"*","chr7:30559601-30560149",3790,8215,0.0140712873246922,0.0240946700765277,TRUE
44157,"chr11",60878238,60879605,1368,"*","chr11:60878238-60879605",3789,1394,0.000129878231380866,0.000324858007455893,TRUE
292205,"chr9",110653870,110654569,700,"*","chr9:110653870-110654569",3789,9788,0.786527763498215,0.846092688788958,FALSE
64886,"chr12",86823808,86825551,1744,"*","chr12:86823808-86825551",3788,2223,1.52754310959129e-08,6.42364638179683e-08,TRUE
224941,"chr5",134551923,134552970,1048,"*","chr5:134551923-134552970",3788,7377,6.06358724395103e-10,3.03482845042594e-09,TRUE
208447,"chr4",151057581,151058524,944,"*","chr4:151057581-151058524",3787,6837,1.36469721180069e-15,1.23838222486451e-14,TRUE
34149,"chr10",108161372,108163201,1830,"*","chr10:108161372-108163201",3786,1012,0.00431923881489465,0.00826490397033036,TRUE
156481,"chr2",39190113,39191255,1143,"*","chr2:39190113-39191255",3786,5213,2.16116937867629e-16,2.10230484307032e-15,TRUE
162263,"chr2",93461937,93463414,1478,"*","chr2:93461937-93463414",3785,5340,0.704791124219582,0.7731363802321,FALSE
279315,"chr9",21091563,21092505,943,"*","chr9:21091563-21092505",3785,9328,0.377448848026685,0.456628173272061,FALSE
55693,"chr11",120726699,120727711,1013,"*","chr11:120726699-120727711",3784,1989,0.685375673882624,0.755701902889973,FALSE
255354,"chr7",101108039,101109217,1179,"*","chr7:101108039-101109217",3784,8496,0.00251248078595357,0.00504109306973028,TRUE
6938,"chr1",75124589,75125549,961,"*","chr1:75124589-75125549",3782,194,1.51791095518005e-19,2.01849861061176e-18,TRUE
46319,"chr11",73198758,73199784,1027,"*","chr11:73198758-73199784",3782,1510,4.40163634747268e-08,1.75084978021984e-07,TRUE
204929,"chr4",133753862,133754978,1117,"*","chr4:133753862-133754978",3782,6663,2.20437799304958e-11,1.28310709723491e-10,TRUE
212531,"chr5",34335651,34337283,1633,"*","chr5:34335651-34337283",3782,6997,2.28196188253326e-07,8.29201265455401e-07,TRUE
98273,"chr15",28025718,28026539,822,"*","chr15:28025718-28026539",3781,3141,0.246815130871437,0.315539671275169,FALSE
215722,"chr5",66052627,66053597,971,"*","chr5:66052627-66053597",3781,7080,0.248252729447228,0.31705329431319,FALSE
279398,"chr9",21424626,21425283,658,"*","chr9:21424626-21425283",3781,9336,0.104523394452872,0.147133156605958,FALSE
284411,"chr9",57560938,57562081,1144,"*","chr9:57560938-57562081",3779,9504,0.15628282849732,0.210623758082642,FALSE
76501,"chr13",59584639,59585920,1282,"*","chr13:59584639-59585920",3778,2546,1.26340597745082e-15,1.15064296671295e-14,TRUE
42249,"chr11",49846476,49847400,925,"*","chr11:49846476-49847400",3775,1297,1,1,FALSE
55539,"chr11",120189371,120190508,1138,"*","chr11:120189371-120190508",3775,1959,5.35264726487182e-17,5.61074136779017e-16,TRUE
39896,"chr11",29692388,29693281,894,"*","chr11:29692388-29693281",3774,1245,1,1,FALSE
56861,"chr12",11265649,11266775,1127,"*","chr12:11265649-11266775",3773,2029,0.000345962731557549,0.000803443408168947,TRUE
80804,"chr13",101767183,101769154,1972,"*","chr13:101767183-101769154",3773,2666,0.00314368439491823,0.00619323166847564,TRUE
50553,"chr11",96777429,96778095,667,"*","chr11:96777429-96778095",3772,1704,0.0562878261649946,0.0847197865216655,FALSE
234560,"chr6",66910528,66911447,920,"*","chr6:66910528-66911447",3772,7694,0.00749528020324876,0.0135636630532913,TRUE
89829,"chr14",60634133,60635441,1309,"*","chr14:60634133-60635441",3771,2957,0.0573582259986418,0.0861493331310331,FALSE
94192,"chr14",103069741,103070920,1180,"*","chr14:103069741-103070920",3771,3061,2.0698397051804e-07,7.56520360080557e-07,TRUE
194566,"chr4",48279301,48280361,1061,"*","chr4:48279301-48280361",3771,6330,2.46176952072284e-30,7.89028692539371e-29,TRUE
89749,"chr14",60251094,60252369,1276,"*","chr14:60251094-60252369",3770,2955,0.0261094396985938,0.0422209568217882,TRUE
205340,"chr4",135352933,135354028,1096,"*","chr4:135352933-135354028",3770,6688,9.58065064913688e-34,3.9919377704737e-32,TRUE
227504,"chr5",148552321,148553256,936,"*","chr5:148552321-148553256",3770,7507,0.0926825548555059,0.132517235995862,FALSE
269462,"chr8",72492390,72493257,868,"*","chr8:72492390-72493257",3770,8990,5.35843996227041e-11,3.00360984432198e-10,TRUE
12530,"chr1",132355201,132356399,1199,"*","chr1:132355201-132356399",3769,344,0.00761496971489352,0.0137553643693886,TRUE
132290,"chr18",6764821,6765703,883,"*","chr18:6764821-6765703",3769,4349,0.00451789107252923,0.00860878634247185,TRUE
139170,"chr18",64957154,64958023,870,"*","chr18:64957154-64958023",3768,4535,0.000166924838173342,0.000410964524804552,TRUE
261299,"chr7",141123084,141123755,672,"*","chr7:141123084-141123755",3768,8709,1,1,FALSE
122688,"chr17",26243581,26244716,1136,"*","chr17:26243581-26244716",3767,3989,4.83027129677137e-10,2.45618831065022e-09,TRUE
193609,"chr4",42949613,42950616,1004,"*","chr4:42949613-42950616",3767,6282,0.309028284100768,0.384267948396877,FALSE
157892,"chr2",58747609,58748490,882,"*","chr2:58747609-58748490",3766,5235,0.000256508022132429,0.000608704371458067,TRUE
178182,"chr3",51483599,51484611,1013,"*","chr3:51483599-51484611",3766,5825,0.345768510264962,0.423839801746705,FALSE
108404,"chr15",102670551,102671625,1075,"*","chr15:102670551-102671625",3765,3539,5.33430363648489e-10,2.69409274569944e-09,TRUE
286400,"chr9",66592412,66593854,1443,"*","chr9:66592412-66593854",3765,9579,1.33729271265223e-34,5.8143161419662e-33,TRUE
9461,"chr1",91540095,91541144,1050,"*","chr1:91540095-91541144",3764,268,2.07440409351871e-16,2.0297496022688e-15,TRUE
173187,"chr2",172345150,172346072,923,"*","chr2:172345150-172346072",3764,5695,1.33982671300653e-24,2.76823701034406e-23,TRUE
250162,"chr7",63937302,63938152,851,"*","chr7:63937302-63938152",3763,8350,6.81521013688397e-15,5.74638291474196e-14,TRUE
210858,"chr5",21424746,21425538,793,"*","chr5:21424746-21425538",3761,6920,1.0414398254122e-20,1.54516294571543e-19,TRUE
77037,"chr13",63430930,63432217,1288,"*","chr13:63430930-63432217",3759,2561,3.23068602531181e-25,7.34246823934501e-24,TRUE
235775,"chr6",83054235,83055249,1015,"*","chr6:83054235-83055249",3759,7737,0.0114158558008395,0.0199508140524983,TRUE
248317,"chr7",38084780,38085566,787,"*","chr7:38084780-38085566",3759,8243,5.2153305363169e-74,3.72523609736922e-71,TRUE
209496,"chr4",156059129,156060360,1232,"*","chr4:156059129-156060360",3758,6888,0.599743516455631,0.675691208264569,FALSE
37582,"chr11",5520611,5522494,1884,"*","chr11:5520611-5522494",3757,1169,0.152145590524249,0.205713345760206,FALSE
191140,"chr4",8647193,8647957,765,"*","chr4:8647193-8647957",3757,6207,1.11181994687354e-29,3.43154304590599e-28,TRUE
261849,"chr7",143822637,143823392,756,"*","chr7:143822637-143823392",3757,8738,2.45702750284756e-13,1.75501964489111e-12,TRUE
148136,"chr19",43689435,43690133,699,"*","chr19:43689435-43690133",3756,4892,3.03505840533573e-17,3.25650043490958e-16,TRUE
205473,"chr4",135855326,135856885,1560,"*","chr4:135855326-135856885",3756,6691,3.74529069910408e-15,3.27385550620986e-14,TRUE
236409,"chr6",86525352,86527579,2228,"*","chr6:86525352-86527579",3753,7777,2.72546322224382e-14,2.15622090367391e-13,TRUE
277950,"chr8",128357011,128359598,2588,"*","chr8:128357011-128359598",3753,9291,2.47963531732662e-08,1.01375115180974e-07,TRUE
79240,"chr13",93303443,93304877,1435,"*","chr13:93303443-93304877",3752,2628,0.26976876939403,0.341083804906653,FALSE
2667,"chr1",38129282,38130454,1173,"*","chr1:38129282-38130454",3751,69,1.09557803167691e-34,4.89097335570049e-33,TRUE
165144,"chr2",120850134,120851013,880,"*","chr2:120850134-120851013",3751,5418,0.00753905431660599,0.0136231556136718,TRUE
182461,"chr3",90253918,90254993,1076,"*","chr3:90253918-90254993",3751,5935,5.17831944892114e-08,2.03870844445714e-07,TRUE
217944,"chr5",90223692,90224527,836,"*","chr5:90223692-90224527",3751,7137,0.235421675719086,0.303222148015309,FALSE
2657,"chr1",37996993,37997724,732,"*","chr1:37996993-37997724",3750,68,1,1,FALSE
108802,"chr16",4541682,4542385,704,"*","chr16:4541682-4542385",3750,3561,2.52105411726638e-05,7.01461913541007e-05,TRUE
206124,"chr4",138216286,138217590,1305,"*","chr4:138216286-138217590",3750,6719,4.54792087457248e-14,3.54752018297385e-13,TRUE
255234,"chr7",100706205,100707205,1001,"*","chr7:100706205-100707205",3750,8494,7.87955143551161e-12,4.7581832340046e-11,TRUE
262308,"chr8",3621205,3621864,660,"*","chr8:3621205-3621864",3750,8758,0.000486558198473011,0.00110230674778661,TRUE
200741,"chr4",106778298,106779060,763,"*","chr4:106778298-106779060",3749,6457,0.162772547450542,0.21866274509745,FALSE
211742,"chr5",29569011,29570126,1116,"*","chr5:29569011-29570126",3749,6950,0.0336363352121049,0.0531883858508933,FALSE
9391,"chr1",91249853,91250638,786,"*","chr1:91249853-91250638",3748,258,0.788046357005203,0.847409857785234,FALSE
55629,"chr11",120500146,120501315,1170,"*","chr11:120500146-120501315",3748,1974,0.00986050627933266,0.0173661611118927,TRUE
115266,"chr16",49698717,49699734,1018,"*","chr16:49698717-49699734",3748,3773,0.0274529819221386,0.044221942529218,TRUE
125904,"chr17",46383314,46384081,768,"*","chr17:46383314-46384081",3748,4168,3.90391598754181e-55,1.0844211076505e-52,TRUE
255936,"chr7",109518653,109519711,1059,"*","chr7:109518653-109519711",3748,8521,0.00554577002896852,0.0103736813112019,TRUE
272427,"chr8",94354128,94355175,1048,"*","chr8:94354128-94355175",3748,9093,0.000271629409172662,0.000641240342711666,TRUE
67346,"chr12",108333719,108334661,943,"*","chr12:108333719-108334661",3747,2289,3.35042172538875e-35,1.58038760631545e-33,TRUE
174083,"chr2",180024445,180025427,983,"*","chr2:180024445-180025427",3747,5715,4.87317508508935e-14,3.78352102879608e-13,TRUE
209012,"chr4",154025523,154026514,992,"*","chr4:154025523-154026514",3747,6853,0.0785846260942993,0.114239775598849,FALSE
156145,"chr2",37358458,37359596,1139,"*","chr2:37358458-37359596",3746,5200,9.07024489002496e-25,1.9380865149626e-23,TRUE
44464,"chr11",62550491,62551992,1502,"*","chr11:62550491-62551992",3745,1411,4.54880417944934e-25,1.00637260607286e-23,TRUE
52629,"chr11",106612359,106613681,1323,"*","chr11:106612359-106613681",3745,1850,0.000523173150730035,0.0011799123832432,TRUE
247613,"chr7",30973280,30974488,1209,"*","chr7:30973280-30974488",3745,8223,0.0153735406924424,0.0260656844564978,TRUE
291488,"chr9",106280420,106281634,1215,"*","chr9:106280420-106281634",3745,9715,0.00945173894295966,0.0167109953022625,TRUE
64176,"chr12",83631907,83633099,1193,"*","chr12:83631907-83633099",3742,2194,3.15330538585038e-07,1.12537665447908e-06,TRUE
152795,"chr2",18027370,18029260,1891,"*","chr2:18027370-18029260",3742,5028,0.165538666723576,0.222020743996212,FALSE
42502,"chr11",51262760,51264002,1243,"*","chr11:51262760-51264002",3741,1312,0.107875788315091,0.151208282476669,FALSE
23406,"chr10",19933615,19935373,1759,"*","chr10:19933615-19935373",3740,636,0.856827202761373,0.910743200214044,FALSE
67672,"chr12",110446242,110447425,1184,"*","chr12:110446242-110447425",3739,2297,3.82538500042894e-22,6.33341887488235e-21,TRUE
245238,"chr6",148211721,148212580,860,"*","chr6:148211721-148212580",3739,8017,0.610964525914162,0.686785663122933,FALSE
52517,"chr11",106193172,106194131,960,"*","chr11:106193172-106194131",3736,1844,3.17208782995868e-15,2.81712951150859e-14,TRUE
142832,"chr19",5424169,5425666,1498,"*","chr19:5424169-5425666",3736,4659,2.10609625173299e-12,1.36759496865778e-11,TRUE
252604,"chr7",80294150,80295093,944,"*","chr7:80294150-80295093",3736,8409,0.00346247228011776,0.00676264117210501,TRUE
175358,"chr3",19162766,19163595,830,"*","chr3:19162766-19163595",3735,5757,5.62114945825387e-12,3.49139717903967e-11,TRUE
282441,"chr9",44799122,44800302,1181,"*","chr9:44799122-44800302",3735,9436,0.164849185077808,0.221214687436672,FALSE
110695,"chr16",18248217,18249349,1133,"*","chr16:18248217-18249349",3734,3651,7.27854657793965e-11,4.02129645190036e-10,TRUE
247610,"chr7",30955844,30957956,2113,"*","chr7:30955844-30957956",3734,8222,5.81720870410324e-07,2.01537519610947e-06,TRUE
174373,"chr2",181496431,181498059,1629,"*","chr2:181496431-181498059",3733,5732,8.18073339475689e-10,3.98283027982322e-09,TRUE
242511,"chr6",128200274,128201273,1000,"*","chr6:128200274-128201273",3733,7954,0.00224884850825772,0.00455048261484768,TRUE
110986,"chr16",20535306,20536072,767,"*","chr16:20535306-20536072",3732,3664,0.0401294378063427,0.0624097010985112,FALSE
263623,"chr8",13785339,13786475,1137,"*","chr8:13785339-13786475",3732,8798,1.6157278311402e-09,7.56426887237919e-09,TRUE
166350,"chr2",128966926,128968460,1535,"*","chr2:128966926-128968460",3731,5469,1.71600738472117e-06,5.62994548793035e-06,TRUE
7598,"chr1",80340199,80341491,1293,"*","chr1:80340199-80341491",3730,212,1.33030461408174e-34,5.8143161419662e-33,TRUE
8288,"chr1",86503505,86504852,1348,"*","chr1:86503505-86504852",3729,234,0.000162887109375088,0.000401595437315305,TRUE
40213,"chr11",31824590,31825434,845,"*","chr11:31824590-31825434",3729,1260,0.000316689602956132,0.000740621148166819,TRUE
164955,"chr2",119593886,119595156,1271,"*","chr2:119593886-119595156",3729,5409,0.87707213356403,0.929128178542236,FALSE
2331,"chr1",36511546,36513037,1492,"*","chr1:36511546-36513037",3728,55,0.13309336514632,0.182319678282631,FALSE
82225,"chr13",111725061,111726150,1090,"*","chr13:111725061-111726150",3728,2700,2.90902703968355e-06,9.21744942865511e-06,TRUE
190355,"chr3",154596624,154598114,1491,"*","chr3:154596624-154598114",3728,6195,0.000166933789975609,0.000410964524804552,TRUE
223376,"chr5",123394097,123395119,1023,"*","chr5:123394097-123395119",3728,7321,0.0485077868810123,0.0741709279526182,FALSE
249010,"chr7",45714764,45715712,949,"*","chr7:45714764-45715712",3727,8315,0.208809548153953,0.272170943892014,FALSE
55643,"chr11",120538560,120540528,1969,"*","chr11:120538560-120540528",3726,1975,0.000647446450944754,0.00143303774002823,TRUE
17626,"chr1",171437303,171438187,885,"*","chr1:171437303-171438187",3725,498,0.00054318294796857,0.00121953962274039,TRUE
184227,"chr3",103020321,103021502,1182,"*","chr3:103020321-103021502",3725,6038,0.0265042180061745,0.0428177996868732,TRUE
110209,"chr16",14317013,14317867,855,"*","chr16:14317013-14317867",3724,3622,5.2682620940512e-07,1.83947698814637e-06,TRUE
36585,"chr10",127063251,127064113,863,"*","chr10:127063251-127064113",3722,1075,8.66655734250257e-45,9.02766389844018e-43,TRUE
207680,"chr4",148448360,148449083,724,"*","chr4:148448360-148449083",3722,6790,0.000118023299256136,0.000297207159851947,TRUE
51805,"chr11",102284477,102285473,997,"*","chr11:102284477-102285473",3721,1798,8.7222081154664e-21,1.30182210678603e-19,TRUE
124725,"chr17",35120933,35122476,1544,"*","chr17:35120933-35122476",3721,4109,0.019865779216042,0.032890362940467,TRUE
182974,"chr3",95433919,95434926,1008,"*","chr3:95433919-95434926",3721,5971,0.33876011183835,0.416573281635195,FALSE
31986,"chr10",88503520,88504563,1044,"*","chr10:88503520-88504563",3720,968,2.91622367708918e-12,1.85983652875585e-11,TRUE
254774,"chr7",98815058,98816773,1716,"*","chr7:98815058-98816773",3719,8474,0.650060800986293,0.723254117697256,FALSE
145854,"chr19",28010844,28012434,1591,"*","chr19:28010844-28012434",3718,4818,0.0104029830650032,0.01826366408884,TRUE
55625,"chr11",120489496,120490144,649,"*","chr11:120489496-120490144",3717,1972,0.124467704496046,0.171679592408339,FALSE
77195,"chr13",64161542,64162516,975,"*","chr13:64161542-64162516",3717,2567,1.04561357470102e-09,5.03667425193170e-09,TRUE
165092,"chr2",120403872,120405592,1721,"*","chr2:120403872-120405592",3717,5414,1.37322061237057e-18,1.62075985893136e-17,TRUE
223270,"chr5",123014677,123015898,1222,"*","chr5:123014677-123015898",3717,7308,0.0841617779956364,0.121585926026634,FALSE
45687,"chr11",69795299,69796197,899,"*","chr11:69795299-69796197",3713,1463,3.93035716029071e-06,1.217582763411e-05,TRUE
139402,"chr18",65800023,65800886,864,"*","chr18:65800023-65800886",3712,4539,0.0255726709065678,0.0414333618058454,TRUE
277508,"chr8",126665795,126667282,1488,"*","chr8:126665795-126667282",3712,9279,0.0143902515396043,0.0245651272441179,TRUE
143608,"chr19",9982249,9983373,1125,"*","chr19:9982249-9983373",3711,4751,1.86700285566315e-12,1.21549665082236e-11,TRUE
166748,"chr2",131262036,131263183,1148,"*","chr2:131262036-131263183",3711,5492,0.000464947460714152,0.00105717931040053,TRUE
286120,"chr9",65214612,65216347,1736,"*","chr9:65214612-65216347",3711,9564,0.000539451943717257,0.00121225155891518,TRUE
120096,"chr17",4993767,4996680,2914,"*","chr17:4993767-4996680",3710,3879,3.55143564492125e-05,9.68749493977428e-05,TRUE
123268,"chr17",28313052,28314243,1192,"*","chr17:28313052-28314243",3709,4018,0.159562210472711,0.214753984485479,FALSE
247151,"chr7",28766318,28767061,744,"*","chr7:28766318-28767061",3709,8185,0.0286873964767795,0.0460471853559863,TRUE
282101,"chr9",43261404,43264709,3306,"*","chr9:43261404-43264709",3709,9406,0.124234852447018,0.171405701499749,FALSE
55660,"chr11",120617032,120618348,1317,"*","chr11:120617032-120618348",3708,1980,0.00417154440799942,0.008012955067229,TRUE
147210,"chr19",37375754,37376692,939,"*","chr19:37375754-37376692",3708,4859,1.72602585939571e-66,1.07876616212232e-63,TRUE
294183,"chr9",121718893,121720303,1411,"*","chr9:121718893-121720303",3708,9843,0.601972914264106,0.677744780752203,FALSE
121496,"chr17",12991819,12993148,1330,"*","chr17:12991819-12993148",3707,3906,0.0003204675213442,0.000748056772512138,TRUE
92212,"chr14",75786628,75787463,836,"*","chr14:75786628-75787463",3706,3023,0.000123132392983544,0.000308757254221525,TRUE
40499,"chr11",33162254,33163694,1441,"*","chr11:33162254-33163694",3705,1270,5.00059318873218e-14,3.87042816465339e-13,TRUE
104812,"chr15",82353796,82354952,1157,"*","chr15:82353796-82354952",3705,3381,0.0188132084168623,0.0313135959002368,TRUE
123313,"chr17",28485421,28486652,1232,"*","chr17:28485421-28486652",3705,4022,3.09623639736767e-17,3.31502826270629e-16,TRUE
83241,"chr13",119790102,119791835,1734,"*","chr13:119790102-119791835",3704,2729,3.31216443350466e-13,2.34905278971962e-12,TRUE
37269,"chr11",4186493,4187241,749,"*","chr11:4186493-4187241",3701,1153,7.31207870984226e-11,4.03536352640302e-10,TRUE
261313,"chr7",141193395,141194511,1117,"*","chr7:141193395-141194511",3701,8711,0.000601153274500641,0.00133827532168442,TRUE
31556,"chr10",85916599,85917521,923,"*","chr10:85916599-85917521",3700,954,0.0823535884977125,0.11928387673481,FALSE
56536,"chr12",8499257,8500600,1344,"*","chr12:8499257-8500600",3700,2021,1.5894021768868e-08,6.65578801041375e-08,TRUE
230133,"chr6",29347643,29348617,975,"*","chr6:29347643-29348617",3700,7561,2.94625847543845e-07,1.05676415905253e-06,TRUE
268471,"chr8",64733296,64734135,840,"*","chr8:64733296-64734135",3700,8912,0.693612132901477,0.763553646963317,FALSE
46607,"chr11",75348173,75349027,855,"*","chr11:75348173-75349027",3699,1530,0.0336193181413714,0.0531782950670221,FALSE
246556,"chr7",24546567,24547492,926,"*","chr7:24546567-24547492",3699,8124,0.024704726806826,0.0401617000189967,TRUE
274092,"chr8",109565346,109566258,913,"*","chr8:109565346-109566258",3698,9160,0.0263260747167844,0.0425437535823925,TRUE
43669,"chr11",58322797,58323846,1050,"*","chr11:58322797-58323846",3697,1367,0.0174855413213939,0.0293086512259368,TRUE
18817,"chr1",180813137,180814690,1554,"*","chr1:180813137-180814690",3696,533,2.69211578437569e-19,3.46030306475025e-18,TRUE
100771,"chr15",55265588,55266619,1032,"*","chr15:55265588-55266619",3695,3208,0.142890308125954,0.194355696580459,FALSE
56242,"chr12",4917072,4918635,1564,"*","chr12:4917072-4918635",3694,2016,0.0179264005016873,0.0299772583640256,TRUE
139642,"chr18",67448705,67449798,1094,"*","chr18:67448705-67449798",3694,4542,8.45987185274189e-78,7.04989321061824e-75,TRUE
169932,"chr2",156007806,156008472,667,"*","chr2:156007806-156008472",3694,5589,0.0595441778538303,0.089164686813163,FALSE
269178,"chr8",70797062,70798314,1253,"*","chr8:70797062-70798314",3693,8961,0.0919037147219414,0.13149197636384,FALSE
272705,"chr8",95434505,95435403,899,"*","chr8:95434505-95435403",3693,9115,1.17743790488185e-08,5.0231992529089e-08,TRUE
103636,"chr15",77306510,77307507,998,"*","chr15:77306510-77307507",3691,3306,0.000421943136982066,0.000964661950119035,TRUE
267883,"chr8",57486755,57488354,1600,"*","chr8:57486755-57488354",3689,8898,1.39480768319948e-07,5.22008863472858e-07,TRUE
86381,"chr14",30009836,30010740,905,"*","chr14:30009836-30010740",3688,2824,0.149779248188368,0.202842968835818,FALSE
109715,"chr16",11253274,11254889,1616,"*","chr16:11253274-11254889",3688,3604,0.0117485438603165,0.0204607172767617,TRUE
272361,"chr8",94036777,94037569,793,"*","chr8:94036777-94037569",3688,9087,2.29222171769504e-12,1.47694698305093e-11,TRUE
73218,"chr13",41605303,41606214,912,"*","chr13:41605303-41606214",3686,2441,7.46224272292889e-24,1.44058739824882e-22,TRUE
271926,"chr8",91379004,91379790,787,"*","chr8:91379004-91379790",3686,9082,0.333797855072838,0.411283705116853,FALSE
45469,"chr11",68852645,68853606,962,"*","chr11:68852645-68853606",3685,1428,2.27702856868258e-09,1.04355113138523e-08,TRUE
102323,"chr15",66969276,66970383,1108,"*","chr15:66969276-66970383",3685,3243,2.66853816458566e-09,1.21297189299348e-08,TRUE
206140,"chr4",138325554,138326947,1394,"*","chr4:138325554-138326947",3685,6721,0.445593739503418,0.526796637417581,FALSE
51845,"chr11",102430176,102431449,1274,"*","chr11:102430176-102431449",3684,1805,0.315031244622784,0.391051693921032,FALSE
239474,"chr6",108064873,108066052,1180,"*","chr6:108064873-108066052",3684,7850,0.000455677832870354,0.00103704559142092,TRUE
258927,"chr7",127345269,127346590,1322,"*","chr7:127345269-127346590",3684,8636,4.41293404868616e-08,1.75394835003424e-07,TRUE
106021,"chr15",89195574,89197012,1439,"*","chr15:89195574-89197012",3681,3433,0.678276889019005,0.749311631704602,FALSE
282307,"chr9",44233484,44234631,1148,"*","chr9:44233484-44234631",3681,9415,3.79812425408286e-17,4.01493050114468e-16,TRUE
125986,"chr17",46680302,46681567,1266,"*","chr17:46680302-46681567",3680,4176,5.62330151287148e-08,2.20348805363302e-07,TRUE
226860,"chr5",144254426,144257065,2640,"*","chr5:144254426-144257065",3680,7484,0.430848511485671,0.512426869036241,FALSE
231135,"chr6",35133453,35134272,820,"*","chr6:35133453-35134272",3680,7593,0.639510775686279,0.713739705007007,FALSE
155137,"chr2",32137704,32138462,759,"*","chr2:32137704-32138462",3679,5145,1.24657263469739e-13,9.24757147401628e-13,TRUE
267342,"chr8",47989729,47991622,1894,"*","chr8:47989729-47991622",3678,8893,0.0566471962120508,0.0851325461557722,FALSE
10728,"chr1",118388345,118390322,1978,"*","chr1:118388345-118390322",3677,299,0.263279092473467,0.333687062704014,FALSE
70722,"chr13",23683676,23685129,1454,"*","chr13:23683676-23685129",3677,2387,0.000599246842033514,0.00133551838025203,TRUE
283170,"chr9",48984813,48985852,1040,"*","chr9:48984813-48985852",3676,9457,1.15584696286807e-63,6.42137201593371e-61,TRUE
17597,"chr1",171280272,171282083,1812,"*","chr1:171280272-171282083",3675,493,1.94572674979813e-26,4.81615532128249e-25,TRUE
46441,"chr11",74723520,74724976,1457,"*","chr11:74723520-74724976",3675,1517,2.48348315626347e-08,1.0144947533756e-07,TRUE
247227,"chr7",28962022,28962893,872,"*","chr7:28962022-28962893",3675,8193,4.69191145089699e-37,2.79280443505773e-35,TRUE
161738,"chr2",91069980,91070975,996,"*","chr2:91069980-91070975",3674,5318,0.0180027814924198,0.0300848621196856,TRUE
262009,"chr7",144581659,144582838,1180,"*","chr7:144581659-144582838",3674,8744,2.31584317009485e-14,1.84971499208854e-13,TRUE
279446,"chr9",21615683,21616870,1188,"*","chr9:21615683-21616870",3673,9341,6.54919229843325e-30,2.05949443346957e-28,TRUE
55229,"chr11",119084992,119086971,1980,"*","chr11:119084992-119086971",3672,1944,2.71244340979879e-10,1.40250434839648e-09,TRUE
206136,"chr4",138304374,138305155,782,"*","chr4:138304374-138305155",3671,6720,2.2030903132901e-08,9.07368333315526e-08,TRUE
108026,"chr15",101078335,101079432,1098,"*","chr15:101078335-101079432",3670,3514,0.184197471642865,0.244099485347025,FALSE
124441,"chr17",33779155,33780084,930,"*","chr17:33779155-33780084",3670,4075,0.000114915443975215,0.000289943038175616,TRUE
51065,"chr11",98783275,98783899,625,"*","chr11:98783275-98783899",3669,1749,0.00059938064905711,0.00133551838025203,TRUE
207986,"chr4",149517846,149518677,832,"*","chr4:149517846-149518677",3669,6807,7.19621887789624e-15,6.02698398483773e-14,TRUE
214802,"chr5",53590234,53590940,707,"*","chr5:53590234-53590940",3664,7056,0.52363944751032,0.603827776188099,FALSE
236966,"chr6",88901772,88903001,1230,"*","chr6:88901772-88903001",3664,7799,1.41198839816906e-15,1.27897499834154e-14,TRUE
182725,"chr3",94309838,94310592,755,"*","chr3:94309838-94310592",3663,5947,1.46415997494242e-06,4.83708601820666e-06,TRUE
295330,"chrX",13070518,13072284,1767,"*","chrX:13070518-13072284",3663,9888,7.11492668283646e-16,6.62469895981048e-15,TRUE
101976,"chr15",63997532,63998825,1294,"*","chr15:63997532-63998825",3661,3238,1.15043729022334e-14,9.42981385428967e-14,TRUE
64904,"chr12",86867417,86868435,1019,"*","chr12:86867417-86868435",3660,2225,0.00385939605743293,0.00747655183539893,TRUE
130820,"chr17",84790273,84791294,1022,"*","chr17:84790273-84791294",3660,4308,2.93581297928369e-09,1.32722105754235e-08,TRUE
126959,"chr17",53689111,53690074,964,"*","chr17:53689111-53690074",3658,4199,0.0770319318309846,0.112334599709974,FALSE
142534,"chr19",4012559,4013257,699,"*","chr19:4012559-4013257",3658,4623,0.00864059904305217,0.0154351537032015,TRUE
103769,"chr15",77928608,77929507,900,"*","chr15:77928608-77929507",3657,3309,9.4356365813496e-07,3.17484407178654e-06,TRUE
115937,"chr16",56716891,56717994,1104,"*","chr16:56716891-56717994",3657,3786,0.784839889427315,0.845004187583241,FALSE
46315,"chr11",73176716,73178091,1376,"*","chr11:73176716-73178091",3656,1509,1.83916022627367e-13,1.33659900165238e-12,TRUE
122354,"chr17",24719725,24720428,704,"*","chr17:24719725-24720428",3656,3964,9.52776629501067e-13,6.44639126861344e-12,TRUE
29702,"chr10",75565632,75566722,1091,"*","chr10:75565632-75566722",3655,800,0.19320490452126,0.254437318609955,FALSE
212275,"chr5",32713750,32714518,769,"*","chr5:32713750-32714518",3655,6978,0.903024140173907,0.950151662640895,FALSE
291925,"chr9",108516627,108518150,1524,"*","chr9:108516627-108518150",3655,9763,0.000118229008189104,0.000297207159851947,TRUE
246941,"chr7",27474599,27475139,541,"*","chr7:27474599-27475139",3654,8160,1.52098648511946e-09,7.14749288120045e-09,TRUE
253432,"chr7",84605243,84606952,1710,"*","chr7:84605243-84606952",3654,8436,0.00232289684192852,0.0046889318569409,TRUE
284810,"chr9",59486423,59487219,797,"*","chr9:59486423-59487219",3654,9516,2.35409848063818e-09,1.07591338237577e-08,TRUE
55556,"chr11",120232731,120233207,477,"*","chr11:120232731-120233207",3653,1962,3.74640417460888e-14,2.94528630079315e-13,TRUE
87467,"chr14",36968326,36969357,1032,"*","chr14:36968326-36969357",3652,2859,4.83377859535964e-10,2.45618831065022e-09,TRUE
203562,"chr4",126753291,126754337,1047,"*","chr4:126753291-126754337",3652,6587,0.255438825876578,0.324655345547252,FALSE
110696,"chr16",18288964,18289779,816,"*","chr16:18288964-18289779",3651,3652,0.0639847811220743,0.0953573489151629,FALSE
123541,"chr17",29347629,29348615,987,"*","chr17:29347629-29348615",3650,4038,5.2305511077485e-14,4.04215696116576e-13,TRUE
270355,"chr8",80878946,80881048,2103,"*","chr8:80878946-80881048",3650,9012,4.92111712848318e-14,3.81481947944433e-13,TRUE
180300,"chr3",69316079,69317632,1554,"*","chr3:69316079-69317632",3649,5863,0.0469791090877021,0.0720096705820082,FALSE
279990,"chr9",27029200,27031017,1818,"*","chr9:27029200-27031017",3649,9369,0.369184810608421,0.44803981869954,FALSE
116025,"chr16",57391336,57391907,572,"*","chr16:57391336-57391907",3648,3790,0.0250196687617525,0.0406244748445088,TRUE
127247,"chr17",56997145,56997901,757,"*","chr17:56997145-56997901",3648,4225,9.94026714546608e-08,3.79134915744023e-07,TRUE
289392,"chr9",88438484,88439669,1186,"*","chr9:88438484-88439669",3647,9645,1.11792894968636e-27,3.00518534861926e-26,TRUE
63496,"chr12",80103359,80104325,967,"*","chr12:80103359-80104325",3646,2178,0.0219578692782178,0.0360556145783543,TRUE
181954,"chr3",87906030,87907107,1078,"*","chr3:87906030-87907107",3646,5891,4.89834664330365e-05,0.000130692279703939,TRUE
233724,"chr6",54680957,54682431,1475,"*","chr6:54680957-54682431",3646,7673,5.80038736196837e-13,3.98926228471002e-12,TRUE
42365,"chr11",50291440,50292881,1442,"*","chr11:50291440-50292881",3645,1306,0.0250997395121433,0.0407331053426538,TRUE
148784,"chr19",46572650,46573790,1141,"*","chr19:46572650-46573790",3645,4933,7.86477481166490e-11,4.31656136754386e-10,TRUE
133982,"chr18",24020211,24021328,1118,"*","chr18:24020211-24021328",3644,4381,0.0038848055886121,0.00751413073232515,TRUE
152806,"chr2",18063933,18065865,1933,"*","chr2:18063933-18065865",3643,5030,0.0160468140071187,0.0270695243035065,TRUE
162905,"chr2",103073230,103074207,978,"*","chr2:103073230-103074207",3643,5352,1.80822292152026e-08,7.49756841642246e-08,TRUE
209261,"chr4",155066137,155067423,1287,"*","chr4:155066137-155067423",3643,6860,0.00010564476914078,0.000268679473908391,TRUE
232391,"chr6",48443947,48445211,1265,"*","chr6:48443947-48445211",3643,7638,1.23588802793182e-36,7.02209106779446e-35,TRUE
75758,"chr13",55189799,55190808,1010,"*","chr13:55189799-55190808",3642,2520,0.134149257904753,0.183631008724449,FALSE
225154,"chr5",135674465,135675421,957,"*","chr5:135674465-135675421",3641,7393,6.19625604174954e-10,3.09194413260955e-09,TRUE
241225,"chr6",119847861,119848969,1109,"*","chr6:119847861-119848969",3639,7901,0.011806058913113,0.020539420516898,TRUE
246484,"chr7",24112046,24113536,1491,"*","chr7:24112046-24113536",3639,8119,5.17144590682892e-22,8.42255033685492e-21,TRUE
20775,"chr1",192092099,192093372,1274,"*","chr1:192092099-192093372",3638,583,5.29238736059271e-05,0.000140381627601929,TRUE
62991,"chr12",77238024,77239493,1470,"*","chr12:77238024-77239493",3638,2168,0.0720999753424297,0.105718438918519,FALSE
9729,"chr1",92906787,92907809,1023,"*","chr1:92906787-92907809",3636,271,0.000433219724344715,0.000989537972463945,TRUE
96161,"chr15",4026199,4027797,1599,"*","chr15:4026199-4027797",3636,3102,4.95107661265629e-06,1.51131764733098e-05,TRUE
113007,"chr16",32608319,32609540,1222,"*","chr16:32608319-32609540",3636,3722,4.12932841211778e-05,0.000111182779001556,TRUE
208653,"chr4",151996064,151997007,944,"*","chr4:151996064-151997007",3636,6840,1,1,FALSE
8270,"chr1",86440460,86443227,2768,"*","chr1:86440460-86443227",3635,231,1,1,FALSE
181429,"chr3",84582011,84583176,1166,"*","chr3:84582011-84583176",3635,5881,7.60499913602771e-08,2.93402744445514e-07,TRUE
105368,"chr15",84922759,84924013,1255,"*","chr15:84922759-84924013",3634,3396,4.60721866936059e-09,2.04583422262904e-08,TRUE
118239,"chr16",90143641,90144688,1048,"*","chr16:90143641-90144688",3634,3823,2.43962980194524e-10,1.26931831526807e-09,TRUE
52118,"chr11",103734626,103736132,1507,"*","chr11:103734626-103736132",3633,1827,0.185055311487899,0.245041461186307,FALSE
53381,"chr11",110379574,110380636,1063,"*","chr11:110379574-110380636",3633,1875,0.308260933675912,0.383504520621936,FALSE
212497,"chr5",34169319,34170071,753,"*","chr5:34169319-34170071",3633,6995,0.00105152530486051,0.00224973321536266,TRUE
262292,"chr8",3515354,3517815,2462,"*","chr8:3515354-3517815",3632,8756,1.49920635449533e-29,4.57075108077843e-28,TRUE
266979,"chr8",46499524,46500386,863,"*","chr8:46499524-46500386",3631,8881,0.0104408638413688,0.0183173049848575,TRUE
108807,"chr16",4558095,4561159,3065,"*","chr16:4558095-4561159",3630,3562,2.31922697449168e-06,7.48137733706993e-06,TRUE
127248,"chr17",57011027,57012506,1480,"*","chr17:57011027-57012506",3629,4226,0.0107154436399842,0.0187792562915952,TRUE
66599,"chr12",103425695,103426401,707,"*","chr12:103425695-103426401",3628,2274,0.00288669004538498,0.00573666543200512,TRUE
148754,"chr19",46499852,46500512,661,"*","chr19:46499852-46500512",3628,4929,5.23309400322179e-36,2.69747113568134e-34,TRUE
209412,"chr4",155601161,155602224,1064,"*","chr4:155601161-155602224",3626,6872,5.23154135574128e-06,1.59110138556608e-05,TRUE
250043,"chr7",59228177,59229727,1551,"*","chr7:59228177-59229727",3626,8345,9.3117892044934e-07,3.14162928626633e-06,TRUE
104106,"chr15",79327343,79328757,1415,"*","chr15:79327343-79328757",3625,3330,0.126802999312547,0.174611676277261,FALSE
120534,"chr17",6827554,6828666,1113,"*","chr17:6827554-6828666",3625,3896,0.000227951722038372,0.000545861403348591,TRUE
55538,"chr11",120184547,120185822,1276,"*","chr11:120184547-120185822",3624,1958,0.742351611388273,0.80830968138967,FALSE
108417,"chr15",102721777,102722686,910,"*","chr15:102721777-102722686",3624,3540,3.4131377025983e-07,1.2111915197297e-06,TRUE
125998,"chr17",46751638,46752719,1082,"*","chr17:46751638-46752719",3623,4179,0.0372573698125932,0.0583239978281045,FALSE
252841,"chr7",81211968,81213626,1659,"*","chr7:81211968-81213626",3623,8421,0.66807908655946,0.739843949678251,FALSE
294809,"chrX",7841137,7842308,1172,"*","chrX:7841137-7842308",3623,9876,0.00151380166491523,0.00315901849940573,TRUE
127178,"chr17",56626730,56628351,1622,"*","chr17:56626730-56628351",3622,4218,6.74932929481289e-06,2.01834010012347e-05,TRUE
128032,"chr17",66100854,66102234,1381,"*","chr17:66100854-66102234",3622,4244,0.159814737479235,0.214920303226513,FALSE
51116,"chr11",98951246,98952145,900,"*","chr11:98951246-98952145",3620,1757,0.376266172328168,0.455417783016422,FALSE
135171,"chr18",35771178,35772439,1262,"*","chr18:35771178-35772439",3620,4428,5.60786428954406e-31,1.96079170963079e-29,TRUE
232583,"chr6",49319081,49319792,712,"*","chr6:49319081-49319792",3620,7651,0.228271632323759,0.294848401348178,FALSE
246762,"chr7",25658658,25659532,875,"*","chr7:25658658-25659532",3619,8145,0.00880603337599549,0.0156746767105651,TRUE
205474,"chr4",135873528,135874420,893,"*","chr4:135873528-135874420",3618,6692,2.19294253707261e-08,9.03933444794975e-08,TRUE
267222,"chr8",47533276,47534032,757,"*","chr8:47533276-47534032",3618,8888,0.00026756043584121,0.000632530581184893,TRUE
6808,"chr1",74332179,74333052,874,"*","chr1:74332179-74333052",3617,183,1.31485282747253e-26,3.30365032028274e-25,TRUE
122729,"chr17",26422470,26423077,608,"*","chr17:26422470-26423077",3616,3991,9.07006967055503e-05,0.000233163744744345,TRUE
195393,"chr4",56946206,56947851,1646,"*","chr4:56946206-56947851",3616,6346,6.36590861918418e-16,5.94944730764876e-15,TRUE
290942,"chr9",102779295,102780118,824,"*","chr9:102779295-102780118",3616,9699,0.039857176902842,0.0620717622662719,FALSE
181469,"chr3",84814093,84815148,1056,"*","chr3:84814093-84815148",3615,5882,0.0182936844464351,0.0305301809853723,TRUE
10279,"chr1",105663271,105664309,1039,"*","chr1:105663271-105664309",3613,290,3.07817683236719e-07,1.10249886546103e-06,TRUE
2342,"chr1",36546934,36547792,859,"*","chr1:36546934-36547792",3612,57,0.00673287249424896,0.0123312683044853,TRUE
45828,"chr11",70432195,70432969,775,"*","chr11:70432195-70432969",3611,1482,9.19258952966073e-05,0.00023619192008378,TRUE
89236,"chr14",56667973,56668975,1003,"*","chr14:56667973-56668975",3611,2938,0.000356150208537493,0.000825185839984924,TRUE
179939,"chr3",65974374,65975284,911,"*","chr3:65974374-65975284",3611,5858,0.00388654168701884,0.00751458176144401,TRUE
183057,"chr3",95893386,95894856,1471,"*","chr3:95893386-95894856",3611,5982,0.800583940952181,0.85881135051725,FALSE
31364,"chr10",84576217,84577764,1548,"*","chr10:84576217-84577764",3608,947,0.0156209308329384,0.0264134779048671,TRUE
132119,"chr18",5334043,5335313,1271,"*","chr18:5334043-5335313",3608,4343,5.8417613265532e-08,2.28372217613495e-07,TRUE
178115,"chr3",51184731,51185982,1252,"*","chr3:51184731-51185982",3608,5818,0.100018916884562,0.141469472255391,FALSE
231532,"chr6",38124164,38125365,1202,"*","chr6:38124164-38125365",3608,7604,0.000158078179896004,0.000390895598160248,TRUE
242571,"chr6",128437631,128439299,1669,"*","chr6:128437631-128439299",3604,7957,0.0270242910483598,0.0435875662070319,TRUE
60552,"chr12",52602530,52604396,1867,"*","chr12:52602530-52604396",3603,2102,0.776082332745338,0.83755917628463,FALSE
100740,"chr15",55112115,55113871,1757,"*","chr15:55112115-55113871",3603,3207,0.799562300336297,0.857899463880147,FALSE
161986,"chr2",92370814,92372050,1237,"*","chr2:92370814-92372050",3603,5331,0.0278045883105682,0.0447306761753027,TRUE
255522,"chr7",101969774,101971599,1826,"*","chr7:101969774-101971599",3603,8506,0.439055405594999,0.520530596278841,FALSE
269308,"chr8",71610801,71611796,996,"*","chr8:71610801-71611796",3603,8979,0.781610251114825,0.842252425770286,FALSE
84789,"chr14",21075745,21076579,835,"*","chr14:21075745-21076579",3602,2777,0.000794379128242236,0.00173672743384835,TRUE
109689,"chr16",11066129,11067245,1117,"*","chr16:11066129-11067245",3601,3598,0.00675233202716433,0.0123578551009596,TRUE
195378,"chr4",56864592,56865778,1187,"*","chr4:56864592-56865778",3601,6345,0.0234499212713485,0.0382918374777081,TRUE
63508,"chr12",80132256,80133254,999,"*","chr12:80132256-80133254",3600,2181,3.64798800669949e-10,1.86693347323413e-09,TRUE
252609,"chr7",80324053,80324864,812,"*","chr7:80324053-80324864",3600,8410,0.908696702763268,0.954914567847066,FALSE
224265,"chr5",129786963,129788047,1085,"*","chr5:129786963-129788047",3599,7358,1.14706481126532e-05,3.33449073042245e-05,TRUE
203856,"chr4",128993000,128993596,597,"*","chr4:128993000-128993596",3598,6596,0.835990320003507,0.892389325366681,FALSE
253884,"chr7",90442523,90444003,1481,"*","chr7:90442523-90444003",3598,8452,0.000864644079657506,0.00188047864214334,TRUE
51023,"chr11",98682085,98682909,825,"*","chr11:98682085-98682909",3597,1742,1.28835165292911e-34,5.70067103065977e-33,TRUE
123324,"chr17",28517520,28518650,1131,"*","chr17:28517520-28518650",3597,4024,4.67347555455618e-06,1.43094781217274e-05,TRUE
171402,"chr2",164460854,164461730,877,"*","chr2:164460854-164461730",3597,5638,0.00673656504184716,0.0123335134416828,TRUE
225681,"chr5",138255323,138256537,1215,"*","chr5:138255323-138256537",3597,7431,2.52030377485594e-16,2.44215482059685e-15,TRUE
292078,"chr9",109875317,109876574,1258,"*","chr9:109875317-109876574",3597,9779,0.202704010741859,0.265527915564394,FALSE
201752,"chr4",114999692,115000498,807,"*","chr4:114999692-115000498",3596,6492,3.08298879000212e-09,1.39124042870132e-08,TRUE
218730,"chr5",96996757,96998218,1462,"*","chr5:96996757-96998218",3596,7155,1.49272823523995e-32,5.69743601236623e-31,TRUE
3590,"chr1",43827185,43828386,1202,"*","chr1:43827185-43828386",3595,84,2.32823471135765e-10,1.21515381594867e-09,TRUE
30412,"chr10",79704160,79705109,950,"*","chr10:79704160-79705109",3595,845,1.55501055179051e-33,6.37299406471522e-32,TRUE
246704,"chr7",25395367,25396603,1237,"*","chr7:25395367-25396603",3595,8141,5.54113213433168e-11,3.09560454431938e-10,TRUE
49890,"chr11",94209942,94210712,771,"*","chr11:94209942-94210712",3594,1679,1.4558650462215e-22,2.49291959969435e-21,TRUE
289395,"chr9",88481767,88483489,1723,"*","chr9:88481767-88483489",3594,9646,2.58716011915112e-07,9.3399282279824e-07,TRUE
291698,"chr9",107533827,107534608,782,"*","chr9:107533827-107534608",3594,9732,3.48573025007387e-15,3.06842451591009e-14,TRUE
67720,"chr12",110591192,110592093,902,"*","chr12:110591192-110592093",3593,2299,0.00822974762284441,0.014769827033102,TRUE
101267,"chr15",58822959,58824432,1474,"*","chr15:58822959-58824432",3593,3217,0.00558219898963098,0.0104262214972562,TRUE
51868,"chr11",102555848,102556791,944,"*","chr11:102555848-102556791",3592,1808,2.28937065778125e-42,1.97359539463901e-40,TRUE
5591,"chr1",63112885,63115014,2130,"*","chr1:63112885-63115014",3591,139,0.0117326867748064,0.020440220862032,TRUE
148365,"chr19",44741321,44743530,2210,"*","chr19:44741321-44743530",3591,4900,0.135680141157209,0.185608948231476,FALSE
284831,"chr9",59616915,59617853,939,"*","chr9:59616915-59617853",3591,9517,0.000140234802271621,0.000348842791720451,TRUE
54910,"chr11",117779094,117782047,2954,"*","chr11:117779094-117782047",3590,1931,0.000137013373766156,0.000341679236324579,TRUE
85637,"chr14",25451279,25452534,1256,"*","chr14:25451279-25452534",3590,2796,0.273818932020983,0.345469255640907,FALSE
198268,"chr4",86748156,86749410,1255,"*","chr4:86748156-86749410",3590,6395,0.157992199296047,0.212812768448339,FALSE
258578,"chr7",125707269,125708233,965,"*","chr7:125707269-125708233",3590,8603,0.00151117088805465,0.00315484527777589,TRUE
132526,"chr18",9449421,9450719,1299,"*","chr18:9449421-9450719",3589,4353,0.50196604591633,0.583003537649628,FALSE
272680,"chr8",95331324,95332706,1383,"*","chr8:95331324-95332706",3589,9114,0.0664314241417821,0.098416924654492,FALSE
109785,"chr16",11504844,11506401,1558,"*","chr16:11504844-11506401",3588,3608,0.00626514456947601,0.0115849566743269,TRUE
142532,"chr19",3999960,4001002,1043,"*","chr19:3999960-4001002",3588,4622,0.0313348354754354,0.0498962348334959,TRUE
221512,"chr5",114567192,114568392,1201,"*","chr5:114567192-114568392",3588,7233,0.212938498891717,0.276543505054178,FALSE
165291,"chr2",122028025,122029398,1374,"*","chr2:122028025-122029398",3587,5427,6.95938867390634e-18,7.872611622066e-17,TRUE
177663,"chr3",40893904,40894739,836,"*","chr3:40893904-40894739",3587,5811,2.7636721857264e-06,8.79030593424426e-06,TRUE
253781,"chr7",89980336,89981589,1254,"*","chr7:89980336-89981589",3586,8446,0.000332831522658381,0.000775469530890915,TRUE
291934,"chr9",108566799,108567937,1139,"*","chr9:108566799-108567937",3586,9765,0.240357113477646,0.308624953104322,FALSE
193347,"chr4",40702654,40704175,1522,"*","chr4:40702654-40704175",3585,6262,0.911005236242341,0.957139353059824,FALSE
256170,"chr7",110613895,110616351,2457,"*","chr7:110613895-110616351",3585,8531,0.0064822497412333,0.0119202827165011,TRUE
24836,"chr10",30617861,30618874,1014,"*","chr10:30617861-30618874",3584,662,0.000810426047826978,0.00177103594367784,TRUE
108373,"chr15",102470265,102471601,1337,"*","chr15:102470265-102471601",3583,3536,8.25741511924279e-17,8.42593379514571e-16,TRUE
132590,"chr18",10181489,10182719,1231,"*","chr18:10181489-10182719",3583,4355,2.04092656364248e-18,2.38426000425524e-17,TRUE
238301,"chr6",97205264,97206134,871,"*","chr6:97205264-97206134",3583,7839,7.21429505264811e-20,9.90974595143971e-19,TRUE
72430,"chr13",36116966,36118207,1242,"*","chr13:36116966-36118207",3582,2423,0.0987950221017507,0.139975945171083,FALSE
43354,"chr11",55460782,55461725,944,"*","chr11:55460782-55461725",3581,1357,0.000271354247308043,0.000640893356891929,TRUE
127176,"chr17",56609563,56610450,888,"*","chr17:56609563-56610450",3581,4217,8.68436944349654e-17,8.82557870274038e-16,TRUE
5025,"chr1",59481428,59482671,1244,"*","chr1:59481428-59482671",3580,131,0.00928634912202328,0.0164709987974872,TRUE
44232,"chr11",61266729,61267775,1047,"*","chr11:61266729-61267775",3580,1399,0.111907565676149,0.155990473482226,FALSE
55936,"chr12",3235188,3236285,1098,"*","chr12:3235188-3236285",3580,2003,0.000170627227111718,0.000419437628101568,TRUE
66818,"chr12",104863708,104865778,2071,"*","chr12:104863708-104865778",3580,2279,6.12395830459325e-07,2.1146264863927e-06,TRUE
103871,"chr15",78531879,78532641,763,"*","chr15:78531879-78532641",3580,3317,0.0602741476973218,0.0902037529142798,FALSE
235064,"chr6",72362142,72362974,833,"*","chr6:72362142-72362974",3580,7717,3.70071393562399e-05,0.000100781969924401,TRUE
121937,"chr17",15825636,15827168,1533,"*","chr17:15825636-15827168",3579,3920,5.6987249649344e-15,4.86239331479044e-14,TRUE
280427,"chr9",31029845,31031302,1458,"*","chr9:31029845-31031302",3579,9371,0.297538985224846,0.371986887017698,FALSE
87082,"chr14",33446775,33447765,991,"*","chr14:33446775-33447765",3578,2853,1.51524571978725e-37,9.71311358837981e-36,TRUE
147865,"chr19",42045405,42046253,849,"*","chr19:42045405-42046253",3577,4881,0.529644950985986,0.60934761963413,FALSE
245526,"chr7",4149002,4151396,2395,"*","chr7:4149002-4151396",3577,8032,1.75771011801783e-17,1.92309640920988e-16,TRUE
208236,"chr4",150281211,150282666,1456,"*","chr4:150281211-150282666",3575,6819,0.000559016358008262,0.00125059587921311,TRUE
142713,"chr19",4755751,4757171,1421,"*","chr19:4755751-4757171",3574,4642,0.535058109179136,0.613880345547425,FALSE
143057,"chr19",6340091,6341679,1589,"*","chr19:6340091-6341679",3574,4698,1.38934245973342e-06,4.60657314235217e-06,TRUE
164868,"chr2",119208469,119209315,847,"*","chr2:119208469-119209315",3574,5402,6.86286783917003e-35,3.17725362924539e-33,TRUE
26754,"chr10",52417154,52418537,1384,"*","chr10:52417154-52418537",3573,719,4.02472484607303e-05,0.000108835177016577,TRUE
122239,"chr17",24140978,24142078,1101,"*","chr17:24140978-24142078",3573,3949,9.80828716965778e-07,3.29579541991189e-06,TRUE
122657,"chr17",26115518,26116874,1357,"*","chr17:26115518-26116874",3573,3986,0.0187076180070813,0.0311482151300055,TRUE
290898,"chr9",102625850,102626930,1081,"*","chr9:102625850-102626930",3573,9694,0.000382433728488609,0.000880777817799653,TRUE
203601,"chr4",127021050,127021643,594,"*","chr4:127021050-127021643",3572,6588,0.388029900310757,0.46761858316553,FALSE
212375,"chr5",33274016,33275642,1627,"*","chr5:33274016-33275642",3571,6984,2.01720866281617e-23,3.70810415958855e-22,TRUE
124991,"chr17",36836215,36837784,1570,"*","chr17:36836215-36837784",3570,4136,6.11400122243768e-06,1.83713979039594e-05,TRUE
140715,"chr18",75385943,75386818,876,"*","chr18:75385943-75386818",3570,4577,0.911493778708753,0.95745144822348,FALSE
154707,"chr2",30440345,30442295,1951,"*","chr2:30440345-30442295",3570,5117,0.209389562286029,0.272713678413688,FALSE
224327,"chr5",130144165,130145366,1202,"*","chr5:130144165-130145366",3570,7364,3.49484102736719e-17,3.71002232204585e-16,TRUE
13026,"chr1",134415033,134415997,965,"*","chr1:134415033-134415997",3569,367,0.0566196124253472,0.085116675323733,FALSE
102515,"chr15",68258179,68259348,1170,"*","chr15:68258179-68259348",3569,3250,3.69489471623669e-07,1.30746451388418e-06,TRUE
137819,"chr18",56707490,56709332,1843,"*","chr18:56707490-56709332",3569,4505,0.182988147082726,0.242754241287776,FALSE
118000,"chr16",87698705,87700486,1782,"*","chr16:87698705-87700486",3568,3822,9.1671765494666e-07,3.09492793702451e-06,TRUE
161310,"chr2",83724002,83725419,1418,"*","chr2:83724002-83725419",3568,5300,0.00234420424838426,0.00472431327767889,TRUE
193486,"chr4",41274830,41275958,1129,"*","chr4:41274830-41275958",3568,6271,9.20368759128884e-05,0.000236355613541059,TRUE
217582,"chr5",86172318,86173337,1020,"*","chr5:86172318-86173337",3567,7122,0.54804801446299,0.626340587957703,FALSE
287940,"chr9",75409169,75410545,1377,"*","chr9:75409169-75410545",3567,9613,1.89429468160994e-09,8.77801057279861e-09,TRUE
185407,"chr3",113629737,113630550,814,"*","chr3:113629737-113630550",3566,6086,0.748323081575351,0.813217867393339,FALSE
234047,"chr6",56923566,56924623,1058,"*","chr6:56923566-56924623",3566,7684,0.126842811286598,0.174618407608202,FALSE
240915,"chr6",117906249,117907371,1123,"*","chr6:117906249-117907371",3566,7894,2.13794069761089e-13,1.53885801363441e-12,TRUE
46676,"chr11",75630662,75631354,693,"*","chr11:75630662-75631354",3565,1539,0.348645402289957,0.426843048836872,FALSE
124428,"chr17",33718181,33719176,996,"*","chr17:33718181-33719176",3564,4073,0.590093452367692,0.666403870573275,FALSE
170009,"chr2",156432460,156433839,1380,"*","chr2:156432460-156433839",3563,5594,0.041520746832757,0.0642537091190915,FALSE
221839,"chr5",115731294,115733278,1985,"*","chr5:115731294-115733278",3563,7257,0.181749180018312,0.241330617143726,FALSE
118429,"chr16",90934369,90935473,1105,"*","chr16:90934369-90935473",3562,3830,5.74482844485078e-06,1.73559771747758e-05,TRUE
79841,"chr13",96670611,96671432,822,"*","chr13:96670611-96671432",3561,2642,0.754124201311863,0.818632437377185,FALSE
223732,"chr5",125081070,125082359,1290,"*","chr5:125081070-125082359",3561,7343,0.00165674126205034,0.00343152705478529,TRUE
42169,"chr11",49202616,49204348,1733,"*","chr11:49202616-49204348",3560,1293,0.0257275514124803,0.0416573047481871,TRUE
144276,"chr19",16132044,16134297,2254,"*","chr19:16132044-16134297",3559,4780,8.16137859775596e-06,2.41746996379027e-05,TRUE
235071,"chr6",72389528,72391867,2340,"*","chr6:72389528-72391867",3559,7718,0.000444580288360539,0.00101317294521545,TRUE
223139,"chr5",122501299,122503057,1759,"*","chr5:122501299-122503057",3558,7300,6.21403066486055e-22,9.99040299816808e-21,TRUE
122855,"chr17",26916802,26917431,630,"*","chr17:26916802-26917431",3557,4000,7.03485735129472e-09,3.06663354459229e-08,TRUE
184457,"chr3",104511317,104512445,1129,"*","chr3:104511317-104512445",3557,6047,7.99419428288837e-10,3.89960696726262e-09,TRUE
253,"chr1",9545109,9545739,631,"*","chr1:9545109-9545739",3556,7,0.0008582405238555,0.00186817702188833,TRUE
46695,"chr11",75678826,75680433,1608,"*","chr11:75678826-75680433",3556,1542,0.000892547236189877,0.00193779252320859,TRUE
206953,"chr4",141538487,141539403,917,"*","chr4:141538487-141539403",3556,6753,1.12568519341026e-40,8.79441557351769e-39,TRUE
214626,"chr5",52833580,52834468,889,"*","chr5:52833580-52834468",3556,7049,0.122705523276543,0.169482766956551,FALSE
18985,"chr1",181841705,181842910,1206,"*","chr1:181841705-181842910",3555,540,0.0989629707706403,0.140174179561813,FALSE
275662,"chr8",119778056,119778871,816,"*","chr8:119778056-119778871",3555,9216,0.271346455985875,0.342948170637532,FALSE
191532,"chr4",11485637,11486345,709,"*","chr4:11485637-11486345",3554,6219,0.758753081523241,0.822375602882698,FALSE
143334,"chr19",7482372,7484005,1634,"*","chr19:7482372-7484005",3553,4726,3.6544773126125e-12,2.30711951553819e-11,TRUE
110518,"chr16",17405415,17407001,1587,"*","chr16:17405415-17407001",3552,3635,0.353535546955944,0.432300742181394,FALSE
163237,"chr2",104590092,104590910,819,"*","chr2:104590092-104590910",3552,5360,0.224531939669638,0.290167924101368,FALSE
183009,"chr3",95658417,95659952,1536,"*","chr3:95658417-95659952",3551,5974,6.27087545716954e-06,1.87975883008679e-05,TRUE
248370,"chr7",39552261,39553140,880,"*","chr7:39552261-39553140",3551,8251,3.6589346810393e-08,1.47300107932339e-07,TRUE
64909,"chr12",86884187,86885329,1143,"*","chr12:86884187-86885329",3550,2227,5.39074598558177e-22,8.75121101555481e-21,TRUE
220639,"chr5",110809853,110810573,721,"*","chr5:110809853-110810573",3550,7216,1.37725316386073e-35,6.75124099931728e-34,TRUE
228836,"chr6",11907109,11908255,1147,"*","chr6:11907109-11908255",3550,7539,0.000975593697366709,0.00209805096207894,TRUE
269167,"chr8",70754491,70755028,538,"*","chr8:70754491-70755028",3550,8956,0.18107435153615,0.240662349197435,FALSE
43198,"chr11",54860390,54861141,752,"*","chr11:54860390-54861141",3549,1345,0.0343130922704564,0.0541386750874983,FALSE
92359,"chr14",76505570,76506444,875,"*","chr14:76505570-76506444",3549,3031,1.18115573315376e-23,2.25411399456824e-22,TRUE
204188,"chr4",130359715,130360481,767,"*","chr4:130359715-130360481",3549,6619,0.0443989536801538,0.0683691926087986,FALSE
268909,"chr8",69749655,69750479,825,"*","chr8:69749655-69750479",3548,8924,0.045185961863243,0.0694314103614675,FALSE
209332,"chr4",155233951,155236153,2203,"*","chr4:155233951-155236153",3547,6866,0.91934991889765,0.964285629219268,FALSE
25525,"chr10",39982666,39983351,686,"*","chr10:39982666-39983351",3545,676,0.091507972063629,0.130987649675965,FALSE
32448,"chr10",92721875,92723022,1148,"*","chr10:92721875-92723022",3545,979,2.41814527171568e-13,1.7297176478653e-12,TRUE
124845,"chr17",35700001,35701256,1256,"*","chr17:35700001-35701256",3545,4119,0.0938975590201638,0.134024491892897,FALSE
252585,"chr7",80186155,80187512,1358,"*","chr7:80186155-80187512",3545,8404,2.60494089525967e-05,7.23996913635261e-05,TRUE
29365,"chr10",71347435,71348807,1373,"*","chr10:71347435-71348807",3544,793,2.38974332117516e-11,1.38616201924313e-10,TRUE
119086,"chr16",93831922,93832991,1070,"*","chr16:93831922-93832991",3544,3845,0.261797292246765,0.331977291715401,FALSE
242617,"chr6",128763893,128764725,833,"*","chr6:128763893-128764725",3544,7959,9.78402066537658e-05,0.000250230707554388,TRUE
49079,"chr11",87986255,87988047,1793,"*","chr11:87986255-87988047",3543,1651,7.07148290213669e-05,0.000183579514593372,TRUE
50923,"chr11",98202116,98203669,1554,"*","chr11:98202116-98203669",3543,1733,1.16629526099072e-09,5.55908132026083e-09,TRUE
185149,"chr3",108562113,108563852,1740,"*","chr3:108562113-108563852",3543,6076,5.73216267721381e-05,0.000150687767539795,TRUE
34950,"chr10",116266762,116268089,1328,"*","chr10:116266762-116268089",3542,1036,0.0311776501983129,0.0496934175937407,TRUE
220444,"chr5",108132012,108133208,1197,"*","chr5:108132012-108133208",3542,7196,6.36805618356531e-25,1.3843600399055e-23,TRUE
212014,"chr5",31240624,31241802,1179,"*","chr5:31240624-31241802",3541,6970,0.197968143143458,0.25980071278669,FALSE
218476,"chr5",93206000,93207462,1463,"*","chr5:93206000-93207462",3541,7151,0.620502550011399,0.695762349595009,FALSE
75010,"chr13",51644899,51645599,701,"*","chr13:51644899-51645599",3540,2493,0.650551359097926,0.723638886649528,FALSE
223838,"chr5",125389180,125390531,1352,"*","chr5:125389180-125390531",3540,7346,8.88358369085267e-25,1.90634843151345e-23,TRUE
92955,"chr14",79587134,79588058,925,"*","chr14:79587134-79588058",3539,3044,0.623648719818877,0.698374826224946,FALSE
126180,"chr17",47501813,47502677,865,"*","chr17:47501813-47502677",3539,4184,1.41805755677686e-05,4.07253749792321e-05,TRUE
215914,"chr5",66618040,66619232,1193,"*","chr5:66618040-66619232",3539,7088,0.217448630511202,0.281742200714177,FALSE
274539,"chr8",111876024,111877181,1158,"*","chr8:111876024-111877181",3539,9188,0.00735301608984758,0.0133272991922731,TRUE
104340,"chr15",80233682,80234480,799,"*","chr15:80233682-80234480",3538,3343,0.786071498148206,0.845783837043475,FALSE
235622,"chr6",82029681,82031126,1446,"*","chr6:82029681-82031126",3538,7733,1,1,FALSE
223229,"chr5",122849730,122850782,1053,"*","chr5:122849730-122850782",3537,7305,1.8986522725184e-35,9.21675860445828e-34,TRUE
295348,"chrX",13280132,13282295,2164,"*","chrX:13280132-13282295",3537,9890,1.5053698753706e-114,3.76342468842651e-111,TRUE
144679,"chr19",18631349,18632293,945,"*","chr19:18631349-18632293",3536,4785,6.10764499590278e-06,1.83672542434057e-05,TRUE
212395,"chr5",33377954,33379071,1118,"*","chr5:33377954-33379071",3535,6986,0.574983259750356,0.651465284104188,FALSE
269470,"chr8",72548030,72549197,1168,"*","chr8:72548030-72549197",3535,8991,0.111718921446526,0.15581439532291,FALSE
49866,"chr11",94137537,94138292,756,"*","chr11:94137537-94138292",3534,1676,6.9977530205938e-12,4.2825905878787e-11,TRUE
92358,"chr14",76504209,76504919,711,"*","chr14:76504209-76504919",3534,3030,6.93912759727637e-14,5.29704396738654e-13,TRUE
289766,"chr9",94537188,94539175,1988,"*","chr9:94537188-94539175",3534,9658,0.00545234799414247,0.0102218747546728,TRUE
14015,"chr1",143776679,143777998,1320,"*","chr1:143776679-143777998",3533,391,0.516844799668299,0.597370318618007,FALSE
266891,"chr8",45975100,45975886,787,"*","chr8:45975100-45975886",3533,8873,0.000486057401550415,0.00110230674778661,TRUE
142465,"chr19",3767405,3769319,1915,"*","chr19:3767405-3769319",3532,4615,0.773206195036799,0.835356736210889,FALSE
37622,"chr11",5761895,5762784,890,"*","chr11:5761895-5762784",3531,1173,0.244186439595927,0.312818908014254,FALSE
70716,"chr13",23620823,23622916,2094,"*","chr13:23620823-23622916",3531,2386,0.128955762659465,0.177234418168589,FALSE
150942,"chr19",60580281,60581943,1663,"*","chr19:60580281-60581943",3531,4980,5.50182030639814e-22,8.87390371999699e-21,TRUE
196139,"chr4",62518671,62520439,1769,"*","chr4:62518671-62520439",3531,6364,1.1069840781299e-08,4.73880170432319e-08,TRUE
223599,"chr5",124424504,124426413,1910,"*","chr5:124424504-124426413",3531,7332,3.80432290997097e-40,2.75675573186302e-38,TRUE
285223,"chr9",61370500,61371146,647,"*","chr9:61370500-61371146",3531,9526,3.90443553716487e-40,2.78888252654633e-38,TRUE
12117,"chr1",130715668,130716416,749,"*","chr1:130715668-130716416",3530,326,2.92543333596561e-10,1.50951152526605e-09,TRUE
203108,"chr4",123904610,123905629,1020,"*","chr4:123904610-123905629",3530,6563,0.0177390145737574,0.0296837593269032,TRUE
122287,"chr17",24426485,24427239,755,"*","chr17:24426485-24427239",3529,3955,0.108405196116646,0.151828005765611,FALSE
166383,"chr2",129198144,129199098,955,"*","chr2:129198144-129199098",3529,5472,8.07712071679076e-26,1.91400964852862e-24,TRUE
245631,"chr7",4876891,4877427,537,"*","chr7:4876891-4877427",3529,8041,0.000341670815406679,0.000794213889834215,TRUE
242626,"chr6",128802875,128803606,732,"*","chr6:128802875-128803606",3528,7961,0.111176001658991,0.155100448743012,FALSE
248853,"chr7",45102865,45104345,1481,"*","chr7:45102865-45104345",3528,8292,0.00841186659717568,0.0150858439691099,TRUE
104697,"chr15",81836259,81837022,764,"*","chr15:81836259-81837022",3527,3364,0.000312901991926561,0.000733134938909467,TRUE
261370,"chr7",141454924,141456488,1565,"*","chr7:141454924-141456488",3527,8722,2.13568892319785e-06,6.9295552342565e-06,TRUE
274461,"chr8",111643187,111644825,1639,"*","chr8:111643187-111644825",3527,9180,0.620759168308667,0.695762349595009,FALSE
135550,"chr18",38337787,38339376,1590,"*","chr18:38337787-38339376",3526,4461,0.332565190474985,0.410068052373595,FALSE
142561,"chr19",4121198,4121946,749,"*","chr19:4121198-4121946",3526,4625,9.3441890869484e-07,3.15043462135819e-06,TRUE
193838,"chr4",44167467,44168719,1253,"*","chr4:44167467-44168719",3526,6302,0.108876801833286,0.152317853711928,FALSE
204864,"chr4",133479890,133480400,511,"*","chr4:133479890-133480400",3526,6655,1.12149429255792e-09,5.37629095185965e-09,TRUE
148372,"chr19",44755465,44757395,1931,"*","chr19:44755465-44757395",3525,4902,0.0336614475091594,0.0532112670078397,FALSE
64172,"chr12",83596853,83597711,859,"*","chr12:83596853-83597711",3524,2193,5.43553269534734e-31,1.92067817203871e-29,TRUE
110520,"chr16",17451499,17452916,1418,"*","chr16:17451499-17452916",3523,3636,0.0111340402259985,0.019485544672731,TRUE
209269,"chr4",155086119,155086899,781,"*","chr4:155086119-155086899",3523,6861,6.01227383107496e-06,1.81201742949818e-05,TRUE
108274,"chr15",102100241,102101433,1193,"*","chr15:102100241-102101433",3522,3525,0.464844783565901,0.545464425681649,FALSE
270678,"chr8",83652200,83653358,1159,"*","chr8:83652200-83653358",3522,9021,0.00848365736366747,0.015192796138373,TRUE
124493,"chr17",34031307,34032617,1311,"*","chr17:34031307-34032617",3521,4088,9.34987495907243e-09,4.02318199615853e-08,TRUE
154677,"chr2",30265756,30267425,1670,"*","chr2:30265756-30267425",3521,5113,1,1,FALSE
245855,"chr7",13054192,13055173,982,"*","chr7:13054192-13055173",3521,8067,3.10713600043669e-11,1.78161467914948e-10,TRUE
269293,"chr8",71542724,71543447,724,"*","chr8:71542724-71543447",3521,8976,0.383293846265742,0.462915273267804,FALSE
132272,"chr18",6490017,6491430,1414,"*","chr18:6490017-6491430",3520,4347,0.000167207575960662,0.000411435964470134,TRUE
162005,"chr2",92433711,92434612,902,"*","chr2:92433711-92434612",3520,5334,6.51572510524282e-12,4.00228814818355e-11,TRUE
154611,"chr2",29965072,29965977,906,"*","chr2:29965072-29965977",3519,5103,2.89527330956311e-36,1.52382805766479e-34,TRUE
50594,"chr11",96943836,96944514,679,"*","chr11:96943836-96944514",3518,1714,0.834514929894263,0.891004622991952,FALSE
247264,"chr7",29180326,29181086,761,"*","chr7:29180326-29181086",3517,8196,0.0711010021816198,0.104468119573347,FALSE
206741,"chr4",140961020,140961677,658,"*","chr4:140961020-140961677",3516,6743,6.54891015485019e-19,7.96704398400267e-18,TRUE
209484,"chr4",155992124,155993654,1531,"*","chr4:155992124-155993654",3516,6886,4.29422910811393e-13,3.01138086122997e-12,TRUE
64348,"chr12",84361500,84362346,847,"*","chr12:84361500-84362346",3515,2204,2.02160072099561e-05,5.69144347127143e-05,TRUE
110845,"chr16",18876339,18878320,1982,"*","chr16:18876339-18878320",3515,3659,2.3189916995954e-11,1.34668507525865e-10,TRUE
37743,"chr11",6388872,6389752,881,"*","chr11:6388872-6389752",3513,1182,1.57684452405155e-12,1.03739771319181e-11,TRUE
60041,"chr12",44268477,44269916,1440,"*","chr12:44268477-44269916",3513,2093,0.402345254024687,0.48185060362238,FALSE
257235,"chr7",116092841,116093872,1032,"*","chr7:116092841-116093872",3513,8557,3.98541979874695e-21,6.05686899505616e-20,TRUE
174110,"chr2",180171085,180172176,1092,"*","chr2:180171085-180172176",3512,5718,2.2016324981972e-05,6.16358482138075e-05,TRUE
74761,"chr13",49341143,49341919,777,"*","chr13:49341143-49341919",3511,2488,7.5991550297897e-08,2.93402744445514e-07,TRUE
107467,"chr15",98933971,98934952,982,"*","chr15:98933971-98934952",3511,3481,6.31553585962442e-28,1.72555624579902e-26,TRUE
166145,"chr2",128127284,128128395,1112,"*","chr2:128127284-128128395",3511,5463,4.1246685483593e-05,0.000111177049821005,TRUE
208139,"chr4",149954825,149955613,789,"*","chr4:149954825-149955613",3510,6810,4.16365198255086e-41,3.46970998545905e-39,TRUE
243120,"chr6",134897680,134898991,1312,"*","chr6:134897680-134898991",3509,7976,1,1,FALSE
101331,"chr15",59047504,59048669,1166,"*","chr15:59047504-59048669",3508,3220,0.32701831435489,0.40392578354112,FALSE
101409,"chr15",59314651,59315441,791,"*","chr15:59314651-59315441",3508,3225,0.00325056967368831,0.00637866890441192,TRUE
77253,"chr13",64432104,64433173,1070,"*","chr13:64432104-64433173",3505,2571,1,1,FALSE
175691,"chr3",22075950,22077524,1575,"*","chr3:22075950-22077524",3504,5767,8.02030095188297e-24,1.5423655676698e-22,TRUE
202566,"chr4",119538782,119540686,1905,"*","chr4:119538782-119540686",3504,6547,0.904905579667725,0.951930969564196,FALSE
279544,"chr9",22085070,22086457,1388,"*","chr9:22085070-22086457",3503,9354,0.176243277866414,0.234678132977915,FALSE
145678,"chr19",26604272,26605414,1143,"*","chr19:26604272-26605414",3502,4811,4.54566895496516e-14,3.54752018297385e-13,TRUE
41223,"chr11",40754839,40755741,903,"*","chr11:40754839-40755741",3501,1277,5.6136091020081e-15,4.79795649744282e-14,TRUE
51982,"chr11",103102810,103103369,560,"*","chr11:103102810-103103369",3501,1812,0.445339085850192,0.526654548072602,FALSE
202506,"chr4",119232410,119233252,843,"*","chr4:119232410-119233252",3501,6543,2.29092993978649e-07,8.31855461069894e-07,TRUE
24625,"chr10",28074298,28076709,2412,"*","chr10:28074298-28076709",3500,658,8.2081462404739e-11,4.49515128174912e-10,TRUE
51788,"chr11",102218662,102219417,756,"*","chr11:102218662-102219417",3499,1796,2.07871799434503e-06,6.7578608398733e-06,TRUE
121489,"chr17",12960227,12961140,914,"*","chr17:12960227-12961140",3499,3905,0.126206835881454,0.173886519539067,FALSE
251997,"chr7",75455271,75456280,1010,"*","chr7:75455271-75456280",3499,8386,1,1,FALSE
273544,"chr8",106337818,106338551,734,"*","chr8:106337818-106338551",3499,9148,4.84713580057797e-07,1.69836573250805e-06,TRUE
149687,"chr19",53902719,53904440,1722,"*","chr19:53902719-53904440",3498,4954,0.000201871756782508,0.000489030418562277,TRUE
261380,"chr7",141476195,141477272,1078,"*","chr7:141476195-141477272",3498,8724,3.16165152773345e-34,1.33968285073451e-32,TRUE
283457,"chr9",50767906,50768900,995,"*","chr9:50767906-50768900",3498,9467,0.152904283157138,0.206571579515183,FALSE
138727,"chr18",61952103,61954170,2068,"*","chr18:61952103-61954170",3497,4525,0.478143492414551,0.55883998645927,FALSE
207118,"chr4",142083711,142085737,2027,"*","chr4:142083711-142085737",3497,6767,0.0378368642565554,0.0591940930171392,FALSE
241752,"chr6",124414264,124416254,1991,"*","chr6:124414264-124416254",3496,7921,5.79809875007689e-07,2.01043645980475e-06,TRUE
234005,"chr6",56714708,56715708,1001,"*","chr6:56714708-56715708",3495,7682,0.425500605895087,0.506668975821728,FALSE
36890,"chr10",128368320,128369525,1206,"*","chr10:128368320-128369525",3494,1106,0.104234500470088,0.146850521935881,FALSE
73163,"chr13",41358204,41359425,1222,"*","chr13:41358204-41359425",3494,2440,0.514874370088109,0.595505864085252,FALSE
143493,"chr19",8785982,8786718,737,"*","chr19:8785982-8786718",3494,4735,0.608995798189834,0.685034643633109,FALSE
258786,"chr7",126695356,126696261,906,"*","chr7:126695356-126696261",3494,8618,0.00384136938601017,0.00745028973237038,TRUE
40292,"chr11",32220911,32222643,1733,"*","chr11:32220911-32222643",3492,1265,1,1,FALSE
186334,"chr3",122618683,122621280,2598,"*","chr3:122618683-122621280",3492,6119,1,1,FALSE
274379,"chr8",111299825,111300759,935,"*","chr8:111299825-111300759",3492,9175,0.108823220627078,0.152285503256476,FALSE
245850,"chr7",13037763,13038740,978,"*","chr7:13037763-13038740",3491,8066,0.0729500901943309,0.106777064101772,FALSE
213095,"chr5",36712873,36713744,872,"*","chr5:36712873-36713744",3490,7021,0.00163990053271466,0.00339946213249307,TRUE
8486,"chr1",87574684,87575444,761,"*","chr1:87574684-87575444",3489,244,0.00269656198286561,0.0053866599737627,TRUE
30052,"chr10",77258906,77259825,920,"*","chr10:77258906-77259825",3489,828,0.444373583876221,0.525761457496713,FALSE
67735,"chr12",110695835,110696956,1122,"*","chr12:110695835-110696956",3489,2301,2.54331484231071e-41,2.15535156128027e-39,TRUE
135122,"chr18",35561878,35563162,1285,"*","chr18:35561878-35563162",3489,4423,0.0404005287795299,0.0627142638614248,FALSE
143645,"chr19",10100577,10102462,1886,"*","chr19:10100577-10102462",3489,4755,0.152745328438021,0.206412605997326,FALSE
37133,"chr11",3539179,3539928,750,"*","chr11:3539179-3539928",3488,1142,1.44485039916383e-09,6.81533207152751e-09,TRUE
61515,"chr12",69183682,69185364,1683,"*","chr12:69183682-69185364",3488,2127,0.00448451122957158,0.00855169952244772,TRUE
191482,"chr4",11155956,11156810,855,"*","chr4:11155956-11156810",3488,6215,0.239293441231149,0.307417062218845,FALSE
73558,"chr13",43303584,43305285,1702,"*","chr13:43303584-43305285",3487,2452,7.25299330334296e-24,1.40561885723701e-22,TRUE
142238,"chr18",84951182,84952449,1268,"*","chr18:84951182-84952449",3487,4603,0.000365777249909957,0.000845141520124669,TRUE
263412,"chr8",12873552,12875053,1502,"*","chr8:12873552-12875053",3487,8788,0.000179730992939283,0.000440085683005102,TRUE
131560,"chr17",88440378,88442331,1954,"*","chr17:88440378-88442331",3484,4333,0.471940621882071,0.552623679018819,FALSE
146579,"chr19",32387987,32389787,1801,"*","chr19:32387987-32389787",3484,4841,1.84493300290287e-05,5.21462126315114e-05,TRUE
21869,"chr10",7211123,7213111,1989,"*","chr10:7211123-7213111",3483,601,0.0514706344957561,0.0783180683136885,FALSE
115968,"chr16",57121124,57122441,1318,"*","chr16:57121124-57122441",3483,3787,9.99164741958352e-12,5.97586568156909e-11,TRUE
217311,"chr5",77309572,77310822,1251,"*","chr5:77309572-77310822",3483,7117,0.0645628202344564,0.0960470399203458,FALSE
248747,"chr7",44590067,44591221,1155,"*","chr7:44590067-44591221",3482,8274,4.65600414594062e-11,2.61867499771688e-10,TRUE
276687,"chr8",123212492,123213487,996,"*","chr8:123212492-123213487",3482,9250,1.01072613078379e-13,7.55400695653056e-13,TRUE
47551,"chr11",79229063,79230745,1683,"*","chr11:79229063-79230745",3481,1581,0.000555310016691463,0.00124286037755475,TRUE
65264,"chr12",91589842,91590871,1030,"*","chr12:91589842-91590871",3481,2238,1.47195459488562e-15,1.33088118886584e-14,TRUE
152579,"chr2",15054697,15055809,1113,"*","chr2:15054697-15055809",3481,5025,0.00505067656281304,0.00955843407042589,TRUE
174314,"chr2",181186772,181188190,1419,"*","chr2:181186772-181188190",3481,5728,1.40952625934517e-07,5.26728796466806e-07,TRUE
247435,"chr7",30090275,30091106,832,"*","chr7:30090275-30091106",3481,8204,2.90912844621305e-07,1.04419542218703e-06,TRUE
32263,"chr10",91082303,91083544,1242,"*","chr10:91082303-91083544",3479,974,3.62967209688469e-43,3.29970190625881e-41,TRUE
247442,"chr7",30169435,30170533,1099,"*","chr7:30169435-30170533",3479,8206,1.88295382523358e-19,2.47757082267576e-18,TRUE
281161,"chr9",35421115,35422436,1322,"*","chr9:35421115-35422436",3477,9381,1.75964131597832e-24,3.62066114398832e-23,TRUE
94514,"chr14",105897023,105898268,1246,"*","chr14:105897023-105898268",3475,3068,5.4368699680925e-06,1.64753635396742e-05,TRUE
104971,"chr15",83171948,83173092,1145,"*","chr15:83171948-83173092",3475,3384,3.23144295370817e-06,1.01172290347783e-05,TRUE
6673,"chr1",73930577,73931315,739,"*","chr1:73930577-73931315",3474,163,1.19627406801362e-13,8.90084872033945e-13,TRUE
12939,"chr1",134098600,134099821,1222,"*","chr1:134098600-134099821",3474,364,0.0162316208342991,0.0273351647596819,TRUE
51839,"chr11",102406999,102408205,1207,"*","chr11:102406999-102408205",3474,1803,3.05378829775437e-52,6.10757659550875e-50,TRUE
125948,"chr17",46556022,46556970,949,"*","chr17:46556022-46556970",3473,4171,0.045439279544149,0.0697777634277473,FALSE
286524,"chr9",67043332,67044362,1031,"*","chr9:67043332-67044362",3473,9587,0.000220436368799056,0.000530149997111726,TRUE
7001,"chr1",75478713,75479910,1198,"*","chr1:75478713-75479910",3472,205,0.0064677778350891,0.0119024251657878,TRUE
149921,"chr19",55580296,55581311,1016,"*","chr19:55580296-55581311",3472,4959,0.628418618478205,0.702614734434487,FALSE
212477,"chr5",33935905,33936999,1095,"*","chr5:33935905-33936999",3472,6994,0.0199966158121541,0.0330522575407506,TRUE
176817,"chr3",33799670,33800735,1066,"*","chr3:33799670-33800735",3471,5792,0.00432613345535193,0.00827493009822482,TRUE
127699,"chr17",63863412,63864651,1240,"*","chr17:63863412-63864651",3469,4235,0.0248322535285731,0.0403514031988514,TRUE
268045,"chr8",60632464,60633469,1006,"*","chr8:60632464-60633469",3469,8902,0.347968480290574,0.426223028283408,FALSE
125224,"chr17",43109185,43110090,906,"*","chr17:43109185-43110090",3468,4147,0.019547732333278,0.0324549035012108,TRUE
165119,"chr2",120567192,120568314,1123,"*","chr2:120567192-120568314",3468,5415,0.317922268191421,0.394053381496556,FALSE
191831,"chr4",14826106,14826960,855,"*","chr4:14826106-14826960",3467,6223,2.0770210032529e-05,5.83760821600029e-05,TRUE
273337,"chr8",105346667,105348412,1746,"*","chr8:105346667-105348412",3467,9130,2.47255284663986e-17,2.65865897488157e-16,TRUE
10530,"chr1",106758934,106760310,1377,"*","chr1:106758934-106760310",3466,295,7.40853424812248e-10,3.63876927707391e-09,TRUE
47232,"chr11",77893870,77894774,905,"*","chr11:77893870-77894774",3466,1560,0.0147262820328452,0.0250788181758263,TRUE
122039,"chr17",17837628,17838863,1236,"*","chr17:17837628-17838863",3466,3929,2.60611560351406e-06,8.33690212256576e-06,TRUE
9878,"chr1",93754022,93755517,1496,"*","chr1:93754022-93755517",3465,280,0.0101919801601929,0.0179246925082534,TRUE
126183,"chr17",47511154,47512032,879,"*","chr17:47511154-47512032",3465,4186,0.00125733023355192,0.00265371514046416,TRUE
43993,"chr11",60114441,60116058,1618,"*","chr11:60114441-60116058",3464,1385,4.02427587538916e-05,0.000108835177016577,TRUE
107749,"chr15",99972377,99973930,1554,"*","chr15:99972377-99973930",3464,3498,0.0146169671091103,0.0249266151246765,TRUE
175656,"chr3",21935598,21936549,952,"*","chr3:21935598-21936549",3464,5765,0.00241316677813993,0.0048554663544063,TRUE
279559,"chr9",22156584,22157412,829,"*","chr9:22156584-22157412",3463,9356,0.276198411047804,0.347751561731686,FALSE
192224,"chr4",21847565,21848768,1204,"*","chr4:21847565-21848768",3462,6233,0.239028498177527,0.307155613181093,FALSE
110144,"chr16",13902582,13903941,1360,"*","chr16:13902582-13903941",3461,3617,0.216738383762536,0.28096757034293,FALSE
179857,"chr3",65527823,65529675,1853,"*","chr3:65527823-65529675",3461,5853,8.59628725933012e-10,4.17701033009238e-09,TRUE
201207,"chr4",108833129,108834988,1860,"*","chr4:108833129-108834988",3461,6476,9.4280752392016e-10,4.55462571942106e-09,TRUE
158809,"chr2",65217677,65218933,1257,"*","chr2:65217677-65218933",3460,5253,0.00596464825930335,0.0110620331218534,TRUE
220540,"chr5",110107294,110108627,1334,"*","chr5:110107294-110108627",3460,7208,1,1,FALSE
1410,"chr1",23382777,23383860,1084,"*","chr1:23382777-23383860",3459,34,6.22836763871523e-05,0.00016262056497951,TRUE
10749,"chr1",118458892,118460106,1215,"*","chr1:118458892-118460106",3459,300,2.80359663682748e-07,1.00921405213372e-06,TRUE
142614,"chr19",4333438,4334462,1025,"*","chr19:4333438-4334462",3458,4635,0.392297352363657,0.472192287390054,FALSE
291924,"chr9",108507549,108508377,829,"*","chr9:108507549-108508377",3458,9762,0.0928637390546555,0.132738334840845,FALSE
27456,"chr10",59879023,59880439,1417,"*","chr10:59879023-59880439",3457,736,0.0854375473166819,0.123215384073669,FALSE
142079,"chr18",84087403,84088497,1095,"*","chr18:84087403-84088497",3457,4597,0.012787357427971,0.0221005140476512,TRUE
206066,"chr4",137993059,137993814,756,"*","chr4:137993059-137993814",3457,6717,0.0632332730644104,0.0943217080316385,FALSE
275310,"chr8",117333768,117335456,1689,"*","chr8:117333768-117335456",3457,9207,0.0983605161459152,0.139439348094578,FALSE
45794,"chr11",70237608,70238354,747,"*","chr11:70237608-70238354",3456,1481,6.17846552463797e-07,2.13197568137956e-06,TRUE
133936,"chr18",23803579,23804713,1135,"*","chr18:23803579-23804713",3456,4377,0.960607868754191,1,FALSE
152872,"chr2",18672060,18672979,920,"*","chr2:18672060-18672979",3455,5032,3.42205638123649e-18,3.9243765839868e-17,TRUE
227616,"chr5",148958991,148960750,1760,"*","chr5:148958991-148960750",3455,7510,0.0953148898726849,0.135698875103481,FALSE
180264,"chr3",69126030,69127717,1688,"*","chr3:69126030-69127717",3454,5862,0.10710471928228,0.150385733336535,FALSE
275206,"chr8",116921219,116922314,1096,"*","chr8:116921219-116922314",3454,9200,1.96106691389017e-07,7.21511005846274e-07,TRUE
97456,"chr15",12824389,12825192,804,"*","chr15:12824389-12825192",3453,3126,3.45867205556829e-08,1.39462582885818e-07,TRUE
165961,"chr2",127247616,127248333,718,"*","chr2:127247616-127248333",3453,5453,3.61986432565796e-08,1.45844654538999e-07,TRUE
291542,"chr9",106447397,106448024,628,"*","chr9:106447397-106448024",3452,9720,0.364636489866142,0.443704660338455,FALSE
28230,"chr10",63429427,63430539,1113,"*","chr10:63429427-63430539",3451,763,0.0068125586416403,0.0124544033668013,TRUE
124614,"chr17",34626884,34628786,1903,"*","chr17:34626884-34628786",3451,4097,0.335096384363622,0.412680276309879,FALSE
245630,"chr7",4865902,4866677,776,"*","chr7:4865902-4866677",3451,8040,0.723390287284802,0.790936242384432,FALSE
207397,"chr4",144892224,144893407,1184,"*","chr4:144892224-144893407",3450,6773,0.492284573969971,0.573090307299152,FALSE
115037,"chr16",46009985,46011374,1390,"*","chr16:46009985-46011374",3449,3770,0.0161436953129547,0.027214590884954,TRUE
208412,"chr4",150854800,150855673,874,"*","chr4:150854800-150855673",3449,6831,5.54586250390754e-08,2.17484804074805e-07,TRUE
240495,"chr6",115675443,115677160,1718,"*","chr6:115675443-115677160",3449,7882,0.00858576618194323,0.0153426843851738,TRUE
61896,"chr12",70974414,70975391,978,"*","chr12:70974414-70975391",3448,2140,0.105792763379132,0.148878079621632,FALSE
129462,"chr17",75551211,75552440,1230,"*","chr17:75551211-75552440",3448,4277,0.0347626964882968,0.0547616516828873,FALSE
245913,"chr7",16047724,16048733,1010,"*","chr7:16047724-16048733",3448,8071,1.3578480693207e-18,1.6088247266833e-17,TRUE
248838,"chr7",45053960,45054749,790,"*","chr7:45053960-45054749",3448,8290,9.54678213407321e-18,1.06311605056495e-16,TRUE
254941,"chr7",99380619,99382033,1415,"*","chr7:99380619-99382033",3448,8481,1,1,FALSE
172307,"chr2",167631516,167632597,1082,"*","chr2:167631516-167632597",3447,5672,1.41383642662826e-19,1.89015565057254e-18,TRUE
224360,"chr5",130256710,130257389,680,"*","chr5:130256710-130257389",3447,7367,0.017364860060624,0.0291161302156674,TRUE
218195,"chr5",91962430,91963667,1238,"*","chr5:91962430-91963667",3445,7141,0.744516011970549,0.810234135455746,FALSE
142993,"chr19",6046151,6047424,1274,"*","chr19:6046151-6047424",3444,4682,0.525308105974768,0.605054257054559,FALSE
165221,"chr2",121413243,121414275,1033,"*","chr2:121413243-121414275",3444,5424,0.413453698987028,0.49349928262954,FALSE
95782,"chr14",121878224,121879110,887,"*","chr14:121878224-121879110",3443,3088,4.60369684262989e-07,1.61760254484536e-06,TRUE
115988,"chr16",57231125,57232004,880,"*","chr16:57231125-57232004",3443,3789,0.0461687110158648,0.0708543754080185,FALSE
12382,"chr1",131910089,131911658,1570,"*","chr1:131910089-131911658",3442,335,0.497075747628485,0.577827905550716,FALSE
142864,"chr19",5567303,5568728,1426,"*","chr19:5567303-5568728",3442,4667,0.33058338248872,0.408026885323031,FALSE
247708,"chr7",34233851,34234693,843,"*","chr7:34233851-34234693",3442,8226,1.32884912810931e-08,5.62594889123331e-08,TRUE
150791,"chr19",59457963,59458961,999,"*","chr19:59457963-59458961",3440,4977,4.46139667131702e-06,1.37104999118532e-05,TRUE
155314,"chr2",32693335,32694710,1376,"*","chr2:32693335-32694710",3440,5164,0.620740318541975,0.695762349595009,FALSE
295630,"chrX",20687451,20689190,1740,"*","chrX:20687451-20689190",3440,9897,0.592574031415767,0.668819448550527,FALSE
93999,"chr14",101729290,101730436,1147,"*","chr14:101729290-101730436",3439,3057,2.19976154665027e-06,7.12358013811616e-06,TRUE
103503,"chr15",76723559,76725163,1605,"*","chr15:76723559-76725163",3439,3301,0.746696262609184,0.812156039383493,FALSE
173366,"chr2",173159456,173160621,1166,"*","chr2:173159456-173160621",3439,5704,0.0811825777873468,0.117792480829,FALSE
84688,"chr14",20673936,20675011,1076,"*","chr14:20673936-20675011",3438,2770,0.0118876968558823,0.0206670668565408,TRUE
165840,"chr2",126539845,126541204,1360,"*","chr2:126539845-126541204",3438,5441,0.00172012590736816,0.00355397914745488,TRUE
261357,"chr7",141413664,141414809,1146,"*","chr7:141413664-141414809",3438,8720,2.58446098749712e-22,4.33634393875356e-21,TRUE
14993,"chr1",154150172,154151109,938,"*","chr1:154150172-154151109",3437,418,0.181329081728192,0.24093686118548,FALSE
166744,"chr2",131233589,131234723,1135,"*","chr2:131233589-131234723",3437,5491,0.447258778658862,0.528549726611749,FALSE
119835,"chr17",3114552,3116082,1531,"*","chr17:3114552-3116082",3436,3873,0.143101487964261,0.194537096199376,FALSE
138605,"chr18",61554809,61555849,1041,"*","chr18:61554809-61555849",3436,4522,6.10990241504388e-32,2.2798143339716e-30,TRUE
72349,"chr13",35740651,35742501,1851,"*","chr13:35740651-35742501",3434,2421,7.22488860271265e-12,4.40541987970283e-11,TRUE
161693,"chr2",90846458,90847792,1335,"*","chr2:90846458-90847792",3434,5313,5.63157478685453e-13,3.88920910694373e-12,TRUE
171467,"chr2",164785355,164786536,1182,"*","chr2:164785355-164786536",3434,5641,0.00638705188360635,0.0117755381334925,TRUE
27404,"chr10",59615975,59617170,1196,"*","chr10:59615975-59617170",3433,734,0.00110767942168502,0.00236279740120525,TRUE
71977,"chr13",32801715,32802585,871,"*","chr13:32801715-32802585",3433,2409,1.32663008377456e-21,2.10260694232351e-20,TRUE
275006,"chr8",115706586,115708599,2014,"*","chr8:115706586-115708599",3433,9194,0.0641749010087493,0.0955837071920604,FALSE
35893,"chr10",121475689,121477155,1467,"*","chr10:121475689-121477155",3432,1057,1.01380018108791e-37,6.58311805901242e-36,TRUE
73131,"chr13",41249414,41250753,1340,"*","chr13:41249414-41250753",3431,2438,2.87426497067891e-21,4.39490056678733e-20,TRUE
165355,"chr2",122377294,122378386,1093,"*","chr2:122377294-122378386",3431,5433,0.324962512922119,0.401882899977887,FALSE
291633,"chr9",107307334,107309134,1801,"*","chr9:107307334-107309134",3431,9729,1.31126346925596e-05,3.78540262487286e-05,TRUE
20534,"chr1",191182521,191183956,1436,"*","chr1:191182521-191183956",3430,570,2.85148728783564e-05,7.8857502429083e-05,TRUE
279975,"chr9",26806062,26806918,857,"*","chr9:26806062-26806918",3429,9367,0.00254617850751426,0.00510665565085091,TRUE
107265,"chr15",97907044,97909079,2036,"*","chr15:97907044-97909079",3428,3464,1.03580119531972e-05,3.02512031343376e-05,TRUE
217744,"chr5",88764633,88765670,1038,"*","chr5:88764633-88765670",3428,7132,0.0328604146863886,0.0520767269197918,FALSE
225484,"chr5",137072084,137073220,1137,"*","chr5:137072084-137073220",3428,7412,0.0380656997849842,0.0595148526969735,FALSE
42335,"chr11",50209977,50211357,1381,"*","chr11:50209977-50211357",3427,1301,5.29708913583792e-06,1.60828914684377e-05,TRUE
15113,"chr1",155083044,155084481,1438,"*","chr1:155083044-155084481",3426,419,2.39376520411175e-20,3.43931782199964e-19,TRUE
254739,"chr7",98702619,98703712,1094,"*","chr7:98702619-98703712",3426,8473,2.17915467692718e-17,2.36350832638522e-16,TRUE
269455,"chr8",72421036,72422192,1157,"*","chr8:72421036-72422192",3426,8987,0.0170653061857013,0.0286330640699687,TRUE
51577,"chr11",101362299,101363256,958,"*","chr11:101362299-101363256",3425,1784,0.00515513094751767,0.00973051071542113,TRUE
119826,"chr16",97962077,97963088,1012,"*","chr16:97962077-97963088",3425,3869,2.89332501060224e-11,1.66474396467333e-10,TRUE
120076,"chr17",4907350,4908772,1423,"*","chr17:4907350-4908772",3425,3876,3.66897438620825e-19,4.64427137494715e-18,TRUE
163011,"chr2",103565989,103567459,1471,"*","chr2:103565989-103567459",3425,5356,7.18153103555197e-20,9.89191602693109e-19,TRUE
232783,"chr6",50455385,50456638,1254,"*","chr6:50455385-50456638",3425,7656,0.000894412923240064,0.00194100026744806,TRUE
248793,"chr7",44854426,44855330,905,"*","chr7:44854426-44855330",3425,8279,2.01405942230916e-07,7.3775070414255e-07,TRUE
28125,"chr10",62791881,62792859,979,"*","chr10:62791881-62792859",3423,758,1.66063866310706e-11,9.75698391954793e-11,TRUE
169463,"chr2",153345278,153346275,998,"*","chr2:153345278-153346275",3423,5560,0.0986225639974354,0.139771207479359,FALSE
57477,"chr12",16893883,16895857,1975,"*","chr12:16893883-16895857",3421,2036,0.0317399048311191,0.0504930080036894,FALSE
95235,"chr14",119007177,119007989,813,"*","chr14:119007177-119007989",3421,3076,2.00654214715117e-20,2.91648567899879e-19,TRUE
143495,"chr19",8802176,8803003,828,"*","chr19:8802176-8803003",3421,4737,8.37771298848244e-26,1.97587570483076e-24,TRUE
246963,"chr7",27552917,27553585,669,"*","chr7:27552917-27553585",3420,8165,0.00648800516062771,0.0119264800746833,TRUE
247554,"chr7",30649874,30650671,798,"*","chr7:30649874-30650671",3420,8220,0.0659411893721928,0.0978646324906394,FALSE
70306,"chr13",19395455,19396265,811,"*","chr13:19395455-19396265",3419,2369,2.83296099366741e-08,1.1506746521801e-07,TRUE
86682,"chr14",31336445,31337355,911,"*","chr14:31336445-31337355",3419,2843,0.00887361973276574,0.015783741965076,TRUE
234193,"chr6",59024151,59025105,955,"*","chr6:59024151-59025105",3419,7690,1.6778663320051e-21,2.62166614375797e-20,TRUE
235615,"chr6",81986746,81988198,1453,"*","chr6:81986746-81988198",3419,7732,4.18342045792435e-06,1.2919766701434e-05,TRUE
257643,"chr7",118705366,118706518,1153,"*","chr7:118705366-118706518",3419,8571,0.398550621289307,0.478107751066827,FALSE
272437,"chr8",94377638,94378392,755,"*","chr8:94377638-94378392",3419,9095,0.0117803155968075,0.020501767484872,TRUE
40214,"chr11",31827999,31828819,821,"*","chr11:31827999-31828819",3418,1261,0.548959220337759,0.626908903722103,FALSE
75653,"chr13",54589800,54590912,1113,"*","chr13:54589800-54590912",3418,2513,0.00206336181181155,0.00420922442230019,TRUE
186755,"chr3",127552977,127553735,759,"*","chr3:127552977-127553735",3418,6127,6.75039999274145e-15,5.70135134522082e-14,TRUE
291892,"chr9",108338850,108339879,1030,"*","chr9:108338850-108339879",3418,9758,0.277703370654895,0.349312415918107,FALSE
155790,"chr2",34870781,34871627,847,"*","chr2:34870781-34871627",3416,5185,0.0131607921164261,0.0226831990975976,TRUE
227644,"chr5",149052810,149053605,796,"*","chr5:149052810-149053605",3416,7516,0.000140070642925533,0.00034878148138828,TRUE
262361,"chr8",4324748,4325771,1024,"*","chr8:4324748-4325771",3416,8764,0.334327395982278,0.411834683397731,FALSE
154633,"chr2",30093534,30094278,745,"*","chr2:30093534-30094278",3415,5106,0.140307595257432,0.191258990263675,FALSE
193623,"chr4",43040095,43040777,683,"*","chr4:43040095-43040777",3415,6286,6.22581032417788e-05,0.00016262056497951,TRUE
254893,"chr7",99181934,99183396,1463,"*","chr7:99181934-99183396",3414,8478,8.72529889975953e-16,8.09396929476765e-15,TRUE
166485,"chr2",129800170,129802001,1832,"*","chr2:129800170-129802001",3413,5476,2.275423377025e-06,7.35906654923998e-06,TRUE
19099,"chr1",182408572,182409829,1258,"*","chr1:182408572-182409829",3412,545,1.21599980160807e-07,4.58867849663422e-07,TRUE
97166,"chr15",11399483,11400187,705,"*","chr15:11399483-11400187",3412,3118,0.050892588959953,0.0775092734693162,FALSE
133079,"chr18",12861129,12863117,1989,"*","chr18:12861129-12863117",3410,4368,4.98125182708044e-07,1.74413579379567e-06,TRUE
250932,"chr7",68129095,68130366,1272,"*","chr7:68129095-68130366",3410,8371,0.560516521370458,0.637351148642443,FALSE
51067,"chr11",98786576,98787405,830,"*","chr11:98786576-98787405",3409,1750,3.76109949009973e-23,6.78898824927748e-22,TRUE
111312,"chr16",22264909,22266406,1498,"*","chr16:22264909-22266406",3409,3676,0.0389291402401918,0.0607508430714604,FALSE
147832,"chr19",41933127,41933824,698,"*","chr19:41933127-41933824",3408,4878,0.705133253536092,0.773342019671081,FALSE
164821,"chr2",118901279,118902028,750,"*","chr2:118901279-118902028",3408,5396,3.03440598159363e-24,6.09318470199524e-23,TRUE
293808,"chr9",120011043,120012062,1020,"*","chr9:120011043-120012062",3408,9829,1.32088903874925e-10,7.08631458556463e-10,TRUE
37568,"chr11",5444293,5445534,1242,"*","chr11:5444293-5445534",3407,1167,2.46306586816054e-62,1.23153293408027e-59,TRUE
166736,"chr2",131209914,131210823,910,"*","chr2:131209914-131210823",3407,5490,0.348342244887632,0.426576346911134,FALSE
247537,"chr7",30562911,30564037,1127,"*","chr7:30562911-30564037",3407,8216,0.000576105311457879,0.00128537552757224,TRUE
92227,"chr14",75833686,75835582,1897,"*","chr14:75833686-75835582",3406,3025,0.0472618111759514,0.0723986078062981,FALSE
124620,"chr17",34646895,34647851,957,"*","chr17:34646895-34647851",3406,4098,0.00310309529081536,0.00612050353218019,TRUE
250920,"chr7",68096626,68097890,1265,"*","chr7:68096626-68097890",3406,8370,0.0011895518382387,0.00252451578573578,TRUE
29777,"chr10",75893061,75893691,631,"*","chr10:75893061-75893691",3405,811,0.6770092038654,0.748076468359558,FALSE
143939,"chr19",11911796,11913308,1513,"*","chr19:11911796-11913308",3404,4767,0.000147542899454017,0.000365929810153812,TRUE
151548,"chr2",5950474,5952187,1714,"*","chr2:5950474-5952187",3404,5008,7.89423029260386e-21,1.18177100188681e-19,TRUE
230998,"chr6",34476020,34476621,602,"*","chr6:34476020-34476621",3404,7587,3.88054315314679e-05,0.000105163771087989,TRUE
36873,"chr10",128270314,128270939,626,"*","chr10:128270314-128270939",3403,1102,0.280782988557477,0.353008534771784,FALSE
36935,"chr10",128548980,128549612,633,"*","chr10:128548980-128549612",3403,1115,0.0043568409909092,0.0083241134713588,TRUE
154601,"chr2",29889273,29890968,1696,"*","chr2:29889273-29890968",3403,5101,0.000962510370415914,0.00207258908358293,TRUE
48562,"chr11",85310750,85311773,1024,"*","chr11:85310750-85311773",3402,1623,3.25496883893981e-07,1.16000315001419e-06,TRUE
80618,"chr13",100743577,100744998,1422,"*","chr13:100743577-100744998",3402,2662,0.00123940745708914,0.00261809771248234,TRUE
136057,"chr18",42261916,42262659,744,"*","chr18:42261916-42262659",3402,4474,1.16459205510644e-56,3.88197351702146e-54,TRUE
148084,"chr19",43463731,43464500,770,"*","chr19:43463731-43464500",3402,4889,0.000917832646242245,0.00198579109961542,TRUE
125663,"chr17",45433209,45434546,1338,"*","chr17:45433209-45434546",3400,4153,0.0826883918868323,0.119664821833332,FALSE
68310,"chr12",112828966,112830022,1057,"*","chr12:112828966-112830022",3399,2324,1.68254948163487e-05,4.79085843290111e-05,TRUE
134581,"chr18",32162586,32163819,1234,"*","chr18:32162586-32163819",3399,4399,2.2759793405855e-26,5.60586044479186e-25,TRUE
153336,"chr2",23039388,23040806,1419,"*","chr2:23039388-23040806",3399,5039,1.04664834622115e-05,3.05501560484865e-05,TRUE
248342,"chr7",38217439,38218360,922,"*","chr7:38217439-38218360",3399,8246,0.00148150935087984,0.00309939194744736,TRUE
99134,"chr15",36282254,36283679,1426,"*","chr15:36282254-36283679",3398,3160,1.36851711243036e-12,9.1234474162024e-12,TRUE
178649,"chr3",53463013,53464112,1100,"*","chr3:53463013-53464112",3398,5832,3.75992713364604e-09,1.68154165189894e-08,TRUE
208686,"chr4",152107532,152108515,984,"*","chr4:152107532-152108515",3398,6843,1.04239047686558e-07,3.9694991502878e-07,TRUE
77965,"chr13",73680305,73681028,724,"*","chr13:73680305-73681028",3397,2589,0.000385958691404041,0.000888077982982148,TRUE
261293,"chr7",141094113,141095367,1255,"*","chr7:141094113-141095367",3397,8707,1,1,FALSE
91506,"chr14",70629132,70630629,1498,"*","chr14:70629132-70630629",3396,3005,0.0944695078968359,0.134610299083551,FALSE
51071,"chr11",98809484,98810437,954,"*","chr11:98809484-98810437",3395,1753,9.6721731559415e-16,8.92266896304566e-15,TRUE
103362,"chr15",76091303,76092124,822,"*","chr15:76091303-76092124",3395,3277,6.07552356608429e-05,0.000159295321606825,TRUE
104214,"chr15",79774150,79774921,772,"*","chr15:79774150-79774921",3395,3337,0.242541938029506,0.311141490966185,FALSE
153723,"chr2",26021021,26022502,1482,"*","chr2:26021021-26022502",3395,5066,0.228602968317183,0.295123894031995,FALSE
247991,"chr7",35554847,35556494,1648,"*","chr7:35554847-35556494",3395,8240,0.243041540216633,0.311500028979957,FALSE
284071,"chr9",55511669,55512646,978,"*","chr9:55511669-55512646",3395,9487,0.265062025090221,0.335776570927567,FALSE
294336,"chr9",122293961,122295046,1086,"*","chr9:122293961-122295046",3395,9847,4.25899638849843e-11,2.4089346088792e-10,TRUE
15942,"chr1",161070463,161071266,804,"*","chr1:161070463-161071266",3394,441,9.32271557231169e-25,1.98355650474717e-23,TRUE
36644,"chr10",127288515,127289837,1323,"*","chr10:127288515-127289837",3394,1081,5.8446930806457e-28,1.6056849122653e-26,TRUE
218218,"chr5",92137510,92138621,1112,"*","chr5:92137510-92138621",3394,7144,1.43059324904669e-20,2.09764406018576e-19,TRUE
161308,"chr2",83709588,83710679,1092,"*","chr2:83709588-83710679",3393,5299,0.00906540080807821,0.0161019552541354,TRUE
187343,"chr3",131364420,131365571,1152,"*","chr3:131364420-131365571",3393,6141,0.748180187645185,0.813217867393339,FALSE
241802,"chr6",124711911,124712792,882,"*","chr6:124711911-124712792",3393,7924,0.653340793379779,0.725611720768302,FALSE
134535,"chr18",31910487,31911661,1175,"*","chr18:31910487-31911661",3392,4394,0.0212451477825921,0.0349822886662302,TRUE
122800,"chr17",26621008,26621995,988,"*","chr17:26621008-26621995",3391,3996,0.329320020256882,0.406668338178417,FALSE
182288,"chr3",89429993,89430903,911,"*","chr3:89429993-89430903",3390,5926,0.0212482421358682,0.0349822886662302,TRUE
191882,"chr4",15265375,15266618,1244,"*","chr4:15265375-15266618",3390,6225,0.00576622355053196,0.010725862259174,TRUE
126220,"chr17",47694500,47695595,1096,"*","chr17:47694500-47695595",3389,4191,1.05213684744624e-12,7.0898709396647e-12,TRUE
66390,"chr12",102468805,102469603,799,"*","chr12:102468805-102469603",3388,2265,1.16010964998432e-20,1.71107617991788e-19,TRUE
84952,"chr14",21830855,21832001,1147,"*","chr14:21830855-21832001",3388,2780,0.139197890494949,0.189953453186338,FALSE
188283,"chr3",138442512,138443647,1136,"*","chr3:138442512-138443647",3388,6157,0.0414985586786424,0.0642392549204991,FALSE
22144,"chr10",8885786,8886905,1120,"*","chr10:8885786-8886905",3387,607,0.000107910419233869,0.000273745355742945,TRUE
40395,"chr11",32642251,32643393,1143,"*","chr11:32642251-32643393",3387,1268,7.43274820992242e-06,2.20765746359247e-05,TRUE
97932,"chr15",25876504,25877680,1177,"*","chr15:25876504-25877680",3387,3133,0.16857269816794,0.225364569743235,FALSE
5598,"chr1",63176379,63177429,1051,"*","chr1:63176379-63177429",3386,141,0.131746156700313,0.180721751303585,FALSE
139434,"chr18",66002056,66003167,1112,"*","chr18:66002056-66003167",3386,4540,0.560790627130762,0.637406941498934,FALSE
204669,"chr4",132768053,132768670,618,"*","chr4:132768053-132768670",3386,6641,0.000226693199070735,0.000543368166516623,TRUE
218206,"chr5",92083009,92084223,1215,"*","chr5:92083009-92084223",3386,7143,0.112846637127891,0.157080508251518,FALSE
234540,"chr6",66535018,66535799,782,"*","chr6:66535018-66535799",3386,7692,8.19638447818872e-10,3.98656832596727e-09,TRUE
9890,"chr1",93824833,93825916,1084,"*","chr1:93824833-93825916",3385,283,0.768010506165995,0.830281628287562,FALSE
12521,"chr1",132333644,132334608,965,"*","chr1:132333644-132334608",3385,343,0.546007005839102,0.624579050376461,FALSE
54340,"chr11",115843559,115844919,1361,"*","chr11:115843559-115844919",3385,1903,9.39845979368827e-05,0.000240640239247859,TRUE
279515,"chr9",21927071,21927917,847,"*","chr9:21927071-21927917",3385,9347,0.435109842683208,0.516880307297705,FALSE
60531,"chr12",52445698,52447104,1407,"*","chr12:52445698-52447104",3384,2100,0.823047582524779,0.879512270276532,FALSE
177661,"chr3",40846381,40847470,1090,"*","chr3:40846381-40847470",3384,5810,2.00663165369522e-43,1.89304872990115e-41,TRUE
142847,"chr19",5487964,5488808,845,"*","chr19:5487964-5488808",3383,4661,0.0217635361626944,0.0357717556914766,TRUE
147594,"chr19",40513111,40514233,1123,"*","chr19:40513111-40514233",3383,4870,0.894960206078685,0.943779529299745,FALSE
274554,"chr8",111939846,111941211,1366,"*","chr8:111939846-111941211",3383,9189,4.551871215662e-06,1.39627951400675e-05,TRUE
123391,"chr17",28800582,28802100,1519,"*","chr17:28800582-28802100",3382,4029,2.06558100368341e-13,1.49463169586354e-12,TRUE
8293,"chr1",86524946,86525745,800,"*","chr1:86524946-86525745",3381,235,2.35390516804932e-24,4.80388809805983e-23,TRUE
39142,"chr11",20740610,20742281,1672,"*","chr11:20740610-20742281",3381,1220,2.26354450371514e-09,1.03927663164148e-08,TRUE
57948,"chr12",25092471,25093700,1230,"*","chr12:25092471-25093700",3381,2056,0.65707642655092,0.7291585872145,FALSE
169812,"chr2",155357032,155358158,1127,"*","chr2:155357032-155358158",3381,5580,2.22346623474935e-05,6.22122617445259e-05,TRUE
257614,"chr7",118532755,118533738,984,"*","chr7:118532755-118533738",3380,8570,9.35940979767691e-19,1.12492906222078e-17,TRUE
216340,"chr5",72559197,72560231,1035,"*","chr5:72559197-72560231",3379,7095,1.60273051595399e-19,2.12001390999205e-18,TRUE
229808,"chr6",24664340,24665556,1217,"*","chr6:24664340-24665556",3379,7555,0.000539217646007324,0.00121225155891518,TRUE
248320,"chr7",38107350,38108309,960,"*","chr7:38107350-38108309",3378,8244,2.91022334464634e-28,8.12911548783894e-27,TRUE
279199,"chr9",19621940,19622584,645,"*","chr9:19621940-19622584",3378,9319,4.78762532945282e-15,4.09899428891509e-14,TRUE
292188,"chr9",110532003,110533332,1330,"*","chr9:110532003-110533332",3378,9786,0.13255418241319,0.181630833671129,FALSE
14422,"chr1",151500193,151501575,1383,"*","chr1:151500193-151501575",3377,399,1.20838826941694e-14,9.88861104269183e-14,TRUE
83678,"chr14",11161820,11162487,668,"*","chr14:11161820-11162487",3373,2742,1.66605078982389e-14,1.34575992715985e-13,TRUE
87486,"chr14",37134815,37135764,950,"*","chr14:37134815-37135764",3373,2860,7.35179130657468e-07,2.50914379063982e-06,TRUE
119195,"chr16",94312760,94313959,1200,"*","chr16:94312760-94313959",3373,3849,2.66139523128687e-07,9.60099289786027e-07,TRUE
194714,"chr4",49631604,49632651,1048,"*","chr4:49631604-49632651",3372,6337,1.49134283568159e-09,7.02138811526171e-09,TRUE
36977,"chr10",128803959,128805937,1979,"*","chr10:128803959-128805937",3371,1124,0.948493783610475,0.992563607796646,FALSE
282260,"chr9",44066861,44067452,592,"*","chr9:44066861-44067452",3371,9409,1.04564013928634e-10,5.65210886100723e-10,TRUE
50856,"chr11",97884173,97884843,671,"*","chr11:97884173-97884843",3370,1729,0.891036774710344,0.940706054381698,FALSE
248839,"chr7",45061585,45063032,1448,"*","chr7:45061585-45063032",3370,8291,0.32338683366934,0.400231229788788,FALSE
52484,"chr11",106036576,106037416,841,"*","chr11:106036576-106037416",3369,1841,0.339540395951016,0.41717492370719,FALSE
107453,"chr15",98880940,98881867,928,"*","chr15:98880940-98881867",3369,3479,9.66175521685e-11,5.23956356662148e-10,TRUE
272369,"chr8",94098047,94098950,904,"*","chr8:94098047-94098950",3369,9088,0.0520837372797928,0.0790584961745489,FALSE
153755,"chr2",26139811,26140988,1178,"*","chr2:26139811-26140988",3368,5068,4.94597738479564e-11,2.7755204179549e-10,TRUE
175918,"chr3",27182705,27184250,1546,"*","chr3:27182705-27184250",3368,5769,0.00720875381461396,0.013089814560028,TRUE
221773,"chr5",115489270,115490783,1514,"*","chr5:115489270-115490783",3368,7249,0.000696029905488019,0.0015358117949868,TRUE
30132,"chr10",77581425,77582546,1122,"*","chr10:77581425-77582546",3367,831,0.646889236480578,0.720366633051868,FALSE
93697,"chr14",99045586,99046901,1316,"*","chr14:99045586-99046901",3367,3050,0.0584391896750698,0.0876675512677314,FALSE
108833,"chr16",4639892,4641211,1320,"*","chr16:4639892-4641211",3367,3570,1,1,FALSE
110626,"chr16",17891046,17892214,1169,"*","chr16:17891046-17892214",3366,3641,6.71564134075454e-13,4.59975434298256e-12,TRUE
178330,"chr3",52046066,52047562,1497,"*","chr3:52046066-52047562",3366,5828,2.59585968650681e-16,2.51050259816906e-15,TRUE
299907,"chrX",159254168,159256331,2164,"*","chrX:159254168-159256331",3366,9985,4.05591752960293e-19,5.0953737809082e-18,TRUE
63545,"chr12",80259414,80261240,1827,"*","chr12:80259414-80261240",3365,2182,2.17736623111791e-07,7.93500813089616e-07,TRUE
37158,"chr11",3648519,3649908,1390,"*","chr11:3648519-3649908",3364,1143,2.06146470755925e-06,6.71049709491944e-06,TRUE
110837,"chr16",18811488,18812675,1188,"*","chr16:18811488-18812675",3364,3657,4.2075624019024e-13,2.95474887774045e-12,TRUE
85131,"chr14",22633559,22634308,750,"*","chr14:22633559-22634308",3363,2787,0.0139373933583487,0.0238735754682232,TRUE
105564,"chr15",85731958,85733143,1186,"*","chr15:85731958-85733143",3363,3405,1.71190640611032e-07,6.33101481549675e-07,TRUE
222009,"chr5",117119720,117120654,935,"*","chr5:117119720-117120654",3363,7260,3.72638811642843e-36,1.94082714397314e-34,TRUE
268187,"chr8",61359809,61360910,1102,"*","chr8:61359809-61360910",3363,8909,0.0125211973481038,0.021692996098586,TRUE
149533,"chr19",53313871,53314742,872,"*","chr19:53313871-53314742",3362,4948,0.00555630355749647,0.0103894980506665,TRUE
119764,"chr16",97610357,97611771,1415,"*","chr16:97610357-97611771",3361,3866,0.00898624368478133,0.0159773633322063,TRUE
183373,"chr3",97657757,97658958,1202,"*","chr3:97657757-97658958",3361,6010,4.48135719866438e-23,8.00242356904354e-22,TRUE
248869,"chr7",45154081,45154929,849,"*","chr7:45154081-45154929",3360,8296,9.13519006866943e-09,3.94438258578127e-08,TRUE
8307,"chr1",86582320,86583170,851,"*","chr1:86582320-86583170",3359,238,2.84157223118857e-54,6.45811870724675e-52,TRUE
165642,"chr2",125247256,125248344,1089,"*","chr2:125247256-125248344",3358,5436,0.631515097335028,0.705761172703429,FALSE
17790,"chr1",172376144,172376884,741,"*","chr1:172376144-172376884",3357,505,0.000451117553198887,0.00102713468396832,TRUE
69855,"chr13",13589817,13591107,1291,"*","chr13:13589817-13591107",3357,2359,0.00688264066645515,0.0125687375209188,TRUE
49841,"chr11",93968121,93968896,776,"*","chr11:93968121-93968896",3356,1673,0.618348767218896,0.693682709467014,FALSE
135284,"chr18",36348305,36349368,1064,"*","chr18:36348305-36349368",3356,4442,1.16448851330891e-08,4.97644663807228e-08,TRUE
225567,"chr5",137533022,137534011,990,"*","chr5:137533022-137534011",3355,7419,6.73155697595744e-25,1.45704696449295e-23,TRUE
197121,"chr4",74251442,74253029,1588,"*","chr4:74251442-74253029",3354,6377,0.564822357014892,0.64140626506347,FALSE
143027,"chr19",6241303,6242190,888,"*","chr19:6241303-6242190",3353,4691,0.0151917709745383,0.0258012414649088,TRUE
227959,"chr5",150673450,150674663,1214,"*","chr5:150673450-150674663",3353,7523,9.0357854738017e-15,7.49235943101302e-14,TRUE
5877,"chr1",65186341,65187203,863,"*","chr1:65186341-65187203",3352,149,1.88536620302026e-21,2.9275872717706e-20,TRUE
60448,"chr12",51844874,51845786,913,"*","chr12:51844874-51845786",3352,2099,0.00112277571210146,0.00239091931878505,TRUE
200828,"chr4",107066529,107067580,1052,"*","chr4:107066529-107067580",3352,6461,0.00199635903716629,0.0040791970518314,TRUE
210772,"chr5",20950924,20952306,1383,"*","chr5:20950924-20952306",3352,6917,0.0553412517604955,0.0835718087594314,FALSE
151,"chr1",6214252,6215528,1277,"*","chr1:6214252-6215528",3351,4,0.00233971588634089,0.00471907197729103,TRUE
272570,"chr8",94976809,94977828,1020,"*","chr8:94976809-94977828",3351,9106,0.637240193060345,0.711364359299336,FALSE
183226,"chr3",96727330,96728353,1024,"*","chr3:96727330-96728353",3350,6001,6.32563757917007e-05,0.000165074049560806,TRUE
300199,"chrX",162829096,162830256,1161,"*","chrX:162829096-162830256",3350,9991,0.0254006571227784,0.0411813507178638,TRUE
55435,"chr11",119915816,119917041,1226,"*","chr11:119915816-119917041",3348,1952,0.102963527314225,0.145182638626939,FALSE
99179,"chr15",36435000,36436001,1002,"*","chr15:36435000-36436001",3348,3162,0.000708092062516503,0.00156036153044624,TRUE
153911,"chr2",26910201,26911423,1223,"*","chr2:26910201-26911423",3348,5077,2.43649796574337e-12,1.56386262242835e-11,TRUE
193451,"chr4",41134987,41137208,2222,"*","chr4:41134987-41137208",3348,6270,7.08028095875151e-14,5.39655560880451e-13,TRUE
291886,"chr9",108296203,108297199,997,"*","chr9:108296203-108297199",3348,9756,0.237666809227117,0.305641472771498,FALSE
194242,"chr4",46450640,46452942,2303,"*","chr4:46450640-46452942",3347,6320,0.893513549622499,0.942922699052869,FALSE
184746,"chr3",105958966,105960053,1088,"*","chr3:105958966-105960053",3345,6055,0.000342111380396301,0.000794868448876164,TRUE
240917,"chr6",117916831,117918118,1288,"*","chr6:117916831-117918118",3345,7895,0.877460903614776,0.929316779935158,FALSE
290682,"chr9",101034277,101035305,1029,"*","chr9:101034277-101035305",3345,9689,8.40942907304429e-13,5.7051757619025e-12,TRUE
107380,"chr15",98608921,98610581,1661,"*","chr15:98608921-98610581",3344,3474,0.119735206127903,0.165838235634215,FALSE
17717,"chr1",172147660,172149078,1419,"*","chr1:172147660-172149078",3343,502,0.000117868601202459,0.000297047886094908,TRUE
29864,"chr10",76531082,76532079,998,"*","chr10:76531082-76532079",3343,818,0.000839652330091755,0.00183010534021743,TRUE
116256,"chr16",58727641,58728594,954,"*","chr16:58727641-58728594",3343,3793,2.56716058696079e-18,2.99162115245723e-17,TRUE
185153,"chr3",108591102,108592155,1054,"*","chr3:108591102-108592155",3343,6078,0.516416841988723,0.597151759931456,FALSE
28471,"chr10",67096062,67099036,2975,"*","chr10:67096062-67099036",3342,767,0.880534616652126,0.932177235498757,FALSE
204819,"chr4",133338875,133339925,1051,"*","chr4:133338875-133339925",3342,6653,0.167708667339363,0.224629878568662,FALSE
256054,"chr7",109985834,109986816,983,"*","chr7:109985834-109986816",3342,8523,0.000926118008997973,0.00200285036548004,TRUE
175237,"chr3",16182957,16183961,1005,"*","chr3:16182957-16183961",3341,5756,1.37217795114487e-12,9.13567211148384e-12,TRUE
202760,"chr4",120569741,120571316,1576,"*","chr4:120569741-120571316",3341,6550,0.291715135079049,0.365191706408424,FALSE
258957,"chr7",127572996,127574038,1043,"*","chr7:127572996-127574038",3341,8643,1.40810634184176e-07,5.2659175087575e-07,TRUE
139717,"chr18",67774627,67775677,1051,"*","chr18:67774627-67775677",3339,4546,0.577347081415459,0.653699141095402,FALSE
30719,"chr10",80797745,80799169,1425,"*","chr10:80797745-80799169",3338,899,0.036473960567095,0.0572230319533967,FALSE
77073,"chr13",63567663,63568436,774,"*","chr13:63567663-63568436",3338,2563,6.3707434092796e-07,2.19076458365874e-06,TRUE
106907,"chr15",96285338,96286275,938,"*","chr15:96285338-96286275",3338,3452,0.100139902012309,0.141600540175776,FALSE
244698,"chr6",145340097,145341221,1125,"*","chr6:145340097-145341221",3338,8004,2.68724034176169e-05,7.45213627776397e-05,TRUE
108321,"chr15",102246382,102248294,1913,"*","chr15:102246382-102248294",3337,3530,0.393972507479394,0.473866378974494,FALSE
196105,"chr4",62407855,62409150,1296,"*","chr4:62407855-62409150",3337,6361,7.83855174933768e-11,4.30689656557015e-10,TRUE
135544,"chr18",38296473,38297450,978,"*","chr18:38296473-38297450",3336,4460,0.168921589367619,0.225770635348328,FALSE
144413,"chr19",16780336,16781941,1606,"*","chr19:16780336-16781941",3335,4782,2.40762477213989e-06,7.73161455407802e-06,TRUE
148421,"chr19",44930574,44931884,1311,"*","chr19:44930574-44931884",3334,4903,0.155861606305883,0.210169372041374,FALSE
205111,"chr4",134534573,134535832,1260,"*","chr4:134534573-134535832",3334,6682,0.172376645784499,0.230142384224965,FALSE
282269,"chr9",44085721,44087395,1675,"*","chr9:44085721-44087395",3334,9412,2.53770303979639e-12,1.6267327178182e-11,TRUE
186643,"chr3",126596143,126597612,1470,"*","chr3:126596143-126597612",3332,6125,0.000118171908607053,0.000297207159851947,TRUE
247273,"chr7",29238074,29238779,706,"*","chr7:29238074-29238779",3332,8197,1.91420988269109e-06,6.25558785193167e-06,TRUE
274110,"chr8",109692859,109693923,1065,"*","chr8:109692859-109693923",3332,9162,0.209850029376788,0.273200006839029,FALSE
95912,"chr14",122534007,122534821,815,"*","chr14:122534007-122534821",3331,3092,0.209051197284692,0.272343925592356,FALSE
264838,"chr8",25597032,25597935,904,"*","chr8:25597032-25597935",3331,8828,0.25608179384202,0.325307156811509,FALSE
240021,"chr6",113045747,113046777,1031,"*","chr6:113045747-113046777",3330,7864,0.692978630644256,0.763192324498079,FALSE
262172,"chr7",145231674,145232276,603,"*","chr7:145231674-145232276",3330,8748,3.23685809782586e-11,1.85174948388207e-10,TRUE
61862,"chr12",70824702,70826277,1576,"*","chr12:70824702-70826277",3329,2138,0.000359835254731818,0.000832566531077784,TRUE
124070,"chr17",31519650,31520544,895,"*","chr17:31519650-31520544",3328,4049,0.000928251383367709,0.00200659615946327,TRUE
183177,"chr3",96499649,96501357,1709,"*","chr3:96499649-96501357",3328,5993,0.464502337489406,0.545190536959397,FALSE
209009,"chr4",154022410,154023308,899,"*","chr4:154022410-154023308",3328,6852,0.262503217696531,0.332788054889111,FALSE
268913,"chr8",69774677,69775361,685,"*","chr8:69774677-69775361",3328,8925,1.75199589758947e-10,9.27398661536223e-10,TRUE
48796,"chr11",86544232,86545475,1244,"*","chr11:86544232-86545475",3327,1631,0.870176818524531,0.923362498434349,FALSE
182186,"chr3",89089849,89091482,1634,"*","chr3:89089849-89091482",3327,5914,4.04056173003194e-08,1.61364286343128e-07,TRUE
217733,"chr5",88675254,88676616,1363,"*","chr5:88675254-88676616",3327,7130,3.33812982932781e-07,1.18763181412716e-06,TRUE
248000,"chr7",35585128,35586777,1650,"*","chr7:35585128-35586777",3325,8241,2.99738406593734e-16,2.86556794066667e-15,TRUE
111078,"chr16",21204451,21205306,856,"*","chr16:21204451-21205306",3324,3670,0.116106955070049,0.161170120863478,FALSE
139613,"chr18",67288533,67290467,1935,"*","chr18:67288533-67290467",3323,4541,7.53405938035346e-05,0.000195182885501385,TRUE
143577,"chr19",9899157,9900187,1031,"*","chr19:9899157-9900187",3323,4749,9.49100459931459e-27,2.40888441606969e-25,TRUE
146106,"chr19",29251145,29252306,1162,"*","chr19:29251145-29252306",3323,4827,3.3838396908346e-18,3.88947090900529e-17,TRUE
264169,"chr8",22059955,22061014,1060,"*","chr8:22059955-22061014",3323,8809,0.204478413299335,0.267501848900228,FALSE
83421,"chr14",8213786,8214745,960,"*","chr14:8213786-8214745",3322,2735,5.85524178352133e-24,1.13915209796135e-22,TRUE
118787,"chr16",92399697,92400671,975,"*","chr16:92399697-92400671",3322,3841,0.377775432074328,0.456912714168273,FALSE
30584,"chr10",80249031,80249800,770,"*","chr10:80249031-80249800",3321,876,0.000493146638240226,0.00111672698876863,TRUE
47733,"chr11",79992644,79993801,1158,"*","chr11:79992644-79993801",3321,1592,5.02253131764081e-10,2.54176686115426e-09,TRUE
30590,"chr10",80281334,80282599,1266,"*","chr10:80281334-80282599",3320,879,0.0895561780228613,0.128488060291049,FALSE
270136,"chr8",79294611,79295757,1147,"*","chr8:79294611-79295757",3319,9007,1.05907638996504e-06,3.55156401732071e-06,TRUE
91290,"chr14",69732138,69733143,1006,"*","chr14:69732138-69733143",3318,2996,9.76322898122327e-12,5.85325478490604e-11,TRUE
146203,"chr19",29805207,29806959,1753,"*","chr19:29805207-29806959",3318,4831,2.92231267250257e-24,5.89175942036808e-23,TRUE
247476,"chr7",30308342,30309072,731,"*","chr7:30308342-30309072",3318,8210,0.000100386578504981,0.000256088210471889,TRUE
255517,"chr7",101933551,101934401,851,"*","chr7:101933551-101934401",3318,8505,1.0756680880544e-14,8.83142929437111e-14,TRUE
83452,"chr14",8327083,8328058,976,"*","chr14:8327083-8328058",3317,2738,0.00113930690434936,0.00242199597013045,TRUE
125083,"chr17",40934303,40935312,1010,"*","chr17:40934303-40935312",3317,4141,0.000148794397895016,0.000368850763249917,TRUE
237334,"chr6",91116240,91117644,1405,"*","chr6:91116240-91117644",3317,7816,0.000200812507769431,0.000486936245803664,TRUE
37064,"chr11",3288096,3290609,2514,"*","chr11:3288096-3290609",3316,1134,0.125303550346981,0.17273717996551,FALSE
99718,"chr15",39112183,39113258,1076,"*","chr15:39112183-39113258",3316,3186,1.80861029923909e-06,5.92210314092696e-06,TRUE
107216,"chr15",97772768,97773699,932,"*","chr15:97772768-97773699",3316,3458,5.03891409687144e-08,1.98695350823006e-07,TRUE
168276,"chr2",144270310,144271287,978,"*","chr2:144270310-144271287",3316,5516,2.98938506506047e-08,1.21125813008933e-07,TRUE
240147,"chr6",113689942,113691292,1351,"*","chr6:113689942-113691292",3316,7875,0.301282046797398,0.376226332164583,FALSE
287153,"chr9",70542339,70543628,1290,"*","chr9:70542339-70543628",3316,9595,2.83874063444584e-07,1.02112972462081e-06,TRUE
2217,"chr1",36079535,36080293,759,"*","chr1:36079535-36080293",3315,48,0.000544226639781186,0.00122133446988597,TRUE
104737,"chr15",81960318,81961392,1075,"*","chr15:81960318-81961392",3315,3374,0.000318980230499833,0.000744932812937488,TRUE
255391,"chr7",101310392,101311241,850,"*","chr7:101310392-101311241",3315,8498,5.66444469140866e-06,1.71338314924642e-05,TRUE
203242,"chr4",124751234,124752134,901,"*","chr4:124751234-124752134",3314,6568,3.61662721508901e-15,3.16692400620754e-14,TRUE
241488,"chr6",121109696,121110824,1129,"*","chr6:121109696-121110824",3314,7914,0.64774966129872,0.721003630118789,FALSE
267001,"chr8",46551767,46552343,577,"*","chr8:46551767-46552343",3314,8882,0.00677197751292736,0.0123847430741173,TRUE
6732,"chr1",74068577,74070424,1848,"*","chr1:74068577-74070424",3313,177,9.22056329950693e-06,2.71512464649792e-05,TRUE
52582,"chr11",106500786,106501885,1100,"*","chr11:106500786-106501885",3313,1849,0.00438573054582823,0.00837291054950025,TRUE
37132,"chr11",3536990,3537538,549,"*","chr11:3536990-3537538",3312,1141,0.193285068158703,0.254456382515407,FALSE
50201,"chr11",95384390,95385222,833,"*","chr11:95384390-95385222",3312,1691,0.966246809066807,1,FALSE
69926,"chr13",14612944,14613656,713,"*","chr13:14612944-14613656",3312,2363,0.329717015929471,0.407058044357372,FALSE
127045,"chr17",56008381,56009773,1393,"*","chr17:56008381-56009773",3312,4205,3.39194542749451e-25,7.67408467758939e-24,TRUE
4468,"chr1",55405578,55406600,1023,"*","chr1:55405578-55406600",3311,112,7.99021927301748e-05,0.000206572370036646,TRUE
10790,"chr1",118672079,118672818,740,"*","chr1:118672079-118672818",3311,302,0.150135169410598,0.203269928798535,FALSE
86373,"chr14",29968156,29968906,751,"*","chr14:29968156-29968906",3311,2820,0.00459938374149489,0.00875406117528529,TRUE
219833,"chr5",104046544,104047350,807,"*","chr5:104046544-104047350",3311,7179,1.72371158511492e-11,1.01038193734755e-10,TRUE
153644,"chr2",25546700,25547398,699,"*","chr2:25546700-25547398",3309,5061,1.92811221655131e-06,6.29690469154576e-06,TRUE
85870,"chr14",26969971,26971009,1039,"*","chr14:26969971-26971009",3308,2812,9.36071477618046e-09,4.02438296482393e-08,TRUE
102353,"chr15",67083022,67083649,628,"*","chr15:67083022-67083649",3308,3248,0.875918748134933,0.928288835294964,FALSE
148435,"chr19",45016266,45018420,2155,"*","chr19:45016266-45018420",3308,4906,4.10368021776758e-05,0.000110730712837765,TRUE
63499,"chr12",80113014,80113913,900,"*","chr12:80113014-80113913",3307,2179,8.39566128551444e-29,2.45487172091066e-27,TRUE
133334,"chr18",14782962,14783962,1001,"*","chr18:14782962-14783962",3307,4371,0.0883649138118029,0.126924610473719,FALSE
252663,"chr7",80534760,80535601,842,"*","chr7:80534760-80535601",3307,8413,0.000259193815080148,0.000614203353270493,TRUE
282334,"chr9",44378875,44379958,1084,"*","chr9:44378875-44379958",3307,9423,0.000472633960808627,0.00107319246323485,TRUE
129701,"chr17",78835038,78836002,965,"*","chr17:78835038-78836002",3305,4283,0.0851911054401887,0.122895420427277,FALSE
183315,"chr3",97171738,97173114,1377,"*","chr3:97171738-97173114",3305,6006,0.000907455807582817,0.00196674427304468,TRUE
247975,"chr7",35447589,35449405,1817,"*","chr7:35447589-35449405",3305,8239,0.7752015287102,0.836894408324629,FALSE
297163,"chrX",74084696,74086264,1569,"*","chrX:74084696-74086264",3304,9927,3.63955781502546e-06,1.13240753423319e-05,TRUE
7829,"chr1",82634518,82635245,728,"*","chr1:82634518-82635245",3303,221,0.887032972257128,0.937666989700981,FALSE
49377,"chr11",88863921,88865145,1225,"*","chr11:88863921-88865145",3303,1660,7.27201840225483e-11,4.02129645190036e-10,TRUE
266549,"chr8",41374121,41375259,1139,"*","chr8:41374121-41375259",3303,8870,2.25141340549814e-12,1.45252477774074e-11,TRUE
6190,"chr1",71102353,71103558,1206,"*","chr1:71102353-71103558",3302,156,0.000210513255198117,0.000507995306945262,TRUE
257941,"chr7",120981666,120982973,1308,"*","chr7:120981666-120982973",3302,8588,0.0553753681164973,0.0835980798860165,FALSE
234084,"chr6",57702567,57703692,1126,"*","chr6:57702567-57703692",3301,7687,0.0370088140999336,0.0579712000312243,FALSE
48975,"chr11",87422453,87423496,1044,"*","chr11:87422453-87423496",3300,1643,0.000161752042386773,0.000398993691136587,TRUE
74668,"chr13",48968077,48968856,780,"*","chr13:48968077-48968856",3300,2483,1.14988979383611e-29,3.52726930624573e-28,TRUE
286918,"chr9",69289393,69291006,1614,"*","chr9:69289393-69291006",3300,9590,0.276214924175297,0.347751561731686,FALSE
288266,"chr9",77910235,77911402,1168,"*","chr9:77910235-77911402",3300,9619,0.762917003203501,0.825846507039944,FALSE
77298,"chr13",66932390,66933846,1457,"*","chr13:66932390-66933846",3299,2575,1.68649000300916e-09,7.88816652483237e-09,TRUE
211829,"chr5",30232095,30233152,1058,"*","chr5:30232095-30233152",3299,6953,0.0684364496105456,0.101147575540268,FALSE
286222,"chr9",65629164,65631353,2190,"*","chr9:65629164-65631353",3299,9570,1.80287975814453e-09,8.40895409582338e-09,TRUE
203747,"chr4",128654425,128655346,922,"*","chr4:128654425-128655346",3298,6593,5.56372695952227e-18,6.36582031981954e-17,TRUE
18569,"chr1",179546007,179547009,1003,"*","chr1:179546007-179547009",3296,521,0.463261720606803,0.544117595262865,FALSE
192070,"chr4",19708699,19709630,932,"*","chr4:19708699-19709630",3296,6231,0.00606141499723195,0.0112331634492809,TRUE
242760,"chr6",129532689,129533931,1243,"*","chr6:129532689-129533931",3296,7967,0.0953597825092807,0.135724142484032,FALSE
285222,"chr9",61367940,61369073,1134,"*","chr9:61367940-61369073",3296,9525,0.00409919599578672,0.00788913779019769,TRUE
115287,"chr16",49855109,49856393,1285,"*","chr16:49855109-49856393",3295,3774,1.46563369333043e-08,6.17889415400689e-08,TRUE
30324,"chr10",78464485,78465497,1013,"*","chr10:78464485-78465497",3294,839,2.58276006108503e-09,1.17612024639573e-08,TRUE
206979,"chr4",141623172,141624396,1225,"*","chr4:141623172-141624396",3294,6758,0.0559179246077509,0.0842899074581714,FALSE
108670,"chr16",3846943,3847728,786,"*","chr16:3846943-3847728",3293,3549,5.52656821157128e-32,2.07765722239522e-30,TRUE
259938,"chr7",132930966,132932027,1062,"*","chr7:132930966-132932027",3293,8680,0.00943621943023317,0.0166894577825136,TRUE
293641,"chr9",119119449,119120325,877,"*","chr9:119119449-119120325",3293,9819,0.0137162984091618,0.0235190301940359,TRUE
45581,"chr11",69364533,69365482,950,"*","chr11:69364533-69365482",3292,1445,0.197369324197559,0.259150898368643,FALSE
49873,"chr11",94158520,94159988,1469,"*","chr11:94158520-94159988",3292,1677,0.0319182036644926,0.0507121125905508,FALSE
161767,"chr2",91236725,91237607,883,"*","chr2:91236725-91237607",3292,5322,7.72761333638178e-05,0.00020009356127348,TRUE
205593,"chr4",136309975,136311842,1868,"*","chr4:136309975-136311842",3292,6703,0.384782136793456,0.464488335095914,FALSE
169567,"chr2",153740950,153741946,997,"*","chr2:153740950-153741946",3291,5564,2.75787874132426e-06,8.77746257582516e-06,TRUE
81183,"chr13",103920259,103922437,2179,"*","chr13:103920259-103922437",3290,2672,0.00421793963711973,0.00809274680951597,TRUE
142574,"chr19",4169418,4170185,768,"*","chr19:4169418-4170185",3290,4629,1.2985733197647e-10,6.97925560809861e-10,TRUE
221779,"chr5",115508729,115509819,1091,"*","chr5:115508729-115509819",3290,7250,0.00537389268451349,0.0100937127808292,TRUE
141482,"chr18",80255735,80257195,1461,"*","chr18:80255735-80257195",3289,4591,0.00161716442084169,0.00335929460083442,TRUE
148369,"chr19",44750627,44751500,874,"*","chr19:44750627-44751500",3288,4901,4.97891113639095e-05,0.000132558869445979,TRUE
225925,"chr5",139484210,139485005,796,"*","chr5:139484210-139485005",3288,7449,0.00139636182475451,0.00293353324528259,TRUE
54260,"chr11",115603551,115604626,1076,"*","chr11:115603551-115604626",3287,1895,8.14632063910026e-05,0.00021049924132042,TRUE
286286,"chr9",65908566,65909733,1168,"*","chr9:65908566-65909733",3287,9574,0.00109842198540747,0.00234405033164206,TRUE
84279,"chr14",17659819,17661461,1643,"*","chr14:17659819-17661461",3286,2753,0.000125620319509201,0.000314522582646974,TRUE
191624,"chr4",11965725,11967139,1415,"*","chr4:11965725-11967139",3286,6220,0.00241765724013367,0.00486254473075959,TRUE
216166,"chr5",67847045,67848214,1170,"*","chr5:67847045-67848214",3286,7093,0.0041024431788413,0.00789234932443497,TRUE
236676,"chr6",87671904,87672681,778,"*","chr6:87671904-87672681",3286,7783,4.71826552768255e-60,1.96594396986773e-57,TRUE
57917,"chr12",24973716,24975879,2164,"*","chr12:24973716-24975879",3285,2055,0.0016333394543057,0.00338867106702427,TRUE
36750,"chr10",127676825,127677383,559,"*","chr10:127676825-127677383",3284,1091,4.67327875033333e-27,1.22337140061082e-25,TRUE
55831,"chr11",121421002,121422063,1062,"*","chr11:121421002-121422063",3284,1999,0.00314793443555479,0.00619916194477116,TRUE
182206,"chr3",89177202,89178029,828,"*","chr3:89177202-89178029",3284,5918,0.332721384607683,0.410159497790537,FALSE
248824,"chr7",44997154,44998216,1063,"*","chr7:44997154-44998216",3284,8286,0.00213815314655759,0.00434583972877559,TRUE
258085,"chr7",122066877,122067731,855,"*","chr7:122066877-122067731",3284,8592,0.109578931214982,0.153085961462674,FALSE
202495,"chr4",119173849,119174666,818,"*","chr4:119173849-119174666",3283,6541,3.21521283708306e-20,4.55412583156241e-19,TRUE
55586,"chr11",120315929,120317412,1484,"*","chr11:120315929-120317412",3282,1965,1.72983411757128e-05,4.91709527450619e-05,TRUE
127810,"chr17",64600102,64601866,1765,"*","chr17:64600102-64601866",3282,4237,0.206038116184425,0.269119796479134,FALSE
236377,"chr6",86365271,86366170,900,"*","chr6:86365271-86366170",3282,7771,2.1204472537425e-16,2.07074927123291e-15,TRUE
75646,"chr13",54564969,54566616,1648,"*","chr13:54564969-54566616",3281,2512,1,1,FALSE
118274,"chr16",90283494,90285067,1574,"*","chr16:90283494-90285067",3281,3825,1.43838940333504e-05,4.12855741485373e-05,TRUE
264067,"chr8",18846034,18847165,1132,"*","chr8:18846034-18847165",3281,8807,2.1791272010046e-06,7.06133247247114e-06,TRUE
247012,"chr7",28049803,28050584,782,"*","chr7:28049803-28050584",3280,8170,0.00177292083426094,0.00365550687476482,TRUE
257287,"chr7",116268061,116269093,1033,"*","chr7:116268061-116269093",3280,8559,0.271850977298182,0.343419627713721,FALSE
269259,"chr8",71396391,71397209,819,"*","chr8:71396391-71397209",3279,8971,0.000314724008821264,0.000736713503795093,TRUE
171775,"chr2",165885633,165887723,2091,"*","chr2:165885633-165887723",3278,5654,0.000101526737486743,0.000258864705473592,TRUE
267691,"chr8",54529424,54530500,1077,"*","chr8:54529424-54530500",3278,8896,1.27781956554883e-08,5.42829042289223e-08,TRUE
273229,"chr8",104591169,104592308,1140,"*","chr8:104591169-104592308",3278,9123,0.863479732632126,0.916645151414146,FALSE
198518,"chr4",88721902,88723026,1125,"*","chr4:88721902-88723026",3277,6401,9.54466620587911e-14,7.15492219331268e-13,TRUE
205509,"chr4",136021515,136022220,706,"*","chr4:136021515-136022220",3277,6695,2.31573574209609e-29,6.93334054519788e-28,TRUE
285554,"chr9",62828600,62829330,731,"*","chr9:62828600-62829330",3277,9539,0.254246048164729,0.32355058305514,FALSE
153646,"chr2",25557349,25558543,1195,"*","chr2:25557349-25558543",3276,5062,0.0913707788936791,0.130828721210881,FALSE
289506,"chr9",90113490,90115130,1641,"*","chr9:90113490-90115130",3276,9652,0.000178448761613503,0.000437160121542143,TRUE
209629,"chr5",3595942,3596980,1039,"*","chr5:3595942-3596980",3275,6898,0.000766702290591417,0.00167915525753705,TRUE
276739,"chr8",123442883,123444065,1183,"*","chr8:123442883-123444065",3275,9255,0.0168103536891799,0.0282526952759326,TRUE
175910,"chr3",27153340,27154368,1029,"*","chr3:27153340-27154368",3274,5768,0.273063472810901,0.344690069188211,FALSE
155202,"chr2",32408514,32409631,1118,"*","chr2:32408514-32409631",3273,5153,4.73986677698416e-06,1.45038763065611e-05,TRUE
243264,"chr6",135559475,135560201,727,"*","chr6:135559475-135560201",3273,7980,0.281632287054302,0.353809405847113,FALSE
297113,"chrX",73715749,73717179,1431,"*","chrX:73715749-73717179",3273,9923,1.20068914829365e-13,8.92042457870471e-13,TRUE
248724,"chr7",44496217,44497093,877,"*","chr7:44496217-44497093",3270,8270,0.146227154918848,0.198408622685004,FALSE
248860,"chr7",45124421,45124867,447,"*","chr7:45124421-45124867",3270,8293,9.7360016144465e-18,1.08177795716072e-16,TRUE
125977,"chr17",46645797,46646597,801,"*","chr17:46645797-46646597",3269,4173,4.18715804645604e-12,2.62682437042412e-11,TRUE
147561,"chr19",40413997,40415703,1707,"*","chr19:40413997-40415703",3269,4867,0.392680544833521,0.472539765142625,FALSE
39283,"chr11",21370527,21371658,1132,"*","chr11:21370527-21371658",3268,1222,0.0307925997143292,0.0491737459507014,TRUE
80419,"chr13",99353095,99353758,664,"*","chr13:99353095-99353758",3268,2656,8.12867434122939e-19,9.84101009834067e-18,TRUE
206811,"chr4",141139178,141140207,1030,"*","chr4:141139178-141140207",3268,6749,0.000105213989446154,0.0002677200749266,TRUE
15422,"chr1",156718443,156719482,1040,"*","chr1:156718443-156719482",3267,431,6.46536626731492e-20,8.95480092425889e-19,TRUE
209772,"chr5",4756946,4758842,1897,"*","chr5:4756946-4758842",3267,6903,1.6594414925031e-08,6.931668723906e-08,TRUE
259013,"chr7",127895212,127896060,849,"*","chr7:127895212-127896060",3267,8653,0.246808252454748,0.315539671275169,FALSE
39861,"chr11",29246892,29247820,929,"*","chr11:29246892-29247820",3266,1242,0.0832913754138666,0.120502568596451,FALSE
166718,"chr2",131159521,131161234,1714,"*","chr2:131159521-131161234",3266,5487,1.44398246404646e-07,5.39201816298155e-07,TRUE
194692,"chr4",49520702,49521737,1036,"*","chr4:49520702-49521737",3266,6332,7.79395743291402e-13,5.3164784671992e-12,TRUE
232309,"chr6",47594235,47595756,1522,"*","chr6:47594235-47595756",3265,7628,0.210071386178358,0.273388061137894,FALSE
237962,"chr6",94283526,94284587,1062,"*","chr6:94283526-94284587",3265,7832,0.115297325612383,0.160135174461643,FALSE
9999,"chr1",97660650,97662488,1839,"*","chr1:97660650-97662488",3264,285,0.00437515577183576,0.0083559124748582,TRUE
27218,"chr10",58604647,58605451,805,"*","chr10:58604647-58605451",3264,730,0.000524976399057377,0.00118291212045376,TRUE
47293,"chr11",78164716,78166301,1586,"*","chr11:78164716-78166301",3264,1565,0.00216435416281979,0.0043919524407869,TRUE
288326,"chr9",78107892,78109430,1539,"*","chr9:78107892-78109430",3263,9622,3.05624141196575e-07,1.09542702937841e-06,TRUE
291786,"chr9",107872431,107873242,812,"*","chr9:107872431-107873242",3263,9747,0.00597134862874626,0.0110703534088733,TRUE
61536,"chr12",69361344,69361939,596,"*","chr12:69361344-69361939",3261,2129,2.83429425256098e-16,2.72005206579749e-15,TRUE
98561,"chr15",31601397,31602448,1052,"*","chr15:31601397-31602448",3261,3148,0.145229976989342,0.197216155607471,FALSE
135366,"chr18",36679008,36679868,861,"*","chr18:36679008-36679868",3261,4447,3.09040153318688e-06,9.75505534465556e-06,TRUE
183131,"chr3",96220674,96221763,1090,"*","chr3:96220674-96221763",3261,5990,0.00533037010027834,0.010015727358659,TRUE
43143,"chr11",54522554,54523433,880,"*","chr11:54522554-54523433",3260,1343,0.0152070130507035,0.0258183583203795,TRUE
282571,"chr9",45413135,45414551,1417,"*","chr9:45413135-45414551",3260,9445,0.00301368485844885,0.00596533028196526,TRUE
24885,"chr10",30842321,30843581,1261,"*","chr10:30842321-30843581",3259,665,0.27618167925094,0.347751561731686,FALSE
42107,"chr11",48855516,48857309,1794,"*","chr11:48855516-48857309",3259,1292,0.0478332581422043,0.0732067005543378,FALSE
86502,"chr14",30548126,30549888,1763,"*","chr14:30548126-30549888",3259,2830,0.885436845529086,0.936571616647197,FALSE
212181,"chr5",32135125,32136299,1175,"*","chr5:32135125-32136299",3259,6975,5.90351632052312e-05,0.000155110780886051,TRUE
270307,"chr8",80738503,80740097,1595,"*","chr8:80738503-80740097",3259,9011,0.516565693516778,0.597185772851766,FALSE
85162,"chr14",22782557,22784402,1846,"*","chr14:22782557-22784402",3258,2788,0.000247871988681897,0.000590452569513809,TRUE
187819,"chr3",135422774,135424349,1576,"*","chr3:135422774-135424349",3258,6151,0.00802587457202691,0.0144350262086815,TRUE
218014,"chr5",90640312,90641340,1029,"*","chr5:90640312-90641340",3258,7139,0.785429691438208,0.845457149018523,FALSE
250224,"chr7",64287337,64288228,892,"*","chr7:64287337-64288228",3258,8353,0.0087334214885483,0.0155675962362715,TRUE
43736,"chr11",58954063,58955453,1391,"*","chr11:58954063-58955453",3257,1372,0.371173865656782,0.450016810932083,FALSE
62230,"chr12",72760433,72762078,1646,"*","chr12:72760433-72762078",3257,2145,3.00053213224766e-15,2.67427106260932e-14,TRUE
64498,"chr12",85219146,85219831,686,"*","chr12:85219146-85219831",3257,2211,0.20264373543167,0.265518521267911,FALSE
219184,"chr5",100518192,100518962,771,"*","chr5:100518192-100518962",3257,7163,0.000256895983428264,0.000609335824070835,TRUE
223365,"chr5",123359457,123360150,694,"*","chr5:123359457-123360150",3257,7319,0.0081010806304939,0.0145598142172788,TRUE
177054,"chr3",36475187,36476294,1108,"*","chr3:36475187-36476294",3256,5799,0.000216873563875322,0.00052233517311012,TRUE
9443,"chr1",91455700,91456943,1244,"*","chr1:91455700-91456943",3255,264,0.232339459761186,0.299560933162952,FALSE
112424,"chr16",30063720,30064651,932,"*","chr16:30063720-30064651",3255,3698,6.10043270723705e-06,1.83637348200995e-05,TRUE
119034,"chr16",93603528,93604424,897,"*","chr16:93603528-93604424",3255,3843,0.55073880006728,0.628123631463595,FALSE
122661,"chr17",26138406,26139482,1077,"*","chr17:26138406-26139482",3255,3988,0.103473038510734,0.145818825409715,FALSE
195935,"chr4",59580747,59582130,1384,"*","chr4:59580747-59582130",3255,6356,0.00721248782257542,0.013089814560028,TRUE
256839,"chr7",113368966,113370214,1249,"*","chr7:113368966-113370214",3253,8552,0.00112390959430986,0.00239231501555951,TRUE
203110,"chr4",123916961,123918225,1265,"*","chr4:123916961-123918225",3252,6564,8.80327628652709e-10,4.26515323959646e-09,TRUE
208656,"chr4",152008285,152010817,2533,"*","chr4:152008285-152010817",3252,6841,3.51654038302719e-05,9.59754471350217e-05,TRUE
45496,"chr11",68939390,68940218,829,"*","chr11:68939390-68940218",3251,1431,4.95829328444054e-08,1.95825169211712e-07,TRUE
204959,"chr4",133910366,133911493,1128,"*","chr4:133910366-133911493",3248,6666,5.84812524543568e-06,1.76573829874266e-05,TRUE
219169,"chr5",100416014,100416800,787,"*","chr5:100416014-100416800",3248,7161,3.75609315792596e-05,0.000102067748856684,TRUE
30587,"chr10",80264569,80265335,767,"*","chr10:80264569-80265335",3247,878,2.01383375943862e-51,3.35638959906436e-49,TRUE
39376,"chr11",22437639,22439167,1529,"*","chr11:22437639-22439167",3247,1225,0.00767266423364468,0.0138495744289615,TRUE
131274,"chr17",87024997,87025914,918,"*","chr17:87024997-87025914",3247,4321,0.000336789526168509,0.000783960721993736,TRUE
191495,"chr4",11253691,11254658,968,"*","chr4:11253691-11254658",3247,6217,0.0317960522629587,0.0505501625802204,FALSE
111468,"chr16",23107179,23108668,1490,"*","chr16:23107179-23108668",3246,3681,0.924970364937575,0.969977312224806,FALSE
124811,"chr17",35516486,35517490,1005,"*","chr17:35516486-35517490",3246,4116,0.0624276246385697,0.0932312195916513,FALSE
4833,"chr1",58392218,58394153,1936,"*","chr1:58392218-58394153",3245,118,0.7918773973504,0.8506374180882,FALSE
67768,"chr12",110844789,110845801,1013,"*","chr12:110844789-110845801",3245,2303,1.76164137018822e-05,4.99614682412994e-05,TRUE
227237,"chr5",147076324,147077308,985,"*","chr5:147076324-147077308",3245,7503,0.530170193999355,0.609811587300846,FALSE
55720,"chr11",120823443,120825269,1827,"*","chr11:120823443-120825269",3244,1990,0.969302937008596,1,FALSE
294181,"chr9",121710202,121711093,892,"*","chr9:121710202-121711093",3244,9842,1.39560331892787e-05,4.01496927194438e-05,TRUE
59011,"chr12",32767872,32769120,1249,"*","chr12:32767872-32769120",3242,2075,0.0050911714855235,0.00962050545261432,TRUE
126053,"chr17",47009808,47011446,1639,"*","chr17:47009808-47011446",3242,4183,0.00303668429038689,0.00600610025788547,TRUE
276726,"chr8",123373390,123374738,1349,"*","chr8:123373390-123374738",3242,9254,0.00459536477041546,0.00874974251792738,TRUE
291709,"chr9",107568441,107569768,1328,"*","chr9:107568441-107569768",3242,9737,0.943150025558244,0.987798518598915,FALSE
103326,"chr15",75909056,75910029,974,"*","chr15:75909056-75910029",3241,3271,7.63403743135639e-18,8.55833792752958e-17,TRUE
124668,"chr17",34930976,34931744,769,"*","chr17:34930976-34931744",3241,4103,4.28044126164794e-11,2.41832839641127e-10,TRUE
153202,"chr2",20968385,20970079,1695,"*","chr2:20968385-20970079",3241,5036,2.37680720976081e-21,3.66791236074199e-20,TRUE
16594,"chr1",165236411,165237454,1044,"*","chr1:165236411-165237454",3240,467,0.7217010813939,0.789434567265259,FALSE
75824,"chr13",55536306,55537072,767,"*","chr13:55536306-55537072",3240,2532,0.000635045341786183,0.00140933276028891,TRUE
30791,"chr10",81105590,81106952,1363,"*","chr10:81105590-81106952",3239,907,9.34859769833124e-14,7.01846674048892e-13,TRUE
129014,"chr17",73107546,73108331,786,"*","chr17:73107546-73108331",3239,4265,0.657117718797707,0.7291585872145,FALSE
171476,"chr2",164822701,164823737,1037,"*","chr2:164822701-164823737",3239,5643,0.00647268020116423,0.0119070643877193,TRUE
221803,"chr5",115559349,115560182,834,"*","chr5:115559349-115560182",3239,7253,7.74462610021328e-10,3.79266704222002e-09,TRUE
134955,"chr18",34758764,34759959,1196,"*","chr18:34758764-34759959",3237,4414,0.0430755299681642,0.0665567521139743,FALSE
154058,"chr2",27426178,27427473,1296,"*","chr2:27426178-27427473",3237,5085,9.82522750024752e-09,4.22045854821629e-08,TRUE
220031,"chr5",105699651,105701105,1455,"*","chr5:105699651-105701105",3237,7183,0.452488291620022,0.533846497899979,FALSE
14829,"chr1",153332107,153334255,2149,"*","chr1:153332107-153334255",3236,409,0.000943725474824653,0.00203476816477933,TRUE
209003,"chr4",153956785,153958039,1255,"*","chr4:153956785-153958039",3235,6850,0.819010501146154,0.875947060049363,FALSE
219171,"chr5",100429169,100430043,875,"*","chr5:100429169-100430043",3235,7162,1.65116011547073e-07,6.14270876291196e-07,TRUE
134743,"chr18",33463198,33464745,1548,"*","chr18:33463198-33464745",3234,4404,4.58274246079859e-05,0.000122795885873489,TRUE
165187,"chr2",121139427,121141111,1685,"*","chr2:121139427-121141111",3234,5420,0.0452232252060379,0.0694673198249431,FALSE
204001,"chr4",129542404,129543259,856,"*","chr4:129542404-129543259",3234,6604,2.11202051371506e-20,3.05205276548418e-19,TRUE
75798,"chr13",55414425,55415969,1545,"*","chr13:55414425-55415969",3233,2529,0.948867831111345,0.9927472600035,FALSE
184786,"chr3",106721574,106722703,1130,"*","chr3:106721574-106722703",3233,6057,1.70771126860291e-15,1.53295446014624e-14,TRUE
30193,"chr10",78009020,78010208,1189,"*","chr10:78009020-78010208",3232,834,3.88585507831227e-07,1.37115563807773e-06,TRUE
54251,"chr11",115513458,115514859,1402,"*","chr11:115513458-115514859",3232,1893,1.46466964631298e-06,4.83708601820666e-06,TRUE
140432,"chr18",74215750,74217111,1362,"*","chr18:74215750-74217111",3232,4565,0.0952280664001608,0.135613879806552,FALSE
182424,"chr3",90079201,90080704,1504,"*","chr3:90079201-90080704",3231,5931,4.42857893411354e-13,3.09690834553395e-12,TRUE
202543,"chr4",119422041,119423236,1196,"*","chr4:119422041-119423236",3231,6546,0.0490836664372552,0.0750017510640369,FALSE
62795,"chr12",76369159,76371730,2572,"*","chr12:76369159-76371730",3230,2159,1.0740710714028e-07,4.08702842999544e-07,TRUE
143026,"chr19",6235748,6236665,918,"*","chr19:6235748-6236665",3230,4690,0.0615853805040734,0.0921109490039985,FALSE
20476,"chr1",190928010,190929595,1586,"*","chr1:190928010-190929595",3229,568,1.36060454546469e-07,5.10737441991249e-07,TRUE
73828,"chr13",44408947,44410015,1069,"*","chr13:44408947-44410015",3229,2460,0.0938003516543129,0.133923974377945,FALSE
246686,"chr7",25316609,25317392,784,"*","chr7:25316609-25317392",3229,8139,9.09762438538184e-07,3.07352175181819e-06,TRUE
188303,"chr3",138526299,138528315,2017,"*","chr3:138526299-138528315",3228,6159,0.579487853325493,0.655974477389057,FALSE
204745,"chr4",133084118,133086481,2364,"*","chr4:133084118-133086481",3228,6647,0.000133519393908876,0.00033363166893772,TRUE
226555,"chr5",142821488,142822169,682,"*","chr5:142821488-142822169",3228,7469,0.00121663559959136,0.00257543522352108,TRUE
46103,"chr11",72214901,72216029,1129,"*","chr11:72214901-72216029",3227,1497,0.827756670560343,0.88416649280105,FALSE
96568,"chr15",7128769,7130475,1707,"*","chr15:7128769-7130475",3227,3105,1.46644810984373e-13,1.07985869649759e-12,TRUE
124214,"chr17",31938765,31939939,1175,"*","chr17:31938765-31939939",3226,4057,0.716180531772681,0.783910389418434,FALSE
230347,"chr6",30401337,30402206,870,"*","chr6:30401337-30402206",3226,7575,0.596613146921563,0.672542017440364,FALSE
284755,"chr9",59035457,59037411,1955,"*","chr9:59035457-59037411",3226,9513,0.00768385066584141,0.0138647612158813,TRUE
289893,"chr9",95511370,95512566,1197,"*","chr9:95511370-95512566",3226,9659,0.000468675675669745,0.00106517199015851,TRUE
275602,"chr8",119558262,119559264,1003,"*","chr8:119558262-119559264",3225,9214,7.39405329514796e-18,8.30792505072805e-17,TRUE
125787,"chr17",45885595,45887267,1673,"*","chr17:45885595-45887267",3224,4159,0.0226357879076261,0.0370592467380912,TRUE
76859,"chr13",62908003,62908807,805,"*","chr13:62908003-62908807",3222,2559,0.197436738734808,0.259171355650837,FALSE
45226,"chr11",67921628,67923334,1707,"*","chr11:67921628-67923334",3221,1424,1.74683440220002e-10,9.26211241887601e-10,TRUE
286046,"chr9",64811001,64812054,1054,"*","chr9:64811001-64812054",3221,9559,3.76973341660442e-11,2.14189398670705e-10,TRUE
17603,"chr1",171328849,171330576,1728,"*","chr1:171328849-171330576",3220,495,0.384402401691456,0.464141996729601,FALSE
54584,"chr11",116671213,116671969,757,"*","chr11:116671213-116671969",3220,1924,3.62063358847455e-11,2.05951853724377e-10,TRUE
66219,"chr12",101082925,101084298,1374,"*","chr12:101082925-101084298",3220,2258,0.0794399382944019,0.115431470930546,FALSE
73153,"chr13",41335964,41336832,869,"*","chr13:41335964-41336832",3220,2439,7.25633822500874e-07,2.47825759050845e-06,TRUE
223854,"chr5",125465481,125466222,742,"*","chr5:125465481-125466222",3220,7350,7.42116066811716e-11,4.09104777735235e-10,TRUE
224884,"chr5",134314602,134315537,936,"*","chr5:134314602-134315537",3219,7376,4.23454256035543e-21,6.41597357629611e-20,TRUE
217348,"chr5",77407434,77408452,1019,"*","chr5:77407434-77408452",3218,7120,0.352474295680774,0.431108482975507,FALSE
124729,"chr17",35134750,35136157,1408,"*","chr17:35134750-35136157",3217,4110,0.000175136267653105,0.000429676809747558,TRUE
226779,"chr5",143909430,143910347,918,"*","chr5:143909430-143910347",3217,7480,1.55531977093629e-17,1.70539448567576e-16,TRUE
274482,"chr8",111726240,111727116,877,"*","chr8:111726240-111727116",3217,9183,0.720417949786644,0.788203446156066,FALSE
9819,"chr1",93444639,93446256,1618,"*","chr1:93444639-93446256",3216,276,0.0285694472165111,0.0458873228662241,TRUE
155337,"chr2",32756954,32758020,1067,"*","chr2:32756954-32758020",3215,5168,1,1,FALSE
185661,"chr3",116662138,116663067,930,"*","chr3:116662138-116663067",3215,6093,0.0104301995366196,0.0183050184917859,TRUE
20493,"chr1",191025753,191026730,978,"*","chr1:191025753-191026730",3214,569,2.03838899447095e-06,6.63970356505197e-06,TRUE
67683,"chr12",110485252,110486584,1333,"*","chr12:110485252-110486584",3214,2298,1.87481004927414e-09,8.72004674080995e-09,TRUE
82447,"chr13",112463752,112464898,1147,"*","chr13:112463752-112464898",3214,2705,0.744605170483831,0.810234135455746,FALSE
183221,"chr3",96696279,96697839,1561,"*","chr3:96696279-96697839",3214,6000,2.54338123955356e-05,7.07280656160613e-05,TRUE
31471,"chr10",85184737,85185809,1073,"*","chr10:85184737-85185809",3213,952,2.66637912963631e-12,1.70702889221275e-11,TRUE
15910,"chr1",160792055,160793506,1452,"*","chr1:160792055-160793506",3212,438,0.0108121210292946,0.0189287833145914,TRUE
61646,"chr12",69789631,69791638,2008,"*","chr12:69789631-69791638",3212,2135,0.107902230375351,0.151208282476669,FALSE
183970,"chr3",101513460,101514585,1126,"*","chr3:101513460-101514585",3212,6030,0.0963685544274298,0.136926050621526,FALSE
55241,"chr11",119126223,119127033,811,"*","chr11:119126223-119127033",3211,1946,0.65261042683785,0.725283870679984,FALSE
287399,"chr9",71663400,71664442,1043,"*","chr9:71663400-71664442",3211,9600,0.0564339167967993,0.0849141089328909,FALSE
86861,"chr14",32159390,32160417,1028,"*","chr14:32159390-32160417",3210,2849,0.0958620696173681,0.136245124527243,FALSE
26946,"chr10",54073698,54076378,2681,"*","chr10:54073698-54076378",3209,722,0.0003838687620577,0.000883675787425644,TRUE
146378,"chr19",31082766,31083303,538,"*","chr19:31082766-31083303",3209,4837,2.95498256038203e-05,8.15842783098297e-05,TRUE
30745,"chr10",80929281,80930362,1082,"*","chr10:80929281-80930362",3208,902,1.07309699524969e-11,6.39509532329972e-11,TRUE
165322,"chr2",122233953,122236024,2072,"*","chr2:122233953-122236024",3208,5430,0.00465789501624886,0.00885868203927133,TRUE
247111,"chr7",28570184,28571006,823,"*","chr7:28570184-28571006",3208,8181,0.792113563723732,0.8506374180882,FALSE
252729,"chr7",80802844,80803860,1017,"*","chr7:80802844-80803860",3208,8416,0.0190300276200983,0.0316428793150953,TRUE
218202,"chr5",92042427,92043460,1034,"*","chr5:92042427-92043460",3207,7142,0.0967393940014774,0.137296897532611,FALSE
259119,"chr7",128523302,128524689,1388,"*","chr7:128523302-128524689",3207,8661,0.0151792526742754,0.0257887405271414,TRUE
10777,"chr1",118627674,118628673,1000,"*","chr1:118627674-118628673",3206,301,4.79837935913596e-07,1.68364188039858e-06,TRUE
36947,"chr10",128626214,128627202,989,"*","chr10:128626214-128627202",3206,1119,0.26750377050912,0.338612367733063,FALSE
136911,"chr18",49978864,49980166,1303,"*","chr18:49978864-49980166",3206,4489,4.38939639200794e-09,1.95084284089242e-08,TRUE
259643,"chr7",131362487,131363557,1071,"*","chr7:131362487-131363557",3206,8672,0.0596581322599044,0.0893085812274018,FALSE
144947,"chr19",21778102,21779114,1013,"*","chr19:21778102-21779114",3205,4790,0.170215847508422,0.227439667969564,FALSE
168887,"chr2",148672109,148672990,882,"*","chr2:148672109-148672990",3205,5528,2.31387751520022e-09,1.05946772674003e-08,TRUE
47654,"chr11",79703661,79705135,1475,"*","chr11:79703661-79705135",3204,1587,2.1770883605685e-05,6.09828672428151e-05,TRUE
240323,"chr6",114874069,114875765,1697,"*","chr6:114874069-114875765",3204,7877,0.914343538572328,0.959638474572133,FALSE
27912,"chr10",61679831,61680861,1031,"*","chr10:61679831-61680861",3203,750,0.00309783681968398,0.00611325892336073,TRUE
124479,"chr17",33955378,33956345,968,"*","chr17:33955378-33956345",3203,4084,1.66503453944633e-06,5.46989007702474e-06,TRUE
143264,"chr19",7205773,7206875,1103,"*","chr19:7205773-7206875",3203,4720,9.71336746052093e-05,0.000248550856205756,TRUE
151440,"chr2",5378833,5379609,777,"*","chr2:5378833-5379609",3203,5005,0.211647787142964,0.275153129411029,FALSE
225891,"chr5",139380298,139381042,745,"*","chr5:139380298-139381042",3203,7447,6.62729103569876e-15,5.61634833533793e-14,TRUE
176076,"chr3",27708903,27711658,2756,"*","chr3:27708903-27711658",3202,5773,0.00299902392691504,0.00594101411829445,TRUE
236385,"chr6",86437681,86439240,1560,"*","chr6:86437681-86439240",3202,7775,0.636105084087122,0.710255788395626,FALSE
237344,"chr6",91156649,91157572,924,"*","chr6:91156649-91157572",3202,7817,1,1,FALSE
279822,"chr9",24502712,24503812,1101,"*","chr9:24502712-24503812",3202,9362,2.36436610035549e-06,7.61715882846485e-06,TRUE
50399,"chr11",96285375,96287325,1951,"*","chr11:96285375-96287325",3201,1699,1.0895006644538e-17,1.20253936473929e-16,TRUE
173653,"chr2",174463655,174464574,920,"*","chr2:174463655-174464574",3201,5712,1.34066496492492e-05,3.86358779517267e-05,TRUE
61539,"chr12",69371485,69372907,1423,"*","chr12:69371485-69372907",3200,2131,0.0107215690666646,0.0187834076150396,TRUE
122037,"chr17",17826090,17829166,3077,"*","chr17:17826090-17829166",3200,3928,0.00213066108520201,0.00433237308906467,TRUE
132668,"chr18",10725385,10726831,1447,"*","chr18:10725385-10726831",3200,4358,0.00857966308011489,0.0153372597070341,TRUE
119595,"chr16",96361419,96362254,836,"*","chr16:96361419-96362254",3198,3864,9.41812507178626e-07,3.17108588275632e-06,TRUE
171504,"chr2",164910780,164912686,1907,"*","chr2:164910780-164912686",3197,5646,0.000285100289357877,0.000670824210253827,TRUE
54261,"chr11",115612157,115614022,1866,"*","chr11:115612157-115614022",3196,1896,0.0534824676200477,0.0810094935171883,FALSE
169692,"chr2",154656854,154657423,570,"*","chr2:154656854-154657423",3195,5571,0.274485118265082,0.346222399426188,FALSE
178375,"chr3",52267803,52269186,1384,"*","chr3:52267803-52269186",3195,5830,8.78040936217526e-05,0.000225833574130022,TRUE
216684,"chr5",74092742,74093700,959,"*","chr5:74092742-74093700",3195,7103,0.326438010892956,0.403408317959659,FALSE
193993,"chr4",45408398,45409807,1410,"*","chr4:45408398-45409807",3194,6309,0.000500712300818136,0.00113283325976954,TRUE
139200,"chr18",65025409,65026337,929,"*","chr18:65025409-65026337",3193,4536,0.482098243011267,0.562935827897323,FALSE
194701,"chr4",49559909,49560676,768,"*","chr4:49559909-49560676",3193,6336,0.0250246765042174,0.0406244748445088,TRUE
224126,"chr5",129019615,129020844,1230,"*","chr5:129019615-129020844",3193,7356,2.03546818803872e-07,7.45046920951217e-07,TRUE
246519,"chr7",24399545,24400266,722,"*","chr7:24399545-24400266",3193,8121,4.2724227129065e-06,1.31621155665635e-05,TRUE
255289,"chr7",100931746,100933193,1448,"*","chr7:100931746-100933193",3193,8495,3.86482310044012e-06,1.19876647035984e-05,TRUE
276468,"chr8",122376283,122377572,1290,"*","chr8:122376283-122377572",3193,9238,1.56494691557511e-10,8.35975916439697e-10,TRUE
6402,"chr1",72582942,72583839,898,"*","chr1:72582942-72583839",3192,160,9.68183709799659e-41,7.68399769682269e-39,TRUE
233708,"chr6",54594019,54595716,1698,"*","chr6:54594019-54595716",3192,7672,0.204740212272301,0.267722433515306,FALSE
252310,"chr7",78895585,78896274,690,"*","chr7:78895585-78896274",3192,8390,0.00538937308949514,0.010111394164156,TRUE
122262,"chr17",24251189,24252091,903,"*","chr17:24251189-24252091",3191,3952,3.32798686480436e-08,1.3444327101889e-07,TRUE
148902,"chr19",46988497,46989478,982,"*","chr19:46988497-46989478",3191,4938,0.130549712530436,0.179277276202192,FALSE
203734,"chr4",128609883,128610565,683,"*","chr4:128609883-128610565",3191,6591,0.00133484284911879,0.00280901272962708,TRUE
209424,"chr4",155668875,155669857,983,"*","chr4:155668875-155669857",3191,6874,0.205384673466211,0.268406525700747,FALSE
246988,"chr7",27689096,27689809,714,"*","chr7:27689096-27689809",3191,8168,1.18053718307034e-18,1.40206316279138e-17,TRUE
109666,"chr16",10991908,10993916,2009,"*","chr16:10991908-10993916",3190,3597,2.78744300172414e-05,7.7214487582386e-05,TRUE
109894,"chr16",11908430,11909821,1392,"*","chr16:11908430-11909821",3188,3610,0.0202548499379733,0.0334459212978424,TRUE
246945,"chr7",27490606,27491474,869,"*","chr7:27490606-27491474",3188,8163,0.00853756468077297,0.0152729242947638,TRUE
103973,"chr15",78876991,78878146,1156,"*","chr15:78876991-78878146",3187,3320,3.08670752716955e-12,1.96355440659641e-11,TRUE
165727,"chr2",125624834,125625635,802,"*","chr2:125624834-125625635",3186,5437,8.76982710207287e-07,2.97080863891357e-06,TRUE
27133,"chr10",57486033,57487066,1034,"*","chr10:57486033-57487066",3185,724,0.128699368742781,0.176979329954319,FALSE
43634,"chr11",58103592,58104892,1301,"*","chr11:58103592-58104892",3185,1363,5.16908132470028e-19,6.3346584861523e-18,TRUE
94176,"chr14",102981595,102983582,1988,"*","chr14:102981595-102983582",3185,3060,5.32004414744283e-08,2.08956957872853e-07,TRUE
124523,"chr17",34135397,34136110,714,"*","chr17:34135397-34136110",3184,4092,0.926237432403492,0.971102361505024,FALSE
169631,"chr2",154390118,154391117,1000,"*","chr2:154390118-154391117",3184,5565,2.58493870404263e-06,8.27445167747321e-06,TRUE
194542,"chr4",48042804,48043867,1064,"*","chr4:48042804-48043867",3184,6328,0.0807257067576683,0.117231639206605,FALSE
196904,"chr4",70410102,70410959,858,"*","chr4:70410102-70410959",3184,6374,3.20096988426821e-09,1.44187832624694e-08,TRUE
287864,"chr9",74975550,74976659,1110,"*","chr9:74975550-74976659",3184,9611,9.04629652957123e-09,3.90937620119759e-08,TRUE
194046,"chr4",45521428,45523518,2091,"*","chr4:45521428-45523518",3183,6313,0.0692733824597345,0.10223344518851,FALSE
83984,"chr14",14012369,14013780,1412,"*","chr14:14012369-14013780",3181,2746,1.22092737992747e-06,4.06704656871242e-06,TRUE
175111,"chr3",14611130,14611919,790,"*","chr3:14611130-14611919",3181,5754,1.55917547240641e-08,6.54565689507309e-08,TRUE
252610,"chr7",80339740,80341338,1599,"*","chr7:80339740-80341338",3181,8411,0.0336148047810483,0.0531782950670221,FALSE
283503,"chr9",51008292,51009637,1346,"*","chr9:51008292-51009637",3181,9469,2.81221988733811e-18,3.25488412886356e-17,TRUE
16671,"chr1",165641625,165643528,1904,"*","chr1:165641625-165643528",3180,470,0.745715147215962,0.811265390791951,FALSE
26042,"chr10",42761282,42762691,1410,"*","chr10:42761282-42762691",3180,704,8.38073989261955e-20,1.14179017610621e-18,TRUE
181076,"chr3",82357718,82358645,928,"*","chr3:82357718-82358645",3180,5874,0.392775339973244,0.472540110651159,FALSE
251201,"chr7",70361489,70362351,863,"*","chr7:70361489-70362351",3180,8375,1.67796535287047e-07,6.21929337609513e-07,TRUE
55621,"chr11",120467175,120468008,834,"*","chr11:120467175-120468008",3179,1970,0.0863775741047021,0.124427505192599,FALSE
108285,"chr15",102135984,102136746,763,"*","chr15:102135984-102136746",3179,3528,0.168122843169446,0.22488341782965,FALSE
155953,"chr2",35581408,35583193,1786,"*","chr2:35581408-35583193",3179,5194,0.000224519066799975,0.000538931989438251,TRUE
286032,"chr9",64736409,64738373,1965,"*","chr9:64736409-64738373",3179,9558,0.777464347049281,0.838507708206731,FALSE
297176,"chrX",74269918,74271099,1182,"*","chrX:74269918-74271099",3178,9929,1.66236261996547e-06,5.46470289272017e-06,TRUE
161659,"chr2",90579643,90581292,1650,"*","chr2:90579643-90581292",3177,5311,0.458320296775017,0.539200349147079,FALSE
169312,"chr2",152739048,152740235,1188,"*","chr2:152739048-152740235",3177,5552,0.142270878526405,0.193618506432233,FALSE
187216,"chr3",130729608,130730837,1230,"*","chr3:130729608-130730837",3177,6137,0.582243532929794,0.658646530463567,FALSE
222711,"chr5",120560583,120561566,984,"*","chr5:120560583-120561566",3177,7273,0.461594857466926,0.542414638621535,FALSE
159512,"chr2",70661147,70662189,1043,"*","chr2:70661147-70662189",3176,5267,1.34630286163499e-12,8.99935067937825e-12,TRUE
259572,"chr7",130865711,130866730,1020,"*","chr7:130865711-130866730",3176,8671,0.000216043507993227,0.00052058676624874,TRUE
199535,"chr4",99929347,99930652,1306,"*","chr4:99929347-99930652",3175,6429,3.87913922226955e-09,1.73175858137034e-08,TRUE
254979,"chr7",99483283,99484143,861,"*","chr7:99483283-99484143",3175,8482,0.640683501714315,0.714729475361797,FALSE
270988,"chr8",85299196,85300180,985,"*","chr8:85299196-85300180",3175,9056,0.00546098254692303,0.0102342251628992,TRUE
38553,"chr11",16769261,16770417,1157,"*","chr11:16769261-16770417",3174,1201,0.00371639695174332,0.0072191082978697,TRUE
184529,"chr3",104863947,104865558,1612,"*","chr3:104863947-104865558",3174,6052,0.000172363109802819,0.000423496584282109,TRUE
241317,"chr6",120363383,120364752,1370,"*","chr6:120363383-120364752",3174,7903,6.77451963526946e-06,2.02224466724461e-05,TRUE
260989,"chr7",139212812,139213744,933,"*","chr7:139212812-139213744",3174,8695,0.0133862636545239,0.0230298395122339,TRUE
86022,"chr14",27428585,27429888,1304,"*","chr14:27428585-27429888",3173,2818,0.00586023527372293,0.0108764574493744,TRUE
282353,"chr9",44477879,44480594,2716,"*","chr9:44477879-44480594",3173,9429,0.00233138853253145,0.00470417379445409,TRUE
8060,"chr1",84838704,84840607,1904,"*","chr1:84838704-84840607",3172,223,0.710057341463268,0.77788928731734,FALSE
12547,"chr1",132417373,132418315,943,"*","chr1:132417373-132418315",3172,345,0.00122835906596245,0.00259915164190108,TRUE
105967,"chr15",88863812,88864433,622,"*","chr15:88863812-88864433",3172,3422,6.83897693855879e-31,2.34211538991739e-29,TRUE
183017,"chr3",95674960,95676268,1309,"*","chr3:95674960-95676268",3172,5976,0.000296188597347644,0.000695931854670216,TRUE
219077,"chr5",99978793,99979737,945,"*","chr5:99978793-99979737",3172,7158,2.93161372001438e-25,6.69318200916525e-24,TRUE
220395,"chr5",107868453,107869613,1161,"*","chr5:107868453-107869613",3172,7190,9.87264403749672e-06,2.891811375951e-05,TRUE
226005,"chr5",139791170,139792384,1215,"*","chr5:139791170-139792384",3172,7452,4.13672381448085e-06,1.27834481288036e-05,TRUE
228616,"chr6",7844347,7845577,1231,"*","chr6:7844347-7845577",3172,7535,2.27733968754134e-15,2.03333900673334e-14,TRUE
275409,"chr8",117801645,117802807,1163,"*","chr8:117801645-117802807",3171,9209,1.77995394906399e-07,6.57294663612993e-07,TRUE
154642,"chr2",30132905,30134453,1549,"*","chr2:30132905-30134453",3170,5108,0.755418000282323,0.819503146324933,FALSE
186156,"chr3",122072558,122073748,1191,"*","chr3:122072558-122073748",3170,6109,0.0153220007667419,0.0259871112054645,TRUE
202478,"chr4",119108597,119109559,963,"*","chr4:119108597-119109559",3170,6540,4.26937772282353e-14,3.34590730628803e-13,TRUE
30785,"chr10",81069785,81070445,661,"*","chr10:81069785-81070445",3169,906,1.73328422265463e-09,8.09945898436744e-09,TRUE
170899,"chr2",160872314,160873652,1339,"*","chr2:160872314-160873652",3169,5616,1.10105990222758e-33,4.54983430672554e-32,TRUE
246951,"chr7",27507027,27509043,2017,"*","chr7:27507027-27509043",3169,8164,0.000419470513549383,0.000960326267283385,TRUE
131452,"chr17",87672095,87673253,1159,"*","chr17:87672095-87673253",3168,4329,0.02738867350522,0.0441325709075412,TRUE
169682,"chr2",154613144,154614313,1170,"*","chr2:154613144-154614313",3168,5570,2.40318489251665e-05,6.69783972273314e-05,TRUE
274148,"chr8",109868193,109869450,1258,"*","chr8:109868193-109869450",3168,9166,0.468890200115041,0.549378776669507,FALSE
289120,"chr9",85748520,85750267,1748,"*","chr9:85748520-85750267",3168,9638,0.000143421489446696,0.00035636208899583,TRUE
117946,"chr16",87495472,87496520,1049,"*","chr16:87495472-87496520",3167,3820,0.0132315764959627,0.0227973406201977,TRUE
118447,"chr16",91043674,91045046,1373,"*","chr16:91043674-91045046",3167,3832,0.0321431838196301,0.0510371289609878,FALSE
171610,"chr2",165326189,165327175,987,"*","chr2:165326189-165327175",3167,5648,5.31753362802689e-19,6.50065235700109e-18,TRUE
222901,"chr5",121584004,121584793,790,"*","chr5:121584004-121584793",3167,7286,0.366229593342457,0.445426408832957,FALSE
249729,"chr7",51861418,51862689,1272,"*","chr7:51861418-51862689",3167,8337,0.247736644502011,0.316636815570055,FALSE
17774,"chr1",172311426,172313220,1795,"*","chr1:172311426-172313220",3166,504,0.0215742005266748,0.0354722139537567,TRUE
97098,"chr15",10981507,10982333,827,"*","chr15:10981507-10982333",3166,3117,0.0131370070254506,0.0226500121128459,TRUE
171072,"chr2",162930808,162932355,1548,"*","chr2:162930808-162932355",3166,5619,5.27163470554964e-09,2.32230603768706e-08,TRUE
85129,"chr14",22627281,22628109,829,"*","chr14:22627281-22628109",3165,2785,0.00517881889937364,0.00977135641391252,TRUE
100110,"chr15",43477071,43477951,881,"*","chr15:43477071-43477951",3165,3191,1.06597892660878e-14,8.77406405829993e-14,TRUE
146075,"chr19",29100800,29101784,985,"*","chr19:29100800-29101784",3165,4826,0.679182212204698,0.749980357999888,FALSE
277432,"chr8",126422215,126423462,1248,"*","chr8:126422215-126423462",3165,9277,0.479916307054169,0.560518929051821,FALSE
116182,"chr16",58408128,58409164,1037,"*","chr16:58408128-58409164",3164,3791,4.32543837451215e-13,3.02901846954632e-12,TRUE
169199,"chr2",152226387,152227681,1295,"*","chr2:152226387-152227681",3164,5541,1.04114261501376e-13,7.76972100756539e-13,TRUE
228397,"chr6",5509381,5510356,976,"*","chr6:5509381-5510356",3164,7530,0.00371825614078664,0.00721991483647891,TRUE
18689,"chr1",180255639,180256766,1128,"*","chr1:180255639-180256766",3163,527,0.452311698720986,0.533764100449594,FALSE
143056,"chr19",6334662,6335386,725,"*","chr19:6334662-6335386",3163,4697,2.05174586201004e-05,5.76981401015196e-05,TRUE
215342,"chr5",64344987,64346285,1299,"*","chr5:64344987-64346285",3163,7064,0.0496460402823783,0.0757954813471425,FALSE
64517,"chr12",85288176,85289891,1716,"*","chr12:85288176-85289891",3162,2213,0.00176588779622934,0.00364401113542993,TRUE
262173,"chr7",145235036,145235996,961,"*","chr7:145235036-145235996",3162,8749,0.0147477524594365,0.0251068308808928,TRUE
165906,"chr2",126875453,126876962,1510,"*","chr2:126875453-126876962",3161,5446,3.59287804818372e-07,1.27316727433867e-06,TRUE
258901,"chr7",127243988,127245174,1187,"*","chr7:127243988-127245174",3161,8632,0.000242159906718243,0.000578223272966197,TRUE
246607,"chr7",24904046,24904705,660,"*","chr7:24904046-24904705",3160,8127,0.604330703356976,0.680246176673769,FALSE
34856,"chr10",115362079,115362875,797,"*","chr10:115362079-115362875",3159,1033,5.84121708954155e-29,1.71800502633575e-27,TRUE
144690,"chr19",18670463,18671541,1079,"*","chr19:18670463-18671541",3159,4786,0.153410016533009,0.207121666554572,FALSE
159595,"chr2",71055306,71056363,1058,"*","chr2:71055306-71056363",3159,5269,0.000243721013559193,0.000581673063387095,TRUE
229218,"chr6",17463360,17465428,2069,"*","chr6:17463360-17465428",3159,7546,0.00309819962235922,0.00611325892336073,TRUE
18809,"chr1",180777424,180778827,1404,"*","chr1:180777424-180778827",3158,532,1.3541691525526e-11,8.00336378577185e-11,TRUE
43670,"chr11",58330124,58331303,1180,"*","chr11:58330124-58331303",3158,1368,0.117512680700185,0.162895315636519,FALSE
254028,"chr7",92560996,92562109,1114,"*","chr7:92560996-92562109",3158,8456,1.78686661233272e-44,1.78686661233272e-42,TRUE
74049,"chr13",45389437,45390256,820,"*","chr13:45389437-45390256",3157,2469,1.9667795952523e-07,7.2308073354864e-07,TRUE
285696,"chr9",63602279,63603022,744,"*","chr9:63602279-63603022",3157,9549,1.04390120687859e-13,7.77869751772422e-13,TRUE
31463,"chr10",85127740,85128938,1199,"*","chr10:85127740-85128938",3156,951,8.95546799204251e-09,3.87682597058117e-08,TRUE
68366,"chr12",113013854,113015124,1271,"*","chr12:113013854-113015124",3156,2327,4.23838818724332e-06,1.30733750377647e-05,TRUE
148656,"chr19",46075535,46076351,817,"*","chr19:46075535-46076351",3156,4918,1.91649889368107e-08,7.93910063662416e-08,TRUE
269460,"chr8",72474849,72475693,845,"*","chr8:72474849-72475693",3156,8989,0.740444934585084,0.806760660912055,FALSE
195928,"chr4",59548699,59550091,1393,"*","chr4:59548699-59550091",3154,6355,8.56692410949817e-30,2.67716378421818e-28,TRUE
16414,"chr1",164307144,164308020,877,"*","chr1:164307144-164308020",3153,455,1.24246621701361e-09,5.89405226287291e-09,TRUE
35854,"chr10",121364542,121366453,1912,"*","chr10:121364542-121366453",3153,1056,0.486499428189109,0.567147852866762,FALSE
13451,"chr1",136228060,136229531,1472,"*","chr1:136228060-136229531",3152,381,0.420683445658121,0.501649708631196,FALSE
152373,"chr2",13270999,13271932,934,"*","chr2:13270999-13271932",3152,5020,3.86009259041157e-24,7.62864148302682e-23,TRUE
178132,"chr3",51223780,51225439,1660,"*","chr3:51223780-51225439",3152,5820,0.244677151143661,0.313271135542626,FALSE
203094,"chr4",123750113,123750825,713,"*","chr4:123750113-123750825",3152,6562,6.17789956890802e-31,2.13699972449336e-29,TRUE
245956,"chr7",16272780,16274390,1611,"*","chr7:16272780-16274390",3152,8076,1.50339558145636e-10,8.04815621764645e-10,TRUE
292276,"chr9",110879601,110881286,1686,"*","chr9:110879601-110881286",3152,9796,0.000106486685158379,0.000270408037476838,TRUE
252574,"chr7",80160201,80161611,1411,"*","chr7:80160201-80161611",3150,8403,8.00876387746536e-08,3.0732017948831e-07,TRUE
39568,"chr11",23770380,23771701,1322,"*","chr11:23770380-23771701",3148,1238,0.206984665341117,0.270097841974916,FALSE
148655,"chr19",46056032,46057646,1615,"*","chr19:46056032-46057646",3148,4917,2.4491389711598e-38,1.65482362916203e-36,TRUE
200108,"chr4",103313683,103314606,924,"*","chr4:103313683-103314606",3148,6446,0.642299728016461,0.716372661182758,FALSE
207808,"chr4",148900392,148901798,1407,"*","chr4:148900392-148901798",3148,6797,2.71661334544009e-09,1.23258318758625e-08,TRUE
265082,"chr8",26976557,26977454,898,"*","chr8:26976557-26977454",3148,8838,0.50247301208793,0.583456818495042,FALSE
36934,"chr10",128547477,128548208,732,"*","chr10:128547477-128548208",3147,1114,0.000175899535970266,0.000431337753727969,TRUE
119353,"chr16",95241645,95242918,1274,"*","chr16:95241645-95242918",3147,3854,0.0148503621590526,0.0252729104136361,TRUE
182064,"chr3",88424790,88425604,815,"*","chr3:88424790-88425604",3146,5901,0.885292445629792,0.936571616647197,FALSE
45863,"chr11",70562206,70563272,1067,"*","chr11:70562206-70563272",3145,1486,5.61853129487445e-09,2.46859898720318e-08,TRUE
80629,"chr13",100832903,100833912,1010,"*","chr13:100832903-100833912",3145,2664,3.37694318795816e-07,1.19919857526923e-06,TRUE
94209,"chr14",103346372,103347312,941,"*","chr14:103346372-103347312",3145,3063,0.0172949448910765,0.0290086294717821,TRUE
83453,"chr14",8331416,8332148,733,"*","chr14:8331416-8332148",3144,2739,3.18263394276036e-06,1.00002839556446e-05,TRUE
74321,"chr13",46726751,46728730,1980,"*","chr13:46726751-46728730",3143,2473,0.0689765341267849,0.101915682811443,FALSE
147172,"chr19",37206777,37208354,1578,"*","chr19:37206777-37208354",3143,4857,0.487352630143503,0.568010058442311,FALSE
193310,"chr4",40269550,40270222,673,"*","chr4:40269550-40270222",3143,6259,0.114404719484293,0.159072190606637,FALSE
247057,"chr7",28338386,28339246,861,"*","chr7:28338386-28339246",3143,8173,0.000548586152832174,0.00123056561873525,TRUE
253236,"chr7",83631445,83633237,1793,"*","chr7:83631445-83633237",3143,8426,4.16277811860832e-22,6.82422642394807e-21,TRUE
282341,"chr9",44406946,44408008,1063,"*","chr9:44406946-44408008",3143,9427,4.64346039380189e-06,1.42350104040524e-05,TRUE
294775,"chrX",7648704,7649518,815,"*","chrX:7648704-7649518",3143,9873,0.0032633156506793,0.00640116840070478,TRUE
34456,"chr10",110953037,110953724,688,"*","chr10:110953037-110953724",3142,1020,0.000177876588484826,0.000435972030600065,TRUE
52314,"chr11",105180689,105182458,1770,"*","chr11:105180689-105182458",3142,1836,6.20766591681118e-32,2.29913552474488e-30,TRUE
111012,"chr16",20716038,20717097,1060,"*","chr16:20716038-20717097",3142,3668,0.902459328105964,0.950151662640895,FALSE
193590,"chr4",41760234,41760908,675,"*","chr4:41760234-41760908",3142,6280,6.6267887359124e-06,1.98406848380611e-05,TRUE
204516,"chr4",132065931,132067133,1203,"*","chr4:132065931-132067133",3142,6625,0.14300247482346,0.194455364187462,FALSE
237161,"chr6",90450375,90451863,1489,"*","chr6:90450375-90451863",3141,7805,0.860668687714716,0.914243347901759,FALSE
271405,"chr8",88198903,88200404,1502,"*","chr8:88198903-88200404",3140,9064,1.67692729071204e-25,3.88177613590751e-24,TRUE
299982,"chrX",160137502,160139060,1559,"*","chrX:160137502-160139060",3140,9987,0.120598857895136,0.166846915260352,FALSE
66478,"chr12",102757409,102758426,1018,"*","chr12:102757409-102758426",3139,2269,1.0308421164959e-11,6.15060928696836e-11,TRUE
104745,"chr15",82015505,82016870,1366,"*","chr15:82015505-82016870",3139,3375,0.0778383059884478,0.1133017554417,FALSE
155492,"chr2",33370668,33371894,1227,"*","chr2:33370668-33371894",3139,5177,2.56174488112686e-14,2.02990878060766e-13,TRUE
202072,"chr4",117136006,117136687,682,"*","chr4:117136006-117136687",3139,6520,0.00537811729036264,0.0100940639834134,TRUE
259008,"chr7",127875507,127877245,1739,"*","chr7:127875507-127877245",3139,8652,0.00154510415919988,0.0032149483129419,TRUE
31720,"chr10",86498248,86499313,1066,"*","chr10:86498248-86499313",3138,965,3.01891809584706e-20,4.28823593160094e-19,TRUE
89097,"chr14",55681386,55682388,1003,"*","chr14:55681386-55682388",3138,2931,0.741983286568155,0.808162321948814,FALSE
126209,"chr17",47628982,47630492,1511,"*","chr17:47628982-47630492",3138,4189,0.00683437361422664,0.0124897178622563,TRUE
203494,"chr4",126262137,126262690,554,"*","chr4:126262137-126262690",3138,6582,0.575523341625981,0.651929476241482,FALSE
23445,"chr10",20045836,20046714,879,"*","chr10:20045836-20046714",3137,638,0.00904246124950807,0.0160669176430492,TRUE
198276,"chr4",86856958,86857870,913,"*","chr4:86856958-86857870",3137,6396,0.306350623715649,0.381507626046886,FALSE
264106,"chr8",19784585,19785200,616,"*","chr8:19784585-19785200",3137,8808,4.66423587219512e-15,4.02089299327165e-14,TRUE
16919,"chr1",167349838,167350745,908,"*","chr1:167349838-167350745",3136,474,0.00223447470940778,0.00452573612856681,TRUE
241883,"chr6",125039414,125040171,758,"*","chr6:125039414-125040171",3136,7939,0.0955440200293906,0.135908990084482,FALSE
207621,"chr4",148139971,148141173,1203,"*","chr4:148139971-148141173",3135,6786,1.70761821651723e-13,1.24643665439214e-12,TRUE
274329,"chr8",111033645,111034408,764,"*","chr8:111033645-111034408",3135,9171,0.159660617102523,0.214828602129337,FALSE
277007,"chr8",124721825,124722699,875,"*","chr8:124721825-124722699",3135,9267,0.00054259565740606,0.00121876832301451,TRUE
20783,"chr1",192137797,192138923,1127,"*","chr1:192137797-192138923",3134,585,0.000909696411773054,0.00197068571356724,TRUE
211405,"chr5",25099612,25101700,2089,"*","chr5:25099612-25101700",3134,6940,1.17985069267503e-11,7.00623926766644e-11,TRUE
225457,"chr5",136953061,136953754,694,"*","chr5:136953061-136953754",3134,7407,0.00570213901984328,0.0106303859430337,TRUE
76261,"chr13",58066193,58068297,2105,"*","chr13:58066193-58068297",3133,2540,0.798810097828819,0.85746038839504,FALSE
247970,"chr7",35396471,35397377,907,"*","chr7:35396471-35397377",3133,8238,8.19195871398911e-12,4.94086774064482e-11,TRUE
105964,"chr15",88854241,88855043,803,"*","chr15:88854241-88855043",3132,3420,6.69026683746634e-10,3.31858474080672e-09,TRUE
176740,"chr3",32510257,32511405,1149,"*","chr3:32510257-32511405",3132,5787,1.9971377970481e-14,1.60283932347359e-13,TRUE
176743,"chr3",32529332,32530019,688,"*","chr3:32529332-32530019",3132,5788,3.05634102332785e-06,9.65973774755958e-06,TRUE
232429,"chr6",48593429,48594956,1528,"*","chr6:48593429-48594956",3132,7641,0.00783653254636737,0.0141097093020658,TRUE
58849,"chr12",31499200,31500419,1220,"*","chr12:31499200-31500419",3131,2071,3.79475816273431e-40,2.75675573186302e-38,TRUE
220513,"chr5",109556847,109559158,2312,"*","chr5:109556847-109559158",3131,7204,1.44119963931141e-27,3.85347497142087e-26,TRUE
224883,"chr5",134313407,134314262,856,"*","chr5:134313407-134314262",3131,7375,1.06597707019697e-31,3.89042726349259e-30,TRUE
30345,"chr10",78574266,78575344,1079,"*","chr10:78574266-78575344",3130,840,0.276253840639651,0.347751561731686,FALSE
63230,"chr12",79171771,79173101,1331,"*","chr12:79171771-79173101",3128,2173,2.8509138682447e-28,8.00818502315926e-27,TRUE
110989,"chr16",20548223,20548963,741,"*","chr16:20548223-20548963",3128,3665,7.14304364552138e-10,3.51682553775903e-09,TRUE
257329,"chr7",116503902,116504871,970,"*","chr7:116503902-116504871",3128,8564,0.814785449888428,0.872361295383756,FALSE
300346,"chrX",164419483,164420140,658,"*","chrX:164419483-164420140",3128,9996,4.46939569265662e-20,6.25965783285241e-19,TRUE
50186,"chr11",95336456,95337902,1447,"*","chr11:95336456-95337902",3127,1690,0.139192634651944,0.189953453186338,FALSE
45907,"chr11",70699990,70701153,1164,"*","chr11:70699990-70701153",3125,1491,5.73059096777281e-08,2.24201524560752e-07,TRUE
131261,"chr17",86962388,86963881,1494,"*","chr17:86962388-86963881",3125,4320,1.86259523111348e-10,9.82381451009218e-10,TRUE
142811,"chr19",5295137,5295973,837,"*","chr19:5295137-5295973",3125,4656,0.000232480654597114,0.000556173814825632,TRUE
142562,"chr19",4125822,4126321,500,"*","chr19:4125822-4126321",3124,4626,5.93316775766084e-12,3.6715147015228e-11,TRUE
143485,"chr19",8722918,8723739,822,"*","chr19:8722918-8723739",3124,4731,7.53460796909308e-09,3.2787676105714e-08,TRUE
151139,"chr2",3712397,3714330,1934,"*","chr2:3712397-3714330",3124,4997,5.0120148517337e-10,2.5390146158732e-09,TRUE
48159,"chr11",82869757,82871621,1865,"*","chr11:82869757-82871621",3123,1604,2.41147014255488e-09,1.10112791897483e-08,TRUE
168325,"chr2",144555551,144556618,1068,"*","chr2:144555551-144556618",3123,5520,0.212250964013717,0.275793872159196,FALSE
284483,"chr9",57764236,57766341,2106,"*","chr9:57764236-57766341",3123,9508,3.31966437405075e-06,1.03869348374554e-05,TRUE
243125,"chr6",134928190,134929173,984,"*","chr6:134928190-134929173",3122,7978,0.398036811866471,0.477720609537291,FALSE
26170,"chr10",43478033,43480311,2279,"*","chr10:43478033-43480311",3121,706,0.752335479511969,0.817045481659393,FALSE
223466,"chr5",123906749,123907749,1001,"*","chr5:123906749-123907749",3121,7326,5.85461518997735e-17,6.11128934235632e-16,TRUE
279569,"chr9",22225256,22226319,1064,"*","chr9:22225256-22226319",3121,9357,1.89524121329113e-05,5.35076570663786e-05,TRUE
93874,"chr14",100284140,100286719,2580,"*","chr14:100284140-100286719",3120,3053,1.58536141089438e-15,1.43083159828013e-14,TRUE
244232,"chr6",142507365,142508444,1080,"*","chr6:142507365-142508444",3120,7996,0.0507498555644765,0.0773390057367822,FALSE
4961,"chr1",59236954,59238406,1453,"*","chr1:59236954-59238406",3119,130,4.36949418421041e-11,2.46585450576208e-10,TRUE
29597,"chr10",75211817,75212708,892,"*","chr10:75211817-75212708",3119,796,2.89771291012391e-26,7.03328376243668e-25,TRUE
95652,"chr14",121378358,121380274,1917,"*","chr14:121378358-121380274",3119,3084,0.0524146347893465,0.0795124920954893,FALSE
125947,"chr17",46552940,46553628,689,"*","chr17:46552940-46553628",3119,4170,0.207002986089576,0.270097841974916,FALSE
42305,"chr11",50130779,50131971,1193,"*","chr11:50130779-50131971",3118,1299,0.293490578694643,0.367138577301279,FALSE
279371,"chr9",21287751,21288501,751,"*","chr9:21287751-21288501",3118,9333,0.600495605319827,0.676233789774579,FALSE
96116,"chr15",3581673,3583882,2210,"*","chr15:3581673-3583882",3117,3099,0.666173403119703,0.738060495368606,FALSE
170575,"chr2",158794136,158795209,1074,"*","chr2:158794136-158795209",3117,5611,5.71902470662012e-25,1.25969707194276e-23,TRUE
225654,"chr5",138088363,138089813,1451,"*","chr5:138088363-138089813",3117,7427,0.0503554824457189,0.0768082404602179,FALSE
248733,"chr7",44548615,44549272,658,"*","chr7:44548615-44549272",3117,8271,0.181588352862514,0.24121725938166,FALSE
212074,"chr5",31697111,31698905,1795,"*","chr5:31697111-31698905",3116,6974,0.0117631718593805,0.0204790596437683,TRUE
155246,"chr2",32524576,32525330,755,"*","chr2:32524576-32525330",3115,5161,4.5411864577289e-07,1.59676035785123e-06,TRUE
194936,"chr4",53439894,53441105,1212,"*","chr4:53439894-53441105",3115,6341,0.112825218750604,0.157080508251518,FALSE
214885,"chr5",53998146,53999659,1514,"*","chr5:53998146-53999659",3115,7058,0.146771393396517,0.198985077815235,FALSE
282442,"chr9",44802949,44803557,609,"*","chr9:44802949-44803557",3115,9437,0.0286738152013358,0.0460401657054204,TRUE
117201,"chr16",77013137,77014620,1484,"*","chr16:77013137-77014620",3114,3805,4.62826325346297e-15,4.00515111091762e-14,TRUE
237974,"chr6",94390557,94391700,1144,"*","chr6:94390557-94391700",3114,7833,0.0407798747052428,0.0632834802998801,FALSE
246943,"chr7",27481557,27482096,540,"*","chr7:27481557-27482096",3114,8161,5.23587622257211e-56,1.53996359487415e-53,TRUE
193677,"chr4",43394344,43395183,840,"*","chr4:43394344-43395183",3113,6290,0.0161662459149966,0.0272434208206885,TRUE
28104,"chr10",62578083,62578902,820,"*","chr10:62578083-62578902",3111,756,0.53392668931838,0.613265678376376,FALSE
37104,"chr11",3451858,3453165,1308,"*","chr11:3451858-3453165",3111,1137,5.18328112229861e-05,0.000137633593263372,TRUE
60834,"chr12",54656171,54657029,859,"*","chr12:54656171-54657029",3111,2105,2.54116497667887e-10,1.31803162690813e-09,TRUE
142852,"chr19",5510372,5511254,883,"*","chr19:5510372-5511254",3111,4664,5.70503978234464e-07,1.98091659109189e-06,TRUE
158940,"chr2",66255975,66257338,1364,"*","chr2:66255975-66257338",3111,5255,3.49725713967859e-11,1.99387522216567e-10,TRUE
279323,"chr9",21130932,21131800,869,"*","chr9:21130932-21131800",3111,9329,1.31446686361282e-30,4.29564334513994e-29,TRUE
25969,"chr10",42276132,42277130,999,"*","chr10:42276132-42277130",3110,700,1.46551391299788e-26,3.64555699750715e-25,TRUE
214801,"chr5",53589140,53590022,883,"*","chr5:53589140-53590022",3110,7055,0.021130816016438,0.0348118880007215,TRUE
223227,"chr5",122820916,122821949,1034,"*","chr5:122820916-122821949",3110,7304,2.08189540576306e-07,7.60370856743266e-07,TRUE
223665,"chr5",124862233,124863803,1571,"*","chr5:124862233-124863803",3110,7340,8.89410026773562e-35,4.04277284897074e-33,TRUE
43572,"chr11",57800567,57802601,2035,"*","chr11:57800567-57802601",3109,1360,9.98704109832068e-11,5.41009810309896e-10,TRUE
154147,"chr2",27758284,27759326,1043,"*","chr2:27758284-27759326",3109,5092,8.72173690680592e-08,3.34166165011721e-07,TRUE
176526,"chr3",30995428,30996342,915,"*","chr3:30995428-30996342",3109,5783,0.247871587035661,0.316647402958177,FALSE
209451,"chr4",155812046,155812792,747,"*","chr4:155812046-155812792",3109,6880,7.54835711859196e-12,4.58587917289913e-11,TRUE
210903,"chr5",21645288,21646371,1084,"*","chr5:21645288-21646371",3109,6921,0.00769867569941185,0.0138865001793143,TRUE
247468,"chr7",30279849,30281347,1499,"*","chr7:30279849-30281347",3109,8209,0.0413283394244687,0.0640352330716899,FALSE
293634,"chr9",119088054,119089012,959,"*","chr9:119088054-119089012",3109,9818,3.30210995946693e-16,3.13293165034813e-15,TRUE
30802,"chr10",81167654,81168468,815,"*","chr10:81167654-81168468",3108,910,1.51180094619188e-40,1.16292380476298e-38,TRUE
99544,"chr15",38078152,38079378,1227,"*","chr15:38078152-38079378",3108,3175,1.51410348486672e-20,2.21360158606246e-19,TRUE
101352,"chr15",59080321,59082730,2410,"*","chr15:59080321-59082730",3108,3222,0.10658574925237,0.149867476451588,FALSE
52735,"chr11",107012415,107013186,772,"*","chr11:107012415-107013186",3107,1856,4.6600660097437e-05,0.000124800910812633,TRUE
204020,"chr4",129640304,129641507,1204,"*","chr4:129640304-129641507",3107,6607,0.492775213810449,0.573527949034508,FALSE
204028,"chr4",129683807,129685054,1248,"*","chr4:129683807-129685054",3107,6609,0.653038992696479,0.725437672402221,FALSE
244393,"chr6",143152323,143153007,685,"*","chr6:143152323-143153007",3107,8000,0.635866686686569,0.710148187052233,FALSE
290209,"chr9",97110710,97112043,1334,"*","chr9:97110710-97112043",3107,9676,0.00442192467604009,0.00843878754969483,TRUE
49090,"chr11",88047275,88048706,1432,"*","chr11:88047275-88048706",3106,1652,2.02812125871382e-05,5.70658767223922e-05,TRUE
67958,"chr12",111513836,111515337,1502,"*","chr12:111513836-111515337",3106,2310,0.0295637892974371,0.0473626871154071,TRUE
108815,"chr16",4594140,4595287,1148,"*","chr16:4594140-4595287",3106,3564,4.08087358017183e-50,6.18314178813913e-48,TRUE
115859,"chr16",56029264,56030171,908,"*","chr16:56029264-56030171",3106,3784,0.00268992113709994,0.0053755418407273,TRUE
152850,"chr2",18392207,18393214,1008,"*","chr2:18392207-18393214",3106,5031,1.35686719119098e-06,4.50188185531181e-06,TRUE
182188,"chr3",89101703,89102446,744,"*","chr3:89101703-89102446",3106,5915,2.55257031306608e-14,2.02584945481435e-13,TRUE
240634,"chr6",116337800,116338674,875,"*","chr6:116337800-116338674",3106,7889,3.20208502837868e-05,8.79210606364271e-05,TRUE
6450,"chr1",72870310,72871552,1243,"*","chr1:72870310-72871552",3105,161,0.0812741159574363,0.117865503342635,FALSE
60898,"chr12",55079970,55080845,876,"*","chr12:55079970-55080845",3105,2110,0.728596877634082,0.795799212004345,FALSE
195633,"chr4",57915351,57917158,1808,"*","chr4:57915351-57917158",3104,6350,4.70347384810612e-07,1.65150064891367e-06,TRUE
11090,"chr1",120073672,120074851,1180,"*","chr1:120073672-120074851",3103,312,0.281269990384128,0.353480386920963,FALSE
221636,"chr5",114968698,114969657,960,"*","chr5:114968698-114969657",3103,7239,0.0410359062486237,0.0636215600753856,FALSE
262617,"chr8",8660931,8662302,1372,"*","chr8:8660931-8662302",3103,8769,5.22343568813632e-13,3.62738589453911e-12,TRUE
264882,"chr8",25784946,25785870,925,"*","chr8:25784946-25785870",3103,8832,5.96511311838803e-05,0.000156564648776589,TRUE
271153,"chr8",86623744,86624933,1190,"*","chr8:86623744-86624933",3103,9060,0.015500418447613,0.0262363210013761,TRUE
67044,"chr12",106009935,106010743,809,"*","chr12:106009935-106010743",3102,2285,1.8891388462507e-47,2.14674868892125e-45,TRUE
35267,"chr10",117710104,117711210,1107,"*","chr10:117710104-117711210",3101,1046,1.42966773979145e-14,1.16044459398656e-13,TRUE
147339,"chr19",38054354,38055339,986,"*","chr19:38054354-38055339",3101,4864,0.0276372662202474,0.0444901259179771,TRUE
237252,"chr6",90735799,90737969,2171,"*","chr6:90735799-90737969",3101,7814,9.73046590929944e-06,2.85350906431069e-05,TRUE
265517,"chr8",33672910,33673825,916,"*","chr8:33672910-33673825",3101,8850,0.167846058633984,0.224753693939454,FALSE
35285,"chr10",117792253,117793280,1028,"*","chr10:117792253-117793280",3100,1048,4.38538919526856e-09,1.95079590536857e-08,TRUE
183745,"chr3",100488391,100489840,1450,"*","chr3:100488391-100489840",3100,6023,2.84898718397958e-07,1.0240787864772e-06,TRUE
299595,"chrX",151520345,151521469,1125,"*","chrX:151520345-151521469",3099,9977,0.0057587779874968,0.0107159992324094,TRUE
185082,"chr3",108210224,108211276,1053,"*","chr3:108210224-108211276",3098,6069,1.25535123658125e-05,3.63238205029296e-05,TRUE
21918,"chr10",7662606,7664092,1487,"*","chr10:7662606-7664092",3097,603,0.00184346348360091,0.00379001538569266,TRUE
174375,"chr2",181519974,181521162,1189,"*","chr2:181519974-181521162",3097,5733,0.221809285978897,0.28694603619521,FALSE
204904,"chr4",133659570,133661522,1953,"*","chr4:133659570-133661522",3097,6660,4.36438923668287e-05,0.000117196273809959,TRUE
250727,"chr7",67372628,67373800,1173,"*","chr7:67372628-67373800",3097,8364,0.870913182011094,0.923829683354887,FALSE
39875,"chr11",29547511,29548601,1091,"*","chr11:29547511-29548601",3096,1244,3.24870626212419e-10,1.66942767837831e-09,TRUE
115392,"chr16",50431277,50432799,1523,"*","chr16:50431277-50432799",3096,3775,0.000185667311222072,0.000452847100541639,TRUE
212319,"chr5",33018336,33019558,1223,"*","chr5:33018336-33019558",3096,6982,3.81582332424186e-25,8.51746277732559e-24,TRUE
276253,"chr8",121585216,121585970,755,"*","chr8:121585216-121585970",3096,9233,0.75905268146073,0.822375602882698,FALSE
297649,"chrX",94366780,94367438,659,"*","chrX:94366780-94367438",3096,9944,9.9809242442728e-10,4.81704838044054e-09,TRUE
106038,"chr15",89314547,89315885,1339,"*","chr15:89314547-89315885",3095,3435,0.395755062049525,0.475324359896139,FALSE
142456,"chr19",3707760,3708880,1121,"*","chr19:3707760-3708880",3095,4614,0.0908994310683111,0.13026573669864,FALSE
245589,"chr7",4658457,4659713,1257,"*","chr7:4658457-4659713",3095,8035,0.000410916197601039,0.00094246834312165,TRUE
292238,"chr9",110732117,110733349,1233,"*","chr9:110732117-110733349",3095,9792,0.000414349285252944,0.000949906660368969,TRUE
206361,"chr4",139192507,139193266,760,"*","chr4:139192507-139193266",3094,6734,2.07301771958646e-34,8.93542120511405e-33,TRUE
251259,"chr7",70624178,70625985,1808,"*","chr7:70624178-70625985",3094,8376,0.520735521430592,0.601033611992835,FALSE
55583,"chr11",120304486,120305733,1248,"*","chr11:120304486-120305733",3093,1964,2.1498414465968e-17,2.34187521415774e-16,TRUE
123444,"chr17",29031734,29033150,1417,"*","chr17:29031734-29033150",3093,4033,4.73403974978744e-15,4.06350340842237e-14,TRUE
214700,"chr5",53196467,53197162,696,"*","chr5:53196467-53197162",3093,7052,1.17441243819525e-07,4.44853196286078e-07,TRUE
237409,"chr6",91515389,91516367,979,"*","chr6:91515389-91516367",3093,7819,0.00642692762568078,0.0118403235550493,TRUE
87784,"chr14",45329305,45330362,1058,"*","chr14:45329305-45330362",3092,2865,0.000820585510125227,0.00179088937172682,TRUE
27207,"chr10",58446451,58447526,1076,"*","chr10:58446451-58447526",3091,728,9.94091749080827e-08,3.79134915744023e-07,TRUE
131035,"chr17",86166382,86168230,1849,"*","chr17:86166382-86168230",3091,4316,0.00352539997625824,0.00687680748903455,TRUE
255807,"chr7",107594447,107595581,1135,"*","chr7:107594447-107595581",3091,8519,0.773765111097152,0.835599472027162,FALSE
122161,"chr17",23673525,23674230,706,"*","chr17:23673525-23674230",3090,3941,6.1141560824648e-13,4.19928302367088e-12,TRUE
201979,"chr4",116626638,116628338,1701,"*","chr4:116626638-116628338",3090,6509,0.0198936874641689,0.0329147707878374,TRUE
274425,"chr8",111521706,111522601,896,"*","chr8:111521706-111522601",3090,9178,0.00651903318293481,0.0119747119451411,TRUE
284399,"chr9",57520595,57522038,1444,"*","chr9:57520595-57522038",3090,9503,2.53767178252402e-06,8.13356340552571e-06,TRUE
291821,"chr9",108049029,108049606,578,"*","chr9:108049029-108049606",3090,9750,0.453909525957151,0.535305772865464,FALSE
81237,"chr13",104178057,104179343,1287,"*","chr13:104178057-104179343",3089,2675,0.00370686293466766,0.00720338696981667,TRUE
42574,"chr11",51619350,51620066,717,"*","chr11:51619350-51620066",3088,1316,0.000339200496356528,0.000789205435915607,TRUE
196920,"chr4",70534576,70535630,1055,"*","chr4:70534576-70535630",3088,6375,0.0699898198287978,0.103167342393475,FALSE
204969,"chr4",133967264,133969022,1759,"*","chr4:133967264-133969022",3088,6667,3.99193910850105e-10,2.03670362678625e-09,TRUE
215482,"chr5",64861079,64862759,1681,"*","chr5:64861079-64862759",3087,7070,0.902834207376703,0.950151662640895,FALSE
256712,"chr7",112831094,112832320,1227,"*","chr7:112831094-112832320",3087,8548,5.64892505553629e-07,1.96552715919843e-06,TRUE
272253,"chr8",93197606,93198716,1111,"*","chr8:93197606-93198716",3087,9086,0.605044825054639,0.680743502536723,FALSE
79132,"chr13",92530325,92531447,1123,"*","chr13:92530325-92531447",3086,2624,0.0700178009316771,0.103167342393475,FALSE
227602,"chr5",148928496,148929375,880,"*","chr5:148928496-148929375",3086,7509,5.49422155973368e-11,3.07283084996291e-10,TRUE
241797,"chr6",124693397,124695196,1800,"*","chr6:124693397-124695196",3086,7923,6.00948666731419e-05,0.000157646554756406,TRUE
124519,"chr17",34122042,34123030,989,"*","chr17:34122042-34123030",3085,4091,7.07672993319638e-46,7.69209775347433e-44,TRUE
186218,"chr3",122292795,122294433,1639,"*","chr3:122292795-122294433",3085,6115,0.0280360865956524,0.045074094205229,TRUE
238926,"chr6",100286640,100288263,1624,"*","chr6:100286640-100288263",3085,7847,6.97341991941577e-31,2.37191153721625e-29,TRUE
84638,"chr14",20347696,20348724,1029,"*","chr14:20347696-20348724",3084,2764,1.02073250632967e-05,2.98285361288624e-05,TRUE
134953,"chr18",34751155,34752035,881,"*","chr18:34751155-34752035",3083,4413,0.785791087836387,0.845664106582422,FALSE
73236,"chr13",41689079,41690427,1349,"*","chr13:41689079-41690427",3082,2446,1,1,FALSE
208330,"chr4",150582166,150584379,2214,"*","chr4:150582166-150584379",3082,6823,0.0348683124041653,0.0549107281955359,FALSE
284288,"chr9",56927326,56928819,1494,"*","chr9:56927326-56928819",3081,9493,7.36962765045961e-13,5.04078498663448e-12,TRUE
20248,"chr1",189687951,189688669,719,"*","chr1:189687951-189688669",3080,566,1.37440436037379e-18,1.62075985893136e-17,TRUE
155103,"chr2",31974016,31974783,768,"*","chr2:31974016-31974783",3080,5144,1.83437489059362e-05,5.18771179466522e-05,TRUE
168323,"chr2",144544769,144546426,1658,"*","chr2:144544769-144546426",3080,5519,0.000273818220508963,0.000646102455188681,TRUE
188991,"chr3",144718892,144720925,2034,"*","chr3:144718892-144720925",3080,6170,5.2773144338229e-08,2.07604816436778e-07,TRUE
89460,"chr14",58070209,58072535,2327,"*","chr14:58070209-58072535",3079,2952,0.284680977430586,0.357190686863972,FALSE
10014,"chr1",97769579,97770857,1279,"*","chr1:97769579-97770857",3078,286,7.29620302131995e-35,3.34688211987154e-33,TRUE
218762,"chr5",97111336,97112188,853,"*","chr5:97111336-97112188",3077,7156,1.53954102418164e-18,1.80697303307704e-17,TRUE
223115,"chr5",122420653,122422959,2307,"*","chr5:122420653-122422959",3077,7299,0.861995621795851,0.915458391881744,FALSE
285615,"chr9",63108717,63109843,1127,"*","chr9:63108717-63109843",3077,9543,0.852135179236584,0.906719705508176,FALSE
30931,"chr10",81605934,81606646,713,"*","chr10:81605934-81606646",3076,934,0.055719752017076,0.084016513897883,FALSE
122304,"chr17",24478417,24479478,1062,"*","chr17:24478417-24479478",3076,3959,4.36767261932382e-08,1.73872317648241e-07,TRUE
150425,"chr19",57360551,57362013,1463,"*","chr19:57360551-57362013",3076,4970,0.00017396547138268,0.000427013920919687,TRUE
23636,"chr10",20952162,20953042,881,"*","chr10:20952162-20953042",3075,642,1.34054393374285e-20,1.97138813785713e-19,TRUE
175669,"chr3",21986373,21987465,1093,"*","chr3:21986373-21987465",3075,5766,0.491114171290936,0.571860935364387,FALSE
182049,"chr3",88335856,88336919,1064,"*","chr3:88335856-88336919",3075,5899,0.0113981751740021,0.0199268796748288,TRUE
235935,"chr6",83794564,83795640,1077,"*","chr6:83794564-83795640",3075,7752,3.47387696490525e-05,9.48628335583084e-05,TRUE
294551,"chr9",123717424,123718147,724,"*","chr9:123717424-123718147",3075,9858,4.71372831890747e-05,0.000126035516548328,TRUE
113112,"chr16",33062151,33063081,931,"*","chr16:33062151-33063081",3074,3727,0.0146433534501669,0.0249630982784979,TRUE
103489,"chr15",76671344,76672050,707,"*","chr15:76671344-76672050",3073,3296,6.54621474370787e-11,3.62470362331554e-10,TRUE
25509,"chr10",39898893,39899610,718,"*","chr10:39898893-39899610",3072,674,0.0498125239685435,0.0760032407210001,FALSE
74891,"chr13",51099782,51101802,2021,"*","chr13:51099782-51101802",3072,2492,0.0133914462569266,0.0230298395122339,TRUE
97957,"chr15",25932985,25934336,1352,"*","chr15:25932985-25934336",3072,3136,0.789552942505871,0.848434281652559,FALSE
192346,"chr4",24896915,24898632,1718,"*","chr4:24896915-24898632",3072,6236,0.0135167089957755,0.0232245859033943,TRUE
193853,"chr4",44233925,44234776,852,"*","chr4:44233925-44234776",3072,6303,4.44681862595099e-23,7.96920900708063e-22,TRUE
220464,"chr5",108460942,108462115,1174,"*","chr5:108460942-108462115",3072,7198,0.00274182522870477,0.0054705212065139,TRUE
262797,"chr8",9976180,9976807,628,"*","chr8:9976180-9976807",3072,8771,0.132010005229882,0.180984377885772,FALSE
290921,"chr9",102724082,102724661,580,"*","chr9:102724082-102724661",3072,9696,0.024935123206519,0.040505398321181,TRUE
55108,"chr11",118418709,118419684,976,"*","chr11:118418709-118419684",3071,1941,0.00958836128036421,0.0169345836813215,TRUE
31665,"chr10",86339473,86340572,1100,"*","chr10:86339473-86340572",3070,964,0.00849274899931534,0.0152036322937976,TRUE
38616,"chr11",17158931,17159832,902,"*","chr11:17158931-17159832",3070,1206,7.73221058206006e-09,3.35890989663773e-08,TRUE
183333,"chr3",97227348,97228563,1216,"*","chr3:97227348-97228563",3070,6007,2.54605366627696e-25,5.86648310202065e-24,TRUE
213243,"chr5",37650490,37651472,983,"*","chr5:37650490-37651472",3070,7024,0.0403678307037037,0.062682966931217,FALSE
185089,"chr3",108256552,108257497,946,"*","chr3:108256552-108257497",3069,6071,1.99524161000252e-10,1.04902292849764e-09,TRUE
204038,"chr4",129742107,129743199,1093,"*","chr4:129742107-129743199",3069,6610,8.8917678451577e-11,4.84301080890942e-10,TRUE
264243,"chr8",22593295,22594397,1103,"*","chr8:22593295-22594397",3069,8815,7.34878386426598e-06,2.18453741506123e-05,TRUE
166555,"chr2",130273939,130275016,1078,"*","chr2:130273939-130275016",3068,5478,5.35656751497758e-05,0.000141858249866991,TRUE
192054,"chr4",19574743,19575869,1127,"*","chr4:19574743-19575869",3068,6230,0.190369088000757,0.251080305988864,FALSE
66826,"chr12",104896700,104897901,1202,"*","chr12:104896700-104897901",3066,2280,0.09374288785714,0.133880159750271,FALSE
201766,"chr4",115088728,115089380,653,"*","chr4:115088728-115089380",3066,6493,0.00559875650383447,0.0104532421654863,TRUE
268800,"chr8",68793703,68794866,1164,"*","chr8:68793703-68794866",3066,8916,5.33719224337581e-21,8.01380216723095e-20,TRUE
247906,"chr7",35118200,35119625,1426,"*","chr7:35118200-35119625",3065,8232,0.010351292786807,0.0181792988879646,TRUE
88623,"chr14",51884551,51885248,698,"*","chr14:51884551-51885248",3064,2896,4.00513372839673e-12,2.51578751783714e-11,TRUE
131398,"chr17",87445942,87447670,1729,"*","chr17:87445942-87447670",3064,4328,9.47198322029677e-16,8.77035483360812e-15,TRUE
227698,"chr5",149322193,149323679,1487,"*","chr5:149322193-149323679",3064,7519,0.224232312960712,0.2898556268882,FALSE
279184,"chr9",18291886,18292764,879,"*","chr9:18291886-18292764",3064,9318,0.0184134112099831,0.0307094916777571,TRUE
230555,"chr6",31317434,31319064,1631,"*","chr6:31317434-31319064",3063,7580,0.0199800202973123,0.0330466759796764,TRUE
297126,"chrX",73786484,73787475,992,"*","chrX:73786484-73787475",3063,9924,1.15577833909807e-05,3.35786850406178e-05,TRUE
57754,"chr12",21373224,21374293,1070,"*","chr12:21373224-21374293",3062,2047,1.94194841252115e-06,6.33795173799331e-06,TRUE
213385,"chr5",38561467,38562230,764,"*","chr5:38561467-38562230",3062,7026,0.000444157475397699,0.00101312636228575,TRUE
230945,"chr6",34176113,34177447,1335,"*","chr6:34176113-34177447",3062,7584,1.05827301282377e-05,3.08714414476013e-05,TRUE
104029,"chr15",79030658,79031248,591,"*","chr15:79030658-79031248",3061,3323,5.6238315471965e-05,0.000147917715602223,TRUE
234083,"chr6",57691513,57692495,983,"*","chr6:57691513-57692495",3061,7686,0.291276058913099,0.364733357016153,FALSE
286324,"chr9",66124345,66125275,931,"*","chr9:66124345-66125275",3061,9576,0.646514926808695,0.720110188024834,FALSE
49839,"chr11",93955174,93956624,1451,"*","chr11:93955174-93956624",3060,1672,2.23685243228897e-08,9.19758401434611e-08,TRUE
180759,"chr3",79559224,79560226,1003,"*","chr3:79559224-79560226",3060,5870,0.432191388132831,0.513779586463184,FALSE
199833,"chr4",101264464,101265976,1513,"*","chr4:101264464-101265976",3060,6434,5.01852723721226e-08,1.98047641563231e-07,TRUE
58726,"chr12",30911229,30912977,1749,"*","chr12:30911229-30912977",3059,2065,4.93246907243181e-05,0.000131392356750981,TRUE
88570,"chr14",51088483,51089962,1480,"*","chr14:51088483-51089962",3059,2895,2.3960453951853e-12,1.53987493263837e-11,TRUE
98842,"chr15",34082312,34083515,1204,"*","chr15:34082312-34083515",3059,3152,0.0716353628912022,0.105191428621442,FALSE
108677,"chr16",3908518,3909403,886,"*","chr16:3908518-3909403",3059,3552,0.00384869667444403,0.00746160658093066,TRUE
159747,"chr2",71786758,71788604,1847,"*","chr2:71786758-71788604",3059,5276,0.00669465294825471,0.012270258336244,TRUE
174333,"chr2",181287429,181288525,1097,"*","chr2:181287429-181288525",3059,5729,0.000365635270966502,0.000845141520124669,TRUE
73683,"chr13",43864468,43865190,723,"*","chr13:43864468-43865190",3058,2457,0.387822157220272,0.467593630600762,FALSE
124855,"chr17",35725457,35726310,854,"*","chr17:35725457-35726310",3058,4121,4.91934933731392e-05,0.000131182648995038,TRUE
134938,"chr18",34624138,34625258,1121,"*","chr18:34624138-34625258",3058,4411,0.00568265732563125,0.0106003428808698,TRUE
143165,"chr19",6871536,6872526,991,"*","chr19:6871536-6872526",3058,4701,0.0651978495315673,0.0968764480409618,FALSE
269358,"chr8",71922599,71923575,977,"*","chr8:71922599-71923575",3058,8981,0.00277587195279803,0.00552962540398013,TRUE
19053,"chr1",182124643,182125552,910,"*","chr1:182124643-182125552",3057,541,0.307363325346861,0.382583598891893,FALSE
30435,"chr10",79793023,79795234,2212,"*","chr10:79793023-79795234",3057,849,1,1,FALSE
47299,"chr11",78188352,78190526,2175,"*","chr11:78188352-78190526",3057,1569,0.0431176401593413,0.066601235958204,FALSE
97869,"chr15",25688532,25689410,879,"*","chr15:25688532-25689410",3057,3129,0.716097585953594,0.783910389418434,FALSE
157046,"chr2",49450846,49452494,1649,"*","chr2:49450846-49452494",3057,5222,6.44682115209693e-07,2.21540245776527e-06,TRUE
222062,"chr5",117359778,117361330,1553,"*","chr5:117359778-117361330",3057,7263,0.706174802566601,0.774314476498466,FALSE
5142,"chr1",60097620,60098866,1247,"*","chr1:60097620-60098866",3056,134,1.84977773474581e-12,1.20585249983429e-11,TRUE
78529,"chr13",81657295,81658271,977,"*","chr13:81657295-81658271",3056,2608,0.00636333251560484,0.0117447997704039,TRUE
131800,"chr18",3507302,3508381,1080,"*","chr18:3507302-3508381",3056,4340,0.765697838894088,0.828139561858196,FALSE
204627,"chr4",132532531,132534106,1576,"*","chr4:132532531-132534106",3056,6640,6.75977661265118e-07,2.31816756263758e-06,TRUE
207626,"chr4",148159684,148160772,1089,"*","chr4:148159684-148160772",3056,6788,4.62452795647464e-13,3.2294189640186e-12,TRUE
210071,"chr5",9160960,9162187,1228,"*","chr5:9160960-9162187",3056,6910,0.00636131999032144,0.0117447997704039,TRUE
242855,"chr6",134034753,134036407,1655,"*","chr6:134034753-134036407",3055,7969,2.37041350286693e-05,6.61387696112426e-05,TRUE
185771,"chr3",117868370,117869508,1139,"*","chr3:117868370-117869508",3054,6096,0.331112256056488,0.40857879572617,FALSE
184564,"chr3",105052662,105053486,825,"*","chr3:105052662-105053486",3053,6053,8.68614549488026e-05,0.000223524073465781,TRUE
292797,"chr9",114933505,114934375,871,"*","chr9:114933505-114934375",3053,9808,0.466566389063345,0.54709942432381,FALSE
77239,"chr13",64369766,64370978,1213,"*","chr13:64369766-64370978",3052,2570,0.000562065001609345,0.00125685376030712,TRUE
160245,"chr2",74704025,74706354,2330,"*","chr2:74704025-74706354",3052,5285,1,1,FALSE
230576,"chr6",31398512,31400128,1617,"*","chr6:31398512-31400128",3052,7581,0.00248799295499361,0.00499396418103896,TRUE
30992,"chr10",82858761,82860051,1291,"*","chr10:82858761-82860051",3051,941,2.13698957805764e-07,7.79923203670671e-07,TRUE
132385,"chr18",7868563,7870258,1696,"*","chr18:7868563-7870258",3051,4351,0.847113002083152,0.902143772186531,FALSE
247233,"chr7",28981681,28982446,766,"*","chr7:28981681-28982446",3051,8194,0.00257911052906743,0.00516855817448383,TRUE
274123,"chr8",109778046,109779602,1557,"*","chr8:109778046-109779602",3051,9164,1.24255963989199e-08,5.28748782932763e-08,TRUE
38624,"chr11",17211368,17212253,886,"*","chr11:17211368-17212253",3049,1207,0.00550357985705005,0.0103063293203185,TRUE
291450,"chr9",106157573,106158715,1143,"*","chr9:106157573-106158715",3049,9709,5.10753782891442e-07,1.78585238773231e-06,TRUE
6919,"chr1",74948845,74950251,1407,"*","chr1:74948845-74950251",3048,193,0.239523238821482,0.307633237633551,FALSE
129230,"chr17",74294240,74295971,1732,"*","chr17:74294240-74295971",3048,4271,5.26382316375254e-13,3.65036280426667e-12,TRUE
5794,"chr1",64787675,64788354,680,"*","chr1:64787675-64788354",3047,147,0.236267173825593,0.304154446222442,FALSE
123270,"chr17",28327708,28329130,1423,"*","chr17:28327708-28329130",3046,4019,0.355749264405079,0.434582536531981,FALSE
259839,"chr7",132575794,132576815,1022,"*","chr7:132575794-132576815",3045,8678,0.136581016018802,0.186688102814109,FALSE
37230,"chr11",3982915,3984839,1925,"*","chr11:3982915-3984839",3044,1149,0.207853256551868,0.271065801450011,FALSE
52245,"chr11",104549885,104551085,1201,"*","chr11:104549885-104551085",3044,1834,1.20845960603641e-07,4.57057339650686e-07,TRUE
106908,"chr15",96286573,96287939,1367,"*","chr15:96286573-96287939",3044,3453,1.78410702310183e-09,8.3291644402513e-09,TRUE
142722,"chr19",4820408,4821336,929,"*","chr19:4820408-4821336",3044,4645,0.901233614896988,0.949466513797922,FALSE
183148,"chr3",96268354,96270308,1955,"*","chr3:96268354-96270308",3044,5992,1,1,FALSE
44140,"chr11",60811073,60811747,675,"*","chr11:60811073-60811747",3043,1393,4.26218710601854e-15,3.71270653834368e-14,TRUE
54252,"chr11",115535537,115536805,1269,"*","chr11:115535537-115536805",3043,1894,1.76778050463079e-50,2.76215703848561e-48,TRUE
55676,"chr11",120672762,120673808,1047,"*","chr11:120672762-120673808",3043,1985,2.6445802307554e-08,1.07678348157793e-07,TRUE
132279,"chr18",6516115,6516899,785,"*","chr18:6516115-6516899",3043,4348,1.37636361510011e-12,9.15135382380395e-12,TRUE
258998,"chr7",127776497,127778080,1584,"*","chr7:127776497-127778080",3043,8649,5.37476713618806e-07,1.87143702513512e-06,TRUE
50572,"chr11",96861568,96862545,978,"*","chr11:96861568-96862545",3042,1708,4.47488221367282e-06,1.37434957422384e-05,TRUE
55505,"chr11",120086463,120087332,870,"*","chr11:120086463-120087332",3042,1955,0.0704066396019549,0.103569637543329,FALSE
61644,"chr12",69781734,69782832,1099,"*","chr12:69781734-69782832",3042,2134,0.678700050033672,0.749613485789343,FALSE
121134,"chr17",10840052,10841367,1316,"*","chr17:10840052-10841367",3042,3901,0.0485856079935416,0.0742672087947748,FALSE
154761,"chr2",30654347,30655260,914,"*","chr2:30654347-30655260",3042,5122,0.015594038998259,0.0263769265870416,TRUE
154980,"chr2",31469608,31471522,1915,"*","chr2:31469608-31471522",3042,5137,0.432037976850738,0.51371935416259,FALSE
179834,"chr3",65391927,65393032,1106,"*","chr3:65391927-65393032",3041,5852,6.21059594418419e-10,3.0960099422653e-09,TRUE
258902,"chr7",127253916,127254856,941,"*","chr7:127253916-127254856",3041,8633,9.96988478835346e-09,4.27525076687541e-08,TRUE
21582,"chr10",4432061,4432961,901,"*","chr10:4432061-4432961",3040,598,9.64067952111228e-20,1.2992829543278e-18,TRUE
30560,"chr10",80159519,80160513,995,"*","chr10:80159519-80160513",3040,871,0.000486462275612462,0.00110230674778661,TRUE
193524,"chr4",41502712,41503575,864,"*","chr4:41502712-41503575",3040,6275,0.382591395238487,0.462401976357852,FALSE
209462,"chr4",155846910,155849168,2259,"*","chr4:155846910-155849168",3040,6882,2.88425883458508e-07,1.0360125124228e-06,TRUE
74600,"chr13",48625286,48626053,768,"*","chr13:48625286-48626053",3039,2481,6.75771122359733e-10,3.34540159584026e-09,TRUE
87961,"chr14",46386666,46389158,2493,"*","chr14:46386666-46389158",3039,2873,0.401380484285277,0.480925574269443,FALSE
181586,"chr3",85573831,85574583,753,"*","chr3:85573831-85574583",3039,5884,6.8406758032582e-09,2.98719467391188e-08,TRUE
261175,"chr7",140036184,140037082,899,"*","chr7:140036184-140037082",3039,8698,9.2646636305578e-05,0.000237677363534064,TRUE
78085,"chr13",74316648,74317838,1191,"*","chr13:74316648-74317838",3038,2596,1.09258424630482e-16,1.0860678392692e-15,TRUE
88444,"chr14",49171466,49173164,1699,"*","chr14:49171466-49173164",3038,2887,0.000483820096100567,0.00109809372696452,TRUE
107938,"chr15",100678687,100679644,958,"*","chr15:100678687-100679644",3038,3512,0.0436286457158078,0.0673489436798514,FALSE
155852,"chr2",35214536,35215829,1294,"*","chr2:35214536-35215829",3038,5192,0.366867074883714,0.446093233078446,FALSE
286503,"chr9",66945619,66946731,1113,"*","chr9:66945619-66946731",3038,9585,0.546162098500859,0.624613561871979,FALSE
214432,"chr5",51551963,51554278,2316,"*","chr5:51551963-51554278",3037,7044,0.00070703571949257,0.00155872072198538,TRUE
217707,"chr5",88564607,88566362,1756,"*","chr5:88564607-88566362",3037,7126,4.66004624771458e-08,1.84337272457064e-07,TRUE
225461,"chr5",136961877,136963023,1147,"*","chr5:136961877-136963023",3036,7409,2.32630317519636e-07,8.4408678345296e-07,TRUE
64566,"chr12",85473409,85474360,952,"*","chr12:85473409-85474360",3034,2216,0.00385355200933768,0.00746812404910402,TRUE
89630,"chr14",59440674,59441522,849,"*","chr14:59440674-59441522",3034,2954,0.0016353007874196,0.0033913330307333,TRUE
134569,"chr18",32067478,32068542,1065,"*","chr18:32067478-32068542",3034,4396,1.44555009127936e-11,8.52329063254342e-11,TRUE
124660,"chr17",34894027,34895188,1162,"*","chr17:34894027-34895188",3033,4102,3.11323128733538e-39,2.16196617176068e-37,TRUE
213549,"chr5",41707324,41708841,1518,"*","chr5:41707324-41708841",3033,7027,0.588946321535125,0.665476069531215,FALSE
246551,"chr7",24530185,24531143,959,"*","chr7:24530185-24531143",3033,8123,0.732734151232513,0.800102807635414,FALSE
264316,"chr8",22858722,22860544,1823,"*","chr8:22858722-22860544",3033,8817,7.56247180305347e-31,2.5548891226532e-29,TRUE
103244,"chr15",75615597,75617045,1449,"*","chr15:75615597-75617045",3031,3266,2.35768645937752e-06,7.60053661952779e-06,TRUE
122271,"chr17",24351583,24352934,1352,"*","chr17:24351583-24352934",3031,3953,0.00670038046186969,0.0122762558847008,TRUE
143007,"chr19",6127713,6128600,888,"*","chr19:6127713-6128600",3031,4688,0.00375809397770212,0.0072944370685212,TRUE
215405,"chr5",64579208,64580361,1154,"*","chr5:64579208-64580361",3031,7066,0.0112016622809677,0.0195970298827287,TRUE
219751,"chr5",103752942,103755213,2272,"*","chr5:103752942-103755213",3031,7176,0.137120601936589,0.187374421886566,FALSE
66379,"chr12",102439324,102440208,885,"*","chr12:102439324-102440208",3029,2264,1.27197039907116e-09,6.02829573019507e-09,TRUE
99272,"chr15",36792491,36793101,611,"*","chr15:36792491-36793101",3029,3166,3.09491012829082e-07,1.10769868585928e-06,TRUE
205093,"chr4",134467610,134469445,1836,"*","chr4:134467610-134469445",3029,6680,0.985463247676295,1,FALSE
279367,"chr9",21264822,21266181,1360,"*","chr9:21264822-21266181",3029,9332,0.292501662955367,0.366084684549896,FALSE
248717,"chr7",44467757,44468511,755,"*","chr7:44467757-44468511",3028,8269,4.31928796075398e-05,0.00011604750028893,TRUE
102352,"chr15",67081095,67082135,1041,"*","chr15:67081095-67082135",3027,3247,0.0321593788230973,0.0510466330525354,FALSE
270518,"chr8",82402385,82403703,1319,"*","chr8:82402385-82403703",3027,9014,4.36563162038848e-16,4.11076423765393e-15,TRUE
114988,"chr16",45843154,45845310,2157,"*","chr16:45843154-45845310",3026,3766,0.00123360571974067,0.00260804591911347,TRUE
153622,"chr2",25460573,25461495,923,"*","chr2:25460573-25461495",3025,5059,0.0512342362280237,0.077982094715409,FALSE
227042,"chr5",146205445,146206177,733,"*","chr5:146205445-146206177",3025,7495,0.000118540719327837,0.000297841003336274,TRUE
27719,"chr10",60831246,60832033,788,"*","chr10:60831246-60832033",3024,744,0.00575839538146872,0.0107159992324094,TRUE
245036,"chr6",146888203,146889253,1051,"*","chr6:146888203-146889253",3024,8014,1.63284267363855e-38,1.11838539290312e-36,TRUE
29364,"chr10",71344660,71345387,728,"*","chr10:71344660-71345387",3023,792,0.708929974447362,0.776824429593866,FALSE
246618,"chr7",24971505,24973105,1601,"*","chr7:24971505-24973105",3023,8128,1.6284734628123e-16,1.59967923655432e-15,TRUE
255499,"chr7",101837734,101838773,1040,"*","chr7:101837734-101838773",3023,8502,5.41023003668771e-19,6.59784150815575e-18,TRUE
4200,"chr1",53296784,53297573,790,"*","chr1:53296784-53297573",3022,101,0.00258953418129232,0.00518736815162725,TRUE
229773,"chr6",24527282,24528130,849,"*","chr6:24527282-24528130",3022,7553,6.71090085568055e-10,3.32552074116975e-09,TRUE
36738,"chr10",127641989,127644645,2657,"*","chr10:127641989-127644645",3021,1087,2.488639214873e-06,7.98152410158115e-06,TRUE
66779,"chr12",104751494,104752619,1126,"*","chr12:104751494-104752619",3021,2276,0.0168379742357492,0.0282896072509227,TRUE
68457,"chr12",116047458,116048313,856,"*","chr12:116047458-116048313",3021,2330,3.24795332992004e-37,2.02997083120002e-35,TRUE
207710,"chr4",148590829,148591877,1049,"*","chr4:148590829-148591877",3021,6793,8.32485790152922e-05,0.000214447653310902,TRUE
271643,"chr8",89316520,89318535,2016,"*","chr8:89316520-89318535",3021,9073,0.0225798189193228,0.0370039641417941,TRUE
124650,"chr17",34850003,34850991,989,"*","chr17:34850003-34850991",3020,4100,5.96544336313636e-12,3.68692420465783e-11,TRUE
25520,"chr10",39959831,39960657,827,"*","chr10:39959831-39960657",3019,675,0.373453824361063,0.452671302255833,FALSE
26602,"chr10",50592281,50593279,999,"*","chr10:50592281-50593279",3019,713,0.425386317840603,0.506653546737259,FALSE
194377,"chr4",47050348,47051469,1122,"*","chr4:47050348-47051469",3019,6324,0.0154290093511133,0.0261508633069717,TRUE
77124,"chr13",63814815,63815845,1031,"*","chr13:63814815-63815845",3018,2564,9.06336259048119e-07,3.06401710293482e-06,TRUE
272572,"chr8",94983345,94984690,1346,"*","chr8:94983345-94984690",3018,9108,7.55702562084787e-14,5.74242068453485e-13,TRUE
220486,"chr5",108674774,108675933,1160,"*","chr5:108674774-108675933",3017,7202,0.172892873179432,0.23076998555717,FALSE
213364,"chr5",38479255,38481036,1782,"*","chr5:38479255-38481036",3016,7025,0.549866398437436,0.627414877267728,FALSE
54972,"chr11",117963231,117963991,761,"*","chr11:117963231-117963991",3015,1937,0.00402116315888281,0.00774790589380117,TRUE
68939,"chr13",3610631,3611603,973,"*","chr13:3610631-3611603",3015,2340,0.339448751544437,0.41717492370719,FALSE
70847,"chr13",24280647,24281683,1037,"*","chr13:24280647-24281683",3015,2393,3.02564292091702e-05,8.34429928548543e-05,TRUE
121986,"chr17",17373872,17374902,1031,"*","chr17:17373872-17374902",3015,3926,8.05390972006952e-10,3.92490727098905e-09,TRUE
223636,"chr5",124540507,124541665,1159,"*","chr5:124540507-124541665",3014,7337,2.91410347237224e-11,1.67477211055876e-10,TRUE
247566,"chr7",30728991,30730120,1130,"*","chr7:30728991-30730120",3014,8221,0.161640148436071,0.217278077885537,FALSE
287081,"chr9",70207195,70208677,1483,"*","chr9:70207195-70208677",3014,9593,1.45990017515375e-09,6.87983117414583e-09,TRUE
171227,"chr2",163644777,163645542,766,"*","chr2:163644777-163645542",3013,5629,0.0260186358410052,0.0420877318683358,TRUE
178153,"chr3",51340163,51342271,2109,"*","chr3:51340163-51342271",3013,5823,0.00179224971718786,0.00369231503334952,TRUE
196332,"chr4",63232624,63233331,708,"*","chr4:63232624-63233331",3013,6371,0.0944312083597349,0.134594082610797,FALSE
228943,"chr6",13069544,13071037,1494,"*","chr6:13069544-13071037",3013,7542,0.669039067022157,0.740415080812481,FALSE
269009,"chr8",70233998,70235062,1065,"*","chr8:70233998-70235062",3013,8936,2.09320185572949e-05,5.87978049362215e-05,TRUE
270967,"chr8",85036178,85037767,1590,"*","chr8:85036178-85037767",3013,9053,2.45436677212882e-19,3.17923157011505e-18,TRUE
290484,"chr9",99243061,99244017,957,"*","chr9:99243061-99244017",3012,9683,0.84351551388522,0.899078569479023,FALSE
1169,"chr1",20653705,20654747,1043,"*","chr1:20653705-20654747",3011,30,0.916905073458804,0.961923073288716,FALSE
43233,"chr11",54955734,54956532,799,"*","chr11:54955734-54956532",3011,1352,0.888588204065811,0.938715618070791,FALSE
43974,"chr11",60045989,60046933,945,"*","chr11:60045989-60046933",3010,1384,0.000682086608073656,0.00150570995159748,TRUE
172485,"chr2",168104473,168105721,1249,"*","chr2:168104473-168105721",3010,5685,0.0462706835622191,0.0709890818690075,FALSE
263604,"chr8",13676276,13678103,1828,"*","chr8:13676276-13678103",3010,8797,1.13785976144389e-21,1.8118786010253e-20,TRUE
292721,"chr9",114639713,114640568,856,"*","chr9:114639713-114640568",3010,9803,0.188814501020315,0.249556570209246,FALSE
8440,"chr1",87326700,87327925,1226,"*","chr1:87326700-87327925",3009,242,1.87059606448595e-09,8.70854778624744e-09,TRUE
74211,"chr13",45964441,45965835,1395,"*","chr13:45964441-45965835",3009,2471,2.99134718970111e-10,1.54193154108305e-09,TRUE
75761,"chr13",55210138,55213186,3049,"*","chr13:55210138-55213186",3009,2521,4.08640546259482e-07,1.43988916934278e-06,TRUE
133667,"chr18",20895450,20897173,1724,"*","chr18:20895450-20897173",3009,4374,0.0784492058231357,0.11409134063865,FALSE
145825,"chr19",27429575,27430455,881,"*","chr19:27429575-27430455",3009,4817,0.0754272378884341,0.11011275604151,FALSE
282279,"chr9",44113355,44113980,626,"*","chr9:44113355-44113980",3009,9413,0.00451743211593012,0.00860878634247185,TRUE
245391,"chr6",149188320,149189215,896,"*","chr6:149188320-149189215",3008,8021,2.82705837717741e-08,1.14921072242984e-07,TRUE
257770,"chr7",119604658,119605599,942,"*","chr7:119604658-119605599",3008,8580,0.002141917075405,0.0043517209983848,TRUE
208425,"chr4",150909307,150910325,1019,"*","chr4:150909307-150910325",3007,6834,5.05242697312568e-13,3.51840318462791e-12,TRUE
179938,"chr3",65957365,65958898,1534,"*","chr3:65957365-65958898",3006,5857,0.00959739267136856,0.0169445492079247,TRUE
19523,"chr1",184844928,184846841,1914,"*","chr1:184844928-184846841",3005,555,0.00143996528823817,0.00302259716254864,TRUE
43209,"chr11",54897539,54898237,699,"*","chr11:54897539-54898237",3005,1349,0.739842715916156,0.806455979851925,FALSE
70725,"chr13",23697606,23698934,1329,"*","chr13:23697606-23698934",3005,2388,0.174678609505086,0.232787091010021,FALSE
140436,"chr18",74267708,74268638,931,"*","chr18:74267708-74268638",3005,4566,0.139985040822281,0.190923405376815,FALSE
148645,"chr19",45997973,45998923,951,"*","chr19:45997973-45998923",3005,4913,0.00237857958269729,0.00479165911099374,TRUE
215217,"chr5",63968470,63969467,998,"*","chr5:63968470-63969467",3005,7062,0.184468463080799,0.24439383026073,FALSE
247370,"chr7",29518308,29519272,965,"*","chr7:29518308-29519272",3005,8200,1.78111315486981e-44,1.78686661233272e-42,TRUE
89343,"chr14",57398320,57399423,1104,"*","chr14:57398320-57399423",3004,2945,0.0225589585993892,0.036981899343261,TRUE
96867,"chr15",9140091,9141261,1171,"*","chr15:9140091-9141261",3004,3110,1.16928127171542e-08,4.99266127974133e-08,TRUE
143256,"chr19",7182313,7183168,856,"*","chr19:7182313-7183168",3004,4717,2.41940575284622e-10,1.26010716294074e-09,TRUE
165306,"chr2",122117982,122118835,854,"*","chr2:122117982-122118835",3004,5428,0.510521999081457,0.591566626977355,FALSE
208411,"chr4",150853696,150854537,842,"*","chr4:150853696-150854537",3004,6830,0.000112493179910537,0.000284217230698679,TRUE
208502,"chr4",151302276,151303169,894,"*","chr4:151302276-151303169",3004,6838,0.00531767289744248,0.00999938491433337,TRUE
30806,"chr10",81176087,81177522,1436,"*","chr10:81176087-81177522",3003,911,1.49195050823628e-13,1.09541153321313e-12,TRUE
35350,"chr10",118141485,118142338,854,"*","chr10:118141485-118142338",3003,1050,1.70041504278178e-07,6.29783349178436e-07,TRUE
90603,"chr14",65149466,65150464,999,"*","chr14:65149466-65150464",3003,2977,7.1499689736671e-57,2.55356034773825e-54,TRUE
112478,"chr16",30187618,30188639,1022,"*","chr16:30187618-30188639",3003,3701,0.168047852378374,0.224847803689817,FALSE
6952,"chr1",75218934,75220089,1156,"*","chr1:75218934-75220089",3002,202,7.7378949609646e-08,2.97840452693018e-07,TRUE
82920,"chr13",115090068,115091147,1080,"*","chr13:115090068-115091147",3002,2716,0.00209271026700925,0.00426561407869802,TRUE
46424,"chr11",74649015,74650004,990,"*","chr11:74649015-74650004",3001,1515,6.29451361952554e-07,2.16753223812863e-06,TRUE
91433,"chr14",70336052,70337131,1080,"*","chr14:70336052-70337131",3001,2999,1.21339148495926e-05,3.51503906419252e-05,TRUE
113956,"chr16",37539508,37540467,960,"*","chr16:37539508-37540467",3001,3745,0.000220917861300612,0.000531052551203393,TRUE
193499,"chr4",41348804,41349676,873,"*","chr4:41348804-41349676",3001,6273,1.93678305087167e-05,5.46496346182751e-05,TRUE
255206,"chr7",100536807,100537510,704,"*","chr7:100536807-100537510",3000,8491,0.000304740567347692,0.000715353444478151,TRUE
294100,"chr9",121382595,121383728,1134,"*","chr9:121382595-121383728",2999,9840,0.360429497956287,0.439548168239374,FALSE
43068,"chr11",54027847,54029244,1398,"*","chr11:54027847-54029244",2998,1339,0.412925405040573,0.492986395702689,FALSE
238297,"chr6",97178589,97179943,1355,"*","chr6:97178589-97179943",2998,7838,1.80668441312965e-05,5.11808615617464e-05,TRUE
69725,"chr13",12257660,12258586,927,"*","chr13:12257660-12258586",2997,2355,9.24249416742122e-11,5.02309465620719e-10,TRUE
143519,"chr19",8941537,8942762,1226,"*","chr19:8941537-8942762",2997,4745,0.57360512910375,0.650198514060021,FALSE
217740,"chr5",88720307,88721457,1151,"*","chr5:88720307-88721457",2997,7131,1.45960296734004e-08,6.15866230945167e-08,TRUE
75077,"chr13",51848745,51849930,1186,"*","chr13:51848745-51849930",2996,2499,0.776924344857278,0.838286949565471,FALSE
132222,"chr18",5989636,5990473,838,"*","chr18:5989636-5990473",2996,4344,5.83817638662949e-27,1.5203584340181e-25,TRUE
88567,"chr14",51064661,51065763,1103,"*","chr14:51064661-51065763",2995,2894,0.870986625466987,0.923829683354887,FALSE
104708,"chr15",81859695,81860440,746,"*","chr15:81859695-81860440",2995,3370,1.69886333020682e-14,1.37005107274743e-13,TRUE
142581,"chr19",4191630,4192688,1059,"*","chr19:4191630-4192688",2995,4630,1.47885396661662e-12,9.75497339456874e-12,TRUE
199204,"chr4",97772046,97772864,819,"*","chr4:97772046-97772864",2995,6418,8.87883049359983e-06,2.620670157497e-05,TRUE
57952,"chr12",25098567,25100039,1473,"*","chr12:25098567-25100039",2994,2058,1.75278347030346e-10,9.27398661536223e-10,TRUE
101608,"chr15",60821914,60823682,1769,"*","chr15:60821914-60823682",2994,3229,1.40342609005696e-18,1.65108951771407e-17,TRUE
139841,"chr18",68299770,68300719,950,"*","chr18:68299770-68300719",2994,4550,0.00129171603452027,0.00272398995048559,TRUE
267013,"chr8",46616830,46618022,1193,"*","chr8:46616830-46618022",2994,8883,7.63105913281457e-10,3.74438622807388e-09,TRUE
44176,"chr11",60931318,60932623,1306,"*","chr11:60931318-60932623",2993,1396,0.058861082264553,0.0882210465595818,FALSE
237191,"chr6",90550262,90551317,1056,"*","chr6:90550262-90551317",2993,7812,0.00637496167038668,0.0117575833094553,TRUE
252917,"chr7",81571000,81572203,1204,"*","chr7:81571000-81572203",2993,8424,3.52682178892986e-11,2.00844065428807e-10,TRUE
20684,"chr1",191717532,191719469,1938,"*","chr1:191717532-191719469",2992,578,0.00144987949823851,0.00303830573813602,TRUE
43204,"chr11",54884629,54885513,885,"*","chr11:54884629-54885513",2992,1348,0.00329802079266162,0.00646670743659141,TRUE
124535,"chr17",34187080,34188158,1079,"*","chr17:34187080-34188158",2992,4093,1,1,FALSE
1193,"chr1",20820049,20820780,732,"*","chr1:20820049-20820780",2991,31,0.0165043348527236,0.0277663776122538,TRUE
13475,"chr1",136415013,136415923,911,"*","chr1:136415013-136415923",2991,383,2.29588155635209e-19,2.98166435889881e-18,TRUE
161607,"chr2",90474922,90475579,658,"*","chr2:90474922-90475579",2991,5309,0.773430493912816,0.835418550348688,FALSE
209883,"chr5",5514122,5515289,1168,"*","chr5:5514122-5515289",2991,6904,0.000939863851754505,0.00202819130719574,TRUE
261231,"chr7",140856126,140857737,1612,"*","chr7:140856126-140857737",2991,8703,4.43720623914894e-19,5.53267610866451e-18,TRUE
291923,"chr9",108490438,108491458,1021,"*","chr9:108490438-108491458",2991,9761,0.699576919096052,0.768765845160497,FALSE
15136,"chr1",155158373,155159498,1126,"*","chr1:155158373-155159498",2990,421,2.16476945229779e-07,7.89485577059735e-07,TRUE
147830,"chr19",41911484,41913163,1680,"*","chr19:41911484-41913163",2990,4877,1.60398564244593e-09,7.52338481447433e-09,TRUE
36600,"chr10",127120861,127121617,757,"*","chr10:127120861-127121617",2989,1077,0.0251779453278319,0.0408467639971315,TRUE
49653,"chr11",90355283,90356036,754,"*","chr11:90355283-90356036",2989,1666,0.00716739291271344,0.0130268864280506,TRUE
122859,"chr17",26932811,26933677,867,"*","chr17:26932811-26933677",2989,4001,1.74550165105262e-08,7.26803501969116e-08,TRUE
150399,"chr19",57274363,57275780,1418,"*","chr19:57274363-57275780",2989,4968,5.43064023311882e-05,0.000143440048418352,TRUE
47158,"chr11",77606785,77608413,1629,"*","chr11:77606785-77608413",2988,1555,5.04386852036307e-06,1.53776479279362e-05,TRUE
157033,"chr2",49349712,49350535,824,"*","chr2:49349712-49350535",2988,5221,0.557613842206726,0.634517344340835,FALSE
235841,"chr6",83325535,83326650,1116,"*","chr6:83325535-83326650",2988,7746,0.000382283346601766,0.000880777817799653,TRUE
42994,"chr11",53762891,53764565,1675,"*","chr11:53762891-53764565",2987,1335,0.345321994645882,0.423500116072948,FALSE
50592,"chr11",96935028,96935734,707,"*","chr11:96935028-96935734",2987,1712,0.0163615296877074,0.0275353915982958,TRUE
294795,"chrX",7762493,7763042,550,"*","chrX:7762493-7763042",2987,9875,7.35348884485029e-55,1.93512864338165e-52,TRUE
41221,"chr11",40733294,40734230,937,"*","chr11:40733294-40734230",2986,1276,0.0365579681304478,0.0573368383476283,FALSE
47862,"chr11",80779500,80780460,961,"*","chr11:80779500-80780460",2986,1601,1.67288555343978e-10,8.90780379893386e-10,TRUE
217964,"chr5",90366230,90367190,961,"*","chr5:90366230-90367190",2985,7138,8.64933948694692e-18,9.65328067739611e-17,TRUE
64569,"chr12",85485820,85486547,728,"*","chr12:85485820-85486547",2984,2217,8.91701496925766e-20,1.21155094691001e-18,TRUE
140117,"chr18",70529939,70530912,974,"*","chr18:70529939-70530912",2984,4553,0.0228064044898731,0.0373263575939003,TRUE
163224,"chr2",104493095,104494943,1849,"*","chr2:104493095-104494943",2983,5359,0.654833055361073,0.726946109415046,FALSE
186090,"chr3",121814467,121815819,1353,"*","chr3:121814467-121815819",2983,6104,0.186862429101543,0.247303373612417,FALSE
225784,"chr5",138994838,138996749,1912,"*","chr5:138994838-138996749",2983,7439,0.106706713956652,0.149953223660276,FALSE
161433,"chr2",84635124,84636918,1795,"*","chr2:84635124-84636918",2982,5302,9.12183821608197e-14,6.86885407837498e-13,TRUE
222875,"chr5",121451932,121453336,1405,"*","chr5:121451932-121453336",2982,7283,4.42414064115208e-22,7.22898797573869e-21,TRUE
292256,"chr9",110781340,110782359,1020,"*","chr9:110781340-110782359",2982,9795,0.398224972389289,0.47783174032792,FALSE
176222,"chr3",28805192,28806207,1016,"*","chr3:28805192-28806207",2981,5777,0.00386322499208103,0.00748107085995553,TRUE
235026,"chr6",72216444,72217459,1016,"*","chr6:72216444-72217459",2981,7713,0.0323484967328508,0.0513142397411974,FALSE
287652,"chr9",72985243,72986085,843,"*","chr9:72985243-72986085",2981,9609,1.50250989378783e-21,2.35503118148563e-20,TRUE
78532,"chr13",81710750,81712113,1364,"*","chr13:81710750-81712113",2980,2609,3.70723461528453e-24,7.35562423667565e-23,TRUE
98906,"chr15",34443054,34444115,1062,"*","chr15:34443054-34444115",2980,3155,7.88742456786108e-14,5.975321642319e-13,TRUE
148654,"chr19",46044503,46046533,2031,"*","chr19:46044503-46046533",2980,4916,0.00851116641634672,0.0152311496355525,TRUE
177800,"chr3",41580661,41582195,1535,"*","chr3:41580661-41582195",2980,5815,0.25027724939942,0.319231185458444,FALSE
64335,"chr12",84284987,84286233,1247,"*","chr12:84284987-84286233",2979,2202,4.09476202109619e-05,0.00011054973059115,TRUE
168669,"chr2",147012611,147014148,1538,"*","chr2:147012611-147014148",2979,5527,4.86402104773446e-09,2.15603769846385e-08,TRUE
6955,"chr1",75236201,75237252,1052,"*","chr1:75236201-75237252",2978,203,2.57668576826969e-08,1.05085063958796e-07,TRUE
16536,"chr1",164898939,164900156,1218,"*","chr1:164898939-164900156",2977,465,0.00470197284531108,0.00893571426322897,TRUE
25534,"chr10",40024822,40025743,922,"*","chr10:40024822-40025743",2977,678,0.643157135707315,0.717168973803875,FALSE
64141,"chr12",83486690,83488236,1547,"*","chr12:83486690-83488236",2977,2191,4.99009323527076e-05,0.000132785876404225,TRUE
132929,"chr18",12128440,12129456,1017,"*","chr18:12128440-12129456",2977,4362,0.0121778285891758,0.0211347250766675,TRUE
220543,"chr5",110135370,110136297,928,"*","chr5:110135370-110136297",2977,7209,0.00111562524845691,0.00237771792083741,TRUE
285621,"chr9",63132155,63133568,1414,"*","chr9:63132155-63133568",2977,9545,0.107312593112004,0.15056452304077,FALSE
52813,"chr11",107379451,107380545,1095,"*","chr11:107379451-107380545",2976,1861,0.945311403800497,0.989647617044072,FALSE
81307,"chr13",104640857,104641927,1071,"*","chr13:104640857-104641927",2976,2678,5.82040356636414e-07,2.01537519610947e-06,TRUE
30867,"chr10",81384074,81384777,704,"*","chr10:81384074-81384777",2975,921,1.05699324432321e-06,3.54695719571546e-06,TRUE
46468,"chr11",74847901,74848836,936,"*","chr11:74847901-74848836",2975,1524,0.266406575008915,0.337308907329596,FALSE
95846,"chr14",122106865,122108073,1209,"*","chr14:122106865-122108073",2975,3090,0.0415902925633287,0.0643414179506941,FALSE
34021,"chr10",105841034,105841827,794,"*","chr10:105841034-105841827",2974,1010,0.0524038148477762,0.0795124920954893,FALSE
148152,"chr19",43752744,43753768,1025,"*","chr19:43752744-43753768",2974,4893,0.0517093757600124,0.0785617984807238,FALSE
209961,"chr5",8056008,8057209,1202,"*","chr5:8056008-8057209",2974,6906,0.0130041772890207,0.0224364687526237,TRUE
25699,"chr10",40882973,40884147,1175,"*","chr10:40882973-40884147",2973,686,1.10180515524939e-22,1.8996640607748e-21,TRUE
130441,"chr17",83513966,83514996,1031,"*","chr17:83513966-83514996",2973,4299,0.000420380307159034,0.000961968666267812,TRUE
184344,"chr3",103801704,103802804,1101,"*","chr3:103801704-103802804",2973,6042,4.9318111451341e-20,6.88800439264539e-19,TRUE
44132,"chr11",60776709,60777886,1178,"*","chr11:60776709-60777886",2972,1392,3.37278350560288e-09,1.51517677700039e-08,TRUE
45894,"chr11",70653407,70656223,2817,"*","chr11:70653407-70656223",2972,1489,0.000223058016066235,0.000535939490788648,TRUE
151137,"chr2",3704011,3705370,1360,"*","chr2:3704011-3705370",2972,4996,2.4738217357124e-07,8.95663191785809e-07,TRUE
105319,"chr15",84671585,84673187,1603,"*","chr15:84671585-84673187",2971,3395,1.15459607170595e-07,4.37678571533718e-07,TRUE
151942,"chr2",10079901,10080927,1027,"*","chr2:10079901-10080927",2971,5012,0.457097380694316,0.537888186272436,FALSE
39036,"chr11",20249028,20249906,879,"*","chr11:20249028-20249906",2970,1213,0.77765933144571,0.838537126855413,FALSE
55567,"chr11",120261499,120263048,1550,"*","chr11:120261499-120263048",2970,1963,5.41551370918381e-05,0.000143116112821982,TRUE
70694,"chr13",23530992,23532048,1057,"*","chr13:23530992-23532048",2970,2382,6.3370005257152e-05,0.000165284312094815,TRUE
123896,"chr17",30612123,30613034,912,"*","chr17:30612123-30613034",2969,4046,1.79709392208796e-08,7.46301462661112e-08,TRUE
177069,"chr3",36571839,36572600,762,"*","chr3:36571839-36572600",2969,5800,0.00029174070789594,0.000685803262566854,TRUE
190617,"chr3",157946751,157948402,1652,"*","chr3:157946751-157948402",2969,6199,0.00654344432988243,0.0120063198713439,TRUE
44433,"chr11",62280857,62282124,1268,"*","chr11:62280857-62282124",2968,1408,4.28476501243864e-15,3.72588261951186e-14,TRUE
48976,"chr11",87426521,87427368,848,"*","chr11:87426521-87427368",2968,1644,3.74090877471978e-12,2.35870666754084e-11,TRUE
145100,"chr19",23133055,23133917,863,"*","chr19:23133055-23133917",2968,4795,0.18086233257464,0.240508420976915,FALSE
207904,"chr4",149166379,149167297,919,"*","chr4:149166379-149167297",2968,6802,0.409351183071943,0.48895267925459,FALSE
57419,"chr12",16618561,16619518,958,"*","chr12:16618561-16619518",2967,2034,6.41571760386852e-18,7.29058818621423e-17,TRUE
100429,"chr15",51990507,51992258,1752,"*","chr15:51990507-51992258",2967,3201,0.538081576569351,0.616429415031164,FALSE
168531,"chr2",145859250,145861081,1832,"*","chr2:145859250-145861081",2967,5522,0.445194467644577,0.526608076229686,FALSE
233889,"chr6",55338069,55338740,672,"*","chr6:55338069-55338740",2967,7681,0.00388360928387162,0.00751413073232515,TRUE
269577,"chr8",73352751,73354285,1535,"*","chr8:73352751-73354285",2967,8993,0.00184983935868419,0.00379999868258873,TRUE
293830,"chr9",120127289,120128103,815,"*","chr9:120127289-120128103",2967,9831,6.75379650624895e-12,4.13835570235843e-11,TRUE
84111,"chr14",16249003,16250106,1104,"*","chr14:16249003-16250106",2966,2750,0.00344333027866648,0.00673314485464701,TRUE
5976,"chr1",66862507,66863738,1232,"*","chr1:66862507-66863738",2965,154,0.000814219917361769,0.00177854940445996,TRUE
16583,"chr1",165193583,165194884,1302,"*","chr1:165193583-165194884",2965,466,0.0414042387936798,0.0641130981630223,FALSE
53836,"chr11",113683334,113684925,1592,"*","chr11:113683334-113684925",2965,1881,0.0439765646403274,0.0678142930280596,FALSE
170107,"chr2",156862267,156863702,1436,"*","chr2:156862267-156863702",2965,5597,0.00548832891925278,0.0102816203058314,TRUE
182364,"chr3",89772704,89774117,1414,"*","chr3:89772704-89774117",2965,5928,5.28881879993832e-12,3.28906641787209e-11,TRUE
231851,"chr6",39592240,39593168,929,"*","chr6:39592240-39593168",2965,7617,0.0904064860025132,0.129633619160472,FALSE
30561,"chr10",80160919,80162084,1166,"*","chr10:80160919-80162084",2964,872,0.0320051583148477,0.0508341142230745,FALSE
288552,"chr9",79793004,79793930,927,"*","chr9:79793004-79793930",2964,9629,1.13845623503386e-10,6.14054064203809e-10,TRUE
142951,"chr19",5877816,5879248,1433,"*","chr19:5877816-5879248",2963,4678,0.370972780484258,0.449991242702885,FALSE
241894,"chr6",125095175,125097434,2260,"*","chr6:125095175-125097434",2963,7941,9.15472638680702e-12,5.50825895716427e-11,TRUE
37057,"chr11",3201965,3203400,1436,"*","chr11:3201965-3203400",2962,1132,0.0278707189273475,0.0448226422118808,TRUE
51993,"chr11",103158569,103159555,987,"*","chr11:103158569-103159555",2962,1818,0.000172492365452197,0.000423606005530936,TRUE
122079,"chr17",21449896,21450918,1023,"*","chr17:21449896-21450918",2962,3932,3.29771805744138e-14,2.59662839168612e-13,TRUE
143010,"chr19",6140621,6141875,1255,"*","chr19:6140621-6141875",2962,4689,0.0310337434876529,0.0495113967575828,TRUE
170071,"chr2",156720586,156721657,1072,"*","chr2:156720586-156721657",2962,5595,1.43399387792998e-19,1.91199183723998e-18,TRUE
218436,"chr5",93044079,93045762,1684,"*","chr5:93044079-93045762",2962,7149,0.000135918514134732,0.000339287354305372,TRUE
55606,"chr11",120378241,120379628,1388,"*","chr11:120378241-120379628",2961,1969,1.26026574696828e-08,5.35827273370865e-08,TRUE
98999,"chr15",35155382,35156250,869,"*","chr15:35155382-35156250",2961,3158,0.883529579657706,0.934951936145721,FALSE
124312,"chr17",32350243,32351065,823,"*","chr17:32350243-32351065",2961,4063,4.10895324909728e-06,1.27054831450132e-05,TRUE
128031,"chr17",66076448,66077844,1397,"*","chr17:66076448-66077844",2961,4243,0.485658492077512,0.566431644597051,FALSE
129235,"chr17",74338468,74339789,1322,"*","chr17:74338468-74339789",2961,4273,0.423501709800379,0.504649320543826,FALSE
143483,"chr19",8712964,8714227,1264,"*","chr19:8712964-8714227",2961,4730,0.0327524828782149,0.0519386027247302,FALSE
159269,"chr2",69205811,69206634,824,"*","chr2:69205811-69206634",2961,5259,0.0825663205889597,0.119557371255372,FALSE
261407,"chr7",141581346,141581940,595,"*","chr7:141581346-141581940",2961,8727,0.906842090675813,0.953493544486347,FALSE
282326,"chr9",44319940,44320776,837,"*","chr9:44319940-44320776",2961,9419,2.38843334200107e-16,2.31886732233114e-15,TRUE
269271,"chr8",71469037,71469498,462,"*","chr8:71469037-71469498",2960,8974,0.872668232616409,0.925220772494072,FALSE
277242,"chr8",125568542,125570457,1916,"*","chr8:125568542-125570457",2960,9273,4.42334608683438e-21,6.68179167195526e-20,TRUE
14476,"chr1",151715967,151716854,888,"*","chr1:151715967-151716854",2959,400,1.32976217439315e-05,3.83659023194791e-05,TRUE
138566,"chr18",61397866,61399948,2083,"*","chr18:61397866-61399948",2959,4519,3.01132713776793e-06,9.52348873424393e-06,TRUE
153231,"chr2",21205160,21206247,1088,"*","chr2:21205160-21206247",2959,5037,0.0449404096309847,0.0690965707733467,FALSE
193449,"chr4",41124138,41124788,651,"*","chr4:41124138-41124788",2958,6269,0.43908514978237,0.520530596278841,FALSE
54218,"chr11",115419738,115420847,1110,"*","chr11:115419738-115420847",2957,1892,0.0772659778624894,0.112566984065398,FALSE
283905,"chr9",54586266,54587264,999,"*","chr9:54586266-54587264",2957,9481,0.00646537834650265,0.0119023901813377,TRUE
90723,"chr14",65833801,65834431,631,"*","chr14:65833801-65834431",2956,2983,0.645428141698193,0.71922012669734,FALSE
45740,"chr11",70020890,70022024,1135,"*","chr11:70020890-70022024",2955,1478,3.11236904478048e-06,9.8181988794337e-06,TRUE
29723,"chr10",75644027,75644732,706,"*","chr10:75644027-75644732",2954,802,0.10756547234954,0.150820909071143,FALSE
140128,"chr18",70567770,70568752,983,"*","chr18:70567770-70568752",2954,4555,5.42567899483977e-22,8.77941584925529e-21,TRUE
269652,"chr8",75108758,75109881,1124,"*","chr8:75108758-75109881",2954,8997,0.611226087152932,0.686925249666141,FALSE
185207,"chr3",108911032,108912289,1258,"*","chr3:108911032-108912289",2953,6082,0.669420420234535,0.740509314418734,FALSE
264203,"chr8",22398026,22399061,1036,"*","chr8:22398026-22399061",2953,8812,2.01122802290075e-09,9.29402968068738e-09,TRUE
284856,"chr9",59723235,59724680,1446,"*","chr9:59723235-59724680",2953,9519,0.0329860463683561,0.0522592623072816,FALSE
285674,"chr9",63398795,63399764,970,"*","chr9:63398795-63399764",2953,9548,3.3873506779734e-06,1.05788590817408e-05,TRUE
287561,"chr9",72530973,72533126,2154,"*","chr9:72530973-72533126",2953,9606,0.00150511778335559,0.00314352085078443,TRUE
45537,"chr11",69098797,69099251,455,"*","chr11:69098797-69099251",2952,1441,1.54030607075875e-29,4.6675941538144e-28,TRUE
88942,"chr14",54863643,54864593,951,"*","chr14:54863643-54864593",2952,2916,0.847651198070745,0.902524699819788,FALSE
38597,"chr11",16950972,16951753,782,"*","chr11:16950972-16951753",2951,1205,2.35240673795618e-08,9.64101122113188e-08,TRUE
60446,"chr12",51828823,51830498,1676,"*","chr12:51828823-51830498",2951,2098,0.015044398783841,0.0255683188032648,TRUE
208660,"chr4",152027193,152028139,947,"*","chr4:152027193-152028139",2951,6842,0.0162694390397796,0.0273896280130969,TRUE
193419,"chr4",40970314,40971804,1491,"*","chr4:40970314-40971804",2950,6268,3.75316844152948e-05,0.000102043731417332,TRUE
206345,"chr4",139130459,139131471,1013,"*","chr4:139130459-139131471",2950,6732,1.81794448489418e-06,5.94877122020346e-06,TRUE
209414,"chr4",155624417,155625204,788,"*","chr4:155624417-155625204",2950,6873,0.670927355880032,0.742012116655642,FALSE
56635,"chr12",9029980,9030793,814,"*","chr12:9029980-9030793",2949,2027,0.00153662677614417,0.00319997246177461,TRUE
138830,"chr18",62548426,62549226,801,"*","chr18:62548426-62549226",2949,4528,0.00839121472624999,0.0150542065415321,TRUE
241809,"chr6",124738590,124739176,587,"*","chr6:124738590-124739176",2949,7925,2.54498795847616e-10,1.31864661060941e-09,TRUE
242694,"chr6",129212492,129213361,870,"*","chr6:129212492-129213361",2949,7965,0.305307944016537,0.380493449671657,FALSE
257751,"chr7",119511224,119511809,586,"*","chr7:119511224-119511809",2949,8575,0.756225147482708,0.820200810718772,FALSE
257908,"chr7",120835096,120836237,1142,"*","chr7:120835096-120836237",2949,8586,0.00844600491790138,0.0151307863093898,TRUE
77715,"chr13",71272014,71273096,1083,"*","chr13:71272014-71273096",2948,2586,0.70134620338304,0.770202287923391,FALSE
130529,"chr17",83861493,83862995,1503,"*","chr17:83861493-83862995",2948,4301,1.38895099946167e-07,5.20986871516005e-07,TRUE
135378,"chr18",36744267,36745203,937,"*","chr18:36744267-36745203",2948,4449,0.765035811903994,0.827602565884891,FALSE
20966,"chr1",193173101,193174088,988,"*","chr1:193173101-193174088",2947,589,0.35383463982181,0.43256068437874,FALSE
143231,"chr19",7135314,7136595,1282,"*","chr19:7135314-7136595",2947,4714,0.00488238304146222,0.00925394814530369,TRUE
246667,"chr7",25221299,25221984,686,"*","chr7:25221299-25221984",2947,8131,0.442878972875673,0.524117127663518,FALSE
27464,"chr10",59899487,59900444,958,"*","chr10:59899487-59900444",2946,737,0.976043367548849,1,FALSE
28215,"chr10",63338365,63339861,1497,"*","chr10:63338365-63339861",2946,762,6.29114740093161e-17,6.53965426292268e-16,TRUE
135343,"chr18",36515368,36516344,977,"*","chr18:36515368-36516344",2946,4444,2.38612621829378e-06,7.67243157007645e-06,TRUE
148711,"chr19",46396806,46397332,527,"*","chr19:46396806-46397332",2946,4924,7.80998661573326e-15,6.50832217977772e-14,TRUE
201995,"chr4",116685227,116686295,1069,"*","chr4:116685227-116686295",2946,6511,0.00366385341535065,0.00712811948511799,TRUE
235136,"chr6",72598108,72599289,1182,"*","chr6:72598108-72599289",2946,7724,0.0230431256354074,0.0376644747227972,TRUE
291471,"chr9",106236225,106237782,1558,"*","chr9:106236225-106237782",2946,9712,0.141040433222565,0.192153178777337,FALSE
39504,"chr11",23007451,23008821,1371,"*","chr11:23007451-23008821",2945,1231,8.67466115321866e-08,3.3261737550685e-07,TRUE
182885,"chr3",95042280,95043368,1089,"*","chr3:95042280-95043368",2945,5960,0.00238574443877257,0.00480415714613888,TRUE
29975,"chr10",77032673,77034182,1510,"*","chr10:77032673-77034182",2944,824,0.5076921433304,0.588942763502225,FALSE
6714,"chr1",74030576,74031652,1077,"*","chr1:74030576-74031652",2943,171,0.189597355495519,0.250525046902113,FALSE
147743,"chr19",41482286,41483831,1546,"*","chr19:41482286-41483831",2942,4874,3.83093745884054e-19,4.83704224601078e-18,TRUE
43608,"chr11",58008494,58010269,1776,"*","chr11:58008494-58010269",2941,1362,7.65077200837548e-12,4.63683152022756e-11,TRUE
202597,"chr4",119733374,119734168,795,"*","chr4:119733374-119734168",2941,6548,0.000106042473374706,0.000269416853086143,TRUE
286304,"chr9",66059837,66060774,938,"*","chr9:66059837-66060774",2941,9575,0.000360199336132851,0.000833023441565336,TRUE
45733,"chr11",69991009,69991915,907,"*","chr11:69991009-69991915",2940,1474,2.57279419111322e-18,2.99162115245723e-17,TRUE
153930,"chr2",27009459,27010517,1059,"*","chr2:27009459-27010517",2940,5080,0.0565029643341807,0.0849924252920889,FALSE
137317,"chr18",53861749,53862682,934,"*","chr18:53861749-53862682",2939,4498,0.611801203147456,0.687262641145199,FALSE
143761,"chr19",10605292,10606127,836,"*","chr19:10605292-10606127",2939,4762,0.000531500738962413,0.00119545825227713,TRUE
162757,"chr2",102185424,102186868,1445,"*","chr2:102185424-102186868",2939,5350,0.182299447712491,0.241942399651317,FALSE
211956,"chr5",30921204,30922163,960,"*","chr5:30921204-30922163",2939,6959,1.69316264534796e-10,9.00310659058173e-10,TRUE
43921,"chr11",59809181,59810627,1447,"*","chr11:59809181-59810627",2938,1381,0.0114416093555971,0.0199888353521962,TRUE
59301,"chr12",35046801,35048274,1474,"*","chr12:35046801-35048274",2938,2083,0.115035611858567,0.159816076491479,FALSE
131487,"chr17",87974646,87975942,1297,"*","chr17:87974646-87975942",2938,4330,0.000620026577114453,0.00137906267151791,TRUE
227676,"chr5",149229017,149229746,730,"*","chr5:149229017-149229746",2938,7518,1.37180099572419e-05,3.94876509995448e-05,TRUE
169853,"chr2",155591706,155593164,1459,"*","chr2:155591706-155593164",2937,5584,2.10653577290656e-06,6.83940186008624e-06,TRUE
36838,"chr10",128058495,128059678,1184,"*","chr10:128058495-128059678",2936,1097,1.60685773336944e-11,9.45210431393789e-11,TRUE
282659,"chr9",45906097,45907437,1341,"*","chr9:45906097-45907437",2936,9446,4.93182064002168e-05,0.000131392356750981,TRUE
101510,"chr15",59680154,59681240,1087,"*","chr15:59680154-59681240",2935,3228,4.26497922013995e-08,1.69919490842229e-07,TRUE
148006,"chr19",42752297,42753759,1463,"*","chr19:42752297-42753759",2935,4887,0.0698981528829834,0.103064218347071,FALSE
168320,"chr2",144527199,144528070,872,"*","chr2:144527199-144528070",2935,5518,0.00167438859994163,0.00346377451373941,TRUE
177830,"chr3",41742329,41743156,828,"*","chr3:41742329-41743156",2935,5816,4.26014889486796e-05,0.000114520131582472,TRUE
201181,"chr4",108619256,108620554,1299,"*","chr4:108619256-108620554",2935,6474,0.580319376905699,0.656618439585539,FALSE
29119,"chr10",70181410,70182335,926,"*","chr10:70181410-70182335",2934,783,0.432940641171347,0.51454794529516,FALSE
84666,"chr14",20545794,20546935,1142,"*","chr14:20545794-20546935",2934,2767,2.5450559908026e-06,8.15200509545997e-06,TRUE
113978,"chr16",37653938,37655105,1168,"*","chr16:37653938-37655105",2934,3746,6.25939999245339e-23,1.09814034955323e-21,TRUE
248344,"chr7",38227270,38228496,1227,"*","chr7:38227270-38228496",2934,8247,6.50652391817551e-07,2.23438321365917e-06,TRUE
262002,"chr7",144552957,144554263,1307,"*","chr7:144552957-144554263",2933,8743,2.2434325255902e-12,1.44924581756473e-11,TRUE
9341,"chr1",91052772,91054352,1581,"*","chr1:91052772-91054352",2932,257,8.44185775048914e-15,7.0231761651324e-14,TRUE
135231,"chr18",35941734,35943062,1329,"*","chr18:35941734-35943062",2932,4438,0.428063059168293,0.50945805810316,FALSE
190615,"chr3",157924681,157925556,876,"*","chr3:157924681-157925556",2932,6198,0.0262636602506663,0.0424566121090629,TRUE
206023,"chr4",137861544,137862640,1097,"*","chr4:137861544-137862640",2931,6715,3.05700133456457e-05,8.41685389472625e-05,TRUE
273510,"chr8",106136856,106137634,779,"*","chr8:106136856-106137634",2931,9145,0.957871002103906,1,FALSE
9438,"chr1",91446075,91446714,640,"*","chr1:91446075-91446714",2930,263,0.0761120502603237,0.111047636796504,FALSE
25073,"chr10",34418203,34419068,866,"*","chr10:34418203-34419068",2930,669,5.83661955892002e-10,2.93002989905623e-09,TRUE
88943,"chr14",54875987,54877869,1883,"*","chr14:54875987-54877869",2930,2917,0.00309264689834732,0.00610712262706817,TRUE
155343,"chr2",32775391,32776091,701,"*","chr2:32775391-32776091",2930,5169,0.816344180263434,0.873656014836724,FALSE
7773,"chr1",82290821,82292033,1213,"*","chr1:82290821-82292033",2929,215,0.000646425355610658,0.00143141132774725,TRUE
37274,"chr11",4197474,4198346,873,"*","chr11:4197474-4198346",2929,1154,0.200733497675525,0.263291576174613,FALSE
54089,"chr11",114865840,114867994,2155,"*","chr11:114865840-114867994",2929,1885,0.890186989046079,0.940007380196493,FALSE
135377,"chr18",36734713,36735800,1088,"*","chr18:36734713-36735800",2929,4448,7.84024745281811e-07,2.66856618543843e-06,TRUE
208159,"chr4",150008238,150009459,1222,"*","chr4:150008238-150009459",2929,6813,0.0318694245658585,0.0506507065573085,FALSE
265340,"chr8",31149575,31150642,1068,"*","chr8:31149575-31150642",2928,8843,0.267810605370201,0.338914965034423,FALSE
47311,"chr11",78261432,78262490,1059,"*","chr11:78261432-78262490",2927,1571,6.93215453625851e-44,6.79622993750835e-42,TRUE
63657,"chr12",80790314,80791283,970,"*","chr12:80790314-80791283",2927,2184,6.81103224018628e-10,3.36846302679836e-09,TRUE
183631,"chr3",99140878,99141761,884,"*","chr3:99140878-99141761",2927,6021,0.152268249081155,0.205823532145384,FALSE
288242,"chr9",77781637,77782770,1134,"*","chr9:77781637-77782770",2927,9618,9.82284020180779e-05,0.000251095097183226,TRUE
74648,"chr13",48878050,48879175,1126,"*","chr13:48878050-48879175",2926,2482,6.09093681002695e-10,3.04546840501347e-09,TRUE
123327,"chr17",28522629,28523825,1197,"*","chr17:28522629-28523825",2926,4025,0.0167992414468998,0.0282435128562538,TRUE
143746,"chr19",10524961,10526426,1466,"*","chr19:10524961-10526426",2926,4760,0.0117254348396602,0.0204399430453504,TRUE
165052,"chr2",120153742,120155095,1354,"*","chr2:120153742-120155095",2926,5413,0.000552654214196878,0.0012380246733801,TRUE
225868,"chr5",139317227,139318193,967,"*","chr5:139317227-139318193",2926,7443,0.33871174834718,0.416573281635195,FALSE
142726,"chr19",4838804,4839794,991,"*","chr19:4838804-4839794",2925,4646,0.0184769426166163,0.0307846428134227,TRUE
150972,"chr19",60889224,60890824,1601,"*","chr19:60889224-60890824",2924,4984,8.50113475918299e-07,2.88565334663374e-06,TRUE
227043,"chr5",146220778,146221798,1021,"*","chr5:146220778-146221798",2924,7496,0.089133114162754,0.12791778725998,FALSE
274284,"chr8",110792653,110793433,781,"*","chr8:110792653-110793433",2924,9169,6.03091264870481e-07,2.08393664433477e-06,TRUE
51659,"chr11",101732669,101733324,656,"*","chr11:101732669-101733324",2923,1794,0.0066569719866288,0.0122056692090737,TRUE
1445,"chr1",23761243,23763341,2099,"*","chr1:23761243-23763341",2922,35,0.337766628381315,0.415661615039767,FALSE
15922,"chr1",160905985,160907434,1450,"*","chr1:160905985-160907434",2922,439,0.000375834114032386,0.000866776093248124,TRUE
98149,"chr15",27630172,27631214,1043,"*","chr15:27630172-27631214",2922,3139,4.65234638726036e-15,4.01757028260826e-14,TRUE
165127,"chr2",120628725,120629577,853,"*","chr2:120628725-120629577",2922,5416,0.000902638009867136,0.00195800002140377,TRUE
247742,"chr7",34388911,34390917,2007,"*","chr7:34388911-34390917",2922,8227,0.0562700075213562,0.084718469619627,FALSE
235888,"chr6",83506595,83507382,788,"*","chr6:83506595-83507382",2921,7750,0.314551018215054,0.390552543102873,FALSE
275696,"chr8",119861942,119862880,939,"*","chr8:119861942-119862880",2921,9219,0.00387683790300772,0.00750452555750624,TRUE
32807,"chr10",94688111,94689528,1418,"*","chr10:94688111-94689528",2920,989,0.107007013315546,0.150332977403128,FALSE
39555,"chr11",23633083,23634140,1058,"*","chr11:23633083-23634140",2920,1236,0.562400871466356,0.638946684238078,FALSE
40046,"chr11",30662636,30663661,1026,"*","chr11:30662636-30663661",2920,1251,3.86179892160011e-07,1.36459325851594e-06,TRUE
44864,"chr11",64978872,64979545,674,"*","chr11:64978872-64979545",2920,1418,0.1684155592895,0.225214708865338,FALSE
114038,"chr16",37867853,37869641,1789,"*","chr16:37867853-37869641",2919,3748,1.02693796997538e-09,4.95148490827087e-09,TRUE
265629,"chr8",33986788,33988247,1460,"*","chr8:33986788-33988247",2919,8855,0.363021328280638,0.44227744673567,FALSE
287857,"chr9",74952261,74954217,1957,"*","chr9:74952261-74954217",2919,9610,0.109675595240545,0.15317820564322,FALSE
12369,"chr1",131827514,131828761,1248,"*","chr1:131827514-131828761",2918,333,0.0188496494159608,0.0313638093443607,TRUE
202811,"chr4",120815429,120816204,776,"*","chr4:120815429-120816204",2918,6552,0.193461283010888,0.254621325363106,FALSE
219645,"chr5",103365026,103366120,1095,"*","chr5:103365026-103366120",2918,7173,0.000936884283952047,0.0020226344644906,TRUE
135030,"chr18",35118523,35119968,1446,"*","chr18:35118523-35119968",2917,4421,0.00942399288459606,0.0166737312183228,TRUE
261377,"chr7",141467160,141469393,2234,"*","chr7:141467160-141469393",2917,8723,0.039448068795512,0.0615030695283942,FALSE
114195,"chr16",38522329,38523312,984,"*","chr16:38522329-38523312",2915,3751,1.31372583104677e-08,5.56663487731684e-08,TRUE
152512,"chr2",14341488,14342976,1489,"*","chr2:14341488-14342976",2915,5024,0.00192041716340612,0.00393366891316288,TRUE
173655,"chr2",174472700,174473637,938,"*","chr2:174472700-174473637",2915,5713,5.94650581597849e-11,3.31097205789448e-10,TRUE
96760,"chr15",8443618,8445806,2189,"*","chr15:8443618-8445806",2914,3107,0.00621933409757127,0.0115130212839157,TRUE
146554,"chr19",32322443,32323724,1282,"*","chr19:32322443-32323724",2914,4840,0.06308546945981,0.0941293188000746,FALSE
201138,"chr4",108327892,108328718,827,"*","chr4:108327892-108328718",2913,6472,1.28268740624174e-12,8.5855917419126e-12,TRUE
259004,"chr7",127841089,127842859,1771,"*","chr7:127841089-127842859",2913,8651,0.196863051824309,0.258554047575924,FALSE
275690,"chr8",119839785,119841041,1257,"*","chr8:119839785-119841041",2913,9217,1.30402377737121e-25,3.04678452656826e-24,TRUE
72608,"chr13",37597375,37598706,1332,"*","chr13:37597375-37598706",2912,2426,0.404182567356182,0.483703407558858,FALSE
142856,"chr19",5529327,5530514,1188,"*","chr19:5529327-5530514",2912,4665,0.269626416829447,0.341040243902665,FALSE
175450,"chr3",19894507,19895438,932,"*","chr3:19894507-19895438",2912,5762,3.82792410884305e-54,8.3215741496588e-52,TRUE
54329,"chr11",115823683,115824420,738,"*","chr11:115823683-115824420",2910,1902,0.0659958047738202,0.0979166242935018,FALSE
115842,"chr16",55933902,55935198,1297,"*","chr16:55933902-55935198",2910,3781,2.43805274768596e-101,4.06342124614326e-98,TRUE
202067,"chr4",117120298,117121588,1291,"*","chr4:117120298-117121588",2910,6518,1.30249322639781e-14,1.06412845293939e-13,TRUE
273679,"chr8",106935399,106937244,1846,"*","chr8:106935399-106937244",2910,9152,0.680009345829956,0.750727915466942,FALSE
43202,"chr11",54881102,54881733,632,"*","chr11:54881102-54881733",2909,1347,0.912694377887902,0.958309930583686,FALSE
173189,"chr2",172370343,172371288,946,"*","chr2:172370343-172371288",2909,5696,0.15175502319136,0.205240767096782,FALSE
170568,"chr2",158767654,158768398,745,"*","chr2:158767654-158768398",2908,5610,0.544808218927433,0.62335036490553,FALSE
26001,"chr10",42478102,42478957,856,"*","chr10:42478102-42478957",2907,702,0.728633758511179,0.795799212004345,FALSE
245347,"chr6",148944619,148947063,2445,"*","chr6:148944619-148947063",2907,8019,9.37358142520611e-05,0.000240225049338957,TRUE
209068,"chr4",154293786,154294966,1181,"*","chr4:154293786-154294966",2906,6855,0.00074140102832538,0.00162945280950633,TRUE
276251,"chr8",121578248,121579633,1386,"*","chr8:121578248-121579633",2906,9232,9.52644293236005e-17,9.52644293236005e-16,TRUE
30829,"chr10",81266494,81267243,750,"*","chr10:81266494-81267243",2905,914,0.000570979463141976,0.00127507696101379,TRUE
46908,"chr11",76406787,76407494,708,"*","chr11:76406787-76407494",2905,1548,1.06692618948927e-14,8.77406405829993e-14,TRUE
108276,"chr15",102103681,102104677,997,"*","chr15:102103681-102104677",2905,3527,9.14674072356465e-14,6.87724866433432e-13,TRUE
189327,"chr3",146499287,146500794,1508,"*","chr3:146499287-146500794",2905,6184,3.17916441292721e-14,2.50722745498991e-13,TRUE
283414,"chr9",50528083,50529073,991,"*","chr9:50528083-50529073",2905,9460,0.8052612092992,0.863088112860879,FALSE
38203,"chr11",9048470,9049310,841,"*","chr11:9048470-9049310",2904,1196,0.593421850070327,0.669355614822659,FALSE
129947,"chr17",80095954,80097181,1228,"*","chr17:80095954-80097181",2904,4289,9.81398343680955e-06,2.87631402016693e-05,TRUE
185055,"chr3",108085303,108087063,1761,"*","chr3:108085303-108087063",2904,6066,3.98515810516686e-06,1.23303159194519e-05,TRUE
221366,"chr5",113907983,113909516,1534,"*","chr5:113907983-113909516",2904,7225,0.000203653911921917,0.000492631620517457,TRUE
109322,"chr16",8671615,8672605,991,"*","chr16:8671615-8672605",2903,3591,1.51351302786271e-05,4.3317487918223e-05,TRUE
147041,"chr19",36409364,36410380,1017,"*","chr19:36409364-36410380",2903,4851,1.18686188296201e-24,2.48297465054813e-23,TRUE
206426,"chr4",139380141,139380971,831,"*","chr4:139380141-139380971",2903,6736,3.27614962069549e-31,1.17005343596267e-29,TRUE
104269,"chr15",80011943,80014185,2243,"*","chr15:80011943-80014185",2902,3339,1.07511736652909e-06,3.60052701449797e-06,TRUE
124219,"chr17",31965446,31966275,830,"*","chr17:31965446-31966275",2902,4058,0.303201940401904,0.378423347678793,FALSE
139074,"chr18",64488513,64489525,1013,"*","chr18:64488513-64489525",2902,4531,2.80392546588301e-06,8.91266835945012e-06,TRUE
186800,"chr3",127837162,127838132,971,"*","chr3:127837162-127838132",2902,6128,8.68204222742934e-10,4.21458360554822e-09,TRUE
224963,"chr5",134638835,134639913,1079,"*","chr5:134638835-134639913",2902,7378,4.36325307135254e-17,4.59289796984478e-16,TRUE
247787,"chr7",34654586,34656032,1447,"*","chr7:34654586-34656032",2902,8229,0.973407549160277,1,FALSE
248910,"chr7",45367124,45367985,862,"*","chr7:45367124-45367985",2902,8299,3.14078504529852e-08,1.27157289283341e-07,TRUE
68071,"chr12",111907580,111909066,1487,"*","chr12:111907580-111909066",2901,2316,2.50549358189889e-21,3.84278156732958e-20,TRUE
288103,"chr9",77045411,77046970,1560,"*","chr9:77045411-77046970",2901,9614,0.00981878175169572,0.0173109692378274,TRUE
37526,"chr11",5260904,5262260,1357,"*","chr11:5260904-5262260",2900,1165,1.00199715305109e-18,1.19856118786015e-17,TRUE
57844,"chr12",24686124,24686939,816,"*","chr12:24686124-24686939",2900,2052,0.0267401518686648,0.0431571205110795,TRUE
103266,"chr15",75703523,75704628,1106,"*","chr15:75703523-75704628",2900,3268,2.05488023707642e-11,1.19887995161985e-10,TRUE
134182,"chr18",25168280,25169474,1195,"*","chr18:25168280-25169474",2900,4389,8.325686072539e-25,1.79432889494375e-23,TRUE
135270,"chr18",36280620,36281783,1164,"*","chr18:36280620-36281783",2900,4439,3.97104030616106e-20,5.5930145157198e-19,TRUE
209239,"chr4",154963907,154964834,928,"*","chr4:154963907-154964834",2900,6859,0.0583271289676458,0.0875257037329618,FALSE
233888,"chr6",55336013,55336715,703,"*","chr6:55336013-55336715",2900,7680,7.87271055229412e-05,0.000203639693540976,TRUE
4431,"chr1",55130932,55132087,1156,"*","chr1:55130932-55132087",2899,110,7.7143720695633e-18,8.62905153195e-17,TRUE
201039,"chr4",107889631,107890522,892,"*","chr4:107889631-107890522",2899,6467,0.260152125681915,0.329974791580308,FALSE
677,"chr1",13659766,13661182,1417,"*","chr1:13659766-13661182",2898,22,0.927724276875465,0.972457313286651,FALSE
6783,"chr1",74236051,74237378,1328,"*","chr1:74236051-74237378",2898,180,1.23808378846705e-09,5.8788404010781e-09,TRUE
108847,"chr16",4679318,4680164,847,"*","chr16:4679318-4680164",2898,3572,0.644094579761027,0.718054158039049,FALSE
15118,"chr1",155098155,155100077,1923,"*","chr1:155098155-155100077",2897,420,0.0306485758769784,0.0489906903404386,TRUE
109288,"chr16",8513049,8513847,799,"*","chr16:8513049-8513847",2897,3589,0.526927786364626,0.606640325080159,FALSE
127241,"chr17",56935183,56936135,953,"*","chr17:56935183-56936135",2897,4223,0.644525014725362,0.718373846104951,FALSE
159623,"chr2",71211386,71212465,1080,"*","chr2:71211386-71212465",2897,5271,2.13572853748859e-13,1.53885801363441e-12,TRUE
266916,"chr8",46163213,46164087,875,"*","chr8:46163213-46164087",2897,8876,0.391693416573404,0.471578878609925,FALSE
31574,"chr10",86021610,86022837,1228,"*","chr10:86021610-86022837",2896,955,0.251260997943228,0.320159273627966,FALSE
92798,"chr14",78848591,78849782,1192,"*","chr14:78848591-78849782",2896,3038,0.939702467066781,0.98439395251077,FALSE
75790,"chr13",55391562,55392335,774,"*","chr13:55391562-55392335",2895,2526,5.17191447003681e-06,1.57488260354349e-05,TRUE
105993,"chr15",89075170,89076700,1531,"*","chr15:89075170-89076700",2895,3426,0.00260482196325657,0.0052159030101253,TRUE
170193,"chr2",157278967,157279835,869,"*","chr2:157278967-157279835",2895,5600,0.0299652151684714,0.0479596913707929,TRUE
194487,"chr4",47473920,47475008,1089,"*","chr4:47473920-47475008",2895,6327,0.163039877996557,0.218963037868059,FALSE
241810,"chr6",124740441,124741866,1426,"*","chr6:124740441-124741866",2895,7926,0.0817178141506501,0.118431614711087,FALSE
268973,"chr8",70042326,70043326,1001,"*","chr8:70042326-70043326",2895,8931,0.0199875304119324,0.0330481653636449,TRUE
145789,"chr19",27218782,27220091,1310,"*","chr19:27218782-27220091",2894,4816,0.033529526958647,0.0530698432393905,FALSE
178824,"chr3",54692503,54693367,865,"*","chr3:54692503-54693367",2894,5835,0.0161361992766972,0.0272111286284944,TRUE
208358,"chr4",150685045,150686204,1160,"*","chr4:150685045-150686204",2894,6824,0.248409321990428,0.317172270161425,FALSE
268023,"chr8",60505741,60506773,1033,"*","chr8:60505741-60506773",2894,8901,0.00261617729924858,0.00523444837784829,TRUE
46422,"chr11",74637932,74639248,1317,"*","chr11:74637932-74639248",2893,1514,0.00180906740984328,0.00372542712076458,TRUE
244987,"chr6",146642141,146643168,1028,"*","chr6:146642141-146643168",2893,8012,1.8746359945589e-05,5.29558190553363e-05,TRUE
39996,"chr11",30266991,30269253,2263,"*","chr11:30266991-30269253",2892,1249,0.205933834217335,0.269053872768925,FALSE
42287,"chr11",50024687,50025826,1140,"*","chr11:50024687-50025826",2892,1298,4.13068237730128e-15,3.60443488420705e-14,TRUE
52579,"chr11",106487402,106488658,1257,"*","chr11:106487402-106488658",2892,1848,1.88938187261544e-10,9.95459363864824e-10,TRUE
54142,"chr11",115164453,115165743,1291,"*","chr11:115164453-115165743",2892,1888,0.554574215026243,0.631633502307793,FALSE
2200,"chr1",36013707,36014556,850,"*","chr1:36013707-36014556",2891,44,0.468949723765091,0.549378776669507,FALSE
12411,"chr1",132007407,132008667,1261,"*","chr1:132007407-132008667",2891,337,0.116097944970199,0.161170120863478,FALSE
16501,"chr1",164713871,164715582,1712,"*","chr1:164713871-164715582",2891,463,0.955133682090894,0.998675953670947,FALSE
19623,"chr1",185362736,185364046,1311,"*","chr1:185362736-185364046",2891,561,0.668459715460191,0.740059756271936,FALSE
43784,"chr11",59227853,59228733,881,"*","chr11:59227853-59228733",2891,1377,5.95648783199026e-18,6.7996436438245e-17,TRUE
107822,"chr15",100304105,100305194,1090,"*","chr15:100304105-100305194",2891,3501,9.01797588610388e-06,2.65703473367822e-05,TRUE
112017,"chr16",26082749,26083493,745,"*","chr16:26082749-26083493",2891,3689,5.00948784910624e-06,1.52821471906841e-05,TRUE
234770,"chr6",70811800,70813140,1341,"*","chr6:70811800-70813140",2891,7700,0.361838215497368,0.441050969645744,FALSE
41539,"chr11",44469894,44471559,1666,"*","chr11:44469894-44471559",2889,1281,0.000274357258983833,0.000647069007037342,TRUE
80540,"chr13",100015142,100016083,942,"*","chr13:100015142-100016083",2889,2657,4.58544153997147e-11,2.58189275899294e-10,TRUE
205049,"chr4",134286881,134288245,1365,"*","chr4:134286881-134288245",2889,6674,0.0930591413497203,0.13297962467808,FALSE
182510,"chr3",90508907,90509925,1019,"*","chr3:90508907-90509925",2888,5941,0.00091006266252535,0.00197068571356724,TRUE
189119,"chr3",145649236,145651066,1831,"*","chr3:145649236-145651066",2888,6173,0.0411421026615323,0.0637664331393867,FALSE
221313,"chr5",113735362,113736291,930,"*","chr5:113735362-113736291",2888,7223,0.0843160026673742,0.121738380980904,FALSE
28203,"chr10",63243717,63244679,963,"*","chr10:63243717-63244679",2887,761,1.35968097161515e-15,1.23607361055923e-14,TRUE
54415,"chr11",116130234,116131462,1229,"*","chr11:116130234-116131462",2887,1912,0.0154589891103594,0.0261839246449177,TRUE
110659,"chr16",18088694,18089781,1088,"*","chr16:18088694-18089781",2887,3647,1.27483314966718e-06,4.2381421199042e-06,TRUE
182748,"chr3",94412730,94413595,866,"*","chr3:94412730-94413595",2886,5950,1.93456495293624e-09,8.94803400988083e-09,TRUE
233852,"chr6",55203155,55204135,981,"*","chr6:55203155-55204135",2886,7679,6.76154516944907e-09,2.95780628584824e-08,TRUE
282565,"chr9",45405593,45406387,795,"*","chr9:45405593-45406387",2886,9442,6.89419782739898e-05,0.000179256313764924,TRUE
290924,"chr9",102734238,102735727,1490,"*","chr9:102734238-102735727",2886,9698,0.00182946559401101,0.00376340074901933,TRUE
245653,"chr7",5020163,5020875,713,"*","chr7:5020163-5020875",2884,8044,6.96952166282926e-07,2.38518879631391e-06,TRUE
251708,"chr7",73588484,73589923,1440,"*","chr7:73588484-73589923",2884,8380,0.000421907531419206,0.000964661950119035,TRUE
30682,"chr10",80656351,80657124,774,"*","chr10:80656351-80657124",2883,890,1.73561646777814e-28,4.95890419365183e-27,TRUE
47181,"chr11",77762984,77764499,1516,"*","chr11:77762984-77764499",2883,1557,0.972453881699029,1,FALSE
52189,"chr11",104230619,104231775,1157,"*","chr11:104230619-104231775",2883,1829,3.93258731859087e-20,5.55450186241648e-19,TRUE
166372,"chr2",129129425,129130192,768,"*","chr2:129129425-129130192",2883,5471,6.39860321681831e-13,4.38861674678896e-12,TRUE
209699,"chr5",4103970,4105135,1166,"*","chr5:4103970-4105135",2883,6901,0.0729309639902654,0.106777064101772,FALSE
217613,"chr5",86803956,86804997,1042,"*","chr5:86803956-86804997",2883,7123,0.00190019307114317,0.00389703254951429,TRUE
235221,"chr6",72898883,72901002,2120,"*","chr6:72898883-72901002",2883,7727,4.04948456291024e-05,0.000109445528727304,TRUE
250402,"chr7",65644593,65645548,956,"*","chr7:65644593-65645548",2883,8357,1.3779654456518e-10,7.38459509995605e-10,TRUE
270749,"chr8",83996594,83998057,1464,"*","chr8:83996594-83998057",2883,9027,1.09659652039187e-11,6.51959881326912e-11,TRUE
3729,"chr1",45794964,45796032,1069,"*","chr1:45794964-45796032",2881,90,0.000435396654195715,0.000994056288118071,TRUE
49993,"chr11",94548252,94549643,1392,"*","chr11:94548252-94549643",2881,1684,0.0678157786653309,0.100289527751155,FALSE
103450,"chr15",76477131,76478340,1210,"*","chr15:76477131-76478340",2881,3287,0.387813413156789,0.467593630600762,FALSE
126820,"chr17",51178299,51179886,1588,"*","chr17:51178299-51179886",2881,4196,0.174213692796162,0.232346882896988,FALSE
134576,"chr18",32138739,32140097,1359,"*","chr18:32138739-32140097",2881,4397,0.588137351131539,0.664862481496201,FALSE
226850,"chr5",144222920,144224074,1155,"*","chr5:144222920-144224074",2881,7483,0.00612541961815701,0.0113433696632537,TRUE
57635,"chr12",17741695,17742537,843,"*","chr12:17741695-17742537",2880,2040,0.180583846252939,0.240265894429136,FALSE
57806,"chr12",24571894,24572619,726,"*","chr12:24571894-24572619",2880,2050,2.11688326232293e-05,5.93629630488762e-05,TRUE
182836,"chr3",94837203,94838651,1449,"*","chr3:94837203-94838651",2880,5954,1.61522951545999e-08,6.7582824914644e-08,TRUE
299643,"chrX",152232759,152233531,773,"*","chrX:152232759-152233531",2880,9980,4.24083515451857e-37,2.58587509421864e-35,TRUE
203082,"chr4",123662964,123665796,2833,"*","chr4:123662964-123665796",2879,6560,1.77042980980795e-05,5.01822508448964e-05,TRUE
299604,"chrX",151803003,151804178,1176,"*","chrX:151803003-151804178",2879,9978,3.31420717421579e-05,9.0700798418604e-05,TRUE
85649,"chr14",25480998,25481912,915,"*","chr14:25480998-25481912",2878,2802,0.390429495367418,0.470170394228586,FALSE
75749,"chr13",55152603,55153633,1031,"*","chr13:55152603-55153633",2875,2519,0.523881552853255,0.60396766526776,FALSE
36647,"chr10",127311294,127312767,1474,"*","chr10:127311294-127312767",2874,1083,9.72508919453413e-12,5.83738847210932e-11,TRUE
113656,"chr16",35363247,35364352,1106,"*","chr16:35363247-35364352",2874,3737,3.15013116014629e-13,2.24049157905142e-12,TRUE
229757,"chr6",24347651,24349114,1464,"*","chr6:24347651-24349114",2874,7552,0.46829319729877,0.548995541968078,FALSE
300283,"chrX",164076017,164076944,928,"*","chrX:164076017-164076944",2874,9995,2.80925091423865e-09,1.27345916329948e-08,TRUE
12736,"chr1",133309623,133310938,1316,"*","chr1:133309623-133310938",2873,354,0.675995199389639,0.74712113106724,FALSE
212861,"chr5",35893169,35894404,1236,"*","chr5:35893169-35894404",2873,7011,2.67108739609027e-05,7.41556745166648e-05,TRUE
183312,"chr3",97158105,97160059,1955,"*","chr3:97158105-97160059",2872,6005,9.90448110574076e-09,4.25085025997457e-08,TRUE
69390,"chr13",8995711,8996928,1218,"*","chr13:8995711-8996928",2871,2348,0.00194381063036877,0.00397832711905192,TRUE
215741,"chr5",66097806,66098885,1080,"*","chr5:66097806-66098885",2871,7084,0.187460246920693,0.247963289577637,FALSE
244376,"chr6",143099318,143100646,1329,"*","chr6:143099318-143100646",2871,7999,0.000987563239480963,0.00212105506761375,TRUE
293703,"chr9",119401195,119402996,1802,"*","chr9:119401195-119402996",2871,9825,4.73804497422048e-15,4.06350340842237e-14,TRUE
204930,"chr4",133756645,133757942,1298,"*","chr4:133756645-133757942",2870,6664,3.21329393085784e-06,1.00753968478218e-05,TRUE
277059,"chr8",124948102,124950161,2060,"*","chr8:124948102-124950161",2869,9269,9.25814731322871e-09,3.99402386248003e-08,TRUE
172121,"chr2",166995984,166996771,788,"*","chr2:166995984-166996771",2868,5663,0.00224179927508381,0.00453805521272026,TRUE
283125,"chr9",48737423,48738056,634,"*","chr9:48737423-48738056",2868,9454,0.0195713424925855,0.0324673896691863,TRUE
97042,"chr15",10713912,10715675,1764,"*","chr15:10713912-10715675",2867,3115,0.0358094341479109,0.0562864416031294,FALSE
142960,"chr19",5912175,5913777,1603,"*","chr19:5912175-5913777",2867,4680,0.00137452867186543,0.00289009392738736,TRUE
201270,"chr4",109117616,109118503,888,"*","chr4:109117616-109118503",2867,6479,4.99333978653728e-09,2.20748885346476e-08,TRUE
197810,"chr4",83524942,83526204,1263,"*","chr4:83524942-83526204",2866,6390,1.57936730278028e-12,1.03769205176103e-11,TRUE
208064,"chr4",149773746,149774698,953,"*","chr4:149773746-149774698",2866,6809,8.67453594627471e-11,4.72984511792514e-10,TRUE
223359,"chr5",123343849,123345766,1918,"*","chr5:123343849-123345766",2866,7317,0.158446689415409,0.213310028830653,FALSE
256654,"chr7",112678585,112680428,1844,"*","chr7:112678585-112680428",2866,8545,5.38885571859893e-10,2.71784689382068e-09,TRUE
261237,"chr7",140881376,140882711,1336,"*","chr7:140881376-140882711",2866,8704,4.90028871551256e-16,4.60553450706068e-15,TRUE
284835,"chr9",59656025,59657062,1038,"*","chr9:59656025-59657062",2866,9518,0.000252485030574164,0.00060115483470039,TRUE
77311,"chr13",67107982,67109284,1303,"*","chr13:67107982-67109284",2865,2578,1.00929088105252e-28,2.93398511933872e-27,TRUE
185189,"chr3",108839869,108840964,1096,"*","chr3:108839869-108840964",2865,6081,0.00483615275761612,0.00917327913053134,TRUE
144693,"chr19",18712819,18713819,1001,"*","chr19:18712819-18713819",2864,4787,0.101989648812736,0.143931200695365,FALSE
205227,"chr4",134922882,134923994,1113,"*","chr4:134922882-134923994",2864,6685,3.85930930184464e-28,1.07203036162351e-26,TRUE
209438,"chr4",155769979,155771158,1180,"*","chr4:155769979-155771158",2864,6877,0.0310006744734131,0.0494744246304072,TRUE
13037,"chr1",134494257,134495451,1195,"*","chr1:134494257-134495451",2863,368,6.86291002849138e-06,2.04740752639958e-05,TRUE
64905,"chr12",86871935,86872947,1013,"*","chr12:86871935-86872947",2862,2226,0.456159155866522,0.537163395980361,FALSE
120439,"chr17",6079440,6080322,883,"*","chr17:6079440-6080322",2862,3888,3.27172686686343e-05,8.96854952539319e-05,TRUE
129127,"chr17",73709220,73711214,1995,"*","chr17:73709220-73711214",2862,4268,0.211291419155085,0.274761273283595,FALSE
292149,"chr9",110304762,110305796,1035,"*","chr9:110304762-110305796",2862,9783,4.76403502545767e-13,3.32220015722292e-12,TRUE
84743,"chr14",20865539,20867161,1623,"*","chr14:20865539-20867161",2861,2774,0.687515623937943,0.757676464555812,FALSE
143836,"chr19",10894956,10895791,836,"*","chr19:10894956-10895791",2861,4765,2.48814297909471e-05,6.93076038745046e-05,TRUE
258515,"chr7",125444390,125445559,1170,"*","chr7:125444390-125445559",2861,8600,2.09801249081249e-08,8.66947310253096e-08,TRUE
204550,"chr4",132211717,132212658,942,"*","chr4:132211717-132212658",2860,6628,2.71964331544998e-36,1.45236562763488e-34,TRUE
204760,"chr4",133130011,133131058,1048,"*","chr4:133130011-133131058",2860,6650,0.0119995947473188,0.0208471069272391,TRUE
51554,"chr11",101277472,101278412,941,"*","chr11:101277472-101278412",2859,1781,1.39143280426585e-07,5.21526538330528e-07,TRUE
97969,"chr15",25983890,25984961,1072,"*","chr15:25983890-25984961",2859,3138,1.18642039017041e-09,5.64962090557339e-09,TRUE
170402,"chr2",158113176,158114426,1251,"*","chr2:158113176-158114426",2859,5605,0.120384656217267,0.166599302819356,FALSE
204460,"chr4",131873073,131874487,1415,"*","chr4:131873073-131874487",2859,6623,1.90194736891769e-22,3.23460436890763e-21,TRUE
286505,"chr9",66974568,66975830,1263,"*","chr9:66974568-66975830",2859,9586,0.291131852762189,0.364644104161058,FALSE
191489,"chr4",11190424,11192619,2196,"*","chr4:11190424-11192619",2858,6216,0.000203468165899774,0.000492420537027527,TRUE
2215,"chr1",36074772,36075624,853,"*","chr1:36074772-36075624",2857,47,0.167457195984646,0.224353156463888,FALSE
70978,"chr13",24830922,24832267,1346,"*","chr13:24830922-24832267",2857,2396,5.7800953341783e-17,6.04612482654634e-16,TRUE
124962,"chr17",36231352,36231875,524,"*","chr17:36231352-36231875",2857,4133,5.91818495485725e-12,3.66678126075419e-11,TRUE
161759,"chr2",91182449,91183696,1248,"*","chr2:91182449-91183696",2857,5319,0.113631123061017,0.158040504952736,FALSE
223284,"chr5",123057910,123058484,575,"*","chr5:123057910-123058484",2857,7310,1.08599343683413e-24,2.29112539416483e-23,TRUE
74731,"chr13",49215506,49216646,1141,"*","chr13:49215506-49216646",2856,2485,0.0130337887484068,0.0224798012218124,TRUE
171195,"chr2",163540577,163541451,875,"*","chr2:163540577-163541451",2856,5625,1.01539619502475e-05,2.96899472229458e-05,TRUE
223432,"chr5",123720654,123721459,806,"*","chr5:123720654-123721459",2856,7323,0.376157002212617,0.455395886455953,FALSE
223843,"chr5",125404836,125406911,2076,"*","chr5:125404836-125406911",2856,7348,0.912340217742116,0.95813927509149,FALSE
267337,"chr8",47970528,47971625,1098,"*","chr8:47970528-47971625",2856,8891,0.374901125836174,0.453985378828014,FALSE
275297,"chr8",117307945,117309425,1481,"*","chr8:117307945-117309425",2855,9205,0.441711212521901,0.522982728536468,FALSE
283885,"chr9",54501160,54502356,1197,"*","chr9:54501160-54502356",2855,9480,2.0393542228667e-19,2.66931181003495e-18,TRUE
24079,"chr10",23786887,23787954,1068,"*","chr10:23786887-23787954",2854,650,1.48017646011383e-06,4.88507082545817e-06,TRUE
119461,"chr16",95701855,95702992,1138,"*","chr16:95701855-95702992",2854,3857,0.196360748293319,0.258029892632482,FALSE
291452,"chr9",106170099,106172064,1966,"*","chr9:106170099-106172064",2854,9710,0.0810908817867693,0.117693587498939,FALSE
75052,"chr13",51777050,51778409,1360,"*","chr13:51777050-51778409",2853,2496,0.136534398330643,0.186675414726063,FALSE
142964,"chr19",5923791,5925341,1551,"*","chr19:5923791-5925341",2853,4681,0.00505486038593628,0.0095627324743403,TRUE
224841,"chr5",134184025,134184955,931,"*","chr5:134184025-134184955",2853,7374,5.91119750590630e-09,2.59035824097559e-08,TRUE
57615,"chr12",17690475,17691330,856,"*","chr12:17690475-17691330",2852,2039,1.45433206428698e-23,2.71330609008764e-22,TRUE
150175,"chr19",56601534,56602612,1079,"*","chr19:56601534-56602612",2852,4963,0.00209723820107982,0.0042731014691928,TRUE
113577,"chr16",35022147,35023251,1105,"*","chr16:35022147-35023251",2851,3736,0.307367663349747,0.382583598891893,FALSE
272396,"chr8",94214371,94215119,749,"*","chr8:94214371-94215119",2851,9091,0.0516898781058995,0.0785560457536467,FALSE
74223,"chr13",46019013,46020159,1147,"*","chr13:46019013-46020159",2850,2472,0.203323518904388,0.266130260346057,FALSE
77231,"chr13",64312191,64313215,1025,"*","chr13:64312191-64313215",2850,2569,3.39020486558143e-12,2.14841879948126e-11,TRUE
236863,"chr6",88518675,88519528,854,"*","chr6:88518675-88519528",2849,7794,1.39963779779185e-06,4.63456224434387e-06,TRUE
246969,"chr7",27591247,27592767,1521,"*","chr7:27591247-27592767",2849,8166,8.01500114728822e-13,5.45981004583667e-12,TRUE
148758,"chr19",46503511,46504579,1069,"*","chr19:46503511-46504579",2848,4931,0.399102139932836,0.478539736130498,FALSE
24880,"chr10",30802682,30803745,1064,"*","chr10:30802682-30803745",2847,664,0.901618947036474,0.949472353660988,FALSE
33563,"chr10",99261534,99262568,1035,"*","chr10:99261534-99262568",2847,1005,1.35283527155425e-14,1.10165738725916e-13,TRUE
198510,"chr4",88640955,88642374,1420,"*","chr4:88640955-88642374",2847,6400,2.89257895058861e-11,1.66474396467333e-10,TRUE
50802,"chr11",97685603,97686247,645,"*","chr11:97685603-97686247",2846,1723,0.00512693815712395,0.00968443172860587,TRUE
241416,"chr6",120903372,120904437,1066,"*","chr6:120903372-120904437",2846,7910,0.00531602620634014,0.00999938491433337,TRUE
259667,"chr7",131560140,131560943,804,"*","chr7:131560140-131560943",2846,8675,2.39737340855776e-06,7.70364205834757e-06,TRUE
32280,"chr10",91170587,91172260,1674,"*","chr10:91170587-91172260",2845,976,0.000199544434178461,0.000484096152786175,TRUE
147124,"chr19",36925669,36926724,1056,"*","chr19:36925669-36926724",2845,4854,2.58925610502785e-54,6.16489548816154e-52,TRUE
260941,"chr7",138909096,138910196,1101,"*","chr7:138909096-138910196",2845,8693,3.59135970183053e-10,1.83983591282302e-09,TRUE
268519,"chr8",64947002,64948008,1007,"*","chr8:64947002-64948008",2845,8914,0.775298979871937,0.836894408324629,FALSE
272499,"chr8",94702749,94704557,1809,"*","chr8:94702749-94704557",2845,9099,0.0136853367535357,0.0234820465915163,TRUE
16341,"chr1",163779459,163780130,672,"*","chr1:163779459-163780130",2844,452,0.199668548168978,0.261963458631564,FALSE
53479,"chr11",111064858,111066834,1977,"*","chr11:111064858-111066834",2844,1879,2.70715741223175e-07,9.75200796913455e-07,TRUE
217302,"chr5",77265062,77266994,1933,"*","chr5:77265062-77266994",2844,7116,0.0137821141920253,0.0236237816112877,TRUE
217714,"chr5",88586972,88588099,1128,"*","chr5:88586972-88588099",2844,7128,0.639936006211961,0.71405490539161,FALSE
265783,"chr8",34806570,34807819,1250,"*","chr8:34806570-34807819",2844,8859,3.49963671864551e-15,3.07525194960063e-14,TRUE
286238,"chr9",65671162,65672181,1020,"*","chr9:65671162-65672181",2844,9571,1.66652141259053e-08,6.94963057794216e-08,TRUE
30445,"chr10",79815517,79816570,1054,"*","chr10:79815517-79816570",2843,852,0.106232128070161,0.149454316362073,FALSE
236419,"chr6",86584570,86585790,1221,"*","chr6:86584570-86585790",2843,7778,0.0156886883551329,0.0265011627620489,TRUE
14008,"chr1",143702238,143703473,1236,"*","chr1:143702238-143703473",2842,389,0.000502989399250038,0.00113747037369977,TRUE
171296,"chr2",163994758,163995866,1109,"*","chr2:163994758-163995866",2842,5630,0.27513544290291,0.346780240613701,FALSE
261399,"chr7",141561827,141562579,753,"*","chr7:141561827-141562579",2842,8726,5.08050597160583e-17,5.33666593656074e-16,TRUE
56238,"chr12",4907060,4908098,1039,"*","chr12:4907060-4908098",2840,2015,1.91917133633897e-09,8.88505248305077e-09,TRUE
62671,"chr12",75818044,75819984,1941,"*","chr12:75818044-75819984",2840,2156,0.00108459511958967,0.00231652097306637,TRUE
202021,"chr4",116807253,116808062,810,"*","chr4:116807253-116808062",2840,6514,5.90118352356613e-07,2.04193201507479e-06,TRUE
161858,"chr2",91710281,91711241,961,"*","chr2:91710281-91711241",2839,5327,0.0508655821984974,0.0774917461890577,FALSE
270863,"chr8",84663873,84664507,635,"*","chr8:84663873-84664507",2839,9039,3.78307524175343e-09,1.6903821455556e-08,TRUE
46632,"chr11",75486513,75487169,657,"*","chr11:75486513-75487169",2838,1535,1.00396901093294e-05,2.93901935284819e-05,TRUE
145968,"chr19",28621521,28622592,1072,"*","chr19:28621521-28622592",2838,4821,0.0565331598230934,0.0850122704106667,FALSE
154779,"chr2",30707367,30708827,1461,"*","chr2:30707367-30708827",2838,5126,0.0209748226870075,0.0345890875445375,TRUE
167006,"chr2",132577522,132578641,1120,"*","chr2:132577522-132578641",2838,5497,4.79956440450936e-12,2.98852079981903e-11,TRUE
215708,"chr5",66014075,66015055,981,"*","chr5:66014075-66015055",2838,7079,0.978289335795663,1,FALSE
223602,"chr5",124444786,124447060,2275,"*","chr5:124444786-124447060",2838,7334,0.740230717318268,0.806703048515986,FALSE
42099,"chr11",48837123,48838988,1866,"*","chr11:48837123-48838988",2836,1291,0.0180206281296363,0.0301046243395195,TRUE
57637,"chr12",17746815,17748348,1534,"*","chr12:17746815-17748348",2836,2041,0.000123322285703981,0.000309078410285667,TRUE
250477,"chr7",66079340,66080248,909,"*","chr7:66079340-66080248",2836,8359,6.15820061845625e-11,3.41742542644631e-10,TRUE
26336,"chr10",44267981,44268981,1001,"*","chr10:44267981-44268981",2835,711,0.753852114425102,0.818514782220523,FALSE
76274,"chr13",58122907,58123914,1008,"*","chr13:58122907-58123914",2835,2541,0.00394504676968229,0.00762475216405545,TRUE
101103,"chr15",57975387,57976869,1483,"*","chr15:57975387-57976869",2835,3212,0.000322160131858877,0.000751656863879789,TRUE
129897,"chr17",79895177,79896531,1355,"*","chr17:79895177-79896531",2835,4287,0.756636743201172,0.820469250922979,FALSE
55527,"chr11",120150926,120151798,873,"*","chr11:120150926-120151798",2834,1957,1.09413605937322e-11,6.51271463912631e-11,TRUE
83860,"chr14",12112496,12113225,730,"*","chr14:12112496-12113225",2834,2745,0.0626594894379315,0.0935216260267635,FALSE
178343,"chr3",52101901,52103464,1564,"*","chr3:52101901-52103464",2834,5829,0.808881022734374,0.866596338905479,FALSE
208217,"chr4",150220755,150221850,1096,"*","chr4:150220755-150221850",2834,6816,9.96170924156829e-05,0.000254384812093164,TRUE
236291,"chr6",85915351,85916533,1183,"*","chr6:85915351-85916533",2834,7766,3.58075053513913e-05,9.75681344724559e-05,TRUE
160525,"chr2",75831870,75832926,1057,"*","chr2:75831870-75832926",2833,5289,0.356803070211686,0.435444313170229,FALSE
170793,"chr2",160366665,160368320,1656,"*","chr2:160366665-160368320",2833,5613,0.000188342553870195,0.000458924351535564,TRUE
182944,"chr3",95280901,95282173,1273,"*","chr3:95280901-95282173",2833,5967,0.0231172925916637,0.0377733539079473,TRUE
200361,"chr4",105108578,105110455,1878,"*","chr4:105108578-105110455",2833,6447,6.53317696346327e-05,0.000170312225324903,TRUE
264895,"chr8",25840360,25841913,1554,"*","chr8:25840360-25841913",2833,8833,7.51884074900813e-12,4.57350410523609e-11,TRUE
297685,"chrX",95444029,95445720,1692,"*","chrX:95444029-95445720",2833,9946,0.0289177763081633,0.0464020800837024,TRUE
88429,"chr14",49065835,49067100,1266,"*","chr14:49065835-49067100",2832,2886,0.0010227670615503,0.00219195684001351,TRUE
124915,"chr17",35979111,35980910,1800,"*","chr17:35979111-35980910",2832,4131,0.422212000806984,0.503352409164263,FALSE
156443,"chr2",38925396,38927119,1724,"*","chr2:38925396-38927119",2832,5208,0.00427203856573985,0.00818421986019804,TRUE
237483,"chr6",91746069,91747252,1184,"*","chr6:91746069-91747252",2832,7828,0.184713744798387,0.24465396662038,FALSE
35800,"chr10",120978112,120979861,1750,"*","chr10:120978112-120979861",2831,1055,0.043145070932335,0.0666230249109558,FALSE
53465,"chr11",110967190,110968344,1155,"*","chr11:110967190-110968344",2831,1877,0.0192315517056343,0.0319460991787945,TRUE
109539,"chr16",10542760,10543503,744,"*","chr16:10542760-10543503",2831,3594,0.00628478548696111,0.0116126856743553,TRUE
110706,"chr16",18348045,18348580,536,"*","chr16:18348045-18348580",2831,3654,0.000373891784122318,0.000863092761131851,TRUE
146857,"chr19",34526847,34527883,1037,"*","chr19:34526847-34527883",2830,4846,1.23231418086165e-06,4.10224427716929e-06,TRUE
276833,"chr8",123982444,123983476,1033,"*","chr8:123982444-123983476",2830,9261,0.043917717518264,0.0677533439035236,FALSE
83677,"chr14",11160810,11161482,673,"*","chr14:11160810-11161482",2829,2741,0.000113644125353904,0.000286980114530061,TRUE
203257,"chr4",124801939,124802903,965,"*","chr4:124801939-124802903",2829,6569,0.0408824826693419,0.063423026170248,FALSE
206152,"chr4",138367739,138368900,1162,"*","chr4:138367739-138368900",2829,6723,0.00699954130785984,0.0127589159822454,TRUE
86548,"chr14",30650979,30651589,611,"*","chr14:30650979-30651589",2827,2834,0.284150837286343,0.356615006634467,FALSE
166597,"chr2",130563112,130564133,1022,"*","chr2:130563112-130564133",2827,5481,2.5109692643995e-11,1.45142732046214e-10,TRUE
59620,"chr12",38778269,38780577,2309,"*","chr12:38778269-38780577",2826,2087,1.33844327277854e-05,3.85940966775819e-05,TRUE
143998,"chr19",12595621,12597542,1922,"*","chr19:12595621-12597542",2826,4773,0.00211973699393102,0.00431191414550654,TRUE
124599,"chr17",34586921,34587972,1052,"*","chr17:34586921-34587972",2825,4094,7.98272989051686e-07,2.71336841961824e-06,TRUE
135182,"chr18",35829650,35830860,1211,"*","chr18:35829650-35830860",2824,4431,4.01718044540516e-17,4.23753211540629e-16,TRUE
151535,"chr2",5895062,5895843,782,"*","chr2:5895062-5895843",2823,5007,4.24612070621767e-26,1.01581835076978e-24,TRUE
257317,"chr7",116443122,116444094,973,"*","chr7:116443122-116444094",2823,8563,0.000886645750336943,0.00192665308634712,TRUE
6704,"chr1",74008528,74009534,1007,"*","chr1:74008528-74009534",2822,168,0.507786450691619,0.588942763502225,FALSE
30005,"chr10",77128010,77128588,579,"*","chr10:77128010-77128588",2822,826,0.0122477217582035,0.0212486498233927,TRUE
74780,"chr13",49420816,49421999,1184,"*","chr13:49420816-49421999",2822,2489,8.92322182229628e-17,8.99206670178565e-16,TRUE
88355,"chr14",48446093,48447004,912,"*","chr14:48446093-48447004",2822,2884,0.0849174012656477,0.122535932562262,FALSE
111003,"chr16",20672578,20673808,1231,"*","chr16:20672578-20673808",2822,3667,1.29553851395977e-23,2.44441229049013e-22,TRUE
45575,"chr11",69323710,69324326,617,"*","chr11:69323710-69324326",2821,1444,0.00222294908670058,0.00450536904479241,TRUE
193587,"chr4",41755072,41756476,1405,"*","chr4:41755072-41756476",2821,6279,0.00105067274526787,0.00224887145819322,TRUE
225611,"chr5",137741087,137742095,1009,"*","chr5:137741087-137742095",2821,7423,0.23522481946569,0.303046662542759,FALSE
248331,"chr7",38182745,38184473,1729,"*","chr7:38182745-38184473",2821,8245,2.38205981664965e-24,4.84158499319035e-23,TRUE
273422,"chr8",105636136,105637745,1610,"*","chr8:105636136-105637745",2821,9135,9.8716298954277e-05,0.000252213334068158,TRUE
38071,"chr11",8523612,8524344,733,"*","chr11:8523612-8524344",2820,1191,0.000216022276827163,0.00052058676624874,TRUE
78830,"chr13",90089153,90090216,1064,"*","chr13:90089153-90090216",2820,2615,4.62995468422076e-15,4.00515111091762e-14,TRUE
136578,"chr18",46741420,46742771,1352,"*","chr18:46741420-46742771",2820,4484,0.168051248477769,0.224847803689817,FALSE
285065,"chr9",60794006,60795281,1276,"*","chr9:60794006-60795281",2820,9522,0.208408922743266,0.27171958636671,FALSE
107696,"chr15",99771730,99773467,1738,"*","chr15:99771730-99773467",2819,3495,8.29428876276913e-05,0.000213880576657275,TRUE
201365,"chr4",109665367,109667435,2069,"*","chr4:109665367-109667435",2819,6483,0.000187469032122314,0.000457018605856446,TRUE
67743,"chr12",110737503,110738558,1056,"*","chr12:110737503-110738558",2818,2302,5.17585338517435e-23,9.17704500917437e-22,TRUE
101087,"chr15",57912046,57912747,702,"*","chr15:57912046-57912747",2818,3211,0.0154800258682589,0.0262106770542818,TRUE
255476,"chr7",101663581,101664267,687,"*","chr7:101663581-101664267",2818,8501,1.671368050559e-15,1.50573698248559e-14,TRUE
255862,"chr7",108934042,108934933,892,"*","chr7:108934042-108934933",2818,8520,0.472076939145349,0.552653873970204,FALSE
1239,"chr1",21078906,21079968,1063,"*","chr1:21078906-21079968",2817,32,7.58689096193174e-23,1.31716856977982e-21,TRUE
193910,"chr4",44756053,44757202,1150,"*","chr4:44756053-44757202",2817,6304,1.33999159402e-11,7.92894434331362e-11,TRUE
46342,"chr11",73325985,73327093,1109,"*","chr11:73325985-73327093",2816,1512,0.203250344879799,0.266113749636931,FALSE
159345,"chr2",69585477,69586589,1113,"*","chr2:69585477-69586589",2816,5260,1.66869075986874e-06,5.47830190370564e-06,TRUE
217790,"chr5",89027650,89028438,789,"*","chr5:89027650-89028438",2816,7135,0.0362534398430923,0.0568949150079917,FALSE
289396,"chr9",88522720,88523696,977,"*","chr9:88522720-88523696",2816,9647,0.00226747471315064,0.00458260855527615,TRUE
92734,"chr14",78536512,78537448,937,"*","chr14:78536512-78537448",2815,3036,6.74851877711836e-15,5.70135134522082e-14,TRUE
218273,"chr5",92434603,92435647,1045,"*","chr5:92434603-92435647",2815,7146,2.47949120410245e-07,8.97066282236778e-07,TRUE
221419,"chr5",114130419,114131496,1078,"*","chr5:114130419-114131496",2815,7229,0.00113548640263279,0.00241592851623998,TRUE
247542,"chr7",30599864,30600564,701,"*","chr7:30599864-30600564",2815,8218,0.00171144950811975,0.00353751448557203,TRUE
250711,"chr7",67222262,67222944,683,"*","chr7:67222262-67222944",2815,8363,0.0481999177788218,0.0737227252658639,FALSE
124455,"chr17",33817202,33818432,1231,"*","chr17:33817202-33818432",2814,4076,0.0562199487098322,0.0846685974545666,FALSE
165988,"chr2",127362458,127363570,1113,"*","chr2:127362458-127363570",2814,5455,0.000762282555817537,0.00167020717751432,TRUE
19307,"chr1",183296665,183298626,1962,"*","chr1:183296665-183298626",2813,549,0.00352642688037692,0.00687680748903455,TRUE
69259,"chr13",6547618,6548528,911,"*","chr13:6547618-6548528",2813,2345,9.63289663558728e-16,8.90286195525627e-15,TRUE
199588,"chr4",100123584,100124530,947,"*","chr4:100123584-100124530",2813,6432,0.146203895435541,0.198408622685004,FALSE
240358,"chr6",114968526,114969514,989,"*","chr6:114968526-114969514",2813,7881,0.0863666224172316,0.124427505192599,FALSE
17644,"chr1",171502410,171504357,1948,"*","chr1:171502410-171504357",2812,499,3.97542457866562e-07,1.40177171321073e-06,TRUE
74819,"chr13",49681871,49682560,690,"*","chr13:49681871-49682560",2812,2491,0.000111686255829145,0.000282606922644598,TRUE
109738,"chr16",11365552,11366342,791,"*","chr16:11365552-11366342",2812,3606,3.05080848795914e-05,8.40443109630617e-05,TRUE
268960,"chr8",69973738,69975390,1653,"*","chr8:69973738-69975390",2812,8929,7.1399706172651e-15,5.99814001492776e-14,TRUE
147147,"chr19",37074235,37075369,1135,"*","chr19:37074235-37075369",2811,4855,7.14618949272634e-10,3.51682553775903e-09,TRUE
56219,"chr12",4768483,4769636,1154,"*","chr12:4768483-4769636",2810,2012,2.63803998430183e-06,8.42286074170445e-06,TRUE
98508,"chr15",31407094,31408142,1049,"*","chr15:31407094-31408142",2810,3145,0.19237020874744,0.253452185437997,FALSE
241857,"chr6",124903637,124905024,1388,"*","chr6:124903637-124905024",2810,7933,0.549319292313887,0.627076817709917,FALSE
90463,"chr14",64440118,64441297,1180,"*","chr14:64440118-64441297",2809,2974,0.0812800511050809,0.117865503342635,FALSE
208758,"chr4",152325501,152326520,1020,"*","chr4:152325501-152326520",2809,6847,0.000946770224890771,0.00204045307088528,TRUE
217321,"chr5",77357516,77358952,1437,"*","chr5:77357516-77358952",2809,7118,3.87138900530001e-07,1.36701589170198e-06,TRUE
242625,"chr6",128798934,128800044,1111,"*","chr6:128798934-128800044",2809,7960,0.292821138213454,0.3663928155824,FALSE
247914,"chr7",35143845,35144454,610,"*","chr7:35143845-35144454",2809,8233,0.00153912233415757,0.00320383500032799,TRUE
291992,"chr9",108853840,108854939,1100,"*","chr9:108853840-108854939",2809,9772,0.361987885014988,0.441125865238835,FALSE
14343,"chr1",151158058,151159656,1599,"*","chr1:151158058-151159656",2808,394,0.901616398585595,0.949472353660988,FALSE
75075,"chr13",51846173,51847036,864,"*","chr13:51846173-51847036",2808,2498,1.07187667111273e-12,7.19380316183038e-12,TRUE
76628,"chr13",60110099,60111063,965,"*","chr13:60110099-60111063",2808,2549,5.35885490187757e-07,1.8671968299225e-06,TRUE
101508,"chr15",59665497,59666292,796,"*","chr15:59665497-59666292",2808,3227,0.00689437726866094,0.0125809804172645,TRUE
230532,"chr6",31216279,31217211,933,"*","chr6:31216279-31217211",2808,7579,2.10168527586439e-48,2.44382008821441e-46,TRUE
138498,"chr18",61176429,61177640,1212,"*","chr18:61176429-61177640",2807,4516,0.000110229332553515,0.000279061601401304,TRUE
75377,"chr13",53067572,53069015,1444,"*","chr13:53067572-53069015",2806,2507,0.525049160373129,0.604895346051991,FALSE
105379,"chr15",84987510,84988941,1432,"*","chr15:84987510-84988941",2806,3397,0.047379742083629,0.0725348164170682,FALSE
203873,"chr4",129057838,129059596,1759,"*","chr4:129057838-129059596",2806,6597,2.28033050480246e-14,1.82426440384197e-13,TRUE
29747,"chr10",75772880,75773877,998,"*","chr10:75772880-75773877",2805,804,5.97511341046257e-12,3.68834161139665e-11,TRUE
31132,"chr10",83359573,83360718,1146,"*","chr10:83359573-83360718",2805,943,0.00395039212558716,0.00763213316380827,TRUE
49936,"chr11",94403637,94405378,1742,"*","chr11:94403637-94405378",2805,1683,0.1534640587869,0.207121666554572,FALSE
58810,"chr12",31263997,31264576,580,"*","chr12:31263997-31264576",2805,2069,0.394928806869265,0.474674046717867,FALSE
3374,"chr1",42741648,42742760,1113,"*","chr1:42741648-42742760",2804,79,0.569518418935001,0.646152052342864,FALSE
267338,"chr8",47974119,47975471,1353,"*","chr8:47974119-47975471",2804,8892,0.828122948396388,0.884368804353255,FALSE
276517,"chr8",122550668,122552025,1358,"*","chr8:122550668-122552025",2804,9244,1.98190643358123e-13,1.4382485004218e-12,TRUE
4093,"chr1",52277971,52278798,828,"*","chr1:52277971-52278798",2803,99,0.00866410765319545,0.0154716208092776,TRUE
73975,"chr13",45001083,45002775,1693,"*","chr13:45001083-45002775",2803,2466,0.304936865859421,0.380125736548767,FALSE
105528,"chr15",85653037,85654663,1627,"*","chr15:85653037-85654663",2803,3402,0.131386522166066,0.180277884421056,FALSE
225620,"chr5",137778519,137779813,1295,"*","chr5:137778519-137779813",2803,7425,0.000254922702328296,0.000606092967970272,TRUE
47377,"chr11",78550222,78551226,1005,"*","chr11:78550222-78551226",2802,1578,0.737545679472214,0.804653806973832,FALSE
241864,"chr6",124917952,124918499,548,"*","chr6:124917952-124918499",2802,7934,7.79484847704472e-16,7.24428297123115e-15,TRUE
255721,"chr7",105640087,105641079,993,"*","chr7:105640087-105641079",2802,8515,0.00309080920163819,0.00610590517905609,TRUE
106018,"chr15",89178953,89179829,877,"*","chr15:89178953-89179829",2801,3431,0.0542515676657933,0.0820253517777341,FALSE
2874,"chr1",39367425,39368414,990,"*","chr1:39367425-39368414",2799,71,0.00228526832072813,0.00461670367823864,TRUE
36912,"chr10",128458515,128459976,1462,"*","chr10:128458515-128459976",2798,1110,1.39796321861925e-05,4.01944571195875e-05,TRUE
44989,"chr11",65806551,65807723,1173,"*","chr11:65806551-65807723",2798,1420,0.0316163789238152,0.0503285242340261,FALSE
56039,"chr12",3806182,3807644,1463,"*","chr12:3806182-3807644",2798,2008,4.67904181954062e-15,4.02671413041361e-14,TRUE
142823,"chr19",5366240,5367276,1037,"*","chr19:5366240-5367276",2798,4657,0.247840499066055,0.316647402958177,FALSE
148683,"chr19",46304332,46305045,714,"*","chr19:46304332-46305045",2798,4920,2.37839295116782e-06,7.65248697286944e-06,TRUE
193492,"chr4",41314130,41315402,1273,"*","chr4:41314130-41315402",2798,6272,0.404399485135227,0.483847194466651,FALSE
253286,"chr7",83882909,83885078,2170,"*","chr7:83882909-83885078",2798,8427,9.34820467490742e-09,4.02318199615853e-08,TRUE
79613,"chr13",95324981,95326168,1188,"*","chr13:95324981-95326168",2797,2636,1.21670201309093e-15,1.11012957398807e-14,TRUE
30438,"chr10",79801907,79802886,980,"*","chr10:79801907-79802886",2796,850,0.0772066018807575,0.112513264180643,FALSE
246766,"chr7",25680317,25681388,1072,"*","chr7:25680317-25681388",2796,8146,0.0307074834404749,0.0490534879240813,TRUE
69393,"chr13",9011802,9012089,288,"*","chr13:9011802-9012089",2795,2349,1.47872109178883e-25,3.43888625997403e-24,TRUE
164476,"chr2",117119677,117121722,2046,"*","chr2:117119677-117121722",2795,5385,0.217596590907371,0.281860869050999,FALSE
273302,"chr8",105170254,105171855,1602,"*","chr8:105170254-105171855",2795,9126,0.283132335642939,0.355604541124013,FALSE
277614,"chr8",126944891,126946375,1485,"*","chr8:126944891-126946375",2795,9287,2.01594617846049e-19,2.64559865939697e-18,TRUE
282675,"chr9",45954236,45955832,1597,"*","chr9:45954236-45955832",2795,9447,3.15637109476616e-07,1.12566729485241e-06,TRUE
69080,"chr13",4608753,4609617,865,"*","chr13:4608753-4609617",2794,2342,0.000599972987258121,0.0013362427333143,TRUE
86671,"chr14",31250715,31252048,1334,"*","chr14:31250715-31252048",2794,2842,3.28626633909469e-11,1.87572279628692e-10,TRUE
89096,"chr14",55671725,55672623,899,"*","chr14:55671725-55672623",2794,2930,1.38684158908761e-84,1.73355198635951e-81,TRUE
261341,"chr7",141340110,141341058,949,"*","chr7:141340110-141341058",2794,8718,0.0207069794071884,0.0341586595301689,TRUE
54707,"chr11",117114468,117115816,1349,"*","chr11:117114468-117115816",2793,1929,1.70250243740556e-37,1.07753318823137e-35,TRUE
127033,"chr17",55958939,55959822,884,"*","chr17:55958939-55959822",2793,4204,0.946356535488278,0.990534368315133,FALSE
283975,"chr9",54916967,54917804,838,"*","chr9:54916967-54917804",2793,9484,0.00934769086753348,0.0165621737553747,TRUE
36832,"chr10",128035313,128036535,1223,"*","chr10:128035313-128036535",2792,1096,0.107322392023461,0.15056452304077,FALSE
83708,"chr14",11552765,11555188,2424,"*","chr14:11552765-11555188",2791,2743,1.11075239725496e-10,5.99758313852568e-10,TRUE
103359,"chr15",76080479,76081356,878,"*","chr15:76080479-76081356",2791,3276,0.00778354351252835,0.0140294583859559,TRUE
163366,"chr2",105223788,105224816,1029,"*","chr2:105223788-105224816",2791,5365,0.820727924527504,0.877596155397246,FALSE
172318,"chr2",167661474,167662132,659,"*","chr2:167661474-167662132",2791,5674,7.88684178308059e-37,4.63931869592976e-35,TRUE
290549,"chr9",99629268,99630575,1308,"*","chr9:99629268-99630575",2791,9686,0.546460520777536,0.624669090966547,FALSE
294342,"chr9",122351363,122352491,1129,"*","chr9:122351363-122352491",2791,9848,0.000416550467287608,0.000954515277927609,TRUE
146245,"chr19",29948048,29948986,939,"*","chr19:29948048-29948986",2790,4832,2.56948382178791e-07,9.28281727524534e-07,TRUE
204751,"chr4",133101792,133104753,2962,"*","chr4:133101792-133104753",2790,6649,4.80193393563539e-14,3.73400772599952e-13,TRUE
225163,"chr5",135707900,135708539,640,"*","chr5:135707900-135708539",2790,7395,4.10704075220848e-22,6.75500123718499e-21,TRUE
265530,"chr8",33731696,33732627,932,"*","chr8:33731696-33732627",2790,8851,0.229958683056127,0.296797474259328,FALSE
166010,"chr2",127415670,127416472,803,"*","chr2:127415670-127416472",2789,5458,2.66541970986422e-07,9.6085786224377e-07,TRUE
203264,"chr4",124849726,124851559,1834,"*","chr4:124849726-124851559",2789,6570,0.0230100545992908,0.0376227184422675,TRUE
269361,"chr8",71950680,71951443,764,"*","chr8:71950680-71951443",2789,8982,0.000828552075360725,0.00180748707539425,TRUE
16209,"chr1",162739592,162740998,1407,"*","chr1:162739592-162740998",2788,446,1.72268467429411e-05,4.89955823178076e-05,TRUE
84599,"chr14",20158842,20160391,1550,"*","chr14:20158842-20160391",2788,2759,0.0537886808580119,0.0814239795004721,FALSE
199014,"chr4",95793679,95795804,2126,"*","chr4:95793679-95795804",2787,6412,0.647671624395398,0.721003630118789,FALSE
132935,"chr18",12168047,12169337,1291,"*","chr18:12168047-12169337",2786,4363,1.20982974961757e-05,3.50675289744224e-05,TRUE
154060,"chr2",27441949,27443096,1148,"*","chr2:27441949-27443096",2786,5086,6.57635904686621e-12,4.03457610237191e-11,TRUE
209033,"chr4",154160285,154161189,905,"*","chr4:154160285-154161189",2786,6854,2.72622632102798e-10,1.4081747525971e-09,TRUE
241130,"chr6",119388186,119389263,1078,"*","chr6:119388186-119389263",2786,7898,0.0010119285307737,0.00217058886909845,TRUE
265372,"chr8",31520895,31521594,700,"*","chr8:31520895-31521594",2786,8845,0.00113808662421302,0.00242043093197153,TRUE
37587,"chr11",5541856,5542670,815,"*","chr11:5541856-5542670",2785,1171,6.47920667236647e-08,2.5230555577751e-07,TRUE
76793,"chr13",60736075,60737075,1001,"*","chr13:60736075-60737075",2785,2556,0.000255508664286582,0.000606774647547307,TRUE
175481,"chr3",20057505,20058290,786,"*","chr3:20057505-20058290",2785,5764,6.434316149935e-11,3.5666940964163e-10,TRUE
282,"chr1",9699855,9701074,1220,"*","chr1:9699855-9701074",2784,12,8.31221994098803e-05,0.000214232472705877,TRUE
113804,"chr16",36071205,36072587,1383,"*","chr16:36071205-36072587",2784,3741,0.102316943894381,0.144311627495601,FALSE
114572,"chr16",43334508,43336413,1906,"*","chr16:43334508-43336413",2784,3756,4.80597902532567e-07,1.68512588545781e-06,TRUE
248767,"chr7",44670729,44671426,698,"*","chr7:44670729-44671426",2784,8275,0.627084739225853,0.701437068485294,FALSE
127053,"chr17",56036406,56037126,721,"*","chr17:56036406-56037126",2783,4206,6.00970021700467e-25,1.31791671425541e-23,TRUE
273433,"chr8",105700620,105702003,1384,"*","chr8:105700620-105702003",2783,9136,0.0957264009528751,0.136090987991008,FALSE
298121,"chrX",101532510,101533145,636,"*","chrX:101532510-101533145",2783,9955,0.000777582737273499,0.00170149395464661,TRUE
158077,"chr2",59611340,59614047,2708,"*","chr2:59611340-59614047",2782,5238,0.00106880040814013,0.00228434284025872,TRUE
171090,"chr2",162986949,162987773,825,"*","chr2:162986949-162987773",2782,5620,0.0155171450132701,0.0262557445232996,TRUE
2213,"chr1",36068094,36068917,824,"*","chr1:36068094-36068917",2781,46,5.95297321822604e-35,2.78176318608694e-33,TRUE
237145,"chr6",90369284,90370669,1386,"*","chr6:90369284-90370669",2781,7804,0.609723099534889,0.685698492504374,FALSE
106660,"chr15",94543153,94544260,1108,"*","chr15:94543153-94544260",2780,3448,1.2186049398051e-24,2.53876029126062e-23,TRUE
149536,"chr19",53329239,53330644,1406,"*","chr19:53329239-53330644",2780,4949,3.09201807586672e-10,1.59218232536906e-09,TRUE
235874,"chr6",83455653,83457991,2339,"*","chr6:83455653-83457991",2780,7749,4.81576564467713e-05,0.00012859008671661,TRUE
54973,"chr11",117968653,117970352,1700,"*","chr11:117968653-117970352",2779,1938,0.0821627850905057,0.119041995205021,FALSE
96836,"chr15",8967532,8968894,1363,"*","chr15:8967532-8968894",2779,3108,3.3489169833596e-15,2.95840722911625e-14,TRUE
184778,"chr3",106547346,106548764,1419,"*","chr3:106547346-106548764",2779,6056,0.0784371493643018,0.11409134063865,FALSE
276691,"chr8",123235673,123236833,1161,"*","chr8:123235673-123236833",2779,9251,0.117961908248429,0.163472710987291,FALSE
25598,"chr10",40302225,40302714,490,"*","chr10:40302225-40302714",2778,681,0.00320868374449841,0.0063088551799025,TRUE
45653,"chr11",69662209,69663156,948,"*","chr11:69662209-69663156",2778,1456,2.69742914556933e-05,7.47624486022543e-05,TRUE
235781,"chr6",83077789,83079078,1290,"*","chr6:83077789-83079078",2778,7738,2.51451052502572e-11,1.45179591514187e-10,TRUE
252451,"chr7",79659826,79660569,744,"*","chr7:79659826-79660569",2778,8393,0.0527918297516816,0.0800361275798689,FALSE
81163,"chr13",103773724,103774974,1251,"*","chr13:103773724-103774974",2777,2671,0.0552143617546445,0.083405380294025,FALSE
125833,"chr17",46031944,46033156,1213,"*","chr17:46031944-46033156",2777,4163,4.54280986157687e-06,1.3943553902937e-05,TRUE
164724,"chr2",118510344,118511052,709,"*","chr2:118510344-118511052",2777,5389,0.760756975188834,0.824043517318928,FALSE
192502,"chr4",28812803,28813460,658,"*","chr4:28812803-28813460",2777,6240,2.86799121174731e-12,1.83141201261003e-11,TRUE
245611,"chr7",4792617,4793303,687,"*","chr7:4792617-4793303",2777,8038,0.818071104128744,0.875205499069778,FALSE
247292,"chr7",29281160,29282626,1467,"*","chr7:29281160-29282626",2777,8198,0.000676767459593709,0.00149594929176328,TRUE
259881,"chr7",132723955,132724564,610,"*","chr7:132723955-132724564",2776,8679,0.000504248493389861,0.00113980220024833,TRUE
117940,"chr16",87432273,87432999,727,"*","chr16:87432273-87432999",2775,3817,0.0459815626065544,0.0705888280726964,FALSE
271862,"chr8",91069701,91071073,1373,"*","chr8:91069701-91071073",2775,9078,7.5204260433861e-15,6.27748417644916e-14,TRUE
51727,"chr11",101983882,101985263,1382,"*","chr11:101983882-101985263",2774,1795,3.83670519817303e-05,0.000104088583781146,TRUE
172250,"chr2",167421361,167422352,992,"*","chr2:167421361-167422352",2774,5668,0.514778791982761,0.595505864085252,FALSE
282360,"chr9",44488387,44489586,1200,"*","chr9:44488387-44489586",2774,9430,0.000855778795274329,0.00186362978064967,TRUE
38117,"chr11",8634607,8635472,866,"*","chr11:8634607-8635472",2773,1192,0.755388377236271,0.819503146324933,FALSE
39475,"chr11",22847385,22848642,1258,"*","chr11:22847385-22848642",2773,1227,0.0876255382164733,0.125934950009303,FALSE
93701,"chr14",99099441,99100254,814,"*","chr14:99099441-99100254",2773,3051,0.000646010961779766,0.00143112751834241,TRUE
95532,"chr14",121034687,121036583,1897,"*","chr14:121034687-121036583",2773,3081,0.000625474559579087,0.00138994346573131,TRUE
269458,"chr8",72443588,72444231,644,"*","chr8:72443588-72444231",2773,8988,3.14856284235336e-10,1.61963109174556e-09,TRUE
122869,"chr17",26972698,26973588,891,"*","chr17:26972698-26973588",2772,4003,0.699273983628216,0.768765845160497,FALSE
235626,"chr6",82041084,82043255,2172,"*","chr6:82041084-82043255",2772,7734,0.0027538788921163,0.00549111935247898,TRUE
242632,"chr6",128838293,128839950,1658,"*","chr6:128838293-128839950",2772,7962,0.00867966463844194,0.0154938676159264,TRUE
255569,"chr7",102266788,102268406,1619,"*","chr7:102266788-102268406",2772,8510,0.000678610612293641,0.00149869834870504,TRUE
261536,"chr7",142387534,142388410,877,"*","chr7:142387534-142388410",2772,8730,7.63560114414586e-17,7.85555673266035e-16,TRUE
17595,"chr1",171270012,171271121,1110,"*","chr1:171270012-171271121",2770,492,0.818142100530429,0.875205499069778,FALSE
208278,"chr4",150414394,150416193,1800,"*","chr4:150414394-150416193",2769,6820,0.000751565021616111,0.00164744634286741,TRUE
290383,"chr9",98563269,98564173,905,"*","chr9:98563269-98564173",2769,9680,0.532339085020698,0.611884005770917,FALSE
108876,"chr16",4789532,4790651,1120,"*","chr16:4789532-4790651",2768,3575,0.25847572877714,0.328098157879081,FALSE
151348,"chr2",4880911,4882899,1989,"*","chr2:4880911-4882899",2768,5001,0.0919128914783239,0.13149197636384,FALSE
188892,"chr3",144204725,144206078,1354,"*","chr3:144204725-144206078",2768,6168,0.600444678179292,0.676233789774579,FALSE
220061,"chr5",105792356,105794008,1653,"*","chr5:105792356-105794008",2768,7185,1.93276672433657e-07,7.1214691390441e-07,TRUE
286139,"chr9",65293766,65294845,1080,"*","chr9:65293766-65294845",2768,9565,1.55025490021812e-18,1.81528676840529e-17,TRUE
202390,"chr4",118427605,118428997,1393,"*","chr4:118427605-118428997",2767,6536,0.0306881100004925,0.0490382070957055,TRUE
271396,"chr8",88118553,88119255,703,"*","chr8:88118553-88119255",2767,9062,0.483422162505786,0.5642182102075,FALSE
240328,"chr6",114888888,114889546,659,"*","chr6:114888888-114889546",2766,7879,0.109220013796308,0.152669854342057,FALSE
257950,"chr7",121034073,121035940,1868,"*","chr7:121034073-121035940",2766,8590,0.251998000046382,0.320934793742209,FALSE
256711,"chr7",112828192,112829090,899,"*","chr7:112828192-112829090",2765,8547,5.46381894950891e-05,0.000144240204580489,TRUE
282056,"chr9",43104712,43106556,1845,"*","chr9:43104712-43106556",2765,9404,0.00467085567477222,0.00887995375431981,TRUE
43606,"chr11",57998906,57999546,641,"*","chr11:57998906-57999546",2764,1361,0.213872443489555,0.277684294325571,FALSE
197788,"chr4",83323666,83324876,1211,"*","chr4:83323666-83324876",2764,6387,0.12385157413292,0.170971250873716,FALSE
221547,"chr5",114657522,114658827,1306,"*","chr5:114657522-114658827",2764,7234,0.277191719298917,0.348756566807898,FALSE
278311,"chr9",8003008,8005217,2210,"*","chr9:8003008-8005217",2764,9300,5.01001967692412e-10,2.5390146158732e-09,TRUE
65319,"chr12",91778101,91779578,1478,"*","chr12:91778101-91779578",2763,2239,0.0214166352984528,0.0352247291092974,TRUE
182511,"chr3",90513496,90515282,1787,"*","chr3:90513496-90515282",2763,5942,1.35072475319604e-23,2.52944710336338e-22,TRUE
246220,"chr7",18990681,18991543,863,"*","chr7:18990681-18991543",2763,8090,1.7253700288316e-10,9.15801501502975e-10,TRUE
19111,"chr1",182439383,182440417,1035,"*","chr1:182439383-182440417",2762,546,0.397690468782126,0.477419530350692,FALSE
182463,"chr3",90265083,90266402,1320,"*","chr3:90265083-90266402",2762,5936,0.0152433690820358,0.0258712985099046,TRUE
238383,"chr6",97446424,97447735,1312,"*","chr6:97446424-97447735",2762,7842,0.0709788383464265,0.104349953464314,FALSE
22290,"chr10",9900575,9902450,1876,"*","chr10:9900575-9902450",2761,608,3.7817005326668e-30,1.20436322696395e-28,TRUE
44476,"chr11",62602425,62603359,935,"*","chr11:62602425-62603359",2761,1413,3.39702131928907e-15,2.99560962900271e-14,TRUE
47019,"chr11",76846749,76847481,733,"*","chr11:76846749-76847481",2761,1550,0.549046817879818,0.626908903722103,FALSE
134873,"chr18",34220670,34221933,1264,"*","chr18:34220670-34221933",2761,4407,0.441102110271794,0.522385256124815,FALSE
292128,"chr9",110131702,110132715,1014,"*","chr9:110131702-110132715",2761,9782,3.56483737074647e-09,1.5985817806038e-08,TRUE
278028,"chr8",128685199,128686651,1453,"*","chr8:128685199-128686651",2760,9293,0.000531247336135681,0.00119542604891017,TRUE
969,"chr1",16618717,16619781,1065,"*","chr1:16618717-16619781",2759,25,2.95112544993862e-16,2.82674851526688e-15,TRUE
123120,"chr17",27908749,27910540,1792,"*","chr17:27908749-27910540",2759,4012,2.79050284211743e-18,3.23724227623832e-17,TRUE
143273,"chr19",7240911,7241616,706,"*","chr19:7240911-7241616",2759,4722,8.00572610122663e-17,8.18581400943418e-16,TRUE
175108,"chr3",14578536,14579459,924,"*","chr3:14578536-14579459",2759,5753,0.439538723585591,0.520903915128693,FALSE
207809,"chr4",148903116,148903984,869,"*","chr4:148903116-148903984",2759,6798,0.1932196997524,0.254437318609955,FALSE
247122,"chr7",28596466,28597503,1038,"*","chr7:28596466-28597503",2759,8182,0.958891127102523,1,FALSE
8267,"chr1",86434122,86435017,896,"*","chr1:86434122-86435017",2758,230,5.92028006505858e-09,2.59206657839693e-08,TRUE
189304,"chr3",146404211,146405388,1178,"*","chr3:146404211-146405388",2758,6181,3.21357256225529e-15,2.84386952411973e-14,TRUE
231100,"chr6",34906622,34907626,1005,"*","chr6:34906622-34907626",2758,7591,0.13900392693988,0.189844205053101,FALSE
242685,"chr6",129180482,129181310,829,"*","chr6:129180482-129181310",2758,7964,0.0152848215925887,0.025932849665064,TRUE
269305,"chr8",71591731,71593065,1335,"*","chr8:71591731-71593065",2758,8978,0.315642621364508,0.391616155539092,FALSE
107553,"chr15",99294612,99295789,1178,"*","chr15:99294612-99295789",2757,3488,5.71010479840631e-24,1.11525484343873e-22,TRUE
117740,"chr16",85800840,85801890,1051,"*","chr16:85800840-85801890",2757,3813,6.4333681935796e-10,3.19749910217674e-09,TRUE
127246,"chr17",56989689,56990684,996,"*","chr17:56989689-56990684",2757,4224,6.32067415499651e-41,5.09731786693267e-39,TRUE
135386,"chr18",36801492,36802254,763,"*","chr18:36801492-36802254",2757,4452,3.30394008090381e-13,2.34654835291464e-12,TRUE
240619,"chr6",116207711,116208760,1050,"*","chr6:116207711-116208760",2757,7887,0.702187803623563,0.770819272973761,FALSE
281196,"chr9",35569745,35570756,1012,"*","chr9:35569745-35570756",2757,9382,3.28289416185801e-52,6.3132580035731e-50,TRUE
89609,"chr14",59200860,59201945,1086,"*","chr14:59200860-59201945",2756,2953,0.0192038625534156,0.0319107054726082,TRUE
49320,"chr11",88654592,88655446,855,"*","chr11:88654592-88655446",2755,1658,2.61098726129332e-05,7.25274239248144e-05,TRUE
124773,"chr17",35262684,35264077,1394,"*","chr17:35262684-35264077",2755,4114,1.25416560605864e-10,6.75735779126424e-10,TRUE
145514,"chr19",25221987,25222904,918,"*","chr19:25221987-25222904",2755,4808,0.289591760688941,0.362806014393562,FALSE
7382,"chr1",78657610,78658641,1032,"*","chr1:78657610-78658641",2754,209,0.00150422231326718,0.00314352085078443,TRUE
48500,"chr11",84818833,84819917,1085,"*","chr11:84818833-84819917",2754,1616,7.89871922608062e-07,2.68663919254443e-06,TRUE
206171,"chr4",138463104,138464450,1347,"*","chr4:138463104-138464450",2754,6725,1.66722353488231e-07,6.18504977408601e-07,TRUE
215620,"chr5",65536833,65538099,1267,"*","chr5:65536833-65538099",2754,7076,0.683582049642253,0.754172605518814,FALSE
295281,"chrX",12761558,12762664,1107,"*","chrX:12761558-12762664",2754,9886,2.28618530051084e-08,9.38499712853383e-08,TRUE
51112,"chr11",98937252,98938604,1353,"*","chr11:98937252-98938604",2753,1755,2.53442239848588e-14,2.01464419593472e-13,TRUE
143514,"chr19",8897546,8898600,1055,"*","chr19:8897546-8898600",2753,4742,0.483904500253611,0.5646493585223,FALSE
275952,"chr8",120538653,120539447,795,"*","chr8:120538653-120539447",2753,9227,1.78559352442409e-08,7.42141946975931e-08,TRUE
16935,"chr1",167393425,167394687,1263,"*","chr1:167393425-167394687",2752,477,0.00434089663303573,0.00829682078179611,TRUE
27864,"chr10",61452305,61453272,968,"*","chr10:61452305-61453272",2752,748,6.10545260805314e-12,3.75489090286171e-11,TRUE
86767,"chr14",31661647,31663291,1645,"*","chr14:31661647-31663291",2752,2846,1.32166784529775e-13,9.74681301842e-13,TRUE
90631,"chr14",65357696,65359391,1696,"*","chr14:65357696-65359391",2752,2980,0.778956263184198,0.839754488124404,FALSE
236715,"chr6",87850516,87851693,1178,"*","chr6:87850516-87851693",2752,7786,4.9757820560073e-09,2.20167347610942e-08,TRUE
264395,"chr8",23237390,23238146,757,"*","chr8:23237390-23238146",2752,8819,0.000392758954251929,0.000903309462400941,TRUE
269068,"chr8",70476616,70478062,1447,"*","chr8:70476616-70478062",2752,8941,0.33721397866088,0.415083676342786,FALSE
182896,"chr3",95106545,95107295,751,"*","chr3:95106545-95107295",2751,5961,0.0620529167427909,0.0926993079515849,FALSE
274536,"chr8",111853978,111854749,772,"*","chr8:111853978-111854749",2751,9187,0.907669150016351,0.954035263838923,FALSE
23401,"chr10",19907316,19908605,1290,"*","chr10:19907316-19908605",2750,635,0.283555271973162,0.356046298308843,FALSE
26124,"chr10",43220605,43222184,1580,"*","chr10:43220605-43222184",2750,705,0.902951724074908,0.950151662640895,FALSE
39985,"chr11",30230013,30230955,943,"*","chr11:30230013-30230955",2750,1248,0.758944705164704,0.822375602882698,FALSE
63629,"chr12",80643439,80644597,1159,"*","chr12:80643439-80644597",2750,2183,0.000226085051250762,0.000542170386692474,TRUE
89243,"chr14",56777512,56778979,1468,"*","chr14:56777512-56778979",2750,2939,0.89901947111744,0.947533169390219,FALSE
211948,"chr5",30907436,30908285,850,"*","chr5:30907436-30908285",2750,6957,0.383018381558979,0.462694348343778,FALSE
241829,"chr6",124808282,124809940,1659,"*","chr6:124808282-124809940",2750,7930,0.802987613792101,0.860835778079011,FALSE
120488,"chr17",6728122,6728880,759,"*","chr17:6728122-6728880",2749,3890,0.00130115167482616,0.00274157537890047,TRUE
125363,"chr17",43666826,43667634,809,"*","chr17:43666826-43667634",2749,4150,1.69054663946201e-12,1.10782872834994e-11,TRUE
141149,"chr18",77938141,77938801,661,"*","chr18:77938141-77938801",2748,4586,0.101952125009048,0.1439188664724,FALSE
208366,"chr4",150709554,150710257,704,"*","chr4:150709554-150710257",2748,6826,4.57435010011471e-08,1.81377878672272e-07,TRUE
247069,"chr7",28379007,28379765,759,"*","chr7:28379007-28379765",2748,8178,2.81911270195604e-16,2.71116480349537e-15,TRUE
169671,"chr2",154569250,154570523,1274,"*","chr2:154569250-154570523",2747,5568,0.172256552884304,0.230043473403184,FALSE
32016,"chr10",88730633,88731937,1305,"*","chr10:88730633-88731937",2746,970,1.93306130162688e-14,1.55390779873543e-13,TRUE
64540,"chr12",85374152,85375390,1239,"*","chr12:85374152-85375390",2746,2214,0.00138378874960768,0.00290834121397158,TRUE
206985,"chr4",141641352,141642612,1261,"*","chr4:141641352-141642612",2746,6759,0.0875474597785252,0.125895110409153,FALSE
3361,"chr1",42695506,42696116,611,"*","chr1:42695506-42696116",2745,78,1.0161511432424e-12,6.8658861029892e-12,TRUE
32989,"chr10",95415635,95417671,2037,"*","chr10:95415635-95417671",2745,990,3.98021265822413e-19,5.01286228995482e-18,TRUE
50920,"chr11",98149111,98150878,1768,"*","chr11:98149111-98150878",2744,1731,0.0428921895070593,0.0662939559614518,FALSE
140609,"chr18",75005592,75006208,617,"*","chr18:75005592-75006208",2744,4571,0.000195224903798883,0.000474537928533988,TRUE
291780,"chr9",107770522,107771457,936,"*","chr9:107770522-107771457",2744,9746,0.0169663773064462,0.0284861942687142,TRUE
242705,"chr6",129237252,129238746,1495,"*","chr6:129237252-129238746",2743,7966,0.159751465197126,0.214893012102671,FALSE
43211,"chr11",54902673,54903428,756,"*","chr11:54902673-54903428",2742,1350,0.486308763604228,0.567057793381796,FALSE
207175,"chr4",142238133,142240211,2079,"*","chr4:142238133-142240211",2742,6770,2.27000410179852e-07,8.25456037017644e-07,TRUE
179304,"chr3",58576467,58578194,1728,"*","chr3:58576467-58578194",2741,5843,0.0063440297023584,0.0117178236098234,TRUE
220557,"chr5",110285936,110286705,770,"*","chr5:110285936-110286705",2741,7212,5.38801406622892e-05,0.000142464676526413,TRUE
153830,"chr2",26481906,26482890,985,"*","chr2:26481906-26482890",2740,5073,0.0956448762459499,0.136013760304252,FALSE
202094,"chr4",117251658,117253267,1610,"*","chr4:117251658-117253267",2740,6523,0.122509352706925,0.169258569642063,FALSE
218948,"chr5",99252570,99253531,962,"*","chr5:99252570-99253531",2740,7157,0.0577091493283314,0.0866243610452287,FALSE
67437,"chr12",108757716,108758520,805,"*","chr12:108757716-108758520",2739,2292,0.00187540704825924,0.0038477781047584,TRUE
80622,"chr13",100786117,100787049,933,"*","chr13:100786117-100787049",2739,2663,0.000184095849676677,0.000449233405750798,TRUE
142667,"chr19",4557803,4558780,978,"*","chr19:4557803-4558780",2739,4639,0.000747977059567497,0.00164190580724843,TRUE
143751,"chr19",10576953,10578131,1179,"*","chr19:10576953-10578131",2739,4761,9.28692854355168e-06,2.73305725236953e-05,TRUE
278787,"chr9",14500278,14501022,745,"*","chr9:14500278-14501022",2739,9310,1.3514218316274e-05,3.89234398510197e-05,TRUE
25470,"chr10",39612998,39614274,1277,"*","chr10:39612998-39614274",2738,672,6.55918668354865e-08,2.55022810402358e-07,TRUE
110731,"chr16",18411847,18412510,664,"*","chr16:18411847-18412510",2738,3655,3.04348745516878e-05,8.38888493706939e-05,TRUE
178841,"chr3",54807219,54808453,1235,"*","chr3:54807219-54808453",2738,5837,0.479102669646043,0.55969938042762,FALSE
206415,"chr4",139310334,139312541,2208,"*","chr4:139310334-139312541",2738,6735,0.000905886316085379,0.00196419409385381,TRUE
12509,"chr1",132315946,132316529,584,"*","chr1:132315946-132316529",2737,342,4.25398867137948e-05,0.000114416048181266,TRUE
77995,"chr13",73763221,73764934,1714,"*","chr13:73763221-73764934",2737,2592,3.36829863212605e-07,1.1969789026745e-06,TRUE
232438,"chr6",48627750,48629139,1390,"*","chr6:48627750-48629139",2737,7643,0.95152981989033,0.99532407938319,FALSE
163980,"chr2",113327373,113328097,725,"*","chr2:113327373-113328097",2736,5379,2.91180439732795e-09,1.31875199154345e-08,TRUE
281861,"chr9",42195786,42197160,1375,"*","chr9:42195786-42197160",2736,9399,0.259321201920441,0.329004316062472,FALSE
291787,"chr9",107887933,107889026,1094,"*","chr9:107887933-107889026",2736,9748,0.00263551966554365,0.0052710393310873,TRUE
43181,"chr11",54786965,54788155,1191,"*","chr11:54786965-54788155",2735,1344,0.631932938696506,0.706070322565928,FALSE
63790,"chr12",81780725,81781966,1242,"*","chr12:81780725-81781966",2735,2187,7.66484574617783e-12,4.63973713449021e-11,TRUE
97324,"chr15",12320832,12322444,1613,"*","chr15:12320832-12322444",2735,3124,0.287493427730415,0.36044812905017,FALSE
176995,"chr3",36000028,36001155,1128,"*","chr3:36000028-36001155",2735,5797,0.697262437579166,0.766727993819184,FALSE
189028,"chr3",145118327,145119228,902,"*","chr3:145118327-145119228",2735,6171,0.0976943745254353,0.138573580887142,FALSE
83184,"chr13",119408090,119409909,1820,"*","chr13:119408090-119409909",2734,2721,0.388264617996164,0.46767600336806,FALSE
122651,"chr17",26089977,26090827,851,"*","chr17:26089977-26090827",2734,3985,3.8133506845592e-06,1.18353528384829e-05,TRUE
184346,"chr3",103809009,103810007,999,"*","chr3:103809009-103810007",2734,6043,1.24844402672857e-13,9.24773353132274e-13,TRUE
212831,"chr5",35757379,35758261,883,"*","chr5:35757379-35758261",2734,7010,0.422328700607313,0.503371514430648,FALSE
231154,"chr6",35296774,35298418,1645,"*","chr6:35296774-35298418",2734,7595,0.739447551292915,0.806200993559655,FALSE
51629,"chr11",101626942,101628523,1582,"*","chr11:101626942-101628523",2733,1791,0.212899431975725,0.276543505054178,FALSE
88043,"chr14",46831656,46832911,1256,"*","chr14:46831656-46832911",2733,2876,0.00416740814332715,0.00800808636304218,TRUE
127208,"chr17",56764575,56765540,966,"*","chr17:56764575-56765540",2733,4221,0.658012126327212,0.72998904629156,FALSE
71896,"chr13",32338260,32339145,886,"*","chr13:32338260-32339145",2732,2407,0.203973762814962,0.26691149282251,FALSE
110537,"chr16",17530630,17531469,840,"*","chr16:17530630-17531469",2732,3638,0.435056218318676,0.516880307297705,FALSE
99622,"chr15",38470322,38471275,954,"*","chr15:38470322-38471275",2731,3179,0.125437434496039,0.172874082822545,FALSE
105995,"chr15",89088854,89090293,1440,"*","chr15:89088854-89090293",2731,3428,0.000722134789036454,0.00158920508150628,TRUE
209437,"chr4",155760105,155761550,1446,"*","chr4:155760105-155761550",2731,6876,0.65417699607501,0.72637907625473,FALSE
226513,"chr5",142628899,142630061,1163,"*","chr5:142628899-142630061",2731,7467,3.83667279186529e-13,2.70951468352068e-12,TRUE
247205,"chr7",28925162,28925921,760,"*","chr7:28925162-28925921",2731,8190,0.734740169020679,0.801942991727439,FALSE
23930,"chr10",22730865,22732253,1389,"*","chr10:22730865-22732253",2730,649,0.0328526140311394,0.0520767269197918,FALSE
52049,"chr11",103339777,103341228,1452,"*","chr11:103339777-103341228",2730,1822,0.0057795732418685,0.0107466962474312,TRUE
61374,"chr12",65172184,65173363,1180,"*","chr12:65172184-65173363",2729,2125,1.32867033568567e-09,6.28510092566544e-09,TRUE
205996,"chr4",137773433,137775079,1647,"*","chr4:137773433-137775079",2729,6713,0.354582116882649,0.433262606161594,FALSE
241828,"chr6",124805425,124806443,1019,"*","chr6:124805425-124806443",2729,7929,1.21201873856111e-07,4.58056968466029e-07,TRUE
53210,"chr11",109362306,109363975,1670,"*","chr11:109362306-109363975",2728,1869,1.0462813190895e-17,1.15739083970078e-16,TRUE
88449,"chr14",49245146,49246009,864,"*","chr14:49245146-49246009",2727,2888,0.00108865888528508,0.00232420769702195,TRUE
142994,"chr19",6057598,6058259,662,"*","chr19:6057598-6058259",2727,4683,6.89038577158567e-15,5.79998802322026e-14,TRUE
188295,"chr3",138488850,138490017,1168,"*","chr3:138488850-138490017",2727,6158,6.14823312091696e-36,3.1368536331209e-34,TRUE
208417,"chr4",150871099,150872892,1794,"*","chr4:150871099-150872892",2727,6832,1.69438466034748e-10,9.00310659058173e-10,TRUE
247067,"chr7",28376477,28376891,415,"*","chr7:28376477-28376891",2727,8177,3.0554738538605e-35,1.45498754945738e-33,TRUE
80161,"chr13",98262816,98263687,872,"*","chr13:98262816-98263687",2726,2649,0.460093456164646,0.541031815809791,FALSE
108732,"chr16",4213051,4214694,1644,"*","chr16:4213051-4214694",2726,3557,6.91273731427097e-27,1.79086458918937e-25,TRUE
110981,"chr16",20516575,20517393,819,"*","chr16:20516575-20517393",2726,3663,0.627511647766941,0.701757602065468,FALSE
212603,"chr5",34761072,34762854,1783,"*","chr5:34761072-34762854",2726,7002,0.0399545938755621,0.0621764610575196,FALSE
270217,"chr8",79711277,79712160,884,"*","chr8:79711277-79712160",2726,9010,0.0021054112474231,0.00428626068286463,TRUE
167230,"chr2",134643603,134644581,979,"*","chr2:134643603-134644581",2725,5503,0.00125826053665197,0.00265455809420247,TRUE
249255,"chr7",47007933,47009048,1116,"*","chr7:47007933-47009048",2725,8330,0.723928490392302,0.791351651062857,FALSE
93988,"chr14",101608334,101609561,1228,"*","chr14:101608334-101609561",2724,3055,2.71835499088869e-33,1.09611088342286e-31,TRUE
124474,"chr17",33929273,33931341,2069,"*","chr17:33929273-33931341",2724,4082,2.19320944705729e-10,1.14707607063666e-09,TRUE
99248,"chr15",36715874,36716900,1027,"*","chr15:36715874-36716900",2723,3164,0.00149769038243796,0.003131933045667,TRUE
108329,"chr15",102279006,102280062,1057,"*","chr15:102279006-102280062",2723,3531,0.000233798021590799,0.000559011403456261,TRUE
132654,"chr18",10609528,10610705,1178,"*","chr18:10609528-10610705",2723,4356,0.164010938471894,0.220148910700529,FALSE
138368,"chr18",60774314,60775149,836,"*","chr18:60774314-60775149",2723,4513,0.0836028490091876,0.120918207997089,FALSE
156997,"chr2",48813499,48815019,1521,"*","chr2:48813499-48815019",2723,5219,0.727531106656437,0.794942205699778,FALSE
170490,"chr2",158409435,158410577,1143,"*","chr2:158409435-158410577",2723,5607,6.34559858725673e-10,3.15701422251579e-09,TRUE
181701,"chr3",86141789,86143084,1296,"*","chr3:86141789-86143084",2722,5887,0.00552080716717915,0.0103347195192421,TRUE
216510,"chr5",73292551,73293364,814,"*","chr5:73292551-73293364",2722,7100,1.32761082727455e-11,7.86499305257433e-11,TRUE
293803,"chr9",119983199,119985087,1889,"*","chr9:119983199-119985087",2722,9828,7.82729230999281e-27,2.00699802820328e-25,TRUE
115850,"chr16",55973451,55974128,678,"*","chr16:55973451-55974128",2721,3783,2.09674476665394e-05,5.88312224089208e-05,TRUE
196140,"chr4",62524907,62525738,832,"*","chr4:62524907-62525738",2721,6365,7.97050096564782e-14,6.02912327204828e-13,TRUE
2583,"chr1",37511987,37513625,1639,"*","chr1:37511987-37513625",2720,64,6.12859575884226e-17,6.38395391546069e-16,TRUE
37218,"chr11",3913240,3915000,1761,"*","chr11:3913240-3915000",2720,1146,9.04883735119233e-08,3.45639318227362e-07,TRUE
64455,"chr12",84995971,84996859,889,"*","chr12:84995971-84996859",2720,2210,9.41341426520004e-07,3.17108588275632e-06,TRUE
235061,"chr6",72355037,72356054,1018,"*","chr6:72355037-72356054",2720,7715,0.523325998070267,0.603605534106421,FALSE
153910,"chr2",26902640,26903474,835,"*","chr2:26902640-26903474",2719,5076,8.29470989214961e-12,4.99681318804193e-11,TRUE
42221,"chr11",49712206,49713249,1044,"*","chr11:49712206-49713249",2718,1296,0.00842514709306331,0.0151042436232759,TRUE
290079,"chr9",96630736,96632197,1462,"*","chr9:96630736-96632197",2718,9669,0.0241721880517439,0.0393555650467989,TRUE
37415,"chr11",4882800,4883674,875,"*","chr11:4882800-4883674",2717,1161,9.21343819511098e-05,0.000236484553262602,TRUE
87286,"chr14",34502046,34503645,1600,"*","chr14:34502046-34503645",2717,2856,1.34941231182024e-21,2.12841058646726e-20,TRUE
211733,"chr5",29377765,29379020,1256,"*","chr5:29377765-29379020",2717,6949,0.146714045398523,0.198961276645678,FALSE
231102,"chr6",34910456,34911314,859,"*","chr6:34910456-34911314",2717,7592,3.77859382960006e-16,3.56471116000005e-15,TRUE
232148,"chr6",43665581,43666689,1109,"*","chr6:43665581-43666689",2717,7626,0.0128441439337592,0.0221756628690593,TRUE
247933,"chr7",35234438,35235761,1324,"*","chr7:35234438-35235761",2717,8236,0.801436441274463,0.859357110523765,FALSE
254886,"chr7",99161311,99162445,1135,"*","chr7:99161311-99162445",2717,8476,0.000305550167193999,0.000716917332693569,TRUE
27209,"chr10",58497561,58498546,986,"*","chr10:58497561-58498546",2716,729,6.13880687401652e-25,1.34035084585514e-23,TRUE
139010,"chr18",63691891,63692831,941,"*","chr18:63691891-63692831",2716,4529,0.022634975383505,0.0370592467380912,TRUE
243979,"chr6",140623131,140624986,1856,"*","chr6:140623131-140624986",2716,7993,3.95004403994353e-12,2.48430442763744e-11,TRUE
266922,"chr8",46210519,46211643,1125,"*","chr8:46210519-46211643",2716,8877,5.66946685119872e-07,1.97130279944322e-06,TRUE
49398,"chr11",88955015,88955889,875,"*","chr11:88955015-88955889",2715,1663,0.0190371990338353,0.0316442803089017,TRUE
169044,"chr2",150904219,150905173,955,"*","chr2:150904219-150905173",2715,5535,0.809600290399162,0.867181116537235,FALSE
193047,"chr4",34550241,34551258,1018,"*","chr4:34550241-34551258",2715,6249,0.0106331926882417,0.0186416421603115,TRUE
261878,"chr7",143977041,143979462,2422,"*","chr7:143977041-143979462",2715,8740,8.84221236021427e-10,4.27573131538408e-09,TRUE
12202,"chr1",131096578,131098273,1696,"*","chr1:131096578-131098273",2714,330,0.511431509132276,0.592345968418203,FALSE
54416,"chr11",116138401,116139373,973,"*","chr11:116138401-116139373",2714,1913,1.03025634615245e-30,3.43418782050816e-29,TRUE
112908,"chr16",32078605,32079749,1145,"*","chr16:32078605-32079749",2714,3714,0.356912189711385,0.435471192912866,FALSE
4536,"chr1",55706637,55707629,993,"*","chr1:55706637-55707629",2713,114,3.29952593819534e-09,1.48493516570448e-08,TRUE
161704,"chr2",90916979,90918873,1895,"*","chr2:90916979-90918873",2713,5315,0.548661531906996,0.626898459674356,FALSE
131351,"chr17",87312519,87313843,1325,"*","chr17:87312519-87313843",2712,4326,0.022915305124486,0.0374923185937271,TRUE
142742,"chr19",4927967,4928759,793,"*","chr19:4927967-4928759",2712,4649,0.000130001108293029,0.000325002770732573,TRUE
154664,"chr2",30205430,30206453,1024,"*","chr2:30205430-30206453",2712,5111,0.042221087134881,0.0652970725871961,FALSE
91860,"chr14",73384812,73386027,1216,"*","chr14:73384812-73386027",2711,3015,9.39269586994554e-19,1.12622252637237e-17,TRUE
111150,"chr16",21422917,21424060,1144,"*","chr16:21422917-21424060",2711,3671,7.57663072006221e-08,2.92760074190966e-07,TRUE
142774,"chr19",5106324,5107459,1136,"*","chr19:5106324-5107459",2711,4653,0.014669820791542,0.0249996946004465,TRUE
203230,"chr4",124693200,124694122,923,"*","chr4:124693200-124694122",2711,6565,2.47324075280615e-10,1.28413330882978e-09,TRUE
213089,"chr5",36695387,36696428,1042,"*","chr5:36695387-36696428",2711,7020,3.06452325863835e-18,3.53055674958335e-17,TRUE
269037,"chr8",70352609,70353867,1259,"*","chr8:70352609-70353867",2711,8939,6.54805348121122e-15,5.55861925399934e-14,TRUE
292245,"chr9",110748337,110749185,849,"*","chr9:110748337-110749185",2711,9794,8.26325193687325e-05,0.000213190194449774,TRUE
105584,"chr15",85810712,85812149,1438,"*","chr15:85810712-85812149",2710,3408,0.345745163136425,0.423839801746705,FALSE
86382,"chr14",30011986,30012590,605,"*","chr14:30011986-30012590",2709,2825,0.744184855695322,0.810129387867758,FALSE
259463,"chr7",130546735,130547746,1012,"*","chr7:130546735-130547746",2709,8667,0.450722846640979,0.532265997450377,FALSE
3394,"chr1",42850953,42851954,1002,"*","chr1:42850953-42851954",2708,80,0.200852694244084,0.263378828014796,FALSE
159733,"chr2",71739161,71740340,1180,"*","chr2:71739161-71740340",2708,5275,0.127703930828512,0.175707114513638,FALSE
162131,"chr2",93045343,93046636,1294,"*","chr2:93045343-93046636",2708,5336,0.529044661868026,0.608797079249742,FALSE
287534,"chr9",72274709,72275821,1113,"*","chr9:72274709-72275821",2708,9604,6.22447081110136e-06,1.8680884787219e-05,TRUE
48437,"chr11",84513299,84514091,793,"*","chr11:84513299-84514091",2706,1614,0.526778922826173,0.606608616796606,FALSE
81902,"chr13",109577525,109578627,1103,"*","chr13:109577525-109578627",2706,2695,3.09492220100088e-05,8.51188724147658e-05,TRUE
211435,"chr5",25252337,25253608,1272,"*","chr5:25252337-25253608",2706,6942,0.906963059515413,0.953493544486347,FALSE
34439,"chr10",110919680,110920718,1039,"*","chr10:110919680-110920718",2705,1019,0.231723405800135,0.298920802115758,FALSE
163772,"chr2",110191352,110193462,2111,"*","chr2:110191352-110193462",2705,5373,2.6220789401324e-06,8.37724901000767e-06,TRUE
230195,"chr6",29693779,29694545,767,"*","chr6:29693779-29694545",2705,7567,0.84122950475713,0.897215768725608,FALSE
246003,"chr7",16452746,16453908,1163,"*","chr7:16452746-16453908",2705,8080,1.23230853844191e-39,8.67822914395712e-38,TRUE
122247,"chr17",24168800,24170151,1352,"*","chr17:24168800-24170151",2704,3951,0.0101590252320051,0.0178793122703363,TRUE
182923,"chr3",95217075,95218330,1256,"*","chr3:95217075-95218330",2704,5964,0.78191200789718,0.84239604384527,FALSE
274098,"chr8",109608092,109609068,977,"*","chr8:109608092-109609068",2704,9161,1.49919451313425e-07,5.58983785657811e-07,TRUE
343,"chr1",10039645,10040566,922,"*","chr1:10039645-10040566",2703,17,0.822497187877283,0.879112000723902,FALSE
255134,"chr7",100159245,100160102,858,"*","chr7:100159245-100160102",2703,8487,0.303268470829785,0.378423347678793,FALSE
257648,"chr7",118740026,118741107,1082,"*","chr7:118740026-118741107",2703,8573,0.0070661371816015,0.0128615529333846,TRUE
261850,"chr7",143829643,143830533,891,"*","chr7:143829643-143830533",2703,8739,0.000439068057893195,0.00100198096278684,TRUE
27774,"chr10",61146310,61148228,1919,"*","chr10:61146310-61148228",2702,746,0.0402437745418139,0.0625486082403076,FALSE
49573,"chr11",90002398,90003327,930,"*","chr11:90002398-90003327",2702,1664,0.0874215052645582,0.125786338510156,FALSE
87855,"chr14",45657029,45658794,1766,"*","chr14:45657029-45658794",2702,2870,0.487638918324519,0.568211277469726,FALSE
214045,"chr5",45669409,45670428,1020,"*","chr5:45669409-45670428",2702,7037,0.0123800151659327,0.0214639591597899,TRUE
27767,"chr10",61089194,61090349,1156,"*","chr10:61089194-61090349",2701,745,1,1,FALSE
55828,"chr11",121387962,121388849,888,"*","chr11:121387962-121388849",2701,1998,0.000514862968910552,0.00116274383222799,TRUE
102333,"chr15",67014698,67015356,659,"*","chr15:67014698-67015356",2701,3244,0.0132400952522789,0.0228041599246968,TRUE
123143,"chr17",27964700,27965934,1235,"*","chr17:27964700-27965934",2701,4013,9.64851494643865e-12,5.79838638608092e-11,TRUE
127653,"chr17",63498952,63500993,2042,"*","chr17:63498952-63500993",2701,4234,0.146615583109992,0.198881691684743,FALSE
134712,"chr18",33292041,33293665,1625,"*","chr18:33292041-33293665",2701,4403,0.00606616830887768,0.0112378071672428,TRUE
154803,"chr2",30771369,30774132,2764,"*","chr2:30771369-30774132",2701,5132,0.299234829645488,0.373856608752484,FALSE
7815,"chr1",82586552,82587641,1090,"*","chr1:82586552-82587641",2700,218,0.000212833339995405,0.000513346213206475,TRUE
140349,"chr18",73815212,73816117,906,"*","chr18:73815212-73816117",2700,4559,0.407230315253503,0.486651906373689,FALSE
272517,"chr8",94781714,94782461,748,"*","chr8:94781714-94782461",2700,9101,0.250672727940348,0.319572575140678,FALSE
281106,"chr9",35166276,35167344,1069,"*","chr9:35166276-35167344",2700,9378,0.527407388390741,0.607052703028017,FALSE
52521,"chr11",106255529,106256748,1220,"*","chr11:106255529-106256748",2699,1846,0.534767014594436,0.613687186819413,FALSE
55886,"chr11",121702059,121703082,1024,"*","chr11:121702059-121703082",2699,2002,0.535485603021416,0.614229872701784,FALSE
91529,"chr14",70766461,70767292,832,"*","chr14:70766461-70767292",2699,3007,4.61800643231628e-12,2.88265070681416e-11,TRUE
89110,"chr14",55721773,55722630,858,"*","chr14:55721773-55722630",2698,2934,9.00259706771455e-11,4.89803975392522e-10,TRUE
147613,"chr19",40612055,40612735,681,"*","chr19:40612055-40612735",2698,4871,0.00131888296684678,0.00277659571967743,TRUE
153589,"chr2",25332379,25333075,697,"*","chr2:25332379-25333075",2698,5056,3.17702365274752e-14,2.50722745498991e-13,TRUE
209633,"chr5",3647138,3649388,2251,"*","chr5:3647138-3649388",2698,6899,0.0479680634403842,0.0733905499393883,FALSE
174232,"chr2",180709635,180710739,1105,"*","chr2:180709635-180710739",2697,5726,0.494196477287642,0.57478073655227,FALSE
237711,"chr6",92940959,92941990,1032,"*","chr6:92940959-92941990",2697,7830,0.00398314498527928,0.00768353585123318,TRUE
295946,"chrX",38564209,38565516,1308,"*","chrX:38564209-38565516",2697,9903,5.0249466076526e-21,7.56769067417561e-20,TRUE
104190,"chr15",79687754,79688466,713,"*","chr15:79687754-79688466",2696,3334,0.00104536044493823,0.00223941826250692,TRUE
128771,"chr17",71474963,71476238,1276,"*","chr17:71474963-71476238",2696,4258,0.899311764109151,0.947641479567072,FALSE
148917,"chr19",47089940,47091125,1186,"*","chr19:47089940-47091125",2696,4940,0.277071222657661,0.348692704074579,FALSE
282330,"chr9",44343601,44344503,903,"*","chr9:44343601-44344503",2696,9422,7.03201399286614e-05,0.000182649714100419,TRUE
27296,"chr10",59221092,59222427,1336,"*","chr10:59221092-59222427",2695,731,0.0359055443661032,0.0564197743024878,FALSE
44988,"chr11",65787593,65788728,1136,"*","chr11:65787593-65788728",2695,1419,0.0541540429606595,0.0819026663046876,FALSE
101609,"chr15",60824306,60825337,1032,"*","chr15:60824306-60825337",2695,3230,0.888124155924831,0.938423664333084,FALSE
142377,"chr19",3333164,3334755,1592,"*","chr19:3333164-3334755",2695,4610,0.000890255183734261,0.00193365591601708,TRUE
18876,"chr1",181143864,181144897,1034,"*","chr1:181143864-181144897",2694,537,2.23275462213119e-05,6.24372097911408e-05,TRUE
62210,"chr12",72536036,72536707,672,"*","chr12:72536036-72536707",2694,2144,4.20695473483404e-05,0.000113211914285093,TRUE
211434,"chr5",25245981,25247661,1681,"*","chr5:25245981-25247661",2694,6941,0.119488492637275,0.165542383814456,FALSE
217763,"chr5",88929492,88930350,859,"*","chr5:88929492-88930350",2694,7133,0.594192136245301,0.670040749036199,FALSE
246395,"chr7",19664744,19666007,1264,"*","chr7:19664744-19666007",2694,8111,6.030282264737e-11,3.35015681374278e-10,TRUE
105522,"chr15",85612887,85614029,1143,"*","chr15:85612887-85614029",2693,3400,0.346264739258301,0.424344043208702,FALSE
159174,"chr2",68861075,68862573,1499,"*","chr2:68861075-68862573",2693,5258,0.25006860284618,0.319046444049732,FALSE
119551,"chr16",96145205,96145984,780,"*","chr16:96145205-96145984",2692,3861,6.09501333873577e-06,1.83584739118547e-05,TRUE
122395,"chr17",24877461,24879014,1554,"*","chr17:24877461-24879014",2692,3968,3.23042651655868e-06,1.01172290347783e-05,TRUE
218541,"chr5",96161403,96163357,1955,"*","chr5:96161403-96163357",2692,7153,0.101344678733239,0.143182648676518,FALSE
255703,"chr7",105554041,105554931,891,"*","chr7:105554041-105554931",2692,8513,4.88513001741927e-19,6.03102471286329e-18,TRUE
52681,"chr11",106779106,106780096,991,"*","chr11:106779106-106780096",2691,1851,0.871323616790175,0.923991110063813,FALSE
74370,"chr13",46929100,46930883,1784,"*","chr13:46929100-46930883",2691,2474,0.000587699457802406,0.00131065891570563,TRUE
291353,"chr9",105494610,105495572,963,"*","chr9:105494610-105495572",2691,9708,5.04055749015178e-05,0.000133914917379165,TRUE
292185,"chr9",110476245,110477297,1053,"*","chr9:110476245-110477297",2691,9785,0.239025827133419,0.307155613181093,FALSE
46688,"chr11",75653940,75654598,659,"*","chr11:75653940-75654598",2690,1541,1.65470073381434e-13,1.21134753573524e-12,TRUE
80418,"chr13",99344435,99345122,688,"*","chr13:99344435-99345122",2690,2655,0.000790719722007062,0.00172948320648964,TRUE
162545,"chr2",98662334,98663132,799,"*","chr2:98662334-98663132",2690,5345,0.000302372486535632,0.000710127962742207,TRUE
30711,"chr10",80755004,80755514,511,"*","chr10:80755004-80755514",2689,898,1.40632489053215e-21,2.21120265806942e-20,TRUE
50979,"chr11",98438275,98439373,1099,"*","chr11:98438275-98439373",2689,1738,0.0942096302814188,0.134354863493181,FALSE
155777,"chr2",34802047,34802714,668,"*","chr2:34802047-34802714",2689,5183,0.000218662763790082,0.000526390861314593,TRUE
179765,"chr3",63964290,63965147,858,"*","chr3:63964290-63965147",2689,5850,0.000621980601628173,0.00138279368970248,TRUE
256436,"chr7",111779291,111780469,1179,"*","chr7:111779291-111780469",2689,8542,0.955994133759436,0.999366646204721,FALSE
236299,"chr6",85961112,85962340,1229,"*","chr6:85961112-85962340",2688,7770,0.183472541570406,0.243267755993644,FALSE
110468,"chr16",17132025,17132873,849,"*","chr16:17132025-17132873",2687,3632,6.28226878522394e-43,5.60916855823566e-41,TRUE
150161,"chr19",56547793,56549307,1515,"*","chr19:56547793-56549307",2687,4962,0.596679277873091,0.672542017440364,FALSE
181130,"chr3",83055159,83055845,687,"*","chr3:83055159-83055845",2687,5875,0.00397731013744194,0.00767524148483585,TRUE
268860,"chr8",69088618,69089652,1035,"*","chr8:69088618-69089652",2687,8918,3.97351977192769e-22,6.55696332001269e-21,TRUE
26186,"chr10",43540613,43541472,860,"*","chr10:43540613-43541472",2686,709,8.58123110531389e-09,3.72449266723693e-08,TRUE
153515,"chr2",24949372,24950611,1240,"*","chr2:24949372-24950611",2686,5046,1.57191985896583e-10,8.37910372583067e-10,TRUE
291596,"chr9",106887129,106887672,544,"*","chr9:106887129-106887672",2686,9725,0.0196375292906519,0.0325555856940515,TRUE
6860,"chr1",74661498,74662362,865,"*","chr1:74661498-74662362",2685,189,1.38479042023134e-09,6.54437816744487e-09,TRUE
15202,"chr1",155416797,155417860,1064,"*","chr1:155416797-155417860",2685,426,8.55367440884332e-28,2.31180389428198e-26,TRUE
124116,"chr17",31658380,31659301,922,"*","chr17:31658380-31659301",2685,4052,2.92863271145962e-08,1.18856847055991e-07,TRUE
143261,"chr19",7192422,7193177,756,"*","chr19:7192422-7193177",2685,4719,2.34354016602319e-05,6.54254652714458e-05,TRUE
228939,"chr6",13052109,13053384,1276,"*","chr6:13052109-13053384",2685,7541,4.29075627643911e-09,1.9103990545143e-08,TRUE
297457,"chrX",85573533,85574660,1128,"*","chrX:85573533-85574660",2685,9938,0.0813182223423981,0.117886666196576,FALSE
5116,"chr1",59912559,59913393,835,"*","chr1:59912559-59913393",2684,133,0.000112393966168757,0.000284110126816879,TRUE
20259,"chr1",189727431,189728803,1373,"*","chr1:189727431-189728803",2684,567,8.12428431953374e-27,2.07252151008514e-25,TRUE
37647,"chr11",5878033,5878769,737,"*","chr11:5878033-5878769",2684,1176,0.0071056470195061,0.0129240578746928,TRUE
255066,"chr7",99858602,99859422,821,"*","chr7:99858602-99859422",2684,8484,0.001455358671737,0.00304850999525974,TRUE
91901,"chr14",73524819,73525549,731,"*","chr14:73524819-73525549",2683,3017,0.445669955255274,0.526796637417581,FALSE
117541,"chr16",84735069,84736289,1221,"*","chr16:84735069-84736289",2683,3808,1.06337632516676e-06,3.56359358299851e-06,TRUE
125196,"chr17",43016472,43018114,1643,"*","chr17:43016472-43018114",2683,4144,0.245065969404267,0.313624224986265,FALSE
225060,"chr5",135107778,135108777,1000,"*","chr5:135107778-135108777",2683,7386,0.000858971681452769,0.00186895492048035,TRUE
30403,"chr10",79668869,79670120,1252,"*","chr10:79668869-79670120",2682,843,0.000202011829572956,0.000489132759256552,TRUE
43092,"chr11",54112782,54113494,713,"*","chr11:54112782-54113494",2682,1341,0.0311513781393844,0.0496673758599879,TRUE
159133,"chr2",68470973,68472849,1877,"*","chr2:68470973-68472849",2682,5256,1.06079832466441e-20,1.56922829092368e-19,TRUE
236384,"chr6",86403925,86405010,1086,"*","chr6:86403925-86405010",2682,7774,0.0125937611226454,0.021790595162272,TRUE
104298,"chr15",80082936,80083966,1031,"*","chr15:80082936-80083966",2681,3340,1.98731550109877e-07,7.29557819786626e-07,TRUE
273701,"chr8",107056343,107057205,863,"*","chr8:107056343-107057205",2681,9154,7.15760353267278e-10,3.51897912127472e-09,TRUE
45636,"chr11",69579003,69579824,822,"*","chr11:69579003-69579824",2680,1453,0.652281979594409,0.725080012888405,FALSE
115626,"chr16",52452957,52453645,689,"*","chr16:52452957-52453645",2680,3778,9.34347926218742e-06,2.74808213593748e-05,TRUE
129542,"chr17",78199789,78201352,1564,"*","chr17:78199789-78201352",2680,4278,7.88549787157573e-10,3.85410453156194e-09,TRUE
211162,"chr5",24029608,24031154,1547,"*","chr5:24029608-24031154",2680,6927,0.569990026983859,0.646450245850455,FALSE
244678,"chr6",145249478,145251222,1745,"*","chr6:145249478-145251222",2680,8003,1.54470895945679e-17,1.69748237302944e-16,TRUE
30935,"chr10",81643215,81644203,989,"*","chr10:81643215-81644203",2679,935,0.322200853223614,0.399059763715152,FALSE
109609,"chr16",10784855,10786854,2000,"*","chr16:10784855-10786854",2679,3596,1.79655145635044e-10,9.48548815390939e-10,TRUE
258216,"chr7",122969558,122970877,1320,"*","chr7:122969558-122970877",2679,8594,1.82865256136873e-13,1.33089706067593e-12,TRUE
263057,"chr8",11279257,11280077,821,"*","chr8:11279257-11280077",2679,8775,0.210356885587228,0.273688375731496,FALSE
264874,"chr8",25753869,25754845,977,"*","chr8:25753869-25754845",2679,8831,0.0159222711304201,0.0268775677421001,TRUE
294816,"chrX",7898849,7899919,1071,"*","chrX:7898849-7899919",2679,9878,0.875933344984328,0.928288835294964,FALSE
13046,"chr1",134556461,134557424,964,"*","chr1:134556461-134557424",2678,369,0.255067750420606,0.324266145970767,FALSE
154799,"chr2",30758392,30759118,727,"*","chr2:30758392-30759118",2678,5130,0.477759194888024,0.558652005247923,FALSE
218439,"chr5",93092609,93094476,1868,"*","chr5:93092609-93094476",2678,7150,1.149852978141e-09,5.49117945626077e-09,TRUE
236294,"chr6",85927481,85928481,1001,"*","chr6:85927481-85928481",2678,7767,0.837481445892857,0.893408839228565,FALSE
125424,"chr17",44105419,44106333,915,"*","chr17:44105419-44106333",2677,4151,4.41180280263924e-12,2.76428747032534e-11,TRUE
143607,"chr19",9978628,9979420,793,"*","chr19:9978628-9979420",2677,4750,2.17079982640669e-20,3.12795364035546e-19,TRUE
154716,"chr2",30473621,30474655,1035,"*","chr2:30473621-30474655",2677,5120,0.000164138491968404,0.000404481251770339,TRUE
5595,"chr1",63123798,63124706,909,"*","chr1:63123798-63124706",2676,140,0.000195108626706919,0.000474485959890367,TRUE
43776,"chr11",59191377,59192360,984,"*","chr11:59191377-59192360",2675,1374,0.0011205486809349,0.00238719361085406,TRUE
79784,"chr13",96388068,96388655,588,"*","chr13:96388068-96388655",2675,2639,2.36961001906792e-06,7.62913721528627e-06,TRUE
106059,"chr15",89429371,89430329,959,"*","chr15:89429371-89430329",2674,3439,1.78581500075998e-23,3.29486162501841e-22,TRUE
134092,"chr18",24708632,24710183,1552,"*","chr18:24708632-24710183",2674,4387,0.877097000543871,0.929128178542236,FALSE
208787,"chr4",152477343,152478652,1310,"*","chr4:152477343-152478652",2674,6848,1.31157741494245e-13,9.68668696412442e-13,TRUE
223360,"chr5",123345985,123347411,1427,"*","chr5:123345985-123347411",2674,7318,0.0174952991329404,0.0293151795122997,TRUE
111231,"chr16",21787549,21789052,1504,"*","chr16:21787549-21789052",2673,3673,6.15846008319858e-10,3.07615388771158e-09,TRUE
141486,"chr18",80271354,80272185,832,"*","chr18:80271354-80272185",2673,4592,1.45969181727923e-05,4.18489626513541e-05,TRUE
152612,"chr2",16355682,16358473,2792,"*","chr2:16355682-16358473",2673,5026,2.91714428736933e-13,2.0777380964169e-12,TRUE
294822,"chrX",7947163,7948493,1331,"*","chrX:7947163-7948493",2673,9879,0.00584736578126403,0.0108617390747169,TRUE
2462,"chr1",36939215,36940312,1098,"*","chr1:36939215-36940312",2672,61,3.36844568827123e-08,1.35934047145732e-07,TRUE
156486,"chr2",39225861,39226774,914,"*","chr2:39225861-39226774",2672,5214,1.50113192778199e-11,8.84058850283858e-11,TRUE
206959,"chr4",141558839,141560411,1573,"*","chr4:141558839-141560411",2672,6755,0.416740859901483,0.49730412876072,FALSE
223396,"chr5",123523896,123524856,961,"*","chr5:123523896-123524856",2672,7322,0.0920116634100843,0.131595628446917,FALSE
35115,"chr10",117063249,117064264,1016,"*","chr10:117063249-117064264",2671,1042,5.97293656012139e-06,1.80233450818388e-05,TRUE
50689,"chr11",97362029,97363023,995,"*","chr11:97362029-97363023",2671,1721,2.91665932091616e-35,1.40224005813277e-33,TRUE
134919,"chr18",34506174,34507628,1455,"*","chr18:34506174-34507628",2671,4410,0.675936419980488,0.74712113106724,FALSE
159540,"chr2",70824609,70826267,1659,"*","chr2:70824609-70826267",2671,5268,8.04839435587017e-33,3.11953269607371e-31,TRUE
161910,"chr2",91963287,91964158,872,"*","chr2:91963287-91964158",2671,5328,1.96607899647614e-06,6.41252118876759e-06,TRUE
256083,"chr7",110164195,110165321,1127,"*","chr7:110164195-110165321",2671,8528,0.691556915539968,0.761794355078176,FALSE
104706,"chr15",81857988,81858961,974,"*","chr15:81857988-81858961",2670,3369,6.03981970587874e-20,8.38863848038714e-19,TRUE
164887,"chr2",119288220,119289089,870,"*","chr2:119288220-119289089",2670,5405,0.708265895088009,0.77626687317844,FALSE
242633,"chr6",128842970,128844183,1214,"*","chr6:128842970-128844183",2670,7963,4.2033884903039e-07,1.4790248030626e-06,TRUE
257001,"chr7",114275754,114276940,1187,"*","chr7:114275754-114276940",2670,8555,1.71104901356937e-07,6.33101481549675e-07,TRUE
259492,"chr7",130645487,130647315,1829,"*","chr7:130645487-130647315",2670,8668,0.0237209122687785,0.0386960372906763,TRUE
299765,"chrX",155215595,155216952,1358,"*","chrX:155215595-155216952",2670,9984,0.00340086165610303,0.00665530656771631,TRUE
31648,"chr10",86300282,86300999,718,"*","chr10:86300282-86300999",2669,962,3.17097421770576e-15,2.81712951150859e-14,TRUE
108692,"chr16",4003392,4004408,1017,"*","chr16:4003392-4004408",2669,3553,0.191675240057936,0.252669707432027,FALSE
204121,"chr4",130107272,130108246,975,"*","chr4:130107272-130108246",2669,6614,7.57564481573962e-12,4.59687185421094e-11,TRUE
23121,"chr10",18234747,18235651,905,"*","chr10:18234747-18235651",2668,628,1.15586783741365e-19,1.55358580297533e-18,TRUE
91880,"chr14",73445714,73446523,810,"*","chr14:73445714-73446523",2668,3016,0.438161979132361,0.519960604050814,FALSE
9796,"chr1",93235325,93236953,1629,"*","chr1:93235325-93236953",2667,274,1.4990944285011e-09,7.05124378410678e-09,TRUE
45858,"chr11",70525048,70525727,680,"*","chr11:70525048-70525727",2667,1484,1.364783175359e-12,9.11070210520024e-12,TRUE
161950,"chr2",92182937,92185034,2098,"*","chr2:92182937-92185034",2667,5330,1.02302700751809e-07,3.89873097377322e-07,TRUE
123233,"chr17",28223752,28224636,885,"*","chr17:28223752-28224636",2666,4016,0.00955070513792838,0.0168740373461632,TRUE
142862,"chr19",5559946,5562015,2070,"*","chr19:5559946-5562015",2666,4666,0.00506574445922043,0.00957969829655907,TRUE
223568,"chr5",124236193,124236896,704,"*","chr5:124236193-124236896",2666,7330,0.094254739032988,0.134380865459065,FALSE
226456,"chr5",142367193,142368155,963,"*","chr5:142367193-142368155",2666,7464,3.7948842694519e-08,1.52527502791475e-07,TRUE
252101,"chr7",75847985,75848823,839,"*","chr7:75847985-75848823",2666,8389,5.0970961255937e-09,2.25136754664033e-08,TRUE
109312,"chr16",8636992,8638248,1257,"*","chr16:8636992-8638248",2665,3590,2.97139943186991e-12,1.89261110310186e-11,TRUE
214500,"chr5",52189914,52191018,1105,"*","chr5:52189914-52191018",2665,7046,0.258220019505529,0.327856804857198,FALSE
291836,"chr9",108094302,108095138,837,"*","chr9:108094302-108095138",2665,9751,0.0185309830656266,0.0308643955123694,TRUE
75359,"chr13",52980426,52981649,1224,"*","chr13:52980426-52981649",2664,2506,0.436093279291782,0.517925509847722,FALSE
107505,"chr15",99074470,99075253,784,"*","chr15:99074470-99075253",2664,3484,0.404931518726224,0.484251995606582,FALSE
256183,"chr7",110648244,110649709,1466,"*","chr7:110648244-110649709",2664,8534,0.886791949384116,0.937610434958887,FALSE
132665,"chr18",10706163,10707248,1086,"*","chr18:10706163-10707248",2663,4357,5.3859843692424e-05,0.000142464676526413,TRUE
215611,"chr5",65491935,65494022,2088,"*","chr5:65491935-65494022",2663,7075,0.0141018784437053,0.0241387854222959,TRUE
272536,"chr8",94837892,94839122,1231,"*","chr8:94837892-94839122",2663,9103,0.0114965759592119,0.0200708379176185,TRUE
273754,"chr8",107292893,107294103,1211,"*","chr8:107292893-107294103",2663,9157,0.108939790860387,0.152363343860681,FALSE
49299,"chr11",88618108,88619436,1329,"*","chr11:88618108-88619436",2662,1657,0.356789036309134,0.435444313170229,FALSE
107921,"chr15",100636702,100638467,1766,"*","chr15:100636702-100638467",2662,3511,0.0704041517706926,0.103569637543329,FALSE
167837,"chr2",140066344,140067612,1269,"*","chr2:140066344-140067612",2662,5509,4.59350894874239e-12,2.870943092964e-11,TRUE
27416,"chr10",59702234,59703124,891,"*","chr10:59702234-59703124",2661,735,1.22648600718886e-09,5.82930611781775e-09,TRUE
49666,"chr11",90382009,90382985,977,"*","chr11:90382009-90382985",2661,1668,0.000103267026147498,0.000263167752669466,TRUE
159613,"chr2",71162762,71163445,684,"*","chr2:71162762-71163445",2661,5270,0.0135801521134452,0.0233175688761078,TRUE
48209,"chr11",83291317,83292275,959,"*","chr11:83291317-83292275",2660,1606,0.00932195383999661,0.016522427933351,TRUE
240995,"chr6",118419292,118420164,873,"*","chr6:118419292-118420164",2660,7897,5.50307108329927e-13,3.80571997461914e-12,TRUE
278849,"chr9",14784282,14785250,969,"*","chr9:14784282-14785250",2660,9311,1.35153669818824e-07,5.07714762655238e-07,TRUE
282394,"chr9",44603564,44605782,2219,"*","chr9:44603564-44605782",2660,9432,0.00020438503172872,0.000494024401568302,TRUE
226210,"chr5",140648764,140649593,830,"*","chr5:140648764-140649593",2659,7458,2.18810735839656e-19,2.84909812291219e-18,TRUE
44523,"chr11",62878998,62880060,1063,"*","chr11:62878998-62880060",2658,1416,4.72185453990435e-11,2.65272726960919e-10,TRUE
81305,"chr13",104636070,104636655,586,"*","chr13:104636070-104636655",2658,2677,0.549034437027864,0.626908903722103,FALSE
190688,"chr3",159839490,159841383,1894,"*","chr3:159839490-159841383",2658,6201,0.733780109085647,0.801069988084768,FALSE
159396,"chr2",69897064,69898759,1696,"*","chr2:69897064-69898759",2657,5264,0.00702001869427686,0.0127915792534199,TRUE
169747,"chr2",154892301,154893301,1001,"*","chr2:154892301-154893301",2657,5573,0.00178341230289469,0.00367562304801048,TRUE
200687,"chr4",106559848,106561588,1741,"*","chr4:106559848-106561588",2657,6454,0.0875772044339796,0.125901673999396,FALSE
273697,"chr8",107030942,107031891,950,"*","chr8:107030942-107031891",2657,9153,1.48023636598696e-13,1.08840909263747e-12,TRUE
81227,"chr13",104108930,104110456,1527,"*","chr13:104108930-104110456",2656,2674,8.69992605587829e-07,2.95112824147839e-06,TRUE
140707,"chr18",75375426,75376047,622,"*","chr18:75375426-75376047",2656,4575,0.00721044827705588,0.013089814560028,TRUE
240085,"chr6",113418671,113419721,1051,"*","chr6:113418671-113419721",2656,7872,0.0115174915871399,0.0200863124993721,TRUE
276952,"chr8",124434204,124434992,789,"*","chr8:124434204-124434992",2656,9265,1.90855914716827e-24,3.91098185895138e-23,TRUE
292220,"chr9",110689211,110690062,852,"*","chr9:110689211-110690062",2656,9791,0.024380210073377,0.039681331499637,TRUE
236490,"chr6",86848787,86850118,1332,"*","chr6:86848787-86850118",2655,7781,9.95907472937421e-16,9.15356133214542e-15,TRUE
252587,"chr7",80192299,80193135,837,"*","chr7:80192299-80193135",2655,8405,0.27491304281806,0.34658729553462,FALSE
67778,"chr12",110888835,110889886,1052,"*","chr12:110888835-110889886",2654,2304,4.93277799907914e-06,1.50665180179571e-05,TRUE
215725,"chr5",66062106,66063407,1302,"*","chr5:66062106-66063407",2654,7081,0.0312117383178583,0.0497318966186398,TRUE
112429,"chr16",30070069,30071317,1249,"*","chr16:30070069-30071317",2653,3700,0.0664818991150861,0.0984625283102578,FALSE
120519,"chr17",6782187,6783694,1508,"*","chr17:6782187-6783694",2653,3894,3.27095339250551e-05,8.96854952539319e-05,TRUE
270950,"chr8",84978582,84979156,575,"*","chr8:84978582-84979156",2653,9048,4.09517335430312e-14,3.21442178516728e-13,TRUE
14590,"chr1",152386197,152387093,897,"*","chr1:152386197-152387093",2652,402,0.707716378514946,0.775834661823006,FALSE
41546,"chr11",44518443,44520846,2404,"*","chr11:44518443-44520846",2652,1282,3.95599765049524e-06,1.22476707445673e-05,TRUE
143201,"chr19",7057381,7058378,998,"*","chr19:7057381-7058378",2652,4713,0.764857553812256,0.827588783609885,FALSE
265814,"chr8",34965070,34966152,1083,"*","chr8:34965070-34966152",2652,8861,0.000403840930957349,0.000927517066966809,TRUE
291576,"chr9",106685125,106686435,1311,"*","chr9:106685125-106686435",2652,9723,0.0386926677411226,0.0604195311385425,FALSE
47191,"chr11",77785575,77786702,1128,"*","chr11:77785575-77786702",2651,1559,0.0360944038448262,0.0566987179466324,FALSE
63853,"chr12",82169059,82170934,1876,"*","chr12:82169059-82170934",2651,2189,0.0112717462027318,0.0197127425721088,TRUE
142732,"chr19",4877978,4879141,1164,"*","chr19:4877978-4879141",2651,4648,0.727377527828651,0.794942205699778,FALSE
235866,"chr6",83440873,83442249,1377,"*","chr6:83440873-83442249",2651,7748,1,1,FALSE
163782,"chr2",110226188,110227189,1002,"*","chr2:110226188-110227189",2649,5375,0.195905341872573,0.257499134953434,FALSE
194289,"chr4",46649774,46650879,1106,"*","chr4:46649774-46650879",2649,6323,3.84371729863052e-13,2.71066100044465e-12,TRUE
223104,"chr5",122354056,122355048,993,"*","chr5:122354056-122355048",2649,7297,5.00391007726067e-10,2.5390146158732e-09,TRUE
264305,"chr8",22805452,22806124,673,"*","chr8:22805452-22806124",2649,8816,1.39341647458236e-06,4.61701946515029e-06,TRUE
160750,"chr2",77171576,77172938,1363,"*","chr2:77171576-77172938",2648,5292,0.189792890876638,0.250675076279607,FALSE
193586,"chr4",41740638,41741803,1166,"*","chr4:41740638-41741803",2648,6278,1.80482083584443e-12,1.17808148553814e-11,TRUE
194698,"chr4",49546929,49548659,1731,"*","chr4:49546929-49548659",2648,6333,0.221887572750979,0.28697306356826,FALSE
241149,"chr6",119467042,119468137,1096,"*","chr6:119467042-119468137",2648,7899,3.30902063168775e-05,9.06084510319755e-05,TRUE
268903,"chr8",69654361,69655162,802,"*","chr8:69654361-69655162",2648,8922,3.8063458482567e-05,0.000103321005653005,TRUE
297212,"chrX",75095406,75096417,1012,"*","chrX:75095406-75096417",2648,9933,0.000966765189491582,0.00208085490635295,TRUE
36638,"chr10",127265907,127267270,1364,"*","chr10:127265907-127267270",2647,1080,0.521716075710925,0.601887489283485,FALSE
102319,"chr15",66961447,66963661,2215,"*","chr15:66961447-66963661",2646,3241,1.63864117581938e-06,5.39026702572166e-06,TRUE
110110,"chr16",13671647,13673054,1408,"*","chr16:13671647-13673054",2646,3614,3.78081608042107e-05,0.000102683761010893,TRUE
255389,"chr7",101301575,101302700,1126,"*","chr7:101301575-101302700",2646,8497,9.39940774502135e-05,0.000240640239247859,TRUE
121887,"chr17",15395912,15396773,862,"*","chr17:15395912-15396773",2645,3914,0.00170611146545807,0.00352793934131114,TRUE
146157,"chr19",29521981,29523639,1659,"*","chr19:29521981-29523639",2645,4829,1.57633751127415e-08,6.61215399024392e-08,TRUE
183990,"chr3",101571693,101573147,1455,"*","chr3:101571693-101573147",2645,6033,1.75155941878614e-05,4.9703729250458e-05,TRUE
219783,"chr5",103835953,103837095,1143,"*","chr5:103835953-103837095",2644,7177,1.10898943713232e-05,3.22568189974498e-05,TRUE
225612,"chr5",137745503,137746755,1253,"*","chr5:137745503-137746755",2644,7424,0.16165488994684,0.217278077885537,FALSE
242499,"chr6",128142401,128144307,1907,"*","chr6:128142401-128144307",2644,7953,0.188553477482047,0.249277468908047,FALSE
286207,"chr9",65579927,65581453,1527,"*","chr9:65579927-65581453",2644,9569,1.60836876196738e-23,2.98953301480927e-22,TRUE
288783,"chr9",82975206,82976353,1148,"*","chr9:82975206-82976353",2644,9634,0.000984668488330835,0.00211665625178597,TRUE
30949,"chr10",82629277,82630471,1195,"*","chr10:82629277-82630471",2643,938,1.09345742150296e-06,3.65460368149384e-06,TRUE
66610,"chr12",103532051,103533357,1307,"*","chr12:103532051-103533357",2643,2275,3.01126826318664e-33,1.20450730527466e-31,TRUE
72060,"chr13",34045901,34047040,1140,"*","chr13:34045901-34047040",2643,2414,0.846783299957911,0.901984767743834,FALSE
127967,"chr17",65782536,65784146,1611,"*","chr17:65782536-65784146",2643,4240,0.175629735582426,0.233923462416657,FALSE
145576,"chr19",25406067,25407639,1573,"*","chr19:25406067-25407639",2643,4810,0.0184197239605453,0.0307097765264177,TRUE
219727,"chr5",103691746,103693895,2150,"*","chr5:103691746-103693895",2643,7175,0.0301781135723471,0.0482849817157553,TRUE
4898,"chr1",58795075,58796380,1306,"*","chr1:58795075-58796380",2642,125,8.98886025938195e-07,3.04088642062989e-06,TRUE
147809,"chr19",41801755,41802505,751,"*","chr19:41801755-41802505",2642,4875,1.23711407910378e-22,2.1256255654704e-21,TRUE
249224,"chr7",46795528,46796444,917,"*","chr7:46795528-46796444",2642,8326,7.11526232683983e-07,2.43173695380719e-06,TRUE
121577,"chr17",13759921,13761387,1467,"*","chr17:13759921-13761387",2641,3909,2.16023489836597e-12,1.39730588510088e-11,TRUE
161455,"chr2",84727040,84727966,927,"*","chr2:84727040-84727966",2641,5305,3.90993355308108e-11,2.21903152842286e-10,TRUE
164996,"chr2",119972024,119972975,952,"*","chr2:119972024-119972975",2641,5412,0.761529537233771,0.824701686413008,FALSE
226484,"chr5",142463635,142464371,737,"*","chr5:142463635-142464371",2641,7466,5.84405824411237e-20,8.13935688595038e-19,TRUE
234901,"chr6",71493547,71494915,1369,"*","chr6:71493547-71494915",2641,7708,0.00429623557018455,0.00822403439928129,TRUE
261309,"chr7",141172298,141173284,987,"*","chr7:141172298-141173284",2641,8710,0.363914144165432,0.442933476345462,FALSE
263787,"chr8",14992460,14993503,1044,"*","chr8:14992460-14993503",2641,8803,0.00026643800857814,0.000630175043940729,TRUE
25591,"chr10",40257526,40259145,1620,"*","chr10:40257526-40259145",2639,680,0.0115146732032089,0.0200863124993721,TRUE
143051,"chr19",6306076,6307101,1026,"*","chr19:6306076-6307101",2639,4696,0.272446807515814,0.343998494338149,FALSE
187661,"chr3",133543941,133545713,1773,"*","chr3:133543941-133545713",2639,6147,0.000205819766833137,0.000497149195249124,TRUE
248581,"chr7",43579415,43580402,988,"*","chr7:43579415-43580402",2639,8262,3.79255165894632e-07,1.34107201518611e-06,TRUE
194151,"chr4",45972049,45973037,989,"*","chr4:45972049-45973037",2638,6316,0.00683990225323762,0.012495254390277,TRUE
86385,"chr14",30018266,30019973,1708,"*","chr14:30018266-30019973",2636,2826,0.117505833726396,0.162895315636519,FALSE
163649,"chr2",109280508,109281592,1085,"*","chr2:109280508-109281592",2636,5367,1.14962563871522e-09,5.49117945626077e-09,TRUE
209476,"chr4",155943127,155944337,1211,"*","chr4:155943127-155944337",2636,6885,0.00135771478391829,0.00285594190979869,TRUE
226772,"chr5",143817225,143818459,1235,"*","chr5:143817225-143818459",2636,7479,0.120157009642087,0.166376363392532,FALSE
278044,"chr8",129233923,129234891,969,"*","chr8:129233923-129234891",2636,9294,8.70020514871068e-54,1.81254273931472e-51,TRUE
92919,"chr14",79389716,79391153,1438,"*","chr14:79389716-79391153",2635,3040,0.0593461535441786,0.0888947776275893,FALSE
103277,"chr15",75748191,75748878,688,"*","chr15:75748191-75748878",2635,3269,7.15709405012615e-17,7.40900005189043e-16,TRUE
108046,"chr15",101144821,101146053,1233,"*","chr15:101144821-101146053",2635,3515,2.0781143243312e-06,6.7578608398733e-06,TRUE
146632,"chr19",32711830,32713158,1329,"*","chr19:32711830-32713158",2635,4843,2.88130597167308e-05,7.96380865581282e-05,TRUE
125776,"chr17",45863112,45864396,1285,"*","chr17:45863112-45864396",2634,4158,0.268531294412214,0.33974101013691,FALSE
258906,"chr7",127273502,127274534,1033,"*","chr7:127273502-127274534",2634,8635,0.00244580218678708,0.00491519732071359,TRUE
295875,"chrX",37109898,37110825,928,"*","chrX:37109898-37110825",2634,9902,0.915173667298503,0.960308150365691,FALSE
105049,"chr15",83432244,83433274,1031,"*","chr15:83432244-83433274",2633,3388,0.0134207048395308,0.0230675573041094,TRUE
217129,"chr5",76183647,76184823,1177,"*","chr5:76183647-76184823",2633,7110,3.24606035057043e-12,2.05968296355992e-11,TRUE
282934,"chr9",47529793,47530697,905,"*","chr9:47529793-47530697",2633,9451,3.3317996787078e-05,9.11323763322703e-05,TRUE
104761,"chr15",82127482,82128502,1021,"*","chr15:82127482-82128502",2632,3376,1.43130208627957e-09,6.757800218506e-09,TRUE
37214,"chr11",3894770,3896782,2013,"*","chr11:3894770-3896782",2631,1144,0.000123605007084267,0.000309631781273215,TRUE
70514,"chr13",21179632,21181715,2084,"*","chr13:21179632-21181715",2631,2370,4.83996949890253e-19,5.9996769713171e-18,TRUE
202152,"chr4",117550213,117550878,666,"*","chr4:117550213-117550878",2631,6524,0.645772610880875,0.719443639573168,FALSE
61241,"chr12",59130934,59132055,1122,"*","chr12:59130934-59132055",2630,2120,0.00239849120396674,0.00482788084534368,TRUE
110342,"chr16",15886736,15888385,1650,"*","chr16:15886736-15888385",2630,3625,0.0181275496888416,0.030263021183375,TRUE
121983,"chr17",17234373,17235248,876,"*","chr17:17234373-17235248",2630,3924,2.17210039471213e-49,3.10300056387446e-47,TRUE
130737,"chr17",84465641,84466710,1070,"*","chr17:84465641-84466710",2630,4306,0.0293130625683077,0.0470146616724281,TRUE
217122,"chr5",76139849,76140987,1139,"*","chr5:76139849-76140987",2630,7109,0.00580033295438795,0.0107812880193084,TRUE
298479,"chrX",106186733,106187459,727,"*","chrX:106186733-106187459",2630,9961,1.15238690061549e-12,7.72377279232899e-12,TRUE
29787,"chr10",75935652,75936654,1003,"*","chr10:75935652-75936654",2629,813,0.000673029757620136,0.00148834532866019,TRUE
55656,"chr11",120598147,120598942,796,"*","chr11:120598147-120598942",2629,1979,3.77548654383407e-06,1.17324006955689e-05,TRUE
182222,"chr3",89227270,89229396,2127,"*","chr3:89227270-89229396",2629,5920,0.894918179911178,0.943779529299745,FALSE
225465,"chr5",136986709,136987866,1158,"*","chr5:136986709-136987866",2629,7410,0.000743791030369871,0.00163398732506562,TRUE
239614,"chr6",108523546,108525402,1857,"*","chr6:108523546-108525402",2629,7858,0.557032205768551,0.633999778930743,FALSE
2390,"chr1",36709445,36710430,986,"*","chr1:36709445-36710430",2628,60,0.250846919147059,0.319713126621284,FALSE
50983,"chr11",98448097,98448951,855,"*","chr11:98448097-98448951",2628,1740,8.09077869047199e-52,1.39496184318483e-49,TRUE
123276,"chr17",28349766,28351691,1926,"*","chr17:28349766-28351691",2628,4021,3.92499178019387e-12,2.47165729231352e-11,TRUE
217706,"chr5",88553596,88554958,1363,"*","chr5:88553596-88554958",2628,7125,0.0304570761930992,0.0487001538105201,TRUE
289601,"chr9",92275606,92276787,1182,"*","chr9:92275606-92276787",2628,9655,0.0317001030247247,0.0504457400138841,FALSE
56493,"chr12",8379858,8380445,588,"*","chr12:8379858-8380445",2627,2020,0.0399273690257095,0.0621534387075179,FALSE
138661,"chr18",61707032,61708125,1094,"*","chr18:61707032-61708125",2627,4523,1.50944266026016e-12,9.94362753794575e-12,TRUE
231596,"chr6",38534622,38535542,921,"*","chr6:38534622-38535542",2627,7609,0.138596186937822,0.189339053193746,FALSE
246665,"chr7",25219171,25220306,1136,"*","chr7:25219171-25220306",2627,8130,4.27134767719146e-06,1.31621155665635e-05,TRUE
36734,"chr10",127621043,127622547,1505,"*","chr10:127621043-127622547",2626,1086,1.92392355668784e-15,1.72394583932602e-14,TRUE
50828,"chr11",97798999,97800842,1844,"*","chr11:97798999-97800842",2626,1727,0.325232638126481,0.40211750510198,FALSE
67893,"chr12",111353240,111354181,942,"*","chr12:111353240-111354181",2626,2308,0.000643276950118522,0.00142570246036906,TRUE
89086,"chr14",55603728,55604761,1034,"*","chr14:55603728-55604761",2626,2928,0.00319008225138238,0.00627571005403143,TRUE
212550,"chr5",34513614,34514568,955,"*","chr5:34513614-34514568",2626,6999,0.0285529205076184,0.0458755149543998,TRUE
248365,"chr7",39517596,39518355,760,"*","chr7:39517596-39518355",2626,8249,5.11217141431603e-08,2.01425193629473e-07,TRUE
51333,"chr11",100395341,100396228,888,"*","chr11:100395341-100396228",2625,1763,0.0662571992714967,0.0982170164119429,FALSE
77071,"chr13",63564745,63565482,738,"*","chr13:63564745-63565482",2625,2562,0.519418001723358,0.599945509139061,FALSE
128016,"chr17",65950713,65951628,916,"*","chr17:65950713-65951628",2625,4242,7.04496543480669e-12,4.30621359095764e-11,TRUE
74037,"chr13",45300593,45302008,1416,"*","chr13:45300593-45302008",2624,2468,0.00872885859621956,0.0155675962362715,TRUE
161652,"chr2",90565292,90565947,656,"*","chr2:90565292-90565947",2624,5310,2.16862844810004e-06,7.03186915726342e-06,TRUE
281839,"chr9",42109805,42110849,1045,"*","chr9:42109805-42110849",2624,9398,0.301832578303326,0.376819698256337,FALSE
291727,"chr9",107612238,107613476,1239,"*","chr9:107612238-107613476",2624,9741,0.0238569187248368,0.0388549164899622,TRUE
2564,"chr1",37429683,37430896,1214,"*","chr1:37429683-37430896",2623,63,5.92035405168748e-10,2.96610924433241e-09,TRUE
110156,"chr16",14003578,14004739,1162,"*","chr16:14003578-14004739",2623,3619,0.30761604181653,0.382797463684084,FALSE
201076,"chr4",108024563,108026045,1483,"*","chr4:108024563-108026045",2623,6469,0.0380292348904413,0.0594764386775748,FALSE
203467,"chr4",126147634,126149017,1384,"*","chr4:126147634-126149017",2623,6578,0.000158163580589602,0.000390913446835397,TRUE
246227,"chr7",19023539,19024960,1422,"*","chr7:19023539-19024960",2623,8092,0.0211030990757315,0.0347776846996234,TRUE
62587,"chr12",75472791,75473925,1135,"*","chr12:75472791-75473925",2622,2151,0.615075836896129,0.690475793552009,FALSE
166617,"chr2",130638179,130638898,720,"*","chr2:130638179-130638898",2622,5482,0.0841905491591881,0.121592358693224,FALSE
77997,"chr13",73769905,73770592,688,"*","chr13:73769905-73770592",2621,2593,1.28984546616178e-05,3.72787706983173e-05,TRUE
152321,"chr2",12923659,12924735,1077,"*","chr2:12923659-12924735",2621,5019,0.00124678902457171,0.00263257817688284,TRUE
195991,"chr4",59783456,59784352,897,"*","chr4:59783456-59784352",2621,6358,7.89780013728558e-17,8.10862437092975e-16,TRUE
209503,"chr4",156082796,156085247,2452,"*","chr4:156082796-156085247",2621,6889,0.747529985837427,0.812709269229645,FALSE
212622,"chr5",34948922,34950038,1117,"*","chr5:34948922-34950038",2621,7003,0.815375984499804,0.872806662919936,FALSE
865,"chr1",15805370,15806616,1247,"*","chr1:15805370-15806616",2620,23,9.28004171165235e-17,9.29863898963162e-16,TRUE
16535,"chr1",164896370,164897382,1013,"*","chr1:164896370-164897382",2620,464,0.129297253586427,0.177606117563774,FALSE
41215,"chr11",40692304,40693066,763,"*","chr11:40692304-40693066",2620,1275,0.00875142340113241,0.015594125803871,TRUE
211240,"chr5",24482563,24483938,1376,"*","chr5:24482563-24483938",2620,6932,0.451658813746902,0.533204398612797,FALSE
197397,"chr4",80910649,80912447,1799,"*","chr4:80910649-80912447",2619,6382,1.74635049588189e-16,1.71210832929597e-15,TRUE
36844,"chr10",128092549,128093683,1135,"*","chr10:128092549-128093683",2618,1100,0.851790852926502,0.906546246196788,FALSE
293515,"chr9",118800940,118802348,1409,"*","chr9:118800940-118802348",2618,9815,0.000110026944001472,0.000278831586420354,TRUE
170229,"chr2",157422555,157423589,1035,"*","chr2:157422555-157423589",2617,5601,1.5841731108615e-08,6.6394514285897e-08,TRUE
221430,"chr5",114175593,114176378,786,"*","chr5:114175593-114176378",2617,7230,0.315320686952176,0.391313833398084,FALSE
232418,"chr6",48554308,48555624,1317,"*","chr6:48554308-48555624",2617,7639,0.184020336579715,0.243929396314574,FALSE
294838,"chrX",8074424,8075162,739,"*","chrX:8074424-8075162",2617,9880,0.00746058877358111,0.0135057725807044,TRUE
11890,"chr1",128243885,128245106,1222,"*","chr1:128243885-128245106",2616,325,2.81961139563519e-16,2.71116480349537e-15,TRUE
49041,"chr11",87736651,87737850,1200,"*","chr11:87736651-87737850",2615,1650,1.14893371197623e-30,3.80441626482194e-29,TRUE
169803,"chr2",155276165,155277344,1180,"*","chr2:155276165-155277344",2615,5579,0.473643290518268,0.554098374494933,FALSE
204877,"chr4",133545691,133546492,802,"*","chr4:133545691-133546492",2615,6657,1.49862757510215e-06,4.93944487508949e-06,TRUE
269250,"chr8",71366894,71367855,962,"*","chr8:71366894-71367855",2615,8967,7.00489116797502e-20,9.67526404416439e-19,TRUE
292030,"chr9",109059150,109060149,1000,"*","chr9:109059150-109060149",2615,9775,0.0102561082911746,0.0180184615094424,TRUE
40350,"chr11",32454729,32455774,1046,"*","chr11:32454729-32455774",2614,1267,0.623304776581443,0.698296122269419,FALSE
45599,"chr11",69408702,69409140,439,"*","chr11:69408702-69409140",2614,1448,0.999390584654375,1,FALSE
145517,"chr19",25236496,25237989,1494,"*","chr19:25236496-25237989",2614,4809,1.33871297528018e-07,5.0327555461661e-07,TRUE
173331,"chr2",172999810,173000762,953,"*","chr2:172999810-173000762",2614,5700,3.53965056849094e-06,1.10260392260705e-05,TRUE
72652,"chr13",37825450,37828257,2808,"*","chr13:37825450-37828257",2613,2428,1.20886846764061e-09,5.75103933225788e-09,TRUE
182868,"chr3",94974251,94975623,1373,"*","chr3:94974251-94975623",2613,5958,0.000403104962643637,0.000926252211956886,TRUE
199199,"chr4",97750924,97752475,1552,"*","chr4:97750924-97752475",2613,6416,9.47410048563235e-13,6.41876726668859e-12,TRUE
274371,"chr8",111258533,111259663,1131,"*","chr8:111258533-111259663",2613,9174,0.00519279054922504,0.00979402215998688,TRUE
230152,"chr6",29467588,29468588,1001,"*","chr6:29467588-29468588",2612,7562,0.00726607230386269,0.0131774978307267,TRUE
236183,"chr6",85253602,85254849,1248,"*","chr6:85253602-85254849",2612,7761,0.304507450464201,0.379779808511101,FALSE
246438,"chr7",19796507,19797750,1244,"*","chr7:19796507-19797750",2612,8114,0.0272688389237143,0.0439536410762642,TRUE
265095,"chr8",27022567,27024350,1784,"*","chr8:27022567-27024350",2612,8839,1.72215309195085e-07,6.36420211363952e-07,TRUE
269080,"chr8",70506292,70507095,804,"*","chr8:70506292-70507095",2612,8942,0.322935814756044,0.399870994002035,FALSE
275989,"chr8",120667769,120668786,1018,"*","chr8:120667769-120668786",2612,9229,3.59788813735055e-33,1.42773338783752e-31,TRUE
14695,"chr1",152766098,152766983,886,"*","chr1:152766098-152766983",2611,406,9.10365189987436e-20,1.23022322971275e-18,TRUE
8921,"chr1",89454228,89455324,1097,"*","chr1:89454228-89455324",2610,253,3.66476761893713e-09,1.6404510380202e-08,TRUE
150961,"chr19",60790012,60791406,1395,"*","chr19:60790012-60791406",2610,4981,0.00352499339667992,0.00687680748903455,TRUE
258894,"chr7",127195660,127196462,803,"*","chr7:127195660-127196462",2610,8629,0.000525941996782175,0.00118422273340558,TRUE
285225,"chr9",61372251,61372693,443,"*","chr9:61372251-61372693",2610,9527,1.69727512795343e-05,4.83003735900235e-05,TRUE
124762,"chr17",35235759,35236873,1115,"*","chr17:35235759-35236873",2609,4112,0.906169262232774,0.953059804620082,FALSE
31988,"chr10",88510715,88511936,1222,"*","chr10:88510715-88511936",2608,969,1.06300518041541e-09,5.11552059872673e-09,TRUE
159688,"chr2",71607047,71608229,1183,"*","chr2:71607047-71608229",2608,5274,0.821024026809431,0.877725066078074,FALSE
170864,"chr2",160731034,160732516,1483,"*","chr2:160731034-160732516",2608,5615,3.46080967249181e-05,9.4557641324913e-05,TRUE
11243,"chr1",121327282,121328463,1182,"*","chr1:121327282-121328463",2607,316,1.64693405169921e-14,1.33247091561425e-13,TRUE
33080,"chr10",95773558,95774772,1215,"*","chr10:95773558-95774772",2607,996,1.07005803588665e-12,7.1912502411737e-12,TRUE
43847,"chr11",59505470,59507106,1637,"*","chr11:59505470-59507106",2607,1379,0.0618309351629986,0.092422922515693,FALSE
134005,"chr18",24120841,24122292,1452,"*","chr18:24120841-24122292",2607,4382,1.42427447638483e-11,8.40775960085498e-11,TRUE
276506,"chr8",122522989,122523939,951,"*","chr8:122522989-122523939",2607,9241,0.524747926550042,0.60468763142434,FALSE
279462,"chr9",21723344,21724850,1507,"*","chr9:21723344-21724850",2607,9343,1.249174900338e-16,1.23926081382738e-15,TRUE
286436,"chr9",66697646,66698451,806,"*","chr9:66697646-66698451",2607,9580,0.843173329418193,0.898905468462892,FALSE
169207,"chr2",152332072,152333034,963,"*","chr2:152332072-152333034",2606,5543,1.47056853819194e-05,4.21366343321474e-05,TRUE
246674,"chr7",25249109,25250515,1407,"*","chr7:25249109-25250515",2606,8133,1.16092097057307e-23,2.22398653366488e-22,TRUE
282361,"chr9",44490421,44491210,790,"*","chr9:44490421-44491210",2606,9431,7.41380259678655e-05,0.000192266664854423,TRUE
52420,"chr11",105589173,105590408,1236,"*","chr11:105589173-105590408",2605,1839,2.72464882346002e-36,1.45236562763488e-34,TRUE
119207,"chr16",94369894,94372150,2257,"*","chr16:94369894-94372150",2605,3850,0.017756869786763,0.0297036965318886,TRUE
247385,"chr7",29768081,29769076,996,"*","chr7:29768081-29769076",2605,8201,9.95822451787559e-35,4.48568671976378e-33,TRUE
37796,"chr11",6625688,6626637,950,"*","chr11:6625688-6626637",2604,1187,0.852410269908103,0.90681943607245,FALSE
212864,"chr5",35907766,35909349,1584,"*","chr5:35907766-35909349",2604,7012,1,1,FALSE
268133,"chr8",61223779,61224967,1189,"*","chr8:61223779-61224967",2604,8907,0.0114519725071818,0.0199999519859969,TRUE
269105,"chr8",70593865,70595220,1356,"*","chr8:70593865-70595220",2604,8947,3.14383442219014e-06,9.89692480610218e-06,TRUE
86377,"chr14",29995988,29996702,715,"*","chr14:29995988-29996702",2603,2822,0.0980686525077018,0.139065020572464,FALSE
184264,"chr3",103278861,103280884,2024,"*","chr3:103278861-103280884",2603,6040,0.321513838011321,0.398307529746433,FALSE
274306,"chr8",110919408,110920386,979,"*","chr8:110919408-110920386",2603,9170,0.000325335657986071,0.000758358177123708,TRUE
27686,"chr10",60752221,60753277,1057,"*","chr10:60752221-60753277",2602,743,0.00166716552499844,0.00345152504432162,TRUE
67976,"chr12",111574197,111574832,636,"*","chr12:111574197-111574832",2602,2312,1.73222825199472e-05,4.92106188090905e-05,TRUE
108848,"chr16",4683592,4684456,865,"*","chr16:4683592-4684456",2602,3573,1.37479265249262e-08,5.81553575504493e-08,TRUE
234019,"chr6",56796833,56798370,1538,"*","chr6:56796833-56798370",2602,7683,0.0940905691896129,0.134223351197736,FALSE
246302,"chr7",19319660,19320534,875,"*","chr7:19319660-19320534",2602,8103,1.3878142956032e-08,5.86565636349619e-08,TRUE
287583,"chr9",72661759,72663634,1876,"*","chr9:72661759-72663634",2602,9608,7.86796473159963e-10,3.84929781389414e-09,TRUE
35621,"chr10",120112625,120113424,800,"*","chr10:120112625-120113424",2601,1053,1.04307776626011e-14,8.60625219686563e-14,TRUE
91530,"chr14",70767511,70768179,669,"*","chr14:70767511-70768179",2601,3008,0.0505863699390734,0.0771133688095631,FALSE
102335,"chr15",67018972,67019875,904,"*","chr15:67018972-67019875",2601,3245,1.28589156606057e-06,4.26922830697399e-06,TRUE
148769,"chr19",46528623,46529411,789,"*","chr19:46528623-46529411",2601,4932,0.0339607021405885,0.0536334525277772,FALSE
207101,"chr4",142052058,142053319,1262,"*","chr4:142052058-142053319",2601,6766,0.00027744340205477,0.000653730919073444,TRUE
245002,"chr6",146724728,146725955,1228,"*","chr6:146724728-146725955",2601,8013,0.0533154618537824,0.0807810028087612,FALSE
285351,"chr9",61914270,61915173,904,"*","chr9:61914270-61915173",2601,9528,0.00287503988782489,0.00571578506525823,TRUE
120501,"chr17",6745854,6747988,2135,"*","chr17:6745854-6747988",2600,3891,0.0873528513144606,0.125723735340329,FALSE
135985,"chr18",40219100,40219852,753,"*","chr18:40219100-40219852",2600,4473,0.123975115291799,0.171094556019596,FALSE
164814,"chr2",118861651,118862327,677,"*","chr2:118861651-118862327",2600,5395,3.66085019076489e-16,3.46016086083638e-15,TRUE
193178,"chr4",35225243,35226561,1319,"*","chr4:35225243-35226561",2600,6255,0.0885649028805748,0.127175334406339,FALSE
224300,"chr5",130023912,130024732,821,"*","chr5:130023912-130024732",2600,7363,0.854074068716218,0.908396159025971,FALSE
232770,"chr6",50419704,50421004,1301,"*","chr6:50419704-50421004",2600,7655,0.073858201055128,0.108011408387142,FALSE
257754,"chr7",119521592,119522925,1334,"*","chr7:119521592-119522925",2600,8577,0.00427627087049866,0.00818895226062554,TRUE
284289,"chr9",56937179,56938394,1216,"*","chr9:56937179-56938394",2600,9494,0.0547402381359281,0.0827141706496345,FALSE
290000,"chr9",96195780,96197296,1517,"*","chr9:96195780-96197296",2600,9666,0.0149510488999752,0.0254356054780116,TRUE
300194,"chrX",162759584,162761120,1537,"*","chrX:162759584-162761120",2600,9990,1.33617661720833e-14,1.08986673508021e-13,TRUE
84695,"chr14",20707272,20708378,1107,"*","chr14:20707272-20708378",2599,2771,7.18149547265864e-17,7.41890028167215e-16,TRUE
106990,"chr15",96709225,96710527,1303,"*","chr15:96709225-96710527",2599,3455,5.02211712476011e-38,3.34807808317341e-36,TRUE
107864,"chr15",100422664,100423495,832,"*","chr15:100422664-100423495",2599,3505,1.43343641197601e-28,4.11907014935634e-27,TRUE
125017,"chr17",36951534,36952165,632,"*","chr17:36951534-36952165",2599,4137,0.0616328325110226,0.0921543548310745,FALSE
201837,"chr4",115737550,115738252,703,"*","chr4:115737550-115738252",2599,6498,0.801119499163217,0.859201522054072,FALSE
189321,"chr3",146450135,146451136,1002,"*","chr3:146450135-146451136",2598,6183,0.128356855882248,0.176556885670218,FALSE
289988,"chr9",96119033,96119850,818,"*","chr9:96119033-96119850",2598,9665,7.79206695908485e-22,1.24473913084423e-20,TRUE
9402,"chr1",91297919,91298792,874,"*","chr1:91297919-91298792",2597,259,0.236456062743778,0.304240945372848,FALSE
111629,"chr16",23993459,23994646,1188,"*","chr16:23993459-23994646",2597,3685,0.929660261108439,0.974282394789812,FALSE
212019,"chr5",31290863,31291615,753,"*","chr5:31290863-31291615",2597,6971,0.367760155358255,0.446853165684393,FALSE
227156,"chr5",146794171,146795421,1251,"*","chr5:146794171-146795421",2597,7500,1.8090463983573e-33,7.3538471477939e-32,TRUE
241399,"chr6",120822370,120823228,859,"*","chr6:120822370-120823228",2597,7908,0.176740796194454,0.23527795020561,FALSE
258730,"chr7",126428484,126429719,1236,"*","chr7:126428484-126429719",2597,8609,0.00118082925191765,0.00250813350024989,TRUE
271835,"chr8",90876298,90877776,1479,"*","chr8:90876298-90877776",2597,9076,0.00160294725997376,0.00333114559429293,TRUE
56560,"chr12",8673771,8674948,1178,"*","chr12:8673771-8674948",2596,2023,1.86214080683953e-28,5.2901727467032e-27,TRUE
95857,"chr14",122181286,122182240,955,"*","chr14:122181286-122182240",2596,3091,1.91205799486917e-22,3.24077626249011e-21,TRUE
142755,"chr19",5023602,5024739,1138,"*","chr19:5023602-5024739",2596,4651,1.34633114384672e-23,2.52944710336338e-22,TRUE
228973,"chr6",13816502,13817308,807,"*","chr6:13816502-13817308",2596,7544,0.144849393568745,0.196752775833667,FALSE
241151,"chr6",119478816,119480308,1493,"*","chr6:119478816-119480308",2596,7900,0.0144176578180454,0.0246035116348898,TRUE
297138,"chrX",73914819,73915559,741,"*","chrX:73914819-73915559",2596,9925,0.104331286492506,0.146904092498601,FALSE
70666,"chr13",23445510,23447119,1610,"*","chr13:23445510-23447119",2595,2380,6.29026902303872e-06,1.88444248742921e-05,TRUE
91796,"chr14",73142531,73144167,1637,"*","chr14:73142531-73144167",2595,3011,0.0442774213114284,0.068203051927647,FALSE
176495,"chr3",30855727,30856715,989,"*","chr3:30855727-30856715",2595,5782,0.00343724836405604,0.00672388177632247,TRUE
203930,"chr4",129250972,129252207,1236,"*","chr4:129250972-129252207",2595,6599,0.0127162207316067,0.021985167239984,TRUE
223196,"chr5",122707242,122708324,1083,"*","chr5:122707242-122708324",2595,7303,0.0473671966554662,0.0725348164170682,FALSE
45707,"chr11",69880658,69881843,1186,"*","chr11:69880658-69881843",2594,1466,0.00396076731000726,0.00764922230592364,TRUE
154640,"chr2",30124184,30125090,907,"*","chr2:30124184-30125090",2593,5107,0.000520972726763774,0.00117547997916014,TRUE
180387,"chr3",69721756,69722976,1221,"*","chr3:69721756-69722976",2593,5865,0.558009332706785,0.634822904103282,FALSE
208057,"chr4",149737573,149738590,1018,"*","chr4:149737573-149738590",2593,6808,0.0141294770625478,0.0241777499359134,TRUE
223150,"chr5",122526671,122527690,1020,"*","chr5:122526671-122527690",2593,7301,0.519432821812599,0.599945509139061,FALSE
124518,"chr17",34121062,34121816,755,"*","chr17:34121062-34121816",2592,4090,2.08403263474453e-19,2.72066923595891e-18,TRUE
131364,"chr17",87350612,87352930,2319,"*","chr17:87350612-87352930",2592,4327,3.49499059162002e-10,1.79230286749744e-09,TRUE
161922,"chr2",92008167,92008871,705,"*","chr2:92008167-92008871",2592,5329,3.15260484999926e-17,3.36816757478554e-16,TRUE
15721,"chr1",159231715,159232567,853,"*","chr1:159231715-159232567",2591,435,0.00261065779498278,0.00522549598675496,TRUE
37062,"chr11",3265818,3266986,1169,"*","chr11:3265818-3266986",2591,1133,0.00354474789915521,0.00690983995936688,TRUE
70652,"chr13",23368759,23369684,926,"*","chr13:23368759-23369684",2591,2377,4.06133402017508e-24,7.96340003955898e-23,TRUE
76550,"chr13",59822684,59823630,947,"*","chr13:59822684-59823630",2591,2548,0.165510429403316,0.222020743996212,FALSE
120085,"chr17",4945628,4947891,2264,"*","chr17:4945628-4947891",2591,3877,0.000407213166058927,0.000934832796278529,TRUE
227016,"chr5",145231318,145232459,1142,"*","chr5:145231318-145232459",2591,7493,6.00436674252942e-06,1.81072579690272e-05,TRUE
291545,"chr9",106453017,106454193,1177,"*","chr9:106453017-106454193",2591,9721,4.33108787470379e-19,5.41385984337973e-18,TRUE
85653,"chr14",25489415,25489912,498,"*","chr14:25489415-25489912",2590,2803,0.166974263103332,0.223770453781481,FALSE
146015,"chr19",28836009,28837836,1828,"*","chr19:28836009-28837836",2590,4823,0.849401960613738,0.90419625358073,FALSE
173594,"chr2",174075827,174076812,986,"*","chr2:174075827-174076812",2590,5710,2.43699514956554e-08,9.97133858251038e-08,TRUE
150496,"chr19",57610134,57611810,1677,"*","chr19:57610134-57611810",2589,4971,0.00690525825584278,0.0125962390657475,TRUE
162196,"chr2",93261690,93262902,1213,"*","chr2:93261690-93262902",2589,5337,1.08316161170755e-07,4.11535566758189e-07,TRUE
203490,"chr4",126256080,126256894,815,"*","chr4:126256080-126256894",2589,6581,1.28222816947684e-06,4.25989425075363e-06,TRUE
9434,"chr1",91436047,91437199,1153,"*","chr1:91436047-91437199",2588,262,0.0170028810649675,0.0285379004111572,TRUE
42570,"chr11",51606686,51607408,723,"*","chr11:51606686-51607408",2588,1315,0.000678125363748317,0.00149828847491895,TRUE
128781,"chr17",71526526,71527603,1078,"*","chr17:71526526-71527603",2588,4259,0.215337115279534,0.279295869363857,FALSE
209568,"chr5",3342005,3344884,2880,"*","chr5:3342005-3344884",2588,6896,3.50640912013662e-19,4.46108030551733e-18,TRUE
293648,"chr9",119155357,119157445,2089,"*","chr9:119155357-119157445",2588,9820,0.000287383943017925,0.000675879452064735,TRUE
171312,"chr2",164070620,164071575,956,"*","chr2:164070620-164071575",2587,5631,0.0180517132113006,0.0301464816487986,TRUE
50402,"chr11",96294596,96295984,1389,"*","chr11:96294596-96295984",2586,1700,0.597573983800774,0.673398674555752,FALSE
201572,"chr4",114345155,114345935,781,"*","chr4:114345155-114345935",2586,6486,0.5316248744447,0.611344151845331,FALSE
36579,"chr10",127043117,127043874,758,"*","chr10:127043117-127043874",2585,1074,0.797186596551916,0.855901434992394,FALSE
45697,"chr11",69846107,69847154,1048,"*","chr11:69846107-69847154",2585,1465,0.000618325704591355,0.00137589164350546,TRUE
100586,"chr15",53345923,53346818,896,"*","chr15:53345923-53346818",2585,3204,3.70945973061952e-06,1.15343897096378e-05,TRUE
129957,"chr17",80127437,80128560,1124,"*","chr17:80127437-80128560",2585,4290,0.616778430459988,0.692231684017944,FALSE
173293,"chr2",172901051,172901848,798,"*","chr2:172901051-172901848",2585,5698,3.11120534923844e-07,1.11114476758516e-06,TRUE
186200,"chr3",122206027,122207109,1083,"*","chr3:122206027-122207109",2585,6113,0.959802915946354,1,FALSE
193288,"chr4",40181808,40182377,570,"*","chr4:40181808-40182377",2585,6257,1.06689133972389e-09,5.12928528713409e-09,TRUE
210000,"chr5",8422296,8423347,1052,"*","chr5:8422296-8423347",2585,6907,0.368807193848447,0.447690208604573,FALSE
248518,"chr7",41499234,41500760,1527,"*","chr7:41499234-41500760",2585,8254,2.57794965514596e-51,4.15798331475155e-49,TRUE
259026,"chr7",127935357,127936080,724,"*","chr7:127935357-127936080",2585,8656,0.00490410379361305,0.00929159491021798,TRUE
13518,"chr1",136624345,136625998,1654,"*","chr1:136624345-136625998",2584,385,6.35220675695617e-08,2.47924846655877e-07,TRUE
114280,"chr16",38945619,38946261,643,"*","chr16:38945619-38946261",2584,3753,0.108682304942202,0.152173487737612,FALSE
124914,"chr17",35969307,35970394,1088,"*","chr17:35969307-35970394",2584,4130,0.0538639397392606,0.0815132259976703,FALSE
163880,"chr2",112265511,112266700,1190,"*","chr2:112265511-112266700",2584,5376,0.00770428581429292,0.0138916080315415,TRUE
225140,"chr5",135632584,135633182,599,"*","chr5:135632584-135633182",2584,7391,0.275575013244727,0.347246740479747,FALSE
261297,"chr7",141121177,141121795,619,"*","chr7:141121177-141121795",2584,8708,0.00796134433918543,0.0143241171989662,TRUE
30367,"chr10",79097271,79098019,749,"*","chr10:79097271-79098019",2583,841,0.000138196588774555,0.000344286469293858,TRUE
51113,"chr11",98941439,98943440,2002,"*","chr11:98941439-98943440",2583,1756,1.41749178703795e-05,4.07253749792321e-05,TRUE
276652,"chr8",123064944,123066098,1155,"*","chr8:123064944-123066098",2583,9248,0.0465694603504121,0.0714036497246429,FALSE
283427,"chr9",50603468,50604460,993,"*","chr9:50603468-50604460",2583,9461,0.037734126443577,0.0590518410697605,FALSE
30873,"chr10",81407745,81408531,787,"*","chr10:81407745-81408531",2582,923,2.18703677521183e-08,9.02242894064288e-08,TRUE
73051,"chr13",40859422,40860421,1000,"*","chr13:40859422-40860421",2582,2435,0.163325863022319,0.219288215658324,FALSE
287148,"chr9",70503139,70504200,1062,"*","chr9:70503139-70504200",2582,9594,1.05937815257885e-12,7.12905890026147e-12,TRUE
290050,"chr9",96478285,96479074,790,"*","chr9:96478285-96479074",2582,9668,8.72143165046897e-14,6.57724860518022e-13,TRUE
107395,"chr15",98662394,98663301,908,"*","chr15:98662394-98663301",2581,3475,2.96793070616624e-08,1.20354043234641e-07,TRUE
107451,"chr15",98871053,98872810,1758,"*","chr15:98871053-98872810",2581,3478,0.0964331449371821,0.136952266300465,FALSE
223772,"chr5",125177644,125180464,2821,"*","chr5:125177644-125180464",2581,7345,0.567118039536505,0.643866984033271,FALSE
285560,"chr9",62857234,62858405,1172,"*","chr9:62857234-62858405",2581,9541,0.192345070723565,0.253452185437997,FALSE
183435,"chr3",98013187,98014448,1262,"*","chr3:98013187-98014448",2580,6013,0.00584796031782755,0.0108617390747169,TRUE
236714,"chr6",87838423,87839290,868,"*","chr6:87838423-87839290",2580,7785,0.241915363822128,0.310546038282577,FALSE
117653,"chr16",85172148,85174155,2008,"*","chr16:85172148-85174155",2579,3812,0.836895116393165,0.892973875792963,FALSE
47639,"chr11",79660372,79661244,873,"*","chr11:79660372-79661244",2578,1586,6.01360049106715e-08,2.34906269182311e-07,TRUE
81683,"chr13",108214008,108215159,1152,"*","chr13:108214008-108215159",2578,2687,1.62111224334987e-07,6.03541415990271e-07,TRUE
216045,"chr5",67260400,67261619,1220,"*","chr5:67260400-67261619",2578,7091,1.12856923400997e-09,5.40502506709757e-09,TRUE
291894,"chr9",108342046,108343057,1012,"*","chr9:108342046-108343057",2578,9759,5.30427876603717e-06,1.60930787804526e-05,TRUE
86487,"chr14",30479349,30480141,793,"*","chr14:30479349-30480141",2577,2827,3.65950238365038e-09,1.63956199984336e-08,TRUE
104035,"chr15",79051363,79052460,1098,"*","chr15:79051363-79052460",2577,3325,0.531877398125808,0.611493904490467,FALSE
125252,"chr17",43206530,43207681,1152,"*","chr17:43206530-43207681",2577,4148,1.01755424434481e-12,6.86608801852101e-12,TRUE
152476,"chr2",14073499,14074690,1192,"*","chr2:14073499-14074690",2577,5023,3.23228399268092e-05,8.87015365719242e-05,TRUE
235117,"chr6",72538675,72539785,1111,"*","chr6:72538675-72539785",2577,7723,0.0023033578996187,0.00465136894107168,TRUE
258533,"chr7",125551821,125552940,1120,"*","chr7:125551821-125552940",2577,8602,2.01252022482577e-07,7.3772735514141e-07,TRUE
55589,"chr11",120348386,120349199,814,"*","chr11:120348386-120349199",2576,1967,3.45310645792003e-37,2.13154719624693e-35,TRUE
284504,"chr9",57831286,57832044,759,"*","chr9:57831286-57832044",2576,9509,0.510964682936535,0.591942403772631,FALSE
127287,"chr17",57249420,57250401,982,"*","chr17:57249420-57250401",2575,4232,8.40520340482543e-13,5.7051757619025e-12,TRUE
225700,"chr5",138619366,138620184,819,"*","chr5:138619366-138620184",2575,7433,0.844012401277958,0.899416454899784,FALSE
291705,"chr9",107562998,107563560,563,"*","chr9:107562998-107563560",2575,9736,7.48158305014355e-08,2.89576813661887e-07,TRUE
201588,"chr4",114405681,114406516,836,"*","chr4:114405681-114406516",2574,6487,0.051634414851526,0.0785158643768772,FALSE
226156,"chr5",140418364,140419978,1615,"*","chr5:140418364-140419978",2574,7456,0.61012704905084,0.685998481055588,FALSE
271015,"chr8",85432492,85433300,809,"*","chr8:85432492-85433300",2574,9057,3.1306314596991e-06,9.86336313704821e-06,TRUE
275562,"chr8",119394610,119395610,1001,"*","chr8:119394610-119395610",2574,9211,0.549518821600128,0.627161403332719,FALSE
275699,"chr8",119885590,119886237,648,"*","chr8:119885590-119886237",2574,9220,0.000265497251113912,0.000628247163071254,TRUE
290442,"chr9",98986033,98986937,905,"*","chr9:98986033-98986937",2574,9681,0.870109440842697,0.923362498434349,FALSE
28879,"chr10",69211821,69214055,2235,"*","chr10:69211821-69214055",2573,774,0.0648885300829228,0.0964741749671763,FALSE
46704,"chr11",75732601,75733884,1284,"*","chr11:75732601-75733884",2573,1543,0.00319057099146958,0.00627571005403143,TRUE
62682,"chr12",75846342,75847150,809,"*","chr12:75846342-75847150",2573,2157,0.206227551380781,0.269282173758768,FALSE
135363,"chr18",36663719,36664496,778,"*","chr18:36663719-36664496",2573,4446,2.79571944814544e-05,7.74008706574042e-05,TRUE
197803,"chr4",83417255,83418227,973,"*","chr4:83417255-83418227",2573,6388,6.97470429208084e-61,3.17032013276402e-58,TRUE
252769,"chr7",80947211,80948206,996,"*","chr7:80947211-80948206",2573,8418,0.478600950291781,0.55924392415492,FALSE
108819,"chr16",4602888,4603707,820,"*","chr16:4602888-4603707",2572,3567,1.66784772604375e-11,9.7878387678624e-11,TRUE
122597,"chr17",25874552,25876068,1517,"*","chr17:25874552-25876068",2572,3979,0.000509018934651318,0.00115006537426868,TRUE
247895,"chr7",35055824,35057026,1203,"*","chr7:35055824-35057026",2572,8231,0.00129330527146609,0.00272619155030795,TRUE
142918,"chr19",5793270,5795633,2364,"*","chr19:5793270-5795633",2571,4673,0.242910633862248,0.311423889566984,FALSE
210042,"chr5",8996639,8997719,1081,"*","chr5:8996639-8997719",2570,6908,5.54857088185234e-05,0.000146216873893719,TRUE
225142,"chr5",135642570,135643931,1362,"*","chr5:135642570-135643931",2570,7392,0.00624648710891901,0.0115590064931884,TRUE
277638,"chr8",127063228,127065303,2076,"*","chr8:127063228-127065303",2570,9289,5.00315910459457e-07,1.75058051245436e-06,TRUE
37627,"chr11",5788225,5789152,928,"*","chr11:5788225-5789152",2569,1174,2.12178752510925e-05,5.94671391566495e-05,TRUE
48766,"chr11",86357246,86358724,1479,"*","chr11:86357246-86358724",2569,1629,2.14959317774833e-16,2.09512005628492e-15,TRUE
106046,"chr15",89355260,89356295,1036,"*","chr15:89355260-89356295",2569,3437,1.81872695313931e-11,1.06482842689655e-10,TRUE
200749,"chr4",106798983,106800554,1572,"*","chr4:106798983-106800554",2569,6458,0.604798227436457,0.680619207108324,FALSE
48920,"chr11",86993186,86994255,1070,"*","chr11:86993186-86994255",2568,1639,0.590167267779693,0.666403870573275,FALSE
168298,"chr2",144368612,144370085,1474,"*","chr2:144368612-144370085",2568,5517,6.23785189713599e-06,1.87098137286622e-05,TRUE
255732,"chr7",105736224,105737443,1220,"*","chr7:105736224-105737443",2568,8517,0.513818349140344,0.594786907285987,FALSE
278936,"chr9",15301301,15302025,725,"*","chr9:15301301-15302025",2568,9314,0.265369500642201,0.336080927864996,FALSE
13136,"chr1",134955586,134956440,855,"*","chr1:134955586-134956440",2567,370,1.65024501061058e-23,3.05600927890849e-22,TRUE
30691,"chr10",80678072,80679044,973,"*","chr10:80678072-80679044",2567,895,0.00422812992098811,0.00810918665321846,TRUE
73798,"chr13",44306359,44307183,825,"*","chr13:44306359-44307183",2567,2459,0.00976144812409021,0.0172281117615429,TRUE
270949,"chr8",84976315,84976968,654,"*","chr8:84976315-84976968",2567,9047,5.43524361849084e-23,9.60290391959513e-22,TRUE
45504,"chr11",68967590,68968459,870,"*","chr11:68967590-68968459",2566,1432,2.1781009304967e-08,8.99298484928446e-08,TRUE
99798,"chr15",39943171,39944486,1316,"*","chr15:39943171-39944486",2566,3188,0.561003183674897,0.637503617812384,FALSE
100328,"chr15",50870361,50871639,1279,"*","chr15:50870361-50871639",2566,3196,0.454652396239253,0.535767612820237,FALSE
104307,"chr15",80132732,80133911,1180,"*","chr15:80132732-80133911",2566,3341,3.69923721801646e-10,1.89122557158306e-09,TRUE
135196,"chr18",35844362,35845374,1013,"*","chr18:35844362-35845374",2566,4433,0.0101745329790656,0.0179003043262942,TRUE
156065,"chr2",35978338,35980223,1886,"*","chr2:35978338-35980223",2566,5197,5.29456509616121e-07,1.84737093376176e-06,TRUE
247707,"chr7",34229738,34230718,981,"*","chr7:34229738-34230718",2566,8225,0.209872245253742,0.273200006839029,FALSE
254887,"chr7",99168032,99168559,528,"*","chr7:99168032-99168559",2566,8477,0.0571215616368947,0.0858196539015846,FALSE
269203,"chr8",70865322,70866204,883,"*","chr8:70865322-70866204",2566,8963,3.14524270337927e-06,9.89692480610218e-06,TRUE
40153,"chr11",31670471,31671158,688,"*","chr11:31670471-31671158",2565,1255,0.0184266319444166,0.0307110532406944,TRUE
47633,"chr11",79646366,79647807,1442,"*","chr11:79646366-79647807",2565,1585,3.01385519104547e-05,8.31637745873474e-05,TRUE
165312,"chr2",122147459,122149019,1561,"*","chr2:122147459-122149019",2565,5429,0.00195662373105497,0.0040012755236298,TRUE
173358,"chr2",173129098,173129789,692,"*","chr2:173129098-173129789",2565,5702,0.0719483664544458,0.10552708485545,FALSE
197639,"chr4",82512716,82513684,969,"*","chr4:82512716-82513684",2565,6386,1.85223086036006e-30,6.01373655961059e-29,TRUE
200619,"chr4",106315864,106318066,2203,"*","chr4:106315864-106318066",2564,6453,1.96258760733835e-05,5.52841579531928e-05,TRUE
240324,"chr6",114878973,114879623,651,"*","chr6:114878973-114879623",2564,7878,0.00753229125044414,0.0136158554780263,TRUE
69776,"chr13",12565515,12566403,889,"*","chr13:12565515-12566403",2563,2358,8.55569260021014e-15,7.10605697691872e-14,TRUE
116379,"chr16",62846654,62847505,852,"*","chr16:62846654-62847505",2563,3796,4.18442673619032e-19,5.24364252655429e-18,TRUE
165843,"chr2",126552684,126553775,1092,"*","chr2:126552684-126553775",2563,5442,0.0281280257184007,0.0452073701677928,TRUE
52002,"chr11",103181730,103182539,810,"*","chr11:103181730-103182539",2562,1820,0.000750544262829881,0.00164593040094272,TRUE
53065,"chr11",108424737,108425961,1225,"*","chr11:108424737-108425961",2562,1866,5.66498852675807e-10,2.8467279028935e-09,TRUE
117935,"chr16",87354083,87354867,785,"*","chr16:87354083-87354867",2562,3816,0.0246225900797964,0.0400497561480098,TRUE
136933,"chr18",50045984,50047329,1346,"*","chr18:50045984-50047329",2562,4490,0.00359795405567099,0.00700536225792638,TRUE
204197,"chr4",130520002,130520944,943,"*","chr4:130520002-130520944",2562,6620,0.195136509833573,0.25662350057019,FALSE
241537,"chr6",121303560,121305169,1610,"*","chr6:121303560-121305169",2562,7918,0.00216124446185409,0.00438742278086497,TRUE
51636,"chr11",101657779,101659246,1468,"*","chr11:101657779-101659246",2561,1792,0.67352063355358,0.744715428520101,FALSE
122634,"chr17",26021674,26022373,700,"*","chr17:26021674-26022373",2561,3983,0.316379012963596,0.392432414988336,FALSE
258699,"chr7",126271832,126272969,1138,"*","chr7:126271832-126272969",2561,8605,4.31092200273694e-06,1.32725431118748e-05,TRUE
77309,"chr13",67060344,67061557,1214,"*","chr13:67060344-67061557",2560,2576,7.53424622419572e-20,1.0292686098628e-18,TRUE
142848,"chr19",5489095,5489674,580,"*","chr19:5489095-5489674",2560,4662,0.360621952774165,0.439675631277938,FALSE
161999,"chr2",92423702,92424276,575,"*","chr2:92423702-92424276",2560,5333,1.76650069514106e-14,1.42230329721503e-13,TRUE
207417,"chr4",144957274,144958257,984,"*","chr4:144957274-144958257",2560,6775,0.633543321715699,0.707711485383935,FALSE
255541,"chr7",102064918,102066039,1122,"*","chr7:102064918-102066039",2560,8507,2.47143616087178e-22,4.16066693749458e-21,TRUE
33023,"chr10",95563396,95564950,1555,"*","chr10:95563396-95564950",2559,993,2.91216104459505e-18,3.36277256881645e-17,TRUE
105595,"chr15",85878884,85879715,832,"*","chr15:85878884-85879715",2559,3410,0.339771696234656,0.417307413700143,FALSE
134840,"chr18",34005850,34007739,1890,"*","chr18:34005850-34007739",2558,4406,1.54101914140059e-22,2.62972549727063e-21,TRUE
154115,"chr2",27676198,27678104,1907,"*","chr2:27676198-27678104",2558,5091,0.277832734626717,0.349387241733799,FALSE
78960,"chr13",91223413,91224565,1153,"*","chr13:91223413-91224565",2557,2617,0.242765014966033,0.311317023552235,FALSE
174421,"chr2",181864076,181864780,705,"*","chr2:181864076-181864780",2557,5736,1.12573793974737e-35,5.68554515023925e-34,TRUE
198242,"chr4",86611680,86612539,860,"*","chr4:86611680-86612539",2557,6394,2.90879870347564e-05,8.03535553446309e-05,TRUE
207686,"chr4",148472663,148474119,1457,"*","chr4:148472663-148474119",2557,6792,0.00417731491407964,0.00802095797634339,TRUE
240950,"chr6",118138824,118139630,807,"*","chr6:118138824-118139630",2557,7896,0.880754605858465,0.932212749638511,FALSE
252745,"chr7",80860430,80861435,1006,"*","chr7:80860430-80861435",2557,8417,7.19593221768168e-09,3.13411681954777e-08,TRUE
257923,"chr7",120917386,120918509,1124,"*","chr7:120917386-120918509",2557,8587,0.00370154294335607,0.00719584553529563,TRUE
171399,"chr2",164454857,164456233,1377,"*","chr2:164454857-164456233",2556,5637,0.000167781280118419,0.000412644564973977,TRUE
245559,"chr7",4501145,4502536,1392,"*","chr7:4501145-4502536",2556,8034,6.75741118507202e-06,2.01954906905918e-05,TRUE
273528,"chr8",106210243,106211636,1394,"*","chr8:106210243-106211636",2556,9147,4.23133440182953e-06,1.30596740797208e-05,TRUE
37838,"chr11",6895020,6896155,1136,"*","chr11:6895020-6896155",2555,1188,2.87998215740397e-06,9.13699923034256e-06,TRUE
68361,"chr12",112976265,112977412,1148,"*","chr12:112976265-112977412",2555,2325,1.49508003814461e-07,5.57865685874853e-07,TRUE
171381,"chr2",164431962,164433731,1770,"*","chr2:164431962-164433731",2555,5633,0.0756131590429134,0.110351954236593,FALSE
187619,"chr3",133309596,133310989,1394,"*","chr3:133309596-133310989",2554,6146,0.00531663742270225,0.00999938491433337,TRUE
238451,"chr6",97806704,97807583,880,"*","chr6:97806704-97807583",2554,7846,2.71695442496712e-36,1.45236562763488e-34,TRUE
26179,"chr10",43517825,43518941,1117,"*","chr10:43517825-43518941",2553,708,0.0701508035830902,0.103284457572277,FALSE
42588,"chr11",51658499,51659324,826,"*","chr11:51658499-51659324",2553,1319,0.0055668419001054,0.010401423580167,TRUE
166407,"chr2",129296975,129298188,1214,"*","chr2:129296975-129298188",2553,5474,8.90471676274122e-49,1.11308959534265e-46,TRUE
270638,"chr8",83331847,83332984,1138,"*","chr8:83331847-83332984",2553,9015,5.00058297895426e-05,0.000132994228163677,TRUE
294399,"chr9",122805324,122806185,862,"*","chr9:122805324-122806185",2553,9849,0.0126322126143621,0.0218474794437256,TRUE
25155,"chr10",36974085,36975429,1345,"*","chr10:36974085-36975429",2552,671,0.00432965660625597,0.00827850211521217,TRUE
30884,"chr10",81432895,81433420,526,"*","chr10:81432895-81433420",2552,928,0.000145819088558707,0.000361833966646915,TRUE
48508,"chr11",84879916,84881431,1516,"*","chr11:84879916-84881431",2552,1619,0.00272489554891286,0.00543891327128316,TRUE
110386,"chr16",16302526,16303870,1345,"*","chr16:16302526-16303870",2552,3627,0.714150238125591,0.782030484149793,FALSE
164740,"chr2",118544368,118545007,640,"*","chr2:118544368-118545007",2551,5390,1.19477098510252e-06,3.98522676818718e-06,TRUE
199865,"chr4",101360376,101361035,660,"*","chr4:101360376-101361035",2551,6437,0.00013687154576572,0.000341495872668962,TRUE
202352,"chr4",118273608,118274142,535,"*","chr4:118273608-118274142",2551,6533,0.0167140109593244,0.0281096719800276,TRUE
104200,"chr15",79741555,79742948,1394,"*","chr15:79741555-79742948",2550,3336,0.000351229596193587,0.00081491785659765,TRUE
282688,"chr9",46011636,46013678,2043,"*","chr9:46011636-46013678",2550,9448,4.25121354387131e-23,7.64606752494839e-22,TRUE
76089,"chr13",56701912,56704434,2523,"*","chr13:56701912-56704434",2549,2539,8.23524380066396e-05,0.000212577279315022,TRUE
208148,"chr4",149988977,149989721,745,"*","chr4:149988977-149989721",2549,6811,0.249329212344705,0.318184293446535,FALSE
21022,"chr1",193326349,193327736,1388,"*","chr1:193326349-193327736",2548,590,0.243094622615958,0.311500028979957,FALSE
155999,"chr2",35691141,35692224,1084,"*","chr2:35691141-35692224",2548,5196,7.32038473095508e-08,2.83955963186776e-07,TRUE
211227,"chr5",24427883,24428585,703,"*","chr5:24427883-24428585",2548,6930,6.36939896481883e-14,4.8845084086034e-13,TRUE
279987,"chr9",26999199,27000021,823,"*","chr9:26999199-27000021",2548,9368,4.48395226595291e-41,3.67537070979747e-39,TRUE
5082,"chr1",59762279,59764436,2158,"*","chr1:59762279-59764436",2547,132,0.0384516099383859,0.0600806405287279,FALSE
198447,"chr4",88094292,88095232,941,"*","chr4:88094292-88095232",2547,6399,0.00407288404710488,0.0078415172258469,TRUE
26745,"chr10",52381569,52382848,1280,"*","chr10:52381569-52382848",2546,718,0.770201414847155,0.832290268907667,FALSE
79231,"chr13",93191804,93192894,1091,"*","chr13:93191804-93192894",2546,2627,3.18409041147725e-06,1.00002839556446e-05,TRUE
198954,"chr4",95557046,95557845,800,"*","chr4:95557046-95557845",2546,6409,0.117455140960501,0.162895315636519,FALSE
284293,"chr9",56950679,56951333,655,"*","chr9:56950679-56951333",2546,9495,5.78723483175702e-11,3.22588340677649e-10,TRUE
28065,"chr10",62339870,62340915,1046,"*","chr10:62339870-62340915",2545,753,1,1,FALSE
185121,"chr3",108401671,108402326,656,"*","chr3:108401671-108402326",2545,6072,0.00367300128223174,0.00714313746058292,TRUE
66213,"chr12",101028886,101029933,1048,"*","chr12:101028886-101029933",2544,2257,0.012096194361759,0.0210076317501892,TRUE
107728,"chr15",99874716,99876062,1347,"*","chr15:99874716-99876062",2544,3496,8.8174840633884e-09,3.8204003740851e-08,TRUE
186098,"chr3",121852223,121852882,660,"*","chr3:121852223-121852882",2544,6105,1.59175184728611e-05,4.54526512645947e-05,TRUE
246152,"chr7",17027288,17028462,1175,"*","chr7:17027288-17028462",2544,8086,0.560614070345893,0.637351148642443,FALSE
254501,"chr7",97480655,97481536,882,"*","chr7:97480655-97481536",2544,8464,1.36733896575603e-26,3.41834741439009e-25,TRUE
279473,"chr9",21760181,21761166,986,"*","chr9:21760181-21761166",2544,9344,2.42374231004564e-06,7.77837711824659e-06,TRUE
289623,"chr9",92374739,92375855,1117,"*","chr9:92374739-92375855",2544,9656,0.0156572603015125,0.0264570130137082,TRUE
77310,"chr13",67080831,67081943,1113,"*","chr13:67080831-67081943",2542,2577,1.36613837896447e-16,1.34993910964869e-15,TRUE
170076,"chr2",156731944,156732757,814,"*","chr2:156731944-156732757",2542,5596,0.107092008844987,0.150385733336535,FALSE
212467,"chr5",33819765,33821747,1983,"*","chr5:33819765-33821747",2542,6993,0.0198772817510002,0.0328985133250583,TRUE
36901,"chr10",128411362,128412219,858,"*","chr10:128411362-128412219",2541,1109,0.788758534008635,0.847945102137857,FALSE
92286,"chr14",76152218,76153405,1188,"*","chr14:76152218-76153405",2541,3028,0.000157917052888575,0.00039069038319786,TRUE
119812,"chr16",97850741,97852422,1682,"*","chr16:97850741-97852422",2541,3868,6.94921282018989e-08,2.69977188041565e-07,TRUE
150234,"chr19",56821909,56822846,938,"*","chr19:56821909-56822846",2541,4964,0.827245349579562,0.883809134166199,FALSE
214018,"chr5",45493267,45494203,937,"*","chr5:45493267-45494203",2541,7036,0.000516045054661404,0.00116488725657202,TRUE
258805,"chr7",126776587,126777258,672,"*","chr7:126776587-126777258",2541,8619,7.77796865256271e-08,2.99152640483181e-07,TRUE
37663,"chr11",5955045,5956248,1204,"*","chr11:5955045-5956248",2540,1177,2.49278122672886e-05,6.93981410559258e-05,TRUE
124492,"chr17",34027830,34028435,606,"*","chr17:34027830-34028435",2540,4087,0.370335024995577,0.449326650079564,FALSE
29305,"chr10",71127454,71128695,1242,"*","chr10:71127454-71128695",2539,789,0.0561517002173463,0.0845912928854268,FALSE
91300,"chr14",69805042,69806097,1056,"*","chr14:69805042-69806097",2539,2997,0.000566300123924774,0.00126575798820915,TRUE
143517,"chr19",8919926,8921005,1080,"*","chr19:8919926-8921005",2539,4743,0.456944541248958,0.537882685933883,FALSE
172358,"chr2",167765085,167765737,653,"*","chr2:167765085-167765737",2539,5678,1.18388279325454e-05,3.43353478322083e-05,TRUE
179331,"chr3",58691477,58692828,1352,"*","chr3:58691477-58692828",2539,5844,0.0037675374215804,0.00730992902906559,TRUE
208710,"chr4",152177731,152178987,1257,"*","chr4:152177731-152178987",2539,6845,2.18822750349994e-10,1.14566884999997e-09,TRUE
51024,"chr11",98687061,98687713,653,"*","chr11:98687061-98687713",2538,1743,0.00636802977942704,0.0117491324343672,TRUE
176481,"chr3",30792852,30794373,1522,"*","chr3:30792852-30794373",2538,5781,0.000402609825641915,0.000925539829061874,TRUE
240047,"chr6",113237512,113238324,813,"*","chr6:113237512-113238324",2538,7866,0.00146614467955682,0.00306981716825131,TRUE
140060,"chr18",69925270,69926396,1127,"*","chr18:69925270-69926396",2537,4552,1.87392209470743e-19,2.47219273708105e-18,TRUE
182739,"chr3",94372616,94374268,1653,"*","chr3:94372616-94374268",2537,5949,7.48266486502316e-08,2.89576813661887e-07,TRUE
204141,"chr4",130168050,130169498,1449,"*","chr4:130168050-130169498",2537,6616,0.0396614221571223,0.0618164310428963,FALSE
49699,"chr11",90637629,90638964,1336,"*","chr11:90637629-90638964",2536,1670,1.26607263760097e-05,3.6612858230219e-05,TRUE
57520,"chr12",17266201,17267095,895,"*","chr12:17266201-17267095",2536,2037,0.0539884892775076,0.0816769883169555,FALSE
146929,"chr19",34819553,34820364,812,"*","chr19:34819553-34820364",2536,4848,0.000255573481546926,0.000606774647547307,TRUE
156149,"chr2",37422357,37423443,1087,"*","chr2:37422357-37423443",2536,5201,0.0382727095660007,0.0598198023851215,FALSE
209070,"chr4",154299600,154300575,976,"*","chr4:154299600-154300575",2536,6856,0.0293183430189262,0.0470146616724281,TRUE
108675,"chr16",3884064,3885026,963,"*","chr16:3884064-3885026",2535,3551,0.126604084505767,0.174385791330257,FALSE
154715,"chr2",30471978,30472697,720,"*","chr2:30471978-30472697",2535,5119,1.88613862568406e-12,1.22635801409887e-11,TRUE
205501,"chr4",135963216,135964287,1072,"*","chr4:135963216-135964287",2535,6694,0.256378609758691,0.325601485596509,FALSE
239587,"chr6",108444926,108445594,669,"*","chr6:108444926-108445594",2535,7856,0.244727411085899,0.313271135542626,FALSE
72706,"chr13",37942162,37943526,1365,"*","chr13:37942162-37943526",2534,2430,0.8070284741207,0.864796907544685,FALSE
103339,"chr15",75975264,75976326,1063,"*","chr15:75975264-75976326",2534,3274,0.000634164213182578,0.00140800224951727,TRUE
146056,"chr19",28989946,28991405,1460,"*","chr19:28989946-28991405",2534,4825,0.363176493391377,0.442314185017658,FALSE
148434,"chr19",45014556,45015515,960,"*","chr19:45014556-45015515",2534,4905,0.43911961102083,0.520530596278841,FALSE
225521,"chr5",137294010,137294969,960,"*","chr5:137294010-137294969",2534,7413,0.11456566187198,0.159211963888804,FALSE
231762,"chr6",39206514,39207580,1067,"*","chr6:39206514-39207580",2534,7614,4.10251223200351e-11,2.32305335900538e-10,TRUE
255393,"chr7",101320464,101322056,1593,"*","chr7:101320464-101322056",2534,8499,0.00120210051586779,0.00254682312683854,TRUE
148892,"chr19",46961562,46963357,1796,"*","chr19:46961562-46963357",2533,4936,3.07430897465197e-06,9.71038842277944e-06,TRUE
179288,"chr3",58414459,58415746,1288,"*","chr3:58414459-58415746",2533,5841,0.738666315736374,0.805524880846645,FALSE
60901,"chr12",55302231,55303746,1516,"*","chr12:55302231-55303746",2532,2111,3.7486267033257e-27,9.864807114015e-26,TRUE
108057,"chr15",101173651,101174570,920,"*","chr15:101173651-101174570",2532,3516,8.98934849386093e-32,3.30490753450769e-30,TRUE
154654,"chr2",30171333,30172509,1177,"*","chr2:30171333-30172509",2532,5109,0.000282997167993548,0.000666189190191969,TRUE
159378,"chr2",69789222,69790193,972,"*","chr2:69789222-69790193",2532,5263,0.110794159781414,0.154610884428432,FALSE
231538,"chr6",38143940,38145175,1236,"*","chr6:38143940-38145175",2532,7605,0.0143643319602648,0.024529255396627,TRUE
166887,"chr2",131909669,131910455,787,"*","chr2:131909669-131910455",2531,5494,1.07829037834398e-09,5.17413809186173e-09,TRUE
129254,"chr17",74489304,74490184,881,"*","chr17:74489304-74490184",2530,4275,0.789207686411484,0.848245578688182,FALSE
163464,"chr2",105904158,105904985,828,"*","chr2:105904158-105904985",2530,5366,6.2599243889075e-14,4.8079296381778e-13,TRUE
254465,"chr7",97331970,97332845,876,"*","chr7:97331970-97332845",2530,8463,8.2796259915016e-06,2.44959348860994e-05,TRUE
49874,"chr11",94160449,94161155,707,"*","chr11:94160449-94161155",2529,1678,0.00571214913103491,0.0106450785147874,TRUE
77621,"chr13",70637447,70638560,1114,"*","chr13:70637447-70638560",2529,2585,0.0142475155077415,0.0243464038068037,TRUE
122798,"chr17",26616670,26617267,598,"*","chr17:26616670-26617267",2529,3995,0.702828659198052,0.771165852180838,FALSE
148915,"chr19",47067424,47068845,1422,"*","chr19:47067424-47068845",2529,4939,0.0197251373868313,0.0326683295575212,TRUE
226706,"chr5",143527603,143528541,939,"*","chr5:143527603-143528541",2529,7475,4.12411616828514e-05,0.000111177049821005,TRUE
253386,"chr7",84357592,84359061,1470,"*","chr7:84357592-84359061",2529,8434,0.380382961226021,0.459844005350606,FALSE
29744,"chr10",75763987,75764750,764,"*","chr10:75763987-75764750",2528,803,0.62948581769241,0.703650589864085,FALSE
38548,"chr11",16751805,16753415,1611,"*","chr11:16751805-16753415",2528,1200,7.10166443744116e-06,2.11610978469641e-05,TRUE
95368,"chr14",120275274,120276022,749,"*","chr14:120275274-120276022",2528,3077,0.00105929542280939,0.0022653879871886,TRUE
166659,"chr2",130839237,130841416,2180,"*","chr2:130839237-130841416",2528,5485,0.0608616582479556,0.0910557424415853,FALSE
248927,"chr7",45456977,45457926,950,"*","chr7:45456977-45457926",2528,8302,0.0519880507832297,0.0789372164944271,FALSE
31373,"chr10",84621994,84622976,983,"*","chr10:84621994-84622976",2527,948,1.57998138170197e-20,2.30317985670841e-19,TRUE
64308,"chr12",84192849,84194631,1783,"*","chr12:84192849-84194631",2527,2201,0.00396656006374517,0.0076574518605119,TRUE
221397,"chr5",114003047,114004181,1135,"*","chr5:114003047-114004181",2527,7227,0.00344490874597663,0.00673359801793712,TRUE
252565,"chr7",80134575,80135584,1010,"*","chr7:80134575-80135584",2527,8402,0.546326888978394,0.624659145870562,FALSE
