"peak_index","seqnames","start","end","width","strand","name","peak_detection","top_peak_col","is_retained_after_pacs"
125053,"chr17",39843133,39846875,3743,"*","chr17:39843133-39846875",11968,4139,TRUE
294623,"chrM",172,6605,6434,"*","chrM:172-6605",11381,9863,TRUE
294624,"chrM",11121,15870,4750,"*","chrM:11121-15870",11161,9864,TRUE
125054,"chr17",39847439,39848921,1483,"*","chr17:39847439-39848921",10464,4140,TRUE
294655,"chrUn_JH584304",59605,60375,771,"*","chrUn_JH584304:59605-60375",10454,9867,TRUE
108362,"chr15",102405389,102407080,1692,"*","chr15:102405389-102407080",8920,3534,TRUE
114501,"chr16",42874702,42876594,1893,"*","chr16:42874702-42876594",8903,3754,TRUE
127249,"chr17",57031569,57032525,957,"*","chr17:57031569-57032525",8284,4227,TRUE
246676,"chr7",25267484,25268676,1193,"*","chr7:25267484-25268676",8271,8135,TRUE
258950,"chr7",127477616,127479291,1676,"*","chr7:127477616-127479291",8261,8641,TRUE
124606,"chr17",34603487,34604655,1169,"*","chr17:34603487-34604655",7983,4095,TRUE
12314,"chr1",131526259,131528219,1961,"*","chr1:131526259-131528219",7827,332,TRUE
114097,"chr16",38088380,38089803,1424,"*","chr16:38088380-38089803",7804,3749,TRUE
6968,"chr1",75316905,75318317,1413,"*","chr1:75316905-75318317",7733,204,TRUE
269003,"chr8",70212200,70213334,1135,"*","chr8:70212200-70213334",7717,8935,TRUE
135353,"chr18",36559603,36560894,1292,"*","chr18:36559603-36560894",7636,4445,TRUE
104690,"chr15",81810292,81812153,1862,"*","chr15:81810292-81812153",7626,3362,TRUE
127057,"chr17",56079037,56079924,888,"*","chr17:56079037-56079924",7578,4209,TRUE
143943,"chr19",11965130,11966083,954,"*","chr19:11965130-11966083",7509,4768,TRUE
241833,"chr6",124828843,124830441,1599,"*","chr6:124828843-124830441",7498,7932,TRUE
209544,"chr4_GL456216_random",15816,17630,1815,"*","chr4_GL456216_random:15816-17630",7478,6894,TRUE
122609,"chr17",25919803,25920841,1039,"*","chr17:25919803-25920841",7470,3980,TRUE
84868,"chr14",21499860,21501544,1685,"*","chr14:21499860-21501544",7464,2778,TRUE
184852,"chr3",107332275,107334392,2118,"*","chr3:107332275-107334392",7371,6060,TRUE
278669,"chr9",13826590,13828484,1895,"*","chr9:13826590-13828484",7362,9306,TRUE
153565,"chr2",25223835,25225663,1829,"*","chr2:25223835-25225663",7359,5050,TRUE
108379,"chr15",102517743,102519035,1293,"*","chr15:102517743-102519035",7352,3537,TRUE
30699,"chr10",80701902,80702985,1084,"*","chr10:80701902-80702985",7312,896,TRUE
91083,"chr14",67715390,67716469,1080,"*","chr14:67715390-67716469",7304,2992,TRUE
239646,"chr6",108658745,108660971,2227,"*","chr6:108658745-108660971",7300,7860,TRUE
248815,"chr7",44929322,44930333,1012,"*","chr7:44929322-44930333",7296,8283,TRUE
193943,"chr4",45011860,45013068,1209,"*","chr4:45011860-45013068",7261,6306,TRUE
130847,"chr17",84956733,84958312,1580,"*","chr17:84956733-84958312",7254,4310,TRUE
43357,"chr11",55469024,55469984,961,"*","chr11:55469024-55469984",7221,1358,TRUE
248792,"chr7",44848599,44850615,2017,"*","chr7:44848599-44850615",7201,8278,TRUE
16626,"chr1",165460379,165461576,1198,"*","chr1:165460379-165461576",7182,468,TRUE
198843,"chr4",95051614,95053746,2133,"*","chr4:95051614-95053746",7178,6407,TRUE
246412,"chr7",19715355,19716461,1107,"*","chr7:19715355-19716461",7161,8112,TRUE
39094,"chr11",20542563,20543550,988,"*","chr11:20542563-20543550",7147,1218,TRUE
64366,"chr12",84450560,84451772,1213,"*","chr12:84450560-84451772",7146,2207,TRUE
277535,"chr8",126734849,126737407,2559,"*","chr8:126734849-126737407",7146,9281,TRUE
182881,"chr3",95014856,95016770,1915,"*","chr3:95014856-95016770",7137,5959,TRUE
256064,"chr7",110061061,110062410,1350,"*","chr7:110061061-110062410",7136,8525,TRUE
145101,"chr19",23134022,23136407,2386,"*","chr19:23134022-23136407",7109,4796,TRUE
68757,"chr12",118301039,118302660,1622,"*","chr12:118301039-118302660",7106,2334,TRUE
84375,"chr14",18238258,18239776,1519,"*","chr14:18238258-18239776",7085,2754,TRUE
208630,"chr4",151861805,151862993,1189,"*","chr4:151861805-151862993",7073,6839,TRUE
39530,"chr11",23255250,23256332,1083,"*","chr11:23255250-23256332",7053,1233,TRUE
143188,"chr19",6979660,6980915,1256,"*","chr19:6979660-6980915",7052,4709,TRUE
258991,"chr7",127745286,127746576,1291,"*","chr7:127745286-127746576",7026,8647,TRUE
245603,"chr7",4739642,4740510,869,"*","chr7:4739642-4740510",7019,8037,TRUE
52490,"chr11",106083944,106085712,1769,"*","chr11:106083944-106085712",7003,1843,TRUE
225581,"chr5",137628315,137629876,1562,"*","chr5:137628315-137629876",6976,7421,TRUE
270765,"chr8",84066379,84067683,1305,"*","chr8:84066379-84067683",6957,9031,TRUE
199914,"chr4",101647002,101648366,1365,"*","chr4:101647002-101648366",6947,6442,TRUE
262334,"chr8",4165860,4166829,970,"*","chr8:4165860-4166829",6945,8760,TRUE
236953,"chr6",88841744,88842859,1116,"*","chr6:88841744-88842859",6929,7797,TRUE
143198,"chr19",7039675,7040747,1073,"*","chr19:7039675-7040747",6906,4712,TRUE
118590,"chr16",91728349,91729737,1389,"*","chr16:91728349-91729737",6904,3838,TRUE
246278,"chr7",19227617,19229160,1544,"*","chr7:19227617-19229160",6884,8098,TRUE
225037,"chr5",135008703,135010396,1694,"*","chr5:135008703-135010396",6874,7382,TRUE
59744,"chr12",40222434,40223771,1338,"*","chr12:40222434-40223771",6868,2089,TRUE
53280,"chr11",109610994,109612371,1378,"*","chr11:109610994-109612371",6836,1872,TRUE
143062,"chr19",6363410,6364256,847,"*","chr19:6363410-6364256",6823,4699,TRUE
21778,"chr10",5823752,5824871,1120,"*","chr10:5823752-5824871",6811,600,TRUE
142940,"chr19",5845309,5847672,2364,"*","chr19:5845309-5847672",6805,4676,TRUE
286472,"chr9",66795157,66796325,1169,"*","chr9:66795157-66796325",6785,9582,TRUE
240054,"chr6",113306401,113307229,829,"*","chr6:113306401-113307229",6760,7867,TRUE
249004,"chr7",45704158,45705526,1369,"*","chr7:45704158-45705526",6748,8311,TRUE
279434,"chr9",21545826,21547448,1623,"*","chr9:21545826-21547448",6744,9339,TRUE
30847,"chr10",81320231,81321473,1243,"*","chr10:81320231-81321473",6742,917,TRUE
95436,"chr14",120477495,120478719,1225,"*","chr14:120477495-120478719",6722,3078,TRUE
31739,"chr10",86705240,86706657,1418,"*","chr10:86705240-86706657",6709,966,TRUE
147840,"chr19",41980675,41982011,1337,"*","chr19:41980675-41982011",6708,4879,TRUE
268963,"chr8",69996082,69997061,980,"*","chr8:69996082-69997061",6688,8930,TRUE
89077,"chr14",55559874,55561224,1351,"*","chr14:55559874-55561224",6679,2926,TRUE
144119,"chr19",14597843,14599082,1240,"*","chr19:14597843-14599082",6678,4778,TRUE
225066,"chr5",135148902,135149989,1088,"*","chr5:135148902-135149989",6634,7387,TRUE
30556,"chr10",80147961,80149902,1942,"*","chr10:80147961-80149902",6609,869,TRUE
187822,"chr3",135437902,135439728,1827,"*","chr3:135437902-135439728",6599,6152,TRUE
212503,"chr5",34187231,34188447,1217,"*","chr5:34187231-34188447",6595,6996,TRUE
153821,"chr2",26445097,26446453,1357,"*","chr2:26445097-26446453",6588,5072,TRUE
158816,"chr2",65237428,65239664,2237,"*","chr2:65237428-65239664",6584,5254,TRUE
55648,"chr11",120572704,120573720,1017,"*","chr11:120572704-120573720",6582,1977,TRUE
103734,"chr15",77841804,77843021,1218,"*","chr15:77841804-77843021",6571,3307,TRUE
245717,"chr7",6362357,6363603,1247,"*","chr7:6362357-6363603",6568,8051,TRUE
269391,"chr8",72160752,72161651,900,"*","chr8:72160752-72161651",6553,8984,TRUE
245493,"chr7",3644541,3645749,1209,"*","chr7:3644541-3645749",6551,8027,TRUE
192907,"chr4",33247565,33249061,1497,"*","chr4:33247565-33249061",6550,6247,TRUE
45897,"chr11",70668547,70669908,1362,"*","chr11:70668547-70669908",6547,1490,TRUE
55814,"chr11",121236640,121237727,1088,"*","chr11:121236640-121237727",6539,1995,TRUE
49016,"chr11",87591778,87592761,984,"*","chr11:87591778-87592761",6529,1647,TRUE
245497,"chr7",3692837,3694602,1766,"*","chr7:3692837-3694602",6516,8029,TRUE
284313,"chr9",57075883,57076641,759,"*","chr9:57075883-57076641",6515,9498,TRUE
58902,"chr12",31949335,31951119,1785,"*","chr12:31949335-31951119",6498,2073,TRUE
127764,"chr17",64331545,64332664,1120,"*","chr17:64331545-64332664",6495,4236,TRUE
133760,"chr18",21299716,21300942,1227,"*","chr18:21299716-21300942",6492,4376,TRUE
258895,"chr7",127208464,127209578,1115,"*","chr7:127208464-127209578",6490,8630,TRUE
222729,"chr5",120612461,120613745,1285,"*","chr5:120612461-120613745",6489,7277,TRUE
160484,"chr2",75703505,75705560,2056,"*","chr2:75703505-75705560",6487,5287,TRUE
134496,"chr18",31634026,31635411,1386,"*","chr18:31634026-31635411",6467,4390,TRUE
126359,"chr17",48409091,48410508,1418,"*","chr17:48409091-48410508",6454,4194,TRUE
88661,"chr14",52103851,52104757,907,"*","chr14:52103851-52104757",6445,2898,TRUE
272602,"chr8",95080460,95081563,1104,"*","chr8:95080460-95081563",6441,9109,TRUE
51464,"chr11",100939180,100940139,960,"*","chr11:100939180-100940139",6432,1772,TRUE
62151,"chr12",72084410,72086460,2051,"*","chr12:72084410-72086460",6430,2143,TRUE
248822,"chr7",44986411,44987202,792,"*","chr7:44986411-44987202",6409,8285,TRUE
211065,"chr5",23432635,23434776,2142,"*","chr5:23432635-23434776",6372,6924,TRUE
234888,"chr6",71440167,71441609,1443,"*","chr6:71440167-71441609",6372,7707,TRUE
30622,"chr10",80398849,80400144,1296,"*","chr10:80398849-80400144",6363,883,TRUE
269088,"chr8",70538308,70539935,1628,"*","chr8:70538308-70539935",6353,8946,TRUE
50362,"chr11",96075381,96076384,1004,"*","chr11:96075381-96076384",6330,1697,TRUE
143497,"chr19",8819064,8820511,1448,"*","chr19:8819064-8820511",6314,4738,TRUE
50606,"chr11",96977225,96978385,1161,"*","chr11:96977225-96978385",6287,1715,TRUE
271879,"chr8",91133565,91134683,1119,"*","chr8:91133565-91134683",6286,9079,TRUE
107590,"chr15",99392219,99394331,2113,"*","chr15:99392219-99394331",6266,3490,TRUE
269194,"chr8",70839295,70840317,1023,"*","chr8:70839295-70840317",6260,8962,TRUE
246786,"chr7",25754351,25755965,1615,"*","chr7:25754351-25755965",6258,8148,TRUE
248684,"chr7",44304727,44305870,1144,"*","chr7:44304727-44305870",6257,8266,TRUE
44221,"chr11",61174435,61175769,1335,"*","chr11:61174435-61175769",6252,1398,TRUE
199423,"chr4",98922891,98924226,1336,"*","chr4:98922891-98924226",6244,6426,TRUE
241868,"chr6",124930393,124932350,1958,"*","chr6:124930393-124932350",6244,7936,TRUE
27179,"chr10",58322933,58324032,1100,"*","chr10:58322933-58324032",6228,727,TRUE
212432,"chr5",33657573,33658853,1281,"*","chr5:33657573-33658853",6226,6989,TRUE
48937,"chr11",87108773,87109787,1015,"*","chr11:87108773-87109787",6222,1640,TRUE
140300,"chr18",73572026,73573117,1092,"*","chr18:73572026-73573117",6208,4557,TRUE
246603,"chr7",24884020,24884943,924,"*","chr7:24884020-24884943",6207,8126,TRUE
291196,"chr9",104001987,104003415,1429,"*","chr9:104001987-104003415",6202,9703,TRUE
261316,"chr7",141215314,141216905,1592,"*","chr7:141215314-141216905",6201,8712,TRUE
247541,"chr7",30588844,30590310,1467,"*","chr7:30588844-30590310",6197,8217,TRUE
39307,"chr11",21571723,21572576,854,"*","chr11:21571723-21572576",6194,1223,TRUE
279372,"chr9",21290988,21291907,920,"*","chr9:21290988-21291907",6182,9334,TRUE
50655,"chr11",97187890,97188877,988,"*","chr11:97187890-97188877",6170,1718,TRUE
221698,"chr5",115158011,115159175,1165,"*","chr5:115158011-115159175",6165,7242,TRUE
155801,"chr2",34904859,34905703,845,"*","chr2:34904859-34905703",6155,5187,TRUE
14210,"chr1",150392680,150393905,1226,"*","chr1:150392680-150393905",6150,393,TRUE
47254,"chr11",77981781,77983030,1250,"*","chr11:77981781-77983030",6140,1561,TRUE
51613,"chr11",101551938,101553180,1243,"*","chr11:101551938-101553180",6102,1789,TRUE
45535,"chr11",69094840,69095529,690,"*","chr11:69094840-69095529",6099,1439,TRUE
2639,"chr1",37864590,37865657,1068,"*","chr1:37864590-37865657",6084,65,TRUE
167516,"chr2",136890968,136892481,1514,"*","chr2:136890968-136892481",6077,5506,TRUE
30454,"chr10",79853031,79854905,1875,"*","chr10:79853031-79854905",6073,853,TRUE
255668,"chr7",105399728,105400806,1079,"*","chr7:105399728-105400806",6071,8512,TRUE
149691,"chr19",53943995,53945248,1254,"*","chr19:53943995-53945248",6057,4955,TRUE
71513,"chr13",29985873,29987065,1193,"*","chr13:29985873-29987065",6041,2402,TRUE
122397,"chr17",24886385,24887134,750,"*","chr17:24886385-24887134",6038,3969,TRUE
162421,"chr2",94157666,94158612,947,"*","chr2:94157666-94158612",6035,5343,TRUE
88894,"chr14",54686170,54687310,1141,"*","chr14:54686170-54687310",6027,2914,TRUE
66132,"chr12",100724769,100725800,1032,"*","chr12:100724769-100725800",6025,2254,TRUE
122057,"chr17",20944985,20946092,1108,"*","chr17:20944985-20946092",6022,3930,TRUE
148835,"chr19",46760960,46762089,1130,"*","chr19:46760960-46762089",6002,4935,TRUE
89084,"chr14",55590812,55592095,1284,"*","chr14:55590812-55592095",5992,2927,TRUE
154856,"chr2",30981806,30982658,853,"*","chr2:30981806-30982658",5988,5135,TRUE
36963,"chr10",128695888,128696894,1007,"*","chr10:128695888-128696894",5968,1121,TRUE
129258,"chr17",74527887,74529079,1193,"*","chr17:74527887-74529079",5963,4276,TRUE
270742,"chr8",83955041,83955951,911,"*","chr8:83955041-83955951",5963,9025,TRUE
268908,"chr8",69716519,69717498,980,"*","chr8:69716519-69717498",5962,8923,TRUE
47297,"chr11",78177509,78179504,1996,"*","chr11:78177509-78179504",5950,1567,TRUE
193275,"chr4",40142798,40143960,1163,"*","chr4:40142798-40143960",5950,6256,TRUE
246122,"chr7",16923875,16924907,1033,"*","chr7:16923875-16924907",5948,8084,TRUE
279229,"chr9",20651586,20652409,824,"*","chr9:20651586-20652409",5944,9322,TRUE
280481,"chr9",31279831,31281527,1697,"*","chr9:31279831-31281527",5933,9373,TRUE
45963,"chr11",71019105,71020128,1024,"*","chr11:71019105-71020128",5932,1495,TRUE
254036,"chr7",92669767,92670692,926,"*","chr7:92669767-92670692",5919,8458,TRUE
11874,"chr1",128102508,128103966,1459,"*","chr1:128102508-128103966",5907,324,TRUE
240026,"chr6",113076095,113077774,1680,"*","chr6:113076095-113077774",5907,7865,TRUE
247065,"chr7",28372260,28373638,1379,"*","chr7:28372260-28373638",5902,8175,TRUE
124438,"chr17",33759899,33760946,1048,"*","chr17:33759899-33760946",5900,4074,TRUE
182998,"chr3",95624751,95625681,931,"*","chr3:95624751-95625681",5898,5973,TRUE
104191,"chr15",79690319,79691156,838,"*","chr15:79690319-79691156",5897,3335,TRUE
122390,"chr17",24849825,24850934,1110,"*","chr17:24849825-24850934",5894,3966,TRUE
69902,"chr13",14063111,14064328,1218,"*","chr13:14063111-14064328",5890,2362,TRUE
161453,"chr2",84714761,84716529,1769,"*","chr2:84714761-84716529",5890,5304,TRUE
232327,"chr6",47813174,47814041,868,"*","chr6:47813174-47814041",5887,7630,TRUE
275972,"chr8",120588813,120589788,976,"*","chr8:120588813-120589788",5882,9228,TRUE
247081,"chr7",28436335,28437676,1342,"*","chr7:28436335-28437676",5881,8180,TRUE
6791,"chr1",74284334,74285340,1007,"*","chr1:74284334-74285340",5880,182,TRUE
292356,"chr9",111271278,111272305,1028,"*","chr9:111271278-111272305",5880,9798,TRUE
281210,"chr9",36767505,36768293,789,"*","chr9:36767505-36768293",5875,9383,TRUE
46463,"chr11",74830025,74831212,1188,"*","chr11:74830025-74831212",5870,1520,TRUE
148134,"chr19",43674752,43675858,1107,"*","chr19:43674752-43675858",5866,4891,TRUE
182280,"chr3",89393485,89395371,1887,"*","chr3:89393485-89395371",5856,5923,TRUE
50102,"chr11",95040036,95041863,1828,"*","chr11:95040036-95041863",5855,1686,TRUE
256306,"chr7",111082159,111083673,1515,"*","chr7:111082159-111083673",5848,8538,TRUE
229527,"chr6",21949346,21950356,1011,"*","chr6:21949346-21950356",5847,7549,TRUE
96157,"chr15",3995479,3996505,1027,"*","chr15:3995479-3996505",5845,3101,TRUE
256077,"chr7",110121433,110123403,1971,"*","chr7:110121433-110123403",5842,8527,TRUE
241681,"chr6",122810718,122811831,1114,"*","chr6:122810718-122811831",5841,7920,TRUE
247168,"chr7",28810320,28811707,1388,"*","chr7:28810320-28811707",5832,8188,TRUE
272439,"chr8",94385989,94387931,1943,"*","chr8:94385989-94387931",5832,9096,TRUE
61901,"chr12",71015176,71016337,1162,"*","chr12:71015176-71016337",5823,2141,TRUE
180506,"chr3",75556621,75557811,1191,"*","chr3:75556621-75557811",5821,5866,TRUE
142652,"chr19",4509994,4510896,903,"*","chr19:4509994-4510896",5818,4638,TRUE
108554,"chr15",103239432,103240719,1288,"*","chr15:103239432-103240719",5814,3544,TRUE
44079,"chr11",60352652,60353588,937,"*","chr11:60352652-60353588",5805,1386,TRUE
104037,"chr15",79062675,79063761,1087,"*","chr15:79062675-79063761",5790,3326,TRUE
234777,"chr6",70843914,70844837,924,"*","chr6:70843914-70844837",5785,7702,TRUE
253287,"chr7",83891629,83892573,945,"*","chr7:83891629-83892573",5782,8428,TRUE
88945,"chr14",54893679,54894454,776,"*","chr14:54893679-54894454",5773,2919,TRUE
15293,"chr1",156035609,156036951,1343,"*","chr1:156035609-156036951",5771,429,TRUE
262390,"chr8",4677423,4678984,1562,"*","chr8:4677423-4678984",5758,8766,TRUE
267889,"chr8",57511223,57512267,1045,"*","chr8:57511223-57512267",5758,8899,TRUE
64237,"chr12",83921584,83922481,898,"*","chr12:83921584-83922481",5749,2196,TRUE
50184,"chr11",95309638,95310817,1180,"*","chr11:95309638-95310817",5745,1689,TRUE
75803,"chr13",55444563,55445856,1294,"*","chr13:55444563-55445856",5743,2530,TRUE
210758,"chr5",20881660,20882787,1128,"*","chr5:20881660-20882787",5739,6916,TRUE
245615,"chr7",4812099,4813251,1153,"*","chr7:4812099-4813251",5736,8039,TRUE
144035,"chr19",12795531,12797034,1504,"*","chr19:12795531-12797034",5734,4777,TRUE
155219,"chr2",32451187,32452542,1356,"*","chr2:32451187-32452542",5731,5158,TRUE
278080,"chr9",4309298,4310261,964,"*","chr9:4309298-4310261",5712,9295,TRUE
101124,"chr15",58075545,58077409,1865,"*","chr15:58075545-58077409",5707,3214,TRUE
180771,"chr3",79628366,79629864,1499,"*","chr3:79628366-79629864",5707,5872,TRUE
10389,"chr1",106171211,106172070,860,"*","chr1:106171211-106172070",5701,292,TRUE
122581,"chr17",25832721,25833880,1160,"*","chr17:25832721-25833880",5674,3976,TRUE
51335,"chr11",100397126,100398369,1244,"*","chr11:100397126-100398369",5662,1764,TRUE
80272,"chr13",98814744,98815985,1242,"*","chr13:98814744-98815985",5637,2652,TRUE
177178,"chr3",37419211,37420596,1386,"*","chr3:37419211-37420596",5637,5803,TRUE
254879,"chr7",99140965,99141865,901,"*","chr7:99140965-99141865",5636,8475,TRUE
16054,"chr1",161876429,161877600,1172,"*","chr1:161876429-161877600",5633,442,TRUE
99631,"chr15",38518206,38520090,1885,"*","chr15:38518206-38520090",5632,3180,TRUE
9608,"chr1",92180153,92181244,1092,"*","chr1:92180153-92181244",5629,269,TRUE
279530,"chr9",22002495,22003343,849,"*","chr9:22002495-22003343",5624,9351,TRUE
88859,"chr14",54517225,54518024,800,"*","chr14:54517225-54518024",5619,2908,TRUE
39367,"chr11",22286469,22287734,1266,"*","chr11:22286469-22287734",5616,1224,TRUE
14483,"chr1",151754954,151755863,910,"*","chr1:151754954-151755863",5613,401,TRUE
192,"chr1",7088450,7089463,1014,"*","chr1:7088450-7089463",5611,5,TRUE
117556,"chr16",84834384,84836594,2211,"*","chr16:84834384-84836594",5607,3809,TRUE
68402,"chr12",113155312,113156923,1612,"*","chr12:113155312-113156923",5602,2329,TRUE
62798,"chr12",76403648,76404697,1050,"*","chr12:76403648-76404697",5594,2160,TRUE
284311,"chr9",57073113,57074064,952,"*","chr9:57073113-57074064",5579,9497,TRUE
251063,"chr7",68748598,68749884,1287,"*","chr7:68748598-68749884",5578,8373,TRUE
246638,"chr7",25076922,25077709,788,"*","chr7:25076922-25077709",5576,8129,TRUE
293681,"chr9",119322282,119323367,1086,"*","chr9:119322282-119323367",5574,9823,TRUE
62640,"chr12",75669162,75670167,1006,"*","chr12:75669162-75670167",5573,2154,TRUE
46628,"chr11",75462272,75463540,1269,"*","chr11:75462272-75463540",5556,1534,TRUE
250163,"chr7",63938695,63940062,1368,"*","chr7:63938695-63940062",5556,8351,TRUE
60542,"chr12",52503334,52505002,1669,"*","chr12:52503334-52505002",5555,2101,TRUE
107691,"chr15",99723997,99726141,2145,"*","chr15:99723997-99726141",5551,3494,TRUE
161770,"chr2",91264828,91265588,761,"*","chr2:91264828-91265588",5551,5323,TRUE
127111,"chr17",56325637,56326365,729,"*","chr17:56325637-56326365",5549,4214,TRUE
146638,"chr19",32755786,32758304,2519,"*","chr19:32755786-32758304",5545,4844,TRUE
103787,"chr15",78173759,78174741,983,"*","chr15:78173759-78174741",5538,3312,TRUE
290649,"chr9",100642438,100643906,1469,"*","chr9:100642438-100643906",5530,9688,TRUE
22726,"chr10",13964464,13968078,3615,"*","chr10:13964464-13968078",5525,620,TRUE
122191,"chr17",23802727,23803870,1144,"*","chr17:23802727-23803870",5524,3945,TRUE
142426,"chr19",3575400,3576590,1191,"*","chr19:3575400-3576590",5515,4612,TRUE
155408,"chr2",33130345,33132176,1832,"*","chr2:33130345-33132176",5511,5174,TRUE
37724,"chr11",6291384,6292896,1513,"*","chr11:6291384-6292896",5507,1181,TRUE
83218,"chr13",119690066,119690916,851,"*","chr13:119690066-119690916",5498,2726,TRUE
125866,"chr17",46159954,46161376,1423,"*","chr17:46159954-46161376",5498,4164,TRUE
248830,"chr7",45017337,45018202,866,"*","chr7:45017337-45018202",5493,8288,TRUE
255168,"chr7",100371744,100372627,884,"*","chr7:100371744-100372627",5491,8489,TRUE
3922,"chr1",51477820,51479082,1263,"*","chr1:51477820-51479082",5490,93,TRUE
60410,"chr12",51691055,51692740,1686,"*","chr12:51691055-51692740",5484,2097,TRUE
226891,"chr5",144357904,144359021,1118,"*","chr5:144357904-144359021",5484,7486,TRUE
202896,"chr4",122885760,122886903,1144,"*","chr4:122885760-122886903",5463,6557,TRUE
121482,"chr17",12915767,12916967,1201,"*","chr17:12915767-12916967",5456,3904,TRUE
294521,"chr9",123528988,123530278,1291,"*","chr9:123528988-123530278",5456,9855,TRUE
258306,"chr7",123369465,123370582,1118,"*","chr7:123369465-123370582",5444,8598,TRUE
270925,"chr8",84846684,84847556,873,"*","chr8:84846684-84847556",5433,9041,TRUE
273463,"chr8",105826950,105828028,1079,"*","chr8:105826950-105828028",5412,9138,TRUE
278759,"chr9",14275175,14276929,1755,"*","chr9:14275175-14276929",5409,9308,TRUE
23518,"chr10",20311648,20313305,1658,"*","chr10:20311648-20313305",5403,641,TRUE
250615,"chr7",66689391,66690520,1130,"*","chr7:66689391-66690520",5403,8361,TRUE
122825,"chr17",26715472,26716899,1428,"*","chr17:26715472-26716899",5400,3999,TRUE
111346,"chr16",22439468,22440370,903,"*","chr16:22439468-22440370",5399,3678,TRUE
159988,"chr2",72978658,72981137,2480,"*","chr2:72978658-72981137",5396,5278,TRUE
64999,"chr12",87387986,87388954,969,"*","chr12:87387986-87388954",5395,2234,TRUE
211943,"chr5",30887404,30889444,2041,"*","chr5:30887404-30889444",5393,6956,TRUE
75677,"chr13",54686891,54688621,1731,"*","chr13:54686891-54688621",5391,2515,TRUE
176776,"chr3",32708343,32709305,963,"*","chr3:32708343-32709305",5383,5790,TRUE
214007,"chr5",45449897,45450883,987,"*","chr5:45449897-45450883",5380,7035,TRUE
228392,"chr6",5496050,5497213,1164,"*","chr6:5496050-5497213",5378,7529,TRUE
182105,"chr3",88552581,88554389,1809,"*","chr3:88552581-88554389",5375,5909,TRUE
111424,"chr16",22857157,22858202,1046,"*","chr16:22857157-22858202",5373,3679,TRUE
246255,"chr7",19149074,19150139,1066,"*","chr7:19149074-19150139",5372,8097,TRUE
216551,"chr5",73490545,73491384,840,"*","chr5:73490545-73491384",5368,7101,TRUE
103431,"chr15",76350613,76352055,1443,"*","chr15:76350613-76352055",5367,3285,TRUE
182466,"chr3",90292258,90293495,1238,"*","chr3:90292258-90293495",5363,5937,TRUE
64414,"chr12",84772784,84773597,814,"*","chr12:84772784-84773597",5359,2209,TRUE
231397,"chr6",37441804,37442799,996,"*","chr6:37441804-37442799",5345,7598,TRUE
270673,"chr8",83607808,83609003,1196,"*","chr8:83607808-83609003",5333,9020,TRUE
66876,"chr12",105032300,105032989,690,"*","chr12:105032300-105032989",5325,2282,TRUE
189201,"chr3",145923970,145924893,924,"*","chr3:145923970-145924893",5324,6177,TRUE
37757,"chr11",6444146,6445039,894,"*","chr11:6444146-6445039",5323,1184,TRUE
88976,"chr14",55014716,55015849,1134,"*","chr14:55014716-55015849",5319,2920,TRUE
228105,"chr5",151368136,151369288,1153,"*","chr5:151368136-151369288",5313,7526,TRUE
35504,"chr10",119239398,119240930,1533,"*","chr10:119239398-119240930",5312,1052,TRUE
236231,"chr6",85451129,85452398,1270,"*","chr6:85451129-85452398",5302,7764,TRUE
291539,"chr9",106437976,106439459,1484,"*","chr9:106437976-106439459",5298,9719,TRUE
52152,"chr11",103966374,103967276,903,"*","chr11:103966374-103967276",5292,1828,TRUE
174139,"chr2",180256700,180257727,1028,"*","chr2:180256700-180257727",5278,5721,TRUE
64879,"chr12",86800924,86802807,1884,"*","chr12:86800924-86802807",5275,2222,TRUE
240057,"chr6",113326423,113327572,1150,"*","chr6:113326423-113327572",5275,7868,TRUE
99522,"chr15",37960583,37961781,1199,"*","chr15:37960583-37961781",5273,3174,TRUE
54184,"chr11",115276786,115277793,1008,"*","chr11:115276786-115277793",5267,1890,TRUE
160684,"chr2",76647645,76648808,1164,"*","chr2:76647645-76648808",5263,5291,TRUE
50563,"chr11",96829559,96830745,1187,"*","chr11:96829559-96830745",5241,1707,TRUE
211458,"chr5",25529451,25530468,1018,"*","chr5:25529451-25530468",5240,6944,TRUE
54631,"chr11",116842667,116844063,1397,"*","chr11:116842667-116844063",5233,1927,TRUE
89978,"chr14",61439380,61440558,1179,"*","chr14:61439380-61440558",5218,2962,TRUE
193616,"chr4",42999746,43001044,1299,"*","chr4:42999746-43001044",5214,6283,TRUE
116512,"chr16",64851553,64852899,1347,"*","chr16:64851553-64852899",5211,3797,TRUE
42376,"chr11",50377017,50378849,1833,"*","chr11:50377017-50378849",5209,1309,TRUE
187998,"chr3",136669519,136671993,2475,"*","chr3:136669519-136671993",5198,6154,TRUE
68485,"chr12",116280560,116281831,1272,"*","chr12:116280560-116281831",5197,2331,TRUE
294627,"chrUn_GL456359",19391,20770,1380,"*","chrUn_GL456359:19391-20770",5191,9866,TRUE
104687,"chr15",81802367,81803552,1186,"*","chr15:81802367-81803552",5189,3360,TRUE
142555,"chr19",4096848,4097987,1140,"*","chr19:4096848-4097987",5172,4624,TRUE
263175,"chr8",11635105,11637005,1901,"*","chr8:11635105-11637005",5156,8785,TRUE
104566,"chr15",81190462,81191363,902,"*","chr15:81190462-81191363",5143,3347,TRUE
235940,"chr6",83831449,83832348,900,"*","chr6:83831449-83832348",5140,7753,TRUE
255557,"chr7",102209813,102210890,1078,"*","chr7:102209813-102210890",5139,8508,TRUE
88529,"chr14",50930598,50931617,1020,"*","chr14:50930598-50931617",5137,2891,TRUE
195646,"chr4",57955736,57957150,1415,"*","chr4:57955736-57957150",5125,6351,TRUE
157636,"chr2",53190935,53192633,1699,"*","chr2:53190935-53192633",5122,5229,TRUE
227011,"chr5",145204093,145204823,731,"*","chr5:145204093-145204823",5121,7492,TRUE
284167,"chr9",56417635,56419356,1722,"*","chr9:56417635-56419356",5120,9491,TRUE
256809,"chr7",113206959,113208112,1154,"*","chr7:113206959-113208112",5114,8550,TRUE
174102,"chr2",180118851,180119895,1045,"*","chr2:180118851-180119895",5113,5717,TRUE
269473,"chr8",72570753,72572377,1625,"*","chr8:72570753-72572377",5110,8992,TRUE
240148,"chr6",113696624,113697674,1051,"*","chr6:113696624-113697674",5109,7876,TRUE
152197,"chr2",11777289,11778878,1590,"*","chr2:11777289-11778878",5106,5018,TRUE
166280,"chr2",128698038,128699703,1666,"*","chr2:128698038-128699703",5103,5465,TRUE
291556,"chr9",106476249,106477583,1335,"*","chr9:106476249-106477583",5101,9722,TRUE
27480,"chr10",59951471,59952958,1488,"*","chr10:59951471-59952958",5097,738,TRUE
226480,"chr5",142439973,142441389,1417,"*","chr5:142439973-142441389",5091,7465,TRUE
212593,"chr5",34659934,34660848,915,"*","chr5:34659934-34660848",5087,7001,TRUE
135883,"chr18",39489126,39491967,2842,"*","chr18:39489126-39491967",5086,4472,TRUE
30740,"chr10",80900422,80901532,1111,"*","chr10:80900422-80901532",5085,901,TRUE
77513,"chr13",69610843,69612295,1453,"*","chr13:69610843-69612295",5085,2584,TRUE
46211,"chr11",72607039,72608844,1806,"*","chr11:72607039-72608844",5077,1502,TRUE
68045,"chr12",111813886,111814776,891,"*","chr12:111813886-111814776",5068,2315,TRUE
127999,"chr17",65884621,65885828,1208,"*","chr17:65884621-65885828",5063,4241,TRUE
205588,"chr4",136285353,136286491,1139,"*","chr4:136285353-136286491",5060,6702,TRUE
269231,"chr8",71272216,71273576,1361,"*","chr8:71272216-71273576",5054,8966,TRUE
8251,"chr1",86358878,86359998,1121,"*","chr1:86358878-86359998",5050,229,TRUE
294496,"chr9",123461623,123462314,692,"*","chr9:123461623-123462314",5040,9854,TRUE
137878,"chr18",56924929,56926240,1312,"*","chr18:56924929-56926240",5033,4507,TRUE
269635,"chr8",75033429,75034583,1155,"*","chr8:75033429-75034583",5026,8995,TRUE
46635,"chr11",75509687,75511205,1519,"*","chr11:75509687-75511205",5011,1536,TRUE
174494,"chr3",5860440,5861021,582,"*","chr3:5860440-5861021",5000,5738,TRUE
147885,"chr19",42128675,42129666,992,"*","chr19:42128675-42129666",4994,4884,TRUE
269270,"chr8",71464570,71465266,697,"*","chr8:71464570-71465266",4989,8973,TRUE
155773,"chr2",34771599,34772438,840,"*","chr2:34771599-34772438",4974,5182,TRUE
107463,"chr15",98917310,98918655,1346,"*","chr15:98917310-98918655",4971,3480,TRUE
28407,"chr10",66920317,66922245,1929,"*","chr10:66920317-66922245",4970,765,TRUE
84783,"chr14",21051904,21053288,1385,"*","chr14:21051904-21053288",4965,2776,TRUE
165970,"chr2",127269764,127271068,1305,"*","chr2:127269764-127271068",4956,5454,TRUE
50328,"chr11",95858510,95860015,1506,"*","chr11:95858510-95860015",4940,1695,TRUE
144927,"chr19",21652514,21653833,1320,"*","chr19:21652514-21653833",4938,4789,TRUE
254511,"chr7",97578958,97581362,2405,"*","chr7:97578958-97581362",4927,8465,TRUE
108397,"chr15",102624941,102626098,1158,"*","chr15:102624941-102626098",4925,3538,TRUE
4076,"chr1",52232524,52233874,1351,"*","chr1:52232524-52233874",4919,98,TRUE
286479,"chr9",66834487,66835477,991,"*","chr9:66834487-66835477",4915,9583,TRUE
45696,"chr11",69837771,69838867,1097,"*","chr11:69837771-69838867",4905,1464,TRUE
25970,"chr10",42277528,42278511,984,"*","chr10:42277528-42278511",4896,701,TRUE
203983,"chr4",129461034,129462176,1143,"*","chr4:129461034-129462176",4893,6602,TRUE
11106,"chr1",120120235,120121785,1551,"*","chr1:120120235-120121785",4886,314,TRUE
60034,"chr12",44209222,44210703,1482,"*","chr12:44209222-44210703",4886,2092,TRUE
41415,"chr11",43681583,43682352,770,"*","chr11:43681583-43682352",4879,1279,TRUE
282323,"chr9",44305460,44306229,770,"*","chr9:44305460-44306229",4874,9417,TRUE
186505,"chr3",123508180,123509559,1380,"*","chr3:123508180-123509559",4869,6124,TRUE
92007,"chr14",74731379,74732835,1457,"*","chr14:74731379-74732835",4858,3018,TRUE
246879,"chr7",27195722,27196779,1058,"*","chr7:27195722-27196779",4841,8153,TRUE
227768,"chr5",149635804,149637099,1296,"*","chr5:149635804-149637099",4834,7520,TRUE
96845,"chr15",9070767,9072182,1416,"*","chr15:9070767-9072182",4833,3109,TRUE
212431,"chr5",33651902,33653051,1150,"*","chr5:33651902-33653051",4832,6988,TRUE
83415,"chr14",8172773,8173638,866,"*","chr14:8172773-8173638",4825,2734,TRUE
208365,"chr4",150706536,150708952,2417,"*","chr4:150706536-150708952",4823,6825,TRUE
14402,"chr1",151343823,151345645,1823,"*","chr1:151343823-151345645",4822,397,TRUE
249757,"chr7",52005570,52006765,1196,"*","chr7:52005570-52006765",4808,8339,TRUE
118577,"chr16",91646838,91648595,1758,"*","chr16:91646838-91648595",4804,3836,TRUE
23366,"chr10",19591461,19592523,1063,"*","chr10:19591461-19592523",4802,634,TRUE
246873,"chr7",27178460,27179437,978,"*","chr7:27178460-27179437",4800,8152,TRUE
57949,"chr12",25096103,25096687,585,"*","chr12:25096103-25096687",4799,2057,TRUE
285851,"chr9",64021906,64023495,1590,"*","chr9:64021906-64023495",4792,9554,TRUE
9849,"chr1",93635168,93636678,1511,"*","chr1:93635168-93636678",4788,279,TRUE
232817,"chr6",50566188,50567248,1061,"*","chr6:50566188-50567248",4777,7657,TRUE
77969,"chr13",73692355,73693092,738,"*","chr13:73692355-73693092",4776,2590,TRUE
110131,"chr16",13818675,13819813,1139,"*","chr16:13818675-13819813",4768,3616,TRUE
249887,"chr7",56049865,56050905,1041,"*","chr7:56049865-56050905",4767,8343,TRUE
42597,"chr11",51688410,51689478,1069,"*","chr11:51688410-51689478",4766,1320,TRUE
138288,"chr18",60525726,60526894,1169,"*","chr18:60525726-60526894",4764,4509,TRUE
193511,"chr4",41464693,41465695,1003,"*","chr4:41464693-41465695",4764,6274,TRUE
243452,"chr6",136827713,136828738,1026,"*","chr6:136827713-136828738",4764,7987,TRUE
107896,"chr15",100551555,100552459,905,"*","chr15:100551555-100552459",4763,3507,TRUE
55507,"chr11",120098528,120099764,1237,"*","chr11:120098528-120099764",4762,1956,TRUE
216498,"chr5",73255727,73257241,1515,"*","chr5:73255727-73257241",4761,7099,TRUE
293688,"chr9",119340890,119341737,848,"*","chr9:119340890-119341737",4760,9824,TRUE
239590,"chr6",108456309,108459312,3004,"*","chr6:108456309-108459312",4758,7857,TRUE
55880,"chr11",121672874,121673752,879,"*","chr11:121672874-121673752",4756,2001,TRUE
124466,"chr17",33890476,33891225,750,"*","chr17:33890476-33891225",4752,4079,TRUE
259068,"chr7",128237225,128238967,1743,"*","chr7:128237225-128238967",4750,8659,TRUE
115080,"chr16",46496258,46497919,1662,"*","chr16:46496258-46497919",4748,3771,TRUE
271528,"chr8",88696587,88697553,967,"*","chr8:88696587-88697553",4732,9067,TRUE
105963,"chr15",88850365,88852355,1991,"*","chr15:88850365-88852355",4724,3419,TRUE
272483,"chr8",94601385,94602459,1075,"*","chr8:94601385-94602459",4722,9097,TRUE
104449,"chr15",80710722,80711549,828,"*","chr15:80710722-80711549",4719,3345,TRUE
201908,"chr4",116074937,116076223,1287,"*","chr4:116074937-116076223",4717,6502,TRUE
110327,"chr16",15637091,15638212,1122,"*","chr16:15637091-15638212",4714,3623,TRUE
126926,"chr17",53478778,53480049,1272,"*","chr17:53478778-53480049",4702,4197,TRUE
33009,"chr10",95514574,95515988,1415,"*","chr10:95514574-95515988",4691,992,TRUE
127933,"chr17",65612647,65614505,1859,"*","chr17:65612647-65614505",4690,4239,TRUE
65999,"chr12",100187145,100188121,977,"*","chr12:100187145-100188121",4685,2249,TRUE
268104,"chr8",60982862,60984261,1400,"*","chr8:60982862-60984261",4685,8905,TRUE
18303,"chr1",178187345,178188219,875,"*","chr1:178187345-178188219",4684,515,TRUE
201975,"chr4",116556940,116558257,1318,"*","chr4:116556940-116558257",4684,6507,TRUE
59719,"chr12",40037056,40038451,1396,"*","chr12:40037056-40038451",4679,2088,TRUE
30628,"chr10",80433516,80434489,974,"*","chr10:80433516-80434489",4675,884,TRUE
78543,"chr13",81782954,81784161,1208,"*","chr13:81782954-81784161",4675,2610,TRUE
218485,"chr5",93266937,93268776,1840,"*","chr5:93266937-93268776",4667,7152,TRUE
122297,"chr17",24454517,24455981,1465,"*","chr17:24454517-24455981",4666,3956,TRUE
5783,"chr1",64737391,64738651,1261,"*","chr1:64737391-64738651",4665,146,TRUE
241921,"chr6",125215270,125215984,715,"*","chr6:125215270-125215984",4664,7947,TRUE
108932,"chr16",5013319,5014081,763,"*","chr16:5013319-5014081",4660,3583,TRUE
261803,"chr7",143548484,143549651,1168,"*","chr7:143548484-143549651",4659,8736,TRUE
56619,"chr12",8921376,8922593,1218,"*","chr12:8921376-8922593",4658,2026,TRUE
12671,"chr1",133130875,133131930,1056,"*","chr1:133130875-133131930",4657,347,TRUE
263477,"chr8",13104876,13106496,1621,"*","chr8:13104876-13106496",4655,8790,TRUE
93312,"chr14",87415888,87417547,1660,"*","chr14:87415888-87417547",4654,3047,TRUE
283788,"chr9",53536569,53537525,957,"*","chr9:53536569-53537525",4654,9476,TRUE
188957,"chr3",144569711,144571170,1460,"*","chr3:144569711-144571170",4651,6169,TRUE
285768,"chr9",63757584,63758928,1345,"*","chr9:63757584-63758928",4651,9551,TRUE
250798,"chr7",67644982,67645756,775,"*","chr7:67644982-67645756",4642,8365,TRUE
109701,"chr16",11134296,11135231,936,"*","chr16:11134296-11135231",4634,3600,TRUE
155199,"chr2",32395212,32396786,1575,"*","chr2:32395212-32396786",4630,5152,TRUE
68282,"chr12",112721178,112723106,1929,"*","chr12:112721178-112723106",4627,2323,TRUE
169832,"chr2",155517750,155518637,888,"*","chr2:155517750-155518637",4624,5582,TRUE
297812,"chrX",98936948,98938469,1522,"*","chrX:98936948-98938469",4624,9948,TRUE
95773,"chr14",121797527,121799004,1478,"*","chr14:121797527-121799004",4619,3086,TRUE
57284,"chr12",15815450,15818062,2613,"*","chr12:15815450-15818062",4616,2031,TRUE
258958,"chr7",127588016,127589048,1033,"*","chr7:127588016-127589048",4616,8644,TRUE
5749,"chr1",64532176,64533823,1648,"*","chr1:64532176-64533823",4615,143,TRUE
187355,"chr3",131488631,131491071,2441,"*","chr3:131488631-131491071",4613,6142,TRUE
50808,"chr11",97702587,97703719,1133,"*","chr11:97702587-97703719",4607,1724,TRUE
42368,"chr11",50325371,50326329,959,"*","chr11:50325371-50326329",4604,1307,TRUE
240911,"chr6",117879120,117880309,1190,"*","chr6:117879120-117880309",4603,7893,TRUE
5154,"chr1",60180169,60181154,986,"*","chr1:60180169-60181154",4602,135,TRUE
196313,"chr4",63171331,63172875,1545,"*","chr4:63171331-63172875",4601,6369,TRUE
244979,"chr6",146577322,146578596,1275,"*","chr6:146577322-146578596",4601,8011,TRUE
110909,"chr16",20097297,20098646,1350,"*","chr16:20097297-20098646",4596,3660,TRUE
30586,"chr10",80260852,80262079,1228,"*","chr10:80260852-80262079",4589,877,TRUE
90276,"chr14",63177716,63178498,783,"*","chr14:63177716-63178498",4589,2972,TRUE
31753,"chr10",86778290,86779374,1085,"*","chr10:86778290-86779374",4584,967,TRUE
62771,"chr12",76254907,76255725,819,"*","chr12:76254907-76255725",4583,2158,TRUE
268900,"chr8",69625222,69626004,783,"*","chr8:69625222-69626004",4582,8921,TRUE
100176,"chr15",44618776,44619885,1110,"*","chr15:44618776-44619885",4581,3194,TRUE
124471,"chr17",33915861,33916657,797,"*","chr17:33915861-33916657",4578,4081,TRUE
238040,"chr6",94699556,94701165,1610,"*","chr6:94699556-94701165",4578,7835,TRUE
103835,"chr15",78405800,78407026,1227,"*","chr15:78405800-78407026",4577,3314,TRUE
60842,"chr12",54695496,54697503,2008,"*","chr12:54695496-54697503",4573,2106,TRUE
142499,"chr19",3912550,3913345,796,"*","chr19:3912550-3913345",4566,4619,TRUE
88680,"chr14",52278896,52279919,1024,"*","chr14:52278896-52279919",4559,2901,TRUE
270744,"chr8",83972316,83973262,947,"*","chr8:83972316-83973262",4559,9026,TRUE
270807,"chr8",84237056,84237776,721,"*","chr8:84237056-84237776",4547,9034,TRUE
213663,"chr5",43232482,43234397,1916,"*","chr5:43232482-43234397",4538,7030,TRUE
256861,"chr7",113513350,113514392,1043,"*","chr7:113513350-113514392",4530,8553,TRUE
184366,"chr3",103913972,103915232,1261,"*","chr3:103913972-103915232",4515,6044,TRUE
57758,"chr12",21417190,21418182,993,"*","chr12:21417190-21418182",4514,2048,TRUE
293378,"chr9",118040129,118041278,1150,"*","chr9:118040129-118041278",4510,9812,TRUE
87773,"chr14",45219138,45220048,911,"*","chr14:45219138-45220048",4509,2863,TRUE
105953,"chr15",88819160,88819925,766,"*","chr15:88819160-88819925",4508,3416,TRUE
194011,"chr4",45452642,45454097,1456,"*","chr4:45452642-45454097",4507,6310,TRUE
13208,"chr1",135258338,135259550,1213,"*","chr1:135258338-135259550",4503,374,TRUE
142183,"chr18",84684745,84686123,1379,"*","chr18:84684745-84686123",4494,4600,TRUE
255750,"chr7",105810733,105811652,920,"*","chr7:105810733-105811652",4494,8518,TRUE
101277,"chr15",58888251,58889837,1587,"*","chr15:58888251-58889837",4492,3218,TRUE
232029,"chr6",42349197,42351041,1845,"*","chr6:42349197-42351041",4489,7622,TRUE
4923,"chr1",58973064,58974382,1319,"*","chr1:58973064-58974382",4481,127,TRUE
297232,"chrX",75673904,75674805,902,"*","chrX:75673904-75674805",4480,9935,TRUE
277766,"chr8",127440340,127441662,1323,"*","chr8:127440340-127441662",4475,9290,TRUE
126227,"chr17",47736995,47738793,1799,"*","chr17:47736995-47738793",4471,4192,TRUE
182046,"chr3",88296311,88297517,1207,"*","chr3:88296311-88297517",4471,5898,TRUE
68364,"chr12",113000327,113001398,1072,"*","chr12:113000327-113001398",4466,2326,TRUE
142721,"chr19",4810988,4812260,1273,"*","chr19:4810988-4812260",4462,4644,TRUE
204603,"chr4",132421751,132422937,1187,"*","chr4:132421751-132422937",4459,6634,TRUE
36978,"chr10",128821484,128822212,729,"*","chr10:128821484-128822212",4457,1125,TRUE
64910,"chr12",86888128,86889253,1126,"*","chr12:86888128-86889253",4455,2228,TRUE
241919,"chr6",125191464,125192680,1217,"*","chr6:125191464-125192680",4444,7946,TRUE
192826,"chr4",32615022,32615974,953,"*","chr4:32615022-32615974",4434,6244,TRUE
189215,"chr3",145987543,145989021,1479,"*","chr3:145987543-145989021",4433,6180,TRUE
6717,"chr1",74036146,74037583,1438,"*","chr1:74036146-74037583",4431,172,TRUE
194469,"chr4",47352367,47353867,1501,"*","chr4:47352367-47353867",4431,6326,TRUE
140551,"chr18",74778328,74779546,1219,"*","chr18:74778328-74779546",4429,4569,TRUE
149619,"chr19",53599962,53601148,1187,"*","chr19:53599962-53601148",4428,4952,TRUE
239693,"chr6",108828272,108829157,886,"*","chr6:108828272-108829157",4421,7862,TRUE
255510,"chr7",101896069,101897099,1031,"*","chr7:101896069-101897099",4419,8503,TRUE
161685,"chr2",90745105,90746101,997,"*","chr2:90745105-90746101",4417,5312,TRUE
116655,"chr16",70313756,70314866,1111,"*","chr16:70313756-70314866",4416,3799,TRUE
269168,"chr8",70760643,70761558,916,"*","chr8:70760643-70761558",4415,8957,TRUE
135743,"chr18",38992596,38993927,1332,"*","chr18:38992596-38993927",4411,4468,TRUE
243106,"chr6",134829577,134830816,1240,"*","chr6:134829577-134830816",4411,7973,TRUE
266100,"chr8",36248063,36249952,1890,"*","chr8:36248063-36249952",4404,8864,TRUE
107365,"chr15",98533880,98534755,876,"*","chr15:98533880-98534755",4402,3471,TRUE
143487,"chr19",8741013,8742094,1082,"*","chr19:8741013-8742094",4402,4732,TRUE
30242,"chr10",78169513,78170377,865,"*","chr10:78169513-78170377",4401,836,TRUE
15282,"chr1",155972666,155974169,1504,"*","chr1:155972666-155974169",4400,428,TRUE
77193,"chr13",64152994,64154447,1454,"*","chr13:64152994-64154447",4385,2566,TRUE
123321,"chr17",28512566,28513360,795,"*","chr17:28512566-28513360",4385,4023,TRUE
48245,"chr11",83472176,83473655,1480,"*","chr11:83472176-83473655",4379,1608,TRUE
43922,"chr11",59839104,59840188,1085,"*","chr11:59839104-59840188",4378,1382,TRUE
103435,"chr15",76380242,76380829,588,"*","chr15:76380242-76380829",4366,3286,TRUE
250157,"chr7",63924789,63926543,1755,"*","chr7:63924789-63926543",4363,8349,TRUE
246243,"chr7",19092731,19094781,2051,"*","chr7:19092731-19094781",4359,8094,TRUE
29853,"chr10",76442271,76443311,1041,"*","chr10:76442271-76443311",4355,817,TRUE
154690,"chr2",30363926,30364582,657,"*","chr2:30363926-30364582",4353,5114,TRUE
262344,"chr8",4238089,4239486,1398,"*","chr8:4238089-4239486",4352,8761,TRUE
110658,"chr16",18083342,18084281,940,"*","chr16:18083342-18084281",4348,3646,TRUE
6721,"chr1",74047370,74048330,961,"*","chr1:74047370-74048330",4347,174,TRUE
61622,"chr12",69724324,69725576,1253,"*","chr12:69724324-69725576",4345,2133,TRUE
148710,"chr19",46395178,46396104,927,"*","chr19:46395178-46396104",4340,4923,TRUE
134509,"chr18",31759302,31760910,1609,"*","chr18:31759302-31760910",4338,4391,TRUE
6854,"chr1",74587534,74588644,1111,"*","chr1:74587534-74588644",4337,188,TRUE
290636,"chr9",100545530,100546642,1113,"*","chr9:100545530-100546642",4337,9687,TRUE
30807,"chr10",81182647,81183505,859,"*","chr10:81182647-81183505",4335,912,TRUE
206169,"chr4",138453488,138455631,2144,"*","chr4:138453488-138455631",4335,6724,TRUE
124763,"chr17",35240891,35242557,1667,"*","chr17:35240891-35242557",4333,4113,TRUE
157945,"chr2",59160134,59162262,2129,"*","chr2:59160134-59162262",4321,5237,TRUE
108895,"chr16",4879516,4881090,1575,"*","chr16:4879516-4881090",4318,3576,TRUE
78694,"chr13",85288553,85289922,1370,"*","chr13:85288553-85289922",4315,2613,TRUE
132367,"chr18",7626409,7627435,1027,"*","chr18:7626409-7627435",4310,4350,TRUE
153996,"chr2",27246867,27247849,983,"*","chr2:27246867-27247849",4309,5082,TRUE
78157,"chr13",75707181,75708726,1546,"*","chr13:75707181-75708726",4298,2601,TRUE
278251,"chr9",7763620,7764741,1122,"*","chr9:7763620-7764741",4298,9298,TRUE
213023,"chr5",36464621,36465504,884,"*","chr5:36464621-36465504",4295,7013,TRUE
164933,"chr2",119476495,119478597,2103,"*","chr2:119476495-119478597",4294,5406,TRUE
183120,"chr3",96159988,96162778,2791,"*","chr3:96159988-96162778",4294,5987,TRUE
269177,"chr8",70792214,70793316,1103,"*","chr8:70792214-70793316",4289,8960,TRUE
182139,"chr3",88685421,88686592,1172,"*","chr3:88685421-88686592",4288,5910,TRUE
9888,"chr1",93803642,93804651,1010,"*","chr1:93803642-93804651",4287,282,TRUE
148509,"chr19",45363487,45364413,927,"*","chr19:45363487-45364413",4286,4910,TRUE
253889,"chr7",90475857,90476927,1071,"*","chr7:90475857-90476927",4285,8454,TRUE
139313,"chr18",65430483,65431618,1136,"*","chr18:65430483-65431618",4281,4538,TRUE
54388,"chr11",116023963,116025048,1086,"*","chr11:116023963-116025048",4277,1907,TRUE
237180,"chr6",90507735,90508832,1098,"*","chr6:90507735-90508832",4275,7810,TRUE
4874,"chr1",58711261,58713589,2329,"*","chr1:58711261-58713589",4274,123,TRUE
269173,"chr8",70776525,70777590,1066,"*","chr8:70776525-70777590",4272,8959,TRUE
278267,"chr9",7836559,7837682,1124,"*","chr9:7836559-7837682",4270,9299,TRUE
279862,"chr9",25151109,25152434,1326,"*","chr9:25151109-25152434",4267,9363,TRUE
111013,"chr16",20717275,20718315,1041,"*","chr16:20717275-20718315",4265,3669,TRUE
108575,"chr15",103304047,103306465,2419,"*","chr15:103304047-103306465",4260,3546,TRUE
108920,"chr16",4964040,4964897,858,"*","chr16:4964040-4964897",4253,3582,TRUE
36880,"chr10",128303039,128304236,1198,"*","chr10:128303039-128304236",4251,1103,TRUE
30858,"chr10",81350286,81351197,912,"*","chr10:81350286-81351197",4247,918,TRUE
201366,"chr4",109676190,109677257,1068,"*","chr4:109676190-109677257",4246,6484,TRUE
112402,"chr16",30008143,30010132,1990,"*","chr16:30008143-30010132",4237,3696,TRUE
176779,"chr3",32736423,32737574,1152,"*","chr3:32736423-32737574",4233,5791,TRUE
222272,"chr5",118244885,118245652,768,"*","chr5:118244885-118245652",4229,7269,TRUE
55626,"chr11",120491414,120493190,1777,"*","chr11:120491414-120493190",4223,1973,TRUE
105969,"chr15",88867227,88868576,1350,"*","chr15:88867227-88868576",4221,3423,TRUE
136881,"chr18",49755309,49756235,927,"*","chr18:49755309-49756235",4221,4487,TRUE
183386,"chr3",97756538,97757473,936,"*","chr3:97756538-97757473",4210,6011,TRUE
61252,"chr12",59218933,59220409,1477,"*","chr12:59218933-59220409",4205,2121,TRUE
279580,"chr9",22327146,22328628,1483,"*","chr9:22327146-22328628",4204,9359,TRUE
88801,"chr14",54253692,54254489,798,"*","chr14:54253692-54254489",4202,2903,TRUE
181711,"chr3",86223690,86225361,1672,"*","chr3:86223690-86225361",4200,5888,TRUE
13804,"chr1",138619137,138620496,1360,"*","chr1:138619137-138620496",4199,386,TRUE
136058,"chr18",42275031,42276060,1030,"*","chr18:42275031-42276060",4196,4475,TRUE
131505,"chr17",88065628,88066871,1244,"*","chr17:88065628-88066871",4192,4331,TRUE
139151,"chr18",64887065,64888357,1293,"*","chr18:64887065-64888357",4192,4534,TRUE
246206,"chr7",18910118,18911024,907,"*","chr7:18910118-18911024",4163,8089,TRUE
45593,"chr11",69395225,69396630,1406,"*","chr11:69395225-69396630",4158,1447,TRUE
142209,"chr18",84850879,84851726,848,"*","chr18:84850879-84851726",4158,4601,TRUE
225576,"chr5",137600398,137601520,1123,"*","chr5:137600398-137601520",4156,7420,TRUE
26006,"chr10",42501794,42503276,1483,"*","chr10:42501794-42503276",4155,703,TRUE
258949,"chr7",127470544,127472033,1490,"*","chr7:127470544-127472033",4153,8640,TRUE
162997,"chr2",103484744,103486130,1387,"*","chr2:103484744-103486130",4147,5355,TRUE
18336,"chr1",178405582,178407170,1589,"*","chr1:178405582-178407170",4145,520,TRUE
247075,"chr7",28392520,28393266,747,"*","chr7:28392520-28393266",4144,8179,TRUE
290922,"chr9",102726120,102726853,734,"*","chr9:102726120-102726853",4144,9697,TRUE
213206,"chr5",37330945,37331795,851,"*","chr5:37330945-37331795",4143,7023,TRUE
257819,"chr7",119895210,119896575,1366,"*","chr7:119895210-119896575",4143,8582,TRUE
122560,"chr17",25727298,25728062,765,"*","chr17:25727298-25728062",4139,3975,TRUE
166969,"chr2",132252670,132253694,1025,"*","chr2:132252670-132253694",4139,5495,TRUE
111274,"chr16",22009160,22010060,901,"*","chr16:22009160-22010060",4137,3675,TRUE
155687,"chr2",34371891,34373600,1710,"*","chr2:34371891-34373600",4137,5179,TRUE
221485,"chr5",114443815,114444612,798,"*","chr5:114443815-114444612",4137,7232,TRUE
94195,"chr14",103098723,103100091,1369,"*","chr14:103098723-103100091",4133,3062,TRUE
33564,"chr10",99262831,99263586,756,"*","chr10:99262831-99263586",4131,1006,TRUE
215464,"chr5",64802692,64803898,1207,"*","chr5:64802692-64803898",4123,7068,TRUE
86845,"chr14",32084986,32086270,1285,"*","chr14:32084986-32086270",4121,2848,TRUE
18676,"chr1",180195223,180196518,1296,"*","chr1:180195223-180196518",4117,525,TRUE
30883,"chr10",81429752,81432140,2389,"*","chr10:81429752-81432140",4116,927,TRUE
205934,"chr4",137593692,137594737,1046,"*","chr4:137593692-137594737",4116,6710,TRUE
130658,"chr17",84182776,84184078,1303,"*","chr17:84182776-84184078",4113,4304,TRUE
237165,"chr6",90463117,90464221,1105,"*","chr6:90463117-90464221",4112,7807,TRUE
6705,"chr1",74013062,74014052,991,"*","chr1:74013062-74014052",4111,169,TRUE
25829,"chr10",41809682,41810907,1226,"*","chr10:41809682-41810907",4104,692,TRUE
153348,"chr2",23155478,23156823,1346,"*","chr2:23155478-23156823",4101,5041,TRUE
148693,"chr19",46327984,46329357,1374,"*","chr19:46327984-46329357",4100,4921,TRUE
223757,"chr5",125140632,125141997,1366,"*","chr5:125140632-125141997",4099,7344,TRUE
30557,"chr10",80151836,80153557,1722,"*","chr10:80151836-80153557",4096,870,TRUE
294218,"chr9",121857175,121858368,1194,"*","chr9:121857175-121858368",4096,9844,TRUE
193626,"chr4",43045520,43046572,1053,"*","chr4:43045520-43046572",4095,6287,TRUE
223601,"chr5",124439606,124440550,945,"*","chr5:124439606-124440550",4091,7333,TRUE
279888,"chr9",25251714,25253285,1572,"*","chr9:25251714-25253285",4091,9364,TRUE
164945,"chr2",119547052,119548077,1026,"*","chr2:119547052-119548077",4090,5407,TRUE
204622,"chr4",132509569,132510910,1342,"*","chr4:132509569-132510910",4086,6637,TRUE
61363,"chr12",64965229,64966555,1327,"*","chr12:64965229-64966555",4085,2123,TRUE
88679,"chr14",52257502,52258411,910,"*","chr14:52257502-52258411",4082,2900,TRUE
6706,"chr1",74014659,74016288,1630,"*","chr1:74014659-74016288",4078,170,TRUE
42908,"chr11",53299574,53301113,1540,"*","chr11:53299574-53301113",4076,1331,TRUE
26873,"chr10",53596393,53598016,1624,"*","chr10:53596393-53598016",4075,720,TRUE
258996,"chr7",127768906,127770188,1283,"*","chr7:127768906-127770188",4075,8648,TRUE
260089,"chr7",133636945,133638854,1910,"*","chr7:133636945-133638854",4072,8682,TRUE
258903,"chr7",127260495,127261279,785,"*","chr7:127260495-127261279",4070,8634,TRUE
155210,"chr2",32423542,32424558,1017,"*","chr2:32423542-32424558",4067,5157,TRUE
17860,"chr1",172632470,172633512,1043,"*","chr1:172632470-172633512",4066,508,TRUE
237111,"chr6",89643927,89645135,1209,"*","chr6:89643927-89645135",4065,7803,TRUE
240073,"chr6",113377464,113378488,1025,"*","chr6:113377464-113378488",4065,7871,TRUE
67451,"chr12",108835545,108836631,1087,"*","chr12:108835545-108836631",4064,2294,TRUE
55963,"chr12",3426235,3427234,1000,"*","chr12:3426235-3427234",4061,2005,TRUE
161522,"chr2",85047713,85048901,1189,"*","chr2:85047713-85048901",4059,5307,TRUE
202417,"chr4",118543287,118544683,1397,"*","chr4:118543287-118544683",4055,6539,TRUE
159778,"chr2",71872874,71873968,1095,"*","chr2:71872874-71873968",4050,5277,TRUE
201233,"chr4",109000199,109001262,1064,"*","chr4:109000199-109001262",4047,6477,TRUE
54310,"chr11",115765289,115767510,2222,"*","chr11:115765289-115767510",4045,1899,TRUE
122286,"chr17",24413986,24415212,1227,"*","chr17:24413986-24415212",4045,3954,TRUE
277334,"chr8",125909823,125911625,1803,"*","chr8:125909823-125911625",4043,9274,TRUE
223527,"chr5",124111694,124112884,1191,"*","chr5:124111694-124112884",4042,7329,TRUE
67793,"chr12",110978556,110979635,1080,"*","chr12:110978556-110979635",4040,2305,TRUE
129976,"chr17",80206501,80207833,1333,"*","chr17:80206501-80207833",4040,4291,TRUE
252560,"chr7",80114064,80115776,1713,"*","chr7:80114064-80115776",4036,8401,TRUE
63716,"chr12",80945229,80946567,1339,"*","chr12:80945229-80946567",4034,2185,TRUE
270811,"chr8",84270191,84270897,707,"*","chr8:84270191-84270897",4034,9035,TRUE
121917,"chr17",15704388,15706489,2102,"*","chr17:15704388-15706489",4033,3919,TRUE
182283,"chr3",89411527,89412366,840,"*","chr3:89411527-89412366",4031,5924,TRUE
244808,"chr6",145746074,145747469,1396,"*","chr6:145746074-145747469",4026,8006,TRUE
55690,"chr11",120712918,120714258,1341,"*","chr11:120712918-120714258",4022,1987,TRUE
61371,"chr12",65073528,65074411,884,"*","chr12:65073528-65074411",4018,2124,TRUE
212010,"chr5",31201876,31202785,910,"*","chr5:31201876-31202785",4016,6968,TRUE
259460,"chr7",130519238,130520608,1371,"*","chr7:130519238-130520608",4015,8666,TRUE
68261,"chr12",112644417,112645784,1368,"*","chr12:112644417-112645784",4014,2321,TRUE
170949,"chr2",161108559,161109834,1276,"*","chr2:161108559-161109834",4012,5618,TRUE
274754,"chr8",114439435,114440370,936,"*","chr8:114439435-114440370",4006,9193,TRUE
287170,"chr9",70656263,70658076,1814,"*","chr9:70656263-70658076",4006,9596,TRUE
131336,"chr17",87282069,87283669,1601,"*","chr17:87282069-87283669",4004,4325,TRUE
136900,"chr18",49832361,49833211,851,"*","chr18:49832361-49833211",3997,4488,TRUE
68929,"chr13",3537667,3539055,1389,"*","chr13:3537667-3539055",3994,2339,TRUE
153576,"chr2",25262286,25263110,825,"*","chr2:25262286-25263110",3994,5053,TRUE
107492,"chr15",99029645,99030701,1057,"*","chr15:99029645-99030701",3993,3483,TRUE
51419,"chr11",100738036,100738729,694,"*","chr11:100738036-100738729",3992,1769,TRUE
56132,"chr12",4233670,4234697,1028,"*","chr12:4233670-4234697",3991,2011,TRUE
79822,"chr13",96542368,96544079,1712,"*","chr13:96542368-96544079",3991,2640,TRUE
46149,"chr11",72410597,72412397,1801,"*","chr11:72410597-72412397",3990,1498,TRUE
200083,"chr4",103114152,103115205,1054,"*","chr4:103114152-103115205",3990,6444,TRUE
130063,"chr17",80727073,80729060,1988,"*","chr17:80727073-80729060",3987,4295,TRUE
173364,"chr2",173152628,173153670,1043,"*","chr2:173152628-173153670",3984,5703,TRUE
36930,"chr10",128524956,128526503,1548,"*","chr10:128524956-128526503",3982,1113,TRUE
193541,"chr4",41569162,41570089,928,"*","chr4:41569162-41570089",3977,6276,TRUE
52236,"chr11",104441597,104443298,1702,"*","chr11:104441597-104443298",3974,1832,TRUE
72276,"chr13",34993738,34994971,1234,"*","chr13:34993738-34994971",3972,2420,TRUE
221734,"chr5",115300243,115301610,1368,"*","chr5:115300243-115301610",3970,7245,TRUE
221822,"chr5",115652780,115653534,755,"*","chr5:115652780-115653534",3967,7256,TRUE
108812,"chr16",4586385,4587304,920,"*","chr16:4586385-4587304",3964,3563,TRUE
207933,"chr4",149306781,149308499,1719,"*","chr4:149306781-149308499",3962,6803,TRUE
148790,"chr19",46598841,46599427,587,"*","chr19:46598841-46599427",3958,4934,TRUE
227626,"chr5",148994482,148995675,1194,"*","chr5:148994482-148995675",3952,7512,TRUE
255511,"chr7",101905581,101906492,912,"*","chr7:101905581-101906492",3952,8504,TRUE
273509,"chr8",106134979,106136202,1224,"*","chr8:106134979-106136202",3952,9144,TRUE
248560,"chr7",43443163,43444411,1249,"*","chr7:43443163-43444411",3951,8258,TRUE
127101,"chr17",56276077,56277813,1737,"*","chr17:56276077-56277813",3950,4212,TRUE
185123,"chr3",108410578,108412355,1778,"*","chr3:108410578-108412355",3945,6073,TRUE
204623,"chr4",132514991,132516089,1099,"*","chr4:132514991-132516089",3943,6638,TRUE
148714,"chr19",46406520,46407544,1025,"*","chr19:46406520-46407544",3942,4925,TRUE
55811,"chr11",121204108,121205259,1152,"*","chr11:121204108-121205259",3941,1994,TRUE
108937,"chr16",5049547,5050872,1326,"*","chr16:5049547-5050872",3941,3584,TRUE
182175,"chr3",88949752,88951446,1695,"*","chr3:88949752-88951446",3939,5913,TRUE
26879,"chr10",53629176,53630509,1334,"*","chr10:53629176-53630509",3936,721,TRUE
45833,"chr11",70451883,70452630,748,"*","chr11:70451883-70452630",3935,1483,TRUE
224274,"chr5",129887024,129887800,777,"*","chr5:129887024-129887800",3931,7359,TRUE
143182,"chr19",6941360,6942874,1515,"*","chr19:6941360-6942874",3930,4706,TRUE
246310,"chr7",19344595,19345789,1195,"*","chr7:19344595-19345789",3928,8104,TRUE
202527,"chr4",119294260,119295079,820,"*","chr4:119294260-119295079",3922,6544,TRUE
6944,"chr1",75168409,75169366,958,"*","chr1:75168409-75169366",3918,196,TRUE
291713,"chr9",107587512,107588093,582,"*","chr9:107587512-107588093",3917,9739,TRUE
205077,"chr4",134395967,134396688,722,"*","chr4:134395967-134396688",3915,6678,TRUE
204179,"chr4",130306905,130309318,2414,"*","chr4:130306905-130309318",3914,6618,TRUE
109996,"chr16",13109341,13110446,1106,"*","chr16:13109341-13110446",3907,3611,TRUE
82707,"chr13",113794116,113795554,1439,"*","chr13:113794116-113795554",3906,2713,TRUE
45785,"chr11",70220673,70222447,1775,"*","chr11:70220673-70222447",3903,1480,TRUE
37253,"chr11",4096467,4097181,715,"*","chr11:4096467-4097181",3901,1150,TRUE
122357,"chr17",24736293,24737642,1350,"*","chr17:24736293-24737642",3901,3965,TRUE
270669,"chr8",83593783,83594997,1215,"*","chr8:83593783-83594997",3901,9019,TRUE
255186,"chr7",100464910,100466314,1405,"*","chr7:100464910-100466314",3898,8490,TRUE
154429,"chr2",29124738,29125805,1068,"*","chr2:29124738-29125805",3894,5096,TRUE
131784,"chr18",3336838,3338151,1314,"*","chr18:3336838-3338151",3893,4338,TRUE
219663,"chr5",103424805,103426252,1448,"*","chr5:103424805-103426252",3892,7174,TRUE
62631,"chr12",75595941,75596942,1002,"*","chr12:75595941-75596942",3887,2152,TRUE
10981,"chr1",119504359,119505303,945,"*","chr1:119504359-119505303",3885,305,TRUE
120170,"chr17",5189666,5190600,935,"*","chr17:5189666-5190600",3885,3881,TRUE
266533,"chr8",41239229,41241168,1940,"*","chr8:41239229-41241168",3885,8869,TRUE
19394,"chr1",184033504,184034765,1262,"*","chr1:184033504-184034765",3884,553,TRUE
182505,"chr3",90475796,90476671,876,"*","chr3:90475796-90476671",3884,5939,TRUE
188656,"chr3",142394868,142396149,1282,"*","chr3:142394868-142396149",3882,6162,TRUE
9429,"chr1",91412847,91414129,1283,"*","chr1:91412847-91414129",3881,261,TRUE
236198,"chr6",85332573,85333869,1297,"*","chr6:85332573-85333869",3879,7762,TRUE
291737,"chr9",107635167,107635955,789,"*","chr9:107635167-107635955",3879,9743,TRUE
273406,"chr8",105565592,105566680,1089,"*","chr8:105565592-105566680",3877,9131,TRUE
177235,"chr3",37722839,37725263,2425,"*","chr3:37722839-37725263",3875,5805,TRUE
264839,"chr8",25601336,25602716,1381,"*","chr8:25601336-25602716",3875,8829,TRUE
122410,"chr17",24960307,24961234,928,"*","chr17:24960307-24961234",3874,3971,TRUE
275216,"chr8",116978553,116979400,848,"*","chr8:116978553-116979400",3873,9201,TRUE
63125,"chr12",78225909,78227085,1177,"*","chr12:78225909-78227085",3871,2169,TRUE
253443,"chr7",84689505,84690633,1129,"*","chr7:84689505-84690633",3856,8437,TRUE
49864,"chr11",94133451,94134974,1524,"*","chr11:94133451-94134974",3854,1675,TRUE
112943,"chr16",32246552,32247516,965,"*","chr16:32246552-32247516",3854,3716,TRUE
36900,"chr10",128409335,128410359,1025,"*","chr10:128409335-128410359",3846,1108,TRUE
107369,"chr15",98567366,98568299,934,"*","chr15:98567366-98568299",3841,3472,TRUE
273500,"chr8",106058919,106060366,1448,"*","chr8:106058919-106060366",3839,9143,TRUE
217336,"chr5",77384055,77385308,1254,"*","chr5:77384055-77385308",3836,7119,TRUE
203448,"chr4",126103172,126104293,1122,"*","chr4:126103172-126104293",3835,6577,TRUE
225840,"chr5",139200120,139201020,901,"*","chr5:139200120-139201020",3835,7441,TRUE
84647,"chr14",20393357,20394133,777,"*","chr14:20393357-20394133",3834,2765,TRUE
184673,"chr3",105687132,105688240,1109,"*","chr3:105687132-105688240",3834,6054,TRUE
284791,"chr9",59291090,59292158,1069,"*","chr9:59291090-59292158",3833,9514,TRUE
122301,"chr17",24470042,24470740,699,"*","chr17:24470042-24470740",3827,3957,TRUE
253675,"chr7",89433354,89434919,1566,"*","chr7:89433354-89434919",3827,8442,TRUE
247146,"chr7",28741583,28742610,1028,"*","chr7:28741583-28742610",3826,8184,TRUE
82922,"chr13",115101443,115102604,1162,"*","chr13:115101443-115102604",3824,2717,TRUE
205542,"chr4",136143290,136144126,837,"*","chr4:136143290-136144126",3822,6698,TRUE
102807,"chr15",73060483,73061626,1144,"*","chr15:73060483-73061626",3820,3253,TRUE
54585,"chr11",116674645,116675997,1353,"*","chr11:116674645-116675997",3818,1925,TRUE
22375,"chr10",11280622,11282330,1709,"*","chr10:11280622-11282330",3817,611,TRUE
141534,"chr18",80469393,80470613,1221,"*","chr18:80469393-80470613",3817,4593,TRUE
199065,"chr4",96330446,96331582,1137,"*","chr4:96330446-96331582",3815,6414,TRUE
48744,"chr11",86200820,86201867,1048,"*","chr11:86200820-86201867",3808,1628,TRUE
250911,"chr7",68072576,68074110,1535,"*","chr7:68072576-68074110",3807,8368,TRUE
42564,"chr11",51584205,51585381,1177,"*","chr11:51584205-51585381",3806,1313,TRUE
115819,"chr16",55821669,55822863,1195,"*","chr16:55821669-55822863",3806,3779,TRUE
153513,"chr2",24934521,24935964,1444,"*","chr2:24934521-24935964",3805,5045,TRUE
240532,"chr6",115853036,115854034,999,"*","chr6:115853036-115854034",3805,7884,TRUE
48315,"chr11",83819801,83820730,930,"*","chr11:83819801-83820730",3804,1611,TRUE
104007,"chr15",78982632,78984545,1914,"*","chr15:78982632-78984545",3804,3322,TRUE
51510,"chr11",101119615,101120511,897,"*","chr11:101119615-101120511",3802,1777,TRUE
292205,"chr9",110653870,110654569,700,"*","chr9:110653870-110654569",3789,9788,TRUE
162263,"chr2",93461937,93463414,1478,"*","chr2:93461937-93463414",3785,5340,TRUE
279315,"chr9",21091563,21092505,943,"*","chr9:21091563-21092505",3785,9328,TRUE
55693,"chr11",120726699,120727711,1013,"*","chr11:120726699-120727711",3784,1989,TRUE
98273,"chr15",28025718,28026539,822,"*","chr15:28025718-28026539",3781,3141,TRUE
215722,"chr5",66052627,66053597,971,"*","chr5:66052627-66053597",3781,7080,TRUE
279398,"chr9",21424626,21425283,658,"*","chr9:21424626-21425283",3781,9336,TRUE
284411,"chr9",57560938,57562081,1144,"*","chr9:57560938-57562081",3779,9504,TRUE
42249,"chr11",49846476,49847400,925,"*","chr11:49846476-49847400",3775,1297,TRUE
39896,"chr11",29692388,29693281,894,"*","chr11:29692388-29693281",3774,1245,TRUE
50553,"chr11",96777429,96778095,667,"*","chr11:96777429-96778095",3772,1704,TRUE
89829,"chr14",60634133,60635441,1309,"*","chr14:60634133-60635441",3771,2957,TRUE
227504,"chr5",148552321,148553256,936,"*","chr5:148552321-148553256",3770,7507,TRUE
261299,"chr7",141123084,141123755,672,"*","chr7:141123084-141123755",3768,8709,TRUE
193609,"chr4",42949613,42950616,1004,"*","chr4:42949613-42950616",3767,6282,TRUE
178182,"chr3",51483599,51484611,1013,"*","chr3:51483599-51484611",3766,5825,TRUE
209496,"chr4",156059129,156060360,1232,"*","chr4:156059129-156060360",3758,6888,TRUE
37582,"chr11",5520611,5522494,1884,"*","chr11:5520611-5522494",3757,1169,TRUE
79240,"chr13",93303443,93304877,1435,"*","chr13:93303443-93304877",3752,2628,TRUE
217944,"chr5",90223692,90224527,836,"*","chr5:90223692-90224527",3751,7137,TRUE
2657,"chr1",37996993,37997724,732,"*","chr1:37996993-37997724",3750,68,TRUE
200741,"chr4",106778298,106779060,763,"*","chr4:106778298-106779060",3749,6457,TRUE
211742,"chr5",29569011,29570126,1116,"*","chr5:29569011-29570126",3749,6950,TRUE
9391,"chr1",91249853,91250638,786,"*","chr1:91249853-91250638",3748,258,TRUE
209012,"chr4",154025523,154026514,992,"*","chr4:154025523-154026514",3747,6853,TRUE
152795,"chr2",18027370,18029260,1891,"*","chr2:18027370-18029260",3742,5028,TRUE
42502,"chr11",51262760,51264002,1243,"*","chr11:51262760-51264002",3741,1312,TRUE
23406,"chr10",19933615,19935373,1759,"*","chr10:19933615-19935373",3740,636,TRUE
245238,"chr6",148211721,148212580,860,"*","chr6:148211721-148212580",3739,8017,TRUE
282441,"chr9",44799122,44800302,1181,"*","chr9:44799122-44800302",3735,9436,TRUE
110986,"chr16",20535306,20536072,767,"*","chr16:20535306-20536072",3732,3664,TRUE
164955,"chr2",119593886,119595156,1271,"*","chr2:119593886-119595156",3729,5409,TRUE
2331,"chr1",36511546,36513037,1492,"*","chr1:36511546-36513037",3728,55,TRUE
223376,"chr5",123394097,123395119,1023,"*","chr5:123394097-123395119",3728,7321,TRUE
249010,"chr7",45714764,45715712,949,"*","chr7:45714764-45715712",3727,8315,TRUE
182974,"chr3",95433919,95434926,1008,"*","chr3:95433919-95434926",3721,5971,TRUE
254774,"chr7",98815058,98816773,1716,"*","chr7:98815058-98816773",3719,8474,TRUE
55625,"chr11",120489496,120490144,649,"*","chr11:120489496-120490144",3717,1972,TRUE
223270,"chr5",123014677,123015898,1222,"*","chr5:123014677-123015898",3717,7308,TRUE
123268,"chr17",28313052,28314243,1192,"*","chr17:28313052-28314243",3709,4018,TRUE
282101,"chr9",43261404,43264709,3306,"*","chr9:43261404-43264709",3709,9406,TRUE
294183,"chr9",121718893,121720303,1411,"*","chr9:121718893-121720303",3708,9843,TRUE
31556,"chr10",85916599,85917521,923,"*","chr10:85916599-85917521",3700,954,TRUE
268471,"chr8",64733296,64734135,840,"*","chr8:64733296-64734135",3700,8912,TRUE
46607,"chr11",75348173,75349027,855,"*","chr11:75348173-75349027",3699,1530,TRUE
100771,"chr15",55265588,55266619,1032,"*","chr15:55265588-55266619",3695,3208,TRUE
169932,"chr2",156007806,156008472,667,"*","chr2:156007806-156008472",3694,5589,TRUE
269178,"chr8",70797062,70798314,1253,"*","chr8:70797062-70798314",3693,8961,TRUE
86381,"chr14",30009836,30010740,905,"*","chr14:30009836-30010740",3688,2824,TRUE
271926,"chr8",91379004,91379790,787,"*","chr8:91379004-91379790",3686,9082,TRUE
206140,"chr4",138325554,138326947,1394,"*","chr4:138325554-138326947",3685,6721,TRUE
51845,"chr11",102430176,102431449,1274,"*","chr11:102430176-102431449",3684,1805,TRUE
106021,"chr15",89195574,89197012,1439,"*","chr15:89195574-89197012",3681,3433,TRUE
226860,"chr5",144254426,144257065,2640,"*","chr5:144254426-144257065",3680,7484,TRUE
231135,"chr6",35133453,35134272,820,"*","chr6:35133453-35134272",3680,7593,TRUE
267342,"chr8",47989729,47991622,1894,"*","chr8:47989729-47991622",3678,8893,TRUE
10728,"chr1",118388345,118390322,1978,"*","chr1:118388345-118390322",3677,299,TRUE
108026,"chr15",101078335,101079432,1098,"*","chr15:101078335-101079432",3670,3514,TRUE
214802,"chr5",53590234,53590940,707,"*","chr5:53590234-53590940",3664,7056,TRUE
126959,"chr17",53689111,53690074,964,"*","chr17:53689111-53690074",3658,4199,TRUE
115937,"chr16",56716891,56717994,1104,"*","chr16:56716891-56717994",3657,3786,TRUE
29702,"chr10",75565632,75566722,1091,"*","chr10:75565632-75566722",3655,800,TRUE
212275,"chr5",32713750,32714518,769,"*","chr5:32713750-32714518",3655,6978,TRUE
203562,"chr4",126753291,126754337,1047,"*","chr4:126753291-126754337",3652,6587,TRUE
110696,"chr16",18288964,18289779,816,"*","chr16:18288964-18289779",3651,3652,TRUE
180300,"chr3",69316079,69317632,1554,"*","chr3:69316079-69317632",3649,5863,TRUE
279990,"chr9",27029200,27031017,1818,"*","chr9:27029200-27031017",3649,9369,TRUE
75758,"chr13",55189799,55190808,1010,"*","chr13:55189799-55190808",3642,2520,TRUE
62991,"chr12",77238024,77239493,1470,"*","chr12:77238024-77239493",3638,2168,TRUE
208653,"chr4",151996064,151997007,944,"*","chr4:151996064-151997007",3636,6840,TRUE
8270,"chr1",86440460,86443227,2768,"*","chr1:86440460-86443227",3635,231,TRUE
52118,"chr11",103734626,103736132,1507,"*","chr11:103734626-103736132",3633,1827,TRUE
53381,"chr11",110379574,110380636,1063,"*","chr11:110379574-110380636",3633,1875,TRUE
104106,"chr15",79327343,79328757,1415,"*","chr15:79327343-79328757",3625,3330,TRUE
55538,"chr11",120184547,120185822,1276,"*","chr11:120184547-120185822",3624,1958,TRUE
125998,"chr17",46751638,46752719,1082,"*","chr17:46751638-46752719",3623,4179,TRUE
252841,"chr7",81211968,81213626,1659,"*","chr7:81211968-81213626",3623,8421,TRUE
128032,"chr17",66100854,66102234,1381,"*","chr17:66100854-66102234",3622,4244,TRUE
51116,"chr11",98951246,98952145,900,"*","chr11:98951246-98952145",3620,1757,TRUE
232583,"chr6",49319081,49319792,712,"*","chr6:49319081-49319792",3620,7651,TRUE
290942,"chr9",102779295,102780118,824,"*","chr9:102779295-102780118",3616,9699,TRUE
183057,"chr3",95893386,95894856,1471,"*","chr3:95893386-95894856",3611,5982,TRUE
178115,"chr3",51184731,51185982,1252,"*","chr3:51184731-51185982",3608,5818,TRUE
60552,"chr12",52602530,52604396,1867,"*","chr12:52602530-52604396",3603,2102,TRUE
100740,"chr15",55112115,55113871,1757,"*","chr15:55112115-55113871",3603,3207,TRUE
255522,"chr7",101969774,101971599,1826,"*","chr7:101969774-101971599",3603,8506,TRUE
269308,"chr8",71610801,71611796,996,"*","chr8:71610801-71611796",3603,8979,TRUE
252609,"chr7",80324053,80324864,812,"*","chr7:80324053-80324864",3600,8410,TRUE
203856,"chr4",128993000,128993596,597,"*","chr4:128993000-128993596",3598,6596,TRUE
292078,"chr9",109875317,109876574,1258,"*","chr9:109875317-109876574",3597,9779,TRUE
148365,"chr19",44741321,44743530,2210,"*","chr19:44741321-44743530",3591,4900,TRUE
85637,"chr14",25451279,25452534,1256,"*","chr14:25451279-25452534",3590,2796,TRUE
198268,"chr4",86748156,86749410,1255,"*","chr4:86748156-86749410",3590,6395,TRUE
132526,"chr18",9449421,9450719,1299,"*","chr18:9449421-9450719",3589,4353,TRUE
272680,"chr8",95331324,95332706,1383,"*","chr8:95331324-95332706",3589,9114,TRUE
221512,"chr5",114567192,114568392,1201,"*","chr5:114567192-114568392",3588,7233,TRUE
291934,"chr9",108566799,108567937,1139,"*","chr9:108566799-108567937",3586,9765,TRUE
193347,"chr4",40702654,40704175,1522,"*","chr4:40702654-40704175",3585,6262,TRUE
72430,"chr13",36116966,36118207,1242,"*","chr13:36116966-36118207",3582,2423,TRUE
44232,"chr11",61266729,61267775,1047,"*","chr11:61266729-61267775",3580,1399,TRUE
103871,"chr15",78531879,78532641,763,"*","chr15:78531879-78532641",3580,3317,TRUE
280427,"chr9",31029845,31031302,1458,"*","chr9:31029845-31031302",3579,9371,TRUE
147865,"chr19",42045405,42046253,849,"*","chr19:42045405-42046253",3577,4881,TRUE
142713,"chr19",4755751,4757171,1421,"*","chr19:4755751-4757171",3574,4642,TRUE
203601,"chr4",127021050,127021643,594,"*","chr4:127021050-127021643",3572,6588,TRUE
140715,"chr18",75385943,75386818,876,"*","chr18:75385943-75386818",3570,4577,TRUE
154707,"chr2",30440345,30442295,1951,"*","chr2:30440345-30442295",3570,5117,TRUE
13026,"chr1",134415033,134415997,965,"*","chr1:134415033-134415997",3569,367,TRUE
137819,"chr18",56707490,56709332,1843,"*","chr18:56707490-56709332",3569,4505,TRUE
217582,"chr5",86172318,86173337,1020,"*","chr5:86172318-86173337",3567,7122,TRUE
185407,"chr3",113629737,113630550,814,"*","chr3:113629737-113630550",3566,6086,TRUE
234047,"chr6",56923566,56924623,1058,"*","chr6:56923566-56924623",3566,7684,TRUE
46676,"chr11",75630662,75631354,693,"*","chr11:75630662-75631354",3565,1539,TRUE
124428,"chr17",33718181,33719176,996,"*","chr17:33718181-33719176",3564,4073,TRUE
170009,"chr2",156432460,156433839,1380,"*","chr2:156432460-156433839",3563,5594,TRUE
221839,"chr5",115731294,115733278,1985,"*","chr5:115731294-115733278",3563,7257,TRUE
79841,"chr13",96670611,96671432,822,"*","chr13:96670611-96671432",3561,2642,TRUE
214626,"chr5",52833580,52834468,889,"*","chr5:52833580-52834468",3556,7049,TRUE
18985,"chr1",181841705,181842910,1206,"*","chr1:181841705-181842910",3555,540,TRUE
275662,"chr8",119778056,119778871,816,"*","chr8:119778056-119778871",3555,9216,TRUE
191532,"chr4",11485637,11486345,709,"*","chr4:11485637-11486345",3554,6219,TRUE
110518,"chr16",17405415,17407001,1587,"*","chr16:17405415-17407001",3552,3635,TRUE
163237,"chr2",104590092,104590910,819,"*","chr2:104590092-104590910",3552,5360,TRUE
269167,"chr8",70754491,70755028,538,"*","chr8:70754491-70755028",3550,8956,TRUE
43198,"chr11",54860390,54861141,752,"*","chr11:54860390-54861141",3549,1345,TRUE
204188,"chr4",130359715,130360481,767,"*","chr4:130359715-130360481",3549,6619,TRUE
268909,"chr8",69749655,69750479,825,"*","chr8:69749655-69750479",3548,8924,TRUE
209332,"chr4",155233951,155236153,2203,"*","chr4:155233951-155236153",3547,6866,TRUE
25525,"chr10",39982666,39983351,686,"*","chr10:39982666-39983351",3545,676,TRUE
124845,"chr17",35700001,35701256,1256,"*","chr17:35700001-35701256",3545,4119,TRUE
119086,"chr16",93831922,93832991,1070,"*","chr16:93831922-93832991",3544,3845,TRUE
212014,"chr5",31240624,31241802,1179,"*","chr5:31240624-31241802",3541,6970,TRUE
218476,"chr5",93206000,93207462,1463,"*","chr5:93206000-93207462",3541,7151,TRUE
75010,"chr13",51644899,51645599,701,"*","chr13:51644899-51645599",3540,2493,TRUE
92955,"chr14",79587134,79588058,925,"*","chr14:79587134-79588058",3539,3044,TRUE
215914,"chr5",66618040,66619232,1193,"*","chr5:66618040-66619232",3539,7088,TRUE
104340,"chr15",80233682,80234480,799,"*","chr15:80233682-80234480",3538,3343,TRUE
235622,"chr6",82029681,82031126,1446,"*","chr6:82029681-82031126",3538,7733,TRUE
212395,"chr5",33377954,33379071,1118,"*","chr5:33377954-33379071",3535,6986,TRUE
269470,"chr8",72548030,72549197,1168,"*","chr8:72548030-72549197",3535,8991,TRUE
14015,"chr1",143776679,143777998,1320,"*","chr1:143776679-143777998",3533,391,TRUE
142465,"chr19",3767405,3769319,1915,"*","chr19:3767405-3769319",3532,4615,TRUE
37622,"chr11",5761895,5762784,890,"*","chr11:5761895-5762784",3531,1173,TRUE
70716,"chr13",23620823,23622916,2094,"*","chr13:23620823-23622916",3531,2386,TRUE
122287,"chr17",24426485,24427239,755,"*","chr17:24426485-24427239",3529,3955,TRUE
242626,"chr6",128802875,128803606,732,"*","chr6:128802875-128803606",3528,7961,TRUE
274461,"chr8",111643187,111644825,1639,"*","chr8:111643187-111644825",3527,9180,TRUE
135550,"chr18",38337787,38339376,1590,"*","chr18:38337787-38339376",3526,4461,TRUE
193838,"chr4",44167467,44168719,1253,"*","chr4:44167467-44168719",3526,6302,TRUE
148372,"chr19",44755465,44757395,1931,"*","chr19:44755465-44757395",3525,4902,TRUE
108274,"chr15",102100241,102101433,1193,"*","chr15:102100241-102101433",3522,3525,TRUE
154677,"chr2",30265756,30267425,1670,"*","chr2:30265756-30267425",3521,5113,TRUE
269293,"chr8",71542724,71543447,724,"*","chr8:71542724-71543447",3521,8976,TRUE
50594,"chr11",96943836,96944514,679,"*","chr11:96943836-96944514",3518,1714,TRUE
247264,"chr7",29180326,29181086,761,"*","chr7:29180326-29181086",3517,8196,TRUE
60041,"chr12",44268477,44269916,1440,"*","chr12:44268477-44269916",3513,2093,TRUE
243120,"chr6",134897680,134898991,1312,"*","chr6:134897680-134898991",3509,7976,TRUE
101331,"chr15",59047504,59048669,1166,"*","chr15:59047504-59048669",3508,3220,TRUE
77253,"chr13",64432104,64433173,1070,"*","chr13:64432104-64433173",3505,2571,TRUE
202566,"chr4",119538782,119540686,1905,"*","chr4:119538782-119540686",3504,6547,TRUE
279544,"chr9",22085070,22086457,1388,"*","chr9:22085070-22086457",3503,9354,TRUE
51982,"chr11",103102810,103103369,560,"*","chr11:103102810-103103369",3501,1812,TRUE
121489,"chr17",12960227,12961140,914,"*","chr17:12960227-12961140",3499,3905,TRUE
251997,"chr7",75455271,75456280,1010,"*","chr7:75455271-75456280",3499,8386,TRUE
283457,"chr9",50767906,50768900,995,"*","chr9:50767906-50768900",3498,9467,TRUE
138727,"chr18",61952103,61954170,2068,"*","chr18:61952103-61954170",3497,4525,TRUE
207118,"chr4",142083711,142085737,2027,"*","chr4:142083711-142085737",3497,6767,TRUE
234005,"chr6",56714708,56715708,1001,"*","chr6:56714708-56715708",3495,7682,TRUE
36890,"chr10",128368320,128369525,1206,"*","chr10:128368320-128369525",3494,1106,TRUE
73163,"chr13",41358204,41359425,1222,"*","chr13:41358204-41359425",3494,2440,TRUE
143493,"chr19",8785982,8786718,737,"*","chr19:8785982-8786718",3494,4735,TRUE
40292,"chr11",32220911,32222643,1733,"*","chr11:32220911-32222643",3492,1265,TRUE
186334,"chr3",122618683,122621280,2598,"*","chr3:122618683-122621280",3492,6119,TRUE
274379,"chr8",111299825,111300759,935,"*","chr8:111299825-111300759",3492,9175,TRUE
245850,"chr7",13037763,13038740,978,"*","chr7:13037763-13038740",3491,8066,TRUE
30052,"chr10",77258906,77259825,920,"*","chr10:77258906-77259825",3489,828,TRUE
135122,"chr18",35561878,35563162,1285,"*","chr18:35561878-35563162",3489,4423,TRUE
143645,"chr19",10100577,10102462,1886,"*","chr19:10100577-10102462",3489,4755,TRUE
191482,"chr4",11155956,11156810,855,"*","chr4:11155956-11156810",3488,6215,TRUE
131560,"chr17",88440378,88442331,1954,"*","chr17:88440378-88442331",3484,4333,TRUE
21869,"chr10",7211123,7213111,1989,"*","chr10:7211123-7213111",3483,601,TRUE
217311,"chr5",77309572,77310822,1251,"*","chr5:77309572-77310822",3483,7117,TRUE
125948,"chr17",46556022,46556970,949,"*","chr17:46556022-46556970",3473,4171,TRUE
149921,"chr19",55580296,55581311,1016,"*","chr19:55580296-55581311",3472,4959,TRUE
268045,"chr8",60632464,60633469,1006,"*","chr8:60632464-60633469",3469,8902,TRUE
165119,"chr2",120567192,120568314,1123,"*","chr2:120567192-120568314",3468,5415,TRUE
279559,"chr9",22156584,22157412,829,"*","chr9:22156584-22157412",3463,9356,TRUE
192224,"chr4",21847565,21848768,1204,"*","chr4:21847565-21848768",3462,6233,TRUE
110144,"chr16",13902582,13903941,1360,"*","chr16:13902582-13903941",3461,3617,TRUE
220540,"chr5",110107294,110108627,1334,"*","chr5:110107294-110108627",3460,7208,TRUE
142614,"chr19",4333438,4334462,1025,"*","chr19:4333438-4334462",3458,4635,TRUE
291924,"chr9",108507549,108508377,829,"*","chr9:108507549-108508377",3458,9762,TRUE
27456,"chr10",59879023,59880439,1417,"*","chr10:59879023-59880439",3457,736,TRUE
206066,"chr4",137993059,137993814,756,"*","chr4:137993059-137993814",3457,6717,TRUE
275310,"chr8",117333768,117335456,1689,"*","chr8:117333768-117335456",3457,9207,TRUE
133936,"chr18",23803579,23804713,1135,"*","chr18:23803579-23804713",3456,4377,TRUE
227616,"chr5",148958991,148960750,1760,"*","chr5:148958991-148960750",3455,7510,TRUE
180264,"chr3",69126030,69127717,1688,"*","chr3:69126030-69127717",3454,5862,TRUE
291542,"chr9",106447397,106448024,628,"*","chr9:106447397-106448024",3452,9720,TRUE
124614,"chr17",34626884,34628786,1903,"*","chr17:34626884-34628786",3451,4097,TRUE
245630,"chr7",4865902,4866677,776,"*","chr7:4865902-4866677",3451,8040,TRUE
207397,"chr4",144892224,144893407,1184,"*","chr4:144892224-144893407",3450,6773,TRUE
61896,"chr12",70974414,70975391,978,"*","chr12:70974414-70975391",3448,2140,TRUE
129462,"chr17",75551211,75552440,1230,"*","chr17:75551211-75552440",3448,4277,TRUE
254941,"chr7",99380619,99382033,1415,"*","chr7:99380619-99382033",3448,8481,TRUE
218195,"chr5",91962430,91963667,1238,"*","chr5:91962430-91963667",3445,7141,TRUE
142993,"chr19",6046151,6047424,1274,"*","chr19:6046151-6047424",3444,4682,TRUE
165221,"chr2",121413243,121414275,1033,"*","chr2:121413243-121414275",3444,5424,TRUE
115988,"chr16",57231125,57232004,880,"*","chr16:57231125-57232004",3443,3789,TRUE
12382,"chr1",131910089,131911658,1570,"*","chr1:131910089-131911658",3442,335,TRUE
142864,"chr19",5567303,5568728,1426,"*","chr19:5567303-5568728",3442,4667,TRUE
155314,"chr2",32693335,32694710,1376,"*","chr2:32693335-32694710",3440,5164,TRUE
295630,"chrX",20687451,20689190,1740,"*","chrX:20687451-20689190",3440,9897,TRUE
103503,"chr15",76723559,76725163,1605,"*","chr15:76723559-76725163",3439,3301,TRUE
173366,"chr2",173159456,173160621,1166,"*","chr2:173159456-173160621",3439,5704,TRUE
14993,"chr1",154150172,154151109,938,"*","chr1:154150172-154151109",3437,418,TRUE
166744,"chr2",131233589,131234723,1135,"*","chr2:131233589-131234723",3437,5491,TRUE
119835,"chr17",3114552,3116082,1531,"*","chr17:3114552-3116082",3436,3873,TRUE
275006,"chr8",115706586,115708599,2014,"*","chr8:115706586-115708599",3433,9194,TRUE
165355,"chr2",122377294,122378386,1093,"*","chr2:122377294-122378386",3431,5433,TRUE
217744,"chr5",88764633,88765670,1038,"*","chr5:88764633-88765670",3428,7132,TRUE
225484,"chr5",137072084,137073220,1137,"*","chr5:137072084-137073220",3428,7412,TRUE
169463,"chr2",153345278,153346275,998,"*","chr2:153345278-153346275",3423,5560,TRUE
57477,"chr12",16893883,16895857,1975,"*","chr12:16893883-16895857",3421,2036,TRUE
247554,"chr7",30649874,30650671,798,"*","chr7:30649874-30650671",3420,8220,TRUE
257643,"chr7",118705366,118706518,1153,"*","chr7:118705366-118706518",3419,8571,TRUE
40214,"chr11",31827999,31828819,821,"*","chr11:31827999-31828819",3418,1261,TRUE
291892,"chr9",108338850,108339879,1030,"*","chr9:108338850-108339879",3418,9758,TRUE
262361,"chr8",4324748,4325771,1024,"*","chr8:4324748-4325771",3416,8764,TRUE
154633,"chr2",30093534,30094278,745,"*","chr2:30093534-30094278",3415,5106,TRUE
97166,"chr15",11399483,11400187,705,"*","chr15:11399483-11400187",3412,3118,TRUE
250932,"chr7",68129095,68130366,1272,"*","chr7:68129095-68130366",3410,8371,TRUE
111312,"chr16",22264909,22266406,1498,"*","chr16:22264909-22266406",3409,3676,TRUE
147832,"chr19",41933127,41933824,698,"*","chr19:41933127-41933824",3408,4878,TRUE
166736,"chr2",131209914,131210823,910,"*","chr2:131209914-131210823",3407,5490,TRUE
92227,"chr14",75833686,75835582,1897,"*","chr14:75833686-75835582",3406,3025,TRUE
29777,"chr10",75893061,75893691,631,"*","chr10:75893061-75893691",3405,811,TRUE
36873,"chr10",128270314,128270939,626,"*","chr10:128270314-128270939",3403,1102,TRUE
125663,"chr17",45433209,45434546,1338,"*","chr17:45433209-45434546",3400,4153,TRUE
261293,"chr7",141094113,141095367,1255,"*","chr7:141094113-141095367",3397,8707,TRUE
91506,"chr14",70629132,70630629,1498,"*","chr14:70629132-70630629",3396,3005,TRUE
104214,"chr15",79774150,79774921,772,"*","chr15:79774150-79774921",3395,3337,TRUE
153723,"chr2",26021021,26022502,1482,"*","chr2:26021021-26022502",3395,5066,TRUE
247991,"chr7",35554847,35556494,1648,"*","chr7:35554847-35556494",3395,8240,TRUE
284071,"chr9",55511669,55512646,978,"*","chr9:55511669-55512646",3395,9487,TRUE
187343,"chr3",131364420,131365571,1152,"*","chr3:131364420-131365571",3393,6141,TRUE
241802,"chr6",124711911,124712792,882,"*","chr6:124711911-124712792",3393,7924,TRUE
122800,"chr17",26621008,26621995,988,"*","chr17:26621008-26621995",3391,3996,TRUE
84952,"chr14",21830855,21832001,1147,"*","chr14:21830855-21832001",3388,2780,TRUE
188283,"chr3",138442512,138443647,1136,"*","chr3:138442512-138443647",3388,6157,TRUE
97932,"chr15",25876504,25877680,1177,"*","chr15:25876504-25877680",3387,3133,TRUE
5598,"chr1",63176379,63177429,1051,"*","chr1:63176379-63177429",3386,141,TRUE
139434,"chr18",66002056,66003167,1112,"*","chr18:66002056-66003167",3386,4540,TRUE
218206,"chr5",92083009,92084223,1215,"*","chr5:92083009-92084223",3386,7143,TRUE
9890,"chr1",93824833,93825916,1084,"*","chr1:93824833-93825916",3385,283,TRUE
12521,"chr1",132333644,132334608,965,"*","chr1:132333644-132334608",3385,343,TRUE
279515,"chr9",21927071,21927917,847,"*","chr9:21927071-21927917",3385,9347,TRUE
60531,"chr12",52445698,52447104,1407,"*","chr12:52445698-52447104",3384,2100,TRUE
147594,"chr19",40513111,40514233,1123,"*","chr19:40513111-40514233",3383,4870,TRUE
57948,"chr12",25092471,25093700,1230,"*","chr12:25092471-25093700",3381,2056,TRUE
292188,"chr9",110532003,110533332,1330,"*","chr9:110532003-110533332",3378,9786,TRUE
36977,"chr10",128803959,128805937,1979,"*","chr10:128803959-128805937",3371,1124,TRUE
50856,"chr11",97884173,97884843,671,"*","chr11:97884173-97884843",3370,1729,TRUE
248839,"chr7",45061585,45063032,1448,"*","chr7:45061585-45063032",3370,8291,TRUE
52484,"chr11",106036576,106037416,841,"*","chr11:106036576-106037416",3369,1841,TRUE
272369,"chr8",94098047,94098950,904,"*","chr8:94098047-94098950",3369,9088,TRUE
30132,"chr10",77581425,77582546,1122,"*","chr10:77581425-77582546",3367,831,TRUE
93697,"chr14",99045586,99046901,1316,"*","chr14:99045586-99046901",3367,3050,TRUE
108833,"chr16",4639892,4641211,1320,"*","chr16:4639892-4641211",3367,3570,TRUE
165642,"chr2",125247256,125248344,1089,"*","chr2:125247256-125248344",3358,5436,TRUE
49841,"chr11",93968121,93968896,776,"*","chr11:93968121-93968896",3356,1673,TRUE
197121,"chr4",74251442,74253029,1588,"*","chr4:74251442-74253029",3354,6377,TRUE
210772,"chr5",20950924,20952306,1383,"*","chr5:20950924-20952306",3352,6917,TRUE
272570,"chr8",94976809,94977828,1020,"*","chr8:94976809-94977828",3351,9106,TRUE
55435,"chr11",119915816,119917041,1226,"*","chr11:119915816-119917041",3348,1952,TRUE
291886,"chr9",108296203,108297199,997,"*","chr9:108296203-108297199",3348,9756,TRUE
194242,"chr4",46450640,46452942,2303,"*","chr4:46450640-46452942",3347,6320,TRUE
240917,"chr6",117916831,117918118,1288,"*","chr6:117916831-117918118",3345,7895,TRUE
107380,"chr15",98608921,98610581,1661,"*","chr15:98608921-98610581",3344,3474,TRUE
185153,"chr3",108591102,108592155,1054,"*","chr3:108591102-108592155",3343,6078,TRUE
28471,"chr10",67096062,67099036,2975,"*","chr10:67096062-67099036",3342,767,TRUE
204819,"chr4",133338875,133339925,1051,"*","chr4:133338875-133339925",3342,6653,TRUE
202760,"chr4",120569741,120571316,1576,"*","chr4:120569741-120571316",3341,6550,TRUE
139717,"chr18",67774627,67775677,1051,"*","chr18:67774627-67775677",3339,4546,TRUE
30719,"chr10",80797745,80799169,1425,"*","chr10:80797745-80799169",3338,899,TRUE
106907,"chr15",96285338,96286275,938,"*","chr15:96285338-96286275",3338,3452,TRUE
108321,"chr15",102246382,102248294,1913,"*","chr15:102246382-102248294",3337,3530,TRUE
135544,"chr18",38296473,38297450,978,"*","chr18:38296473-38297450",3336,4460,TRUE
148421,"chr19",44930574,44931884,1311,"*","chr19:44930574-44931884",3334,4903,TRUE
205111,"chr4",134534573,134535832,1260,"*","chr4:134534573-134535832",3334,6682,TRUE
274110,"chr8",109692859,109693923,1065,"*","chr8:109692859-109693923",3332,9162,TRUE
95912,"chr14",122534007,122534821,815,"*","chr14:122534007-122534821",3331,3092,TRUE
264838,"chr8",25597032,25597935,904,"*","chr8:25597032-25597935",3331,8828,TRUE
240021,"chr6",113045747,113046777,1031,"*","chr6:113045747-113046777",3330,7864,TRUE
183177,"chr3",96499649,96501357,1709,"*","chr3:96499649-96501357",3328,5993,TRUE
209009,"chr4",154022410,154023308,899,"*","chr4:154022410-154023308",3328,6852,TRUE
48796,"chr11",86544232,86545475,1244,"*","chr11:86544232-86545475",3327,1631,TRUE
111078,"chr16",21204451,21205306,856,"*","chr16:21204451-21205306",3324,3670,TRUE
264169,"chr8",22059955,22061014,1060,"*","chr8:22059955-22061014",3323,8809,TRUE
118787,"chr16",92399697,92400671,975,"*","chr16:92399697-92400671",3322,3841,TRUE
30590,"chr10",80281334,80282599,1266,"*","chr10:80281334-80282599",3320,879,TRUE
37064,"chr11",3288096,3290609,2514,"*","chr11:3288096-3290609",3316,1134,TRUE
240147,"chr6",113689942,113691292,1351,"*","chr6:113689942-113691292",3316,7875,TRUE
241488,"chr6",121109696,121110824,1129,"*","chr6:121109696-121110824",3314,7914,TRUE
37132,"chr11",3536990,3537538,549,"*","chr11:3536990-3537538",3312,1141,TRUE
50201,"chr11",95384390,95385222,833,"*","chr11:95384390-95385222",3312,1691,TRUE
69926,"chr13",14612944,14613656,713,"*","chr13:14612944-14613656",3312,2363,TRUE
10790,"chr1",118672079,118672818,740,"*","chr1:118672079-118672818",3311,302,TRUE
102353,"chr15",67083022,67083649,628,"*","chr15:67083022-67083649",3308,3248,TRUE
133334,"chr18",14782962,14783962,1001,"*","chr18:14782962-14783962",3307,4371,TRUE
129701,"chr17",78835038,78836002,965,"*","chr17:78835038-78836002",3305,4283,TRUE
247975,"chr7",35447589,35449405,1817,"*","chr7:35447589-35449405",3305,8239,TRUE
7829,"chr1",82634518,82635245,728,"*","chr1:82634518-82635245",3303,221,TRUE
257941,"chr7",120981666,120982973,1308,"*","chr7:120981666-120982973",3302,8588,TRUE
234084,"chr6",57702567,57703692,1126,"*","chr6:57702567-57703692",3301,7687,TRUE
286918,"chr9",69289393,69291006,1614,"*","chr9:69289393-69291006",3300,9590,TRUE
288266,"chr9",77910235,77911402,1168,"*","chr9:77910235-77911402",3300,9619,TRUE
211829,"chr5",30232095,30233152,1058,"*","chr5:30232095-30233152",3299,6953,TRUE
18569,"chr1",179546007,179547009,1003,"*","chr1:179546007-179547009",3296,521,TRUE
242760,"chr6",129532689,129533931,1243,"*","chr6:129532689-129533931",3296,7967,TRUE
206979,"chr4",141623172,141624396,1225,"*","chr4:141623172-141624396",3294,6758,TRUE
45581,"chr11",69364533,69365482,950,"*","chr11:69364533-69365482",3292,1445,TRUE
49873,"chr11",94158520,94159988,1469,"*","chr11:94158520-94159988",3292,1677,TRUE
205593,"chr4",136309975,136311842,1868,"*","chr4:136309975-136311842",3292,6703,TRUE
182206,"chr3",89177202,89178029,828,"*","chr3:89177202-89178029",3284,5918,TRUE
258085,"chr7",122066877,122067731,855,"*","chr7:122066877-122067731",3284,8592,TRUE
127810,"chr17",64600102,64601866,1765,"*","chr17:64600102-64601866",3282,4237,TRUE
75646,"chr13",54564969,54566616,1648,"*","chr13:54564969-54566616",3281,2512,TRUE
257287,"chr7",116268061,116269093,1033,"*","chr7:116268061-116269093",3280,8559,TRUE
273229,"chr8",104591169,104592308,1140,"*","chr8:104591169-104592308",3278,9123,TRUE
285554,"chr9",62828600,62829330,731,"*","chr9:62828600-62829330",3277,9539,TRUE
153646,"chr2",25557349,25558543,1195,"*","chr2:25557349-25558543",3276,5062,TRUE
175910,"chr3",27153340,27154368,1029,"*","chr3:27153340-27154368",3274,5768,TRUE
243264,"chr6",135559475,135560201,727,"*","chr6:135559475-135560201",3273,7980,TRUE
248724,"chr7",44496217,44497093,877,"*","chr7:44496217-44497093",3270,8270,TRUE
147561,"chr19",40413997,40415703,1707,"*","chr19:40413997-40415703",3269,4867,TRUE
259013,"chr7",127895212,127896060,849,"*","chr7:127895212-127896060",3267,8653,TRUE
39861,"chr11",29246892,29247820,929,"*","chr11:29246892-29247820",3266,1242,TRUE
232309,"chr6",47594235,47595756,1522,"*","chr6:47594235-47595756",3265,7628,TRUE
237962,"chr6",94283526,94284587,1062,"*","chr6:94283526-94284587",3265,7832,TRUE
98561,"chr15",31601397,31602448,1052,"*","chr15:31601397-31602448",3261,3148,TRUE
24885,"chr10",30842321,30843581,1261,"*","chr10:30842321-30843581",3259,665,TRUE
42107,"chr11",48855516,48857309,1794,"*","chr11:48855516-48857309",3259,1292,TRUE
86502,"chr14",30548126,30549888,1763,"*","chr14:30548126-30549888",3259,2830,TRUE
270307,"chr8",80738503,80740097,1595,"*","chr8:80738503-80740097",3259,9011,TRUE
218014,"chr5",90640312,90641340,1029,"*","chr5:90640312-90641340",3258,7139,TRUE
43736,"chr11",58954063,58955453,1391,"*","chr11:58954063-58955453",3257,1372,TRUE
64498,"chr12",85219146,85219831,686,"*","chr12:85219146-85219831",3257,2211,TRUE
9443,"chr1",91455700,91456943,1244,"*","chr1:91455700-91456943",3255,264,TRUE
119034,"chr16",93603528,93604424,897,"*","chr16:93603528-93604424",3255,3843,TRUE
122661,"chr17",26138406,26139482,1077,"*","chr17:26138406-26139482",3255,3988,TRUE
191495,"chr4",11253691,11254658,968,"*","chr4:11253691-11254658",3247,6217,TRUE
111468,"chr16",23107179,23108668,1490,"*","chr16:23107179-23108668",3246,3681,TRUE
124811,"chr17",35516486,35517490,1005,"*","chr17:35516486-35517490",3246,4116,TRUE
4833,"chr1",58392218,58394153,1936,"*","chr1:58392218-58394153",3245,118,TRUE
227237,"chr5",147076324,147077308,985,"*","chr5:147076324-147077308",3245,7503,TRUE
55720,"chr11",120823443,120825269,1827,"*","chr11:120823443-120825269",3244,1990,TRUE
291709,"chr9",107568441,107569768,1328,"*","chr9:107568441-107569768",3242,9737,TRUE
16594,"chr1",165236411,165237454,1044,"*","chr1:165236411-165237454",3240,467,TRUE
129014,"chr17",73107546,73108331,786,"*","chr17:73107546-73108331",3239,4265,TRUE
134955,"chr18",34758764,34759959,1196,"*","chr18:34758764-34759959",3237,4414,TRUE
220031,"chr5",105699651,105701105,1455,"*","chr5:105699651-105701105",3237,7183,TRUE
209003,"chr4",153956785,153958039,1255,"*","chr4:153956785-153958039",3235,6850,TRUE
165187,"chr2",121139427,121141111,1685,"*","chr2:121139427-121141111",3234,5420,TRUE
75798,"chr13",55414425,55415969,1545,"*","chr13:55414425-55415969",3233,2529,TRUE
140432,"chr18",74215750,74217111,1362,"*","chr18:74215750-74217111",3232,4565,TRUE
202543,"chr4",119422041,119423236,1196,"*","chr4:119422041-119423236",3231,6546,TRUE
143026,"chr19",6235748,6236665,918,"*","chr19:6235748-6236665",3230,4690,TRUE
73828,"chr13",44408947,44410015,1069,"*","chr13:44408947-44410015",3229,2460,TRUE
188303,"chr3",138526299,138528315,2017,"*","chr3:138526299-138528315",3228,6159,TRUE
46103,"chr11",72214901,72216029,1129,"*","chr11:72214901-72216029",3227,1497,TRUE
124214,"chr17",31938765,31939939,1175,"*","chr17:31938765-31939939",3226,4057,TRUE
230347,"chr6",30401337,30402206,870,"*","chr6:30401337-30402206",3226,7575,TRUE
76859,"chr13",62908003,62908807,805,"*","chr13:62908003-62908807",3222,2559,TRUE
17603,"chr1",171328849,171330576,1728,"*","chr1:171328849-171330576",3220,495,TRUE
66219,"chr12",101082925,101084298,1374,"*","chr12:101082925-101084298",3220,2258,TRUE
217348,"chr5",77407434,77408452,1019,"*","chr5:77407434-77408452",3218,7120,TRUE
274482,"chr8",111726240,111727116,877,"*","chr8:111726240-111727116",3217,9183,TRUE
155337,"chr2",32756954,32758020,1067,"*","chr2:32756954-32758020",3215,5168,TRUE
82447,"chr13",112463752,112464898,1147,"*","chr13:112463752-112464898",3214,2705,TRUE
61646,"chr12",69789631,69791638,2008,"*","chr12:69789631-69791638",3212,2135,TRUE
183970,"chr3",101513460,101514585,1126,"*","chr3:101513460-101514585",3212,6030,TRUE
55241,"chr11",119126223,119127033,811,"*","chr11:119126223-119127033",3211,1946,TRUE
287399,"chr9",71663400,71664442,1043,"*","chr9:71663400-71664442",3211,9600,TRUE
86861,"chr14",32159390,32160417,1028,"*","chr14:32159390-32160417",3210,2849,TRUE
247111,"chr7",28570184,28571006,823,"*","chr7:28570184-28571006",3208,8181,TRUE
218202,"chr5",92042427,92043460,1034,"*","chr5:92042427-92043460",3207,7142,TRUE
36947,"chr10",128626214,128627202,989,"*","chr10:128626214-128627202",3206,1119,TRUE
259643,"chr7",131362487,131363557,1071,"*","chr7:131362487-131363557",3206,8672,TRUE
144947,"chr19",21778102,21779114,1013,"*","chr19:21778102-21779114",3205,4790,TRUE
240323,"chr6",114874069,114875765,1697,"*","chr6:114874069-114875765",3204,7877,TRUE
151440,"chr2",5378833,5379609,777,"*","chr2:5378833-5379609",3203,5005,TRUE
236385,"chr6",86437681,86439240,1560,"*","chr6:86437681-86439240",3202,7775,TRUE
237344,"chr6",91156649,91157572,924,"*","chr6:91156649-91157572",3202,7817,TRUE
54261,"chr11",115612157,115614022,1866,"*","chr11:115612157-115614022",3196,1896,TRUE
169692,"chr2",154656854,154657423,570,"*","chr2:154656854-154657423",3195,5571,TRUE
216684,"chr5",74092742,74093700,959,"*","chr5:74092742-74093700",3195,7103,TRUE
139200,"chr18",65025409,65026337,929,"*","chr18:65025409-65026337",3193,4536,TRUE
233708,"chr6",54594019,54595716,1698,"*","chr6:54594019-54595716",3192,7672,TRUE
148902,"chr19",46988497,46989478,982,"*","chr19:46988497-46989478",3191,4938,TRUE
209424,"chr4",155668875,155669857,983,"*","chr4:155668875-155669857",3191,6874,TRUE
27133,"chr10",57486033,57487066,1034,"*","chr10:57486033-57487066",3185,724,TRUE
124523,"chr17",34135397,34136110,714,"*","chr17:34135397-34136110",3184,4092,TRUE
194542,"chr4",48042804,48043867,1064,"*","chr4:48042804-48043867",3184,6328,TRUE
194046,"chr4",45521428,45523518,2091,"*","chr4:45521428-45523518",3183,6313,TRUE
252610,"chr7",80339740,80341338,1599,"*","chr7:80339740-80341338",3181,8411,TRUE
16671,"chr1",165641625,165643528,1904,"*","chr1:165641625-165643528",3180,470,TRUE
181076,"chr3",82357718,82358645,928,"*","chr3:82357718-82358645",3180,5874,TRUE
55621,"chr11",120467175,120468008,834,"*","chr11:120467175-120468008",3179,1970,TRUE
108285,"chr15",102135984,102136746,763,"*","chr15:102135984-102136746",3179,3528,TRUE
286032,"chr9",64736409,64738373,1965,"*","chr9:64736409-64738373",3179,9558,TRUE
161659,"chr2",90579643,90581292,1650,"*","chr2:90579643-90581292",3177,5311,TRUE
169312,"chr2",152739048,152740235,1188,"*","chr2:152739048-152740235",3177,5552,TRUE
187216,"chr3",130729608,130730837,1230,"*","chr3:130729608-130730837",3177,6137,TRUE
222711,"chr5",120560583,120561566,984,"*","chr5:120560583-120561566",3177,7273,TRUE
254979,"chr7",99483283,99484143,861,"*","chr7:99483283-99484143",3175,8482,TRUE
8060,"chr1",84838704,84840607,1904,"*","chr1:84838704-84840607",3172,223,TRUE
154642,"chr2",30132905,30134453,1549,"*","chr2:30132905-30134453",3170,5108,TRUE
274148,"chr8",109868193,109869450,1258,"*","chr8:109868193-109869450",3168,9166,TRUE
118447,"chr16",91043674,91045046,1373,"*","chr16:91043674-91045046",3167,3832,TRUE
222901,"chr5",121584004,121584793,790,"*","chr5:121584004-121584793",3167,7286,TRUE
249729,"chr7",51861418,51862689,1272,"*","chr7:51861418-51862689",3167,8337,TRUE
146075,"chr19",29100800,29101784,985,"*","chr19:29100800-29101784",3165,4826,TRUE
277432,"chr8",126422215,126423462,1248,"*","chr8:126422215-126423462",3165,9277,TRUE
18689,"chr1",180255639,180256766,1128,"*","chr1:180255639-180256766",3163,527,TRUE
215342,"chr5",64344987,64346285,1299,"*","chr5:64344987-64346285",3163,7064,TRUE
246607,"chr7",24904046,24904705,660,"*","chr7:24904046-24904705",3160,8127,TRUE
144690,"chr19",18670463,18671541,1079,"*","chr19:18670463-18671541",3159,4786,TRUE
43670,"chr11",58330124,58331303,1180,"*","chr11:58330124-58331303",3158,1368,TRUE
269460,"chr8",72474849,72475693,845,"*","chr8:72474849-72475693",3156,8989,TRUE
35854,"chr10",121364542,121366453,1912,"*","chr10:121364542-121366453",3153,1056,TRUE
13451,"chr1",136228060,136229531,1472,"*","chr1:136228060-136229531",3152,381,TRUE
178132,"chr3",51223780,51225439,1660,"*","chr3:51223780-51225439",3152,5820,TRUE
39568,"chr11",23770380,23771701,1322,"*","chr11:23770380-23771701",3148,1238,TRUE
200108,"chr4",103313683,103314606,924,"*","chr4:103313683-103314606",3148,6446,TRUE
265082,"chr8",26976557,26977454,898,"*","chr8:26976557-26977454",3148,8838,TRUE
182064,"chr3",88424790,88425604,815,"*","chr3:88424790-88425604",3146,5901,TRUE
74321,"chr13",46726751,46728730,1980,"*","chr13:46726751-46728730",3143,2473,TRUE
147172,"chr19",37206777,37208354,1578,"*","chr19:37206777-37208354",3143,4857,TRUE
193310,"chr4",40269550,40270222,673,"*","chr4:40269550-40270222",3143,6259,TRUE
111012,"chr16",20716038,20717097,1060,"*","chr16:20716038-20717097",3142,3668,TRUE
204516,"chr4",132065931,132067133,1203,"*","chr4:132065931-132067133",3142,6625,TRUE
237161,"chr6",90450375,90451863,1489,"*","chr6:90450375-90451863",3141,7805,TRUE
299982,"chrX",160137502,160139060,1559,"*","chrX:160137502-160139060",3140,9987,TRUE
104745,"chr15",82015505,82016870,1366,"*","chr15:82015505-82016870",3139,3375,TRUE
89097,"chr14",55681386,55682388,1003,"*","chr14:55681386-55682388",3138,2931,TRUE
203494,"chr4",126262137,126262690,554,"*","chr4:126262137-126262690",3138,6582,TRUE
198276,"chr4",86856958,86857870,913,"*","chr4:86856958-86857870",3137,6396,TRUE
241883,"chr6",125039414,125040171,758,"*","chr6:125039414-125040171",3136,7939,TRUE
274329,"chr8",111033645,111034408,764,"*","chr8:111033645-111034408",3135,9171,TRUE
76261,"chr13",58066193,58068297,2105,"*","chr13:58066193-58068297",3133,2540,TRUE
30345,"chr10",78574266,78575344,1079,"*","chr10:78574266-78575344",3130,840,TRUE
257329,"chr7",116503902,116504871,970,"*","chr7:116503902-116504871",3128,8564,TRUE
50186,"chr11",95336456,95337902,1447,"*","chr11:95336456-95337902",3127,1690,TRUE
168325,"chr2",144555551,144556618,1068,"*","chr2:144555551-144556618",3123,5520,TRUE
243125,"chr6",134928190,134929173,984,"*","chr6:134928190-134929173",3122,7978,TRUE
26170,"chr10",43478033,43480311,2279,"*","chr10:43478033-43480311",3121,706,TRUE
244232,"chr6",142507365,142508444,1080,"*","chr6:142507365-142508444",3120,7996,TRUE
95652,"chr14",121378358,121380274,1917,"*","chr14:121378358-121380274",3119,3084,TRUE
125947,"chr17",46552940,46553628,689,"*","chr17:46552940-46553628",3119,4170,TRUE
42305,"chr11",50130779,50131971,1193,"*","chr11:50130779-50131971",3118,1299,TRUE
279371,"chr9",21287751,21288501,751,"*","chr9:21287751-21288501",3118,9333,TRUE
96116,"chr15",3581673,3583882,2210,"*","chr15:3581673-3583882",3117,3099,TRUE
225654,"chr5",138088363,138089813,1451,"*","chr5:138088363-138089813",3117,7427,TRUE
248733,"chr7",44548615,44549272,658,"*","chr7:44548615-44549272",3117,8271,TRUE
194936,"chr4",53439894,53441105,1212,"*","chr4:53439894-53441105",3115,6341,TRUE
214885,"chr5",53998146,53999659,1514,"*","chr5:53998146-53999659",3115,7058,TRUE
237974,"chr6",94390557,94391700,1144,"*","chr6:94390557-94391700",3114,7833,TRUE
28104,"chr10",62578083,62578902,820,"*","chr10:62578083-62578902",3111,756,TRUE
176526,"chr3",30995428,30996342,915,"*","chr3:30995428-30996342",3109,5783,TRUE
247468,"chr7",30279849,30281347,1499,"*","chr7:30279849-30281347",3109,8209,TRUE
101352,"chr15",59080321,59082730,2410,"*","chr15:59080321-59082730",3108,3222,TRUE
204020,"chr4",129640304,129641507,1204,"*","chr4:129640304-129641507",3107,6607,TRUE
204028,"chr4",129683807,129685054,1248,"*","chr4:129683807-129685054",3107,6609,TRUE
244393,"chr6",143152323,143153007,685,"*","chr6:143152323-143153007",3107,8000,TRUE
6450,"chr1",72870310,72871552,1243,"*","chr1:72870310-72871552",3105,161,TRUE
60898,"chr12",55079970,55080845,876,"*","chr12:55079970-55080845",3105,2110,TRUE
11090,"chr1",120073672,120074851,1180,"*","chr1:120073672-120074851",3103,312,TRUE
221636,"chr5",114968698,114969657,960,"*","chr5:114968698-114969657",3103,7239,TRUE
265517,"chr8",33672910,33673825,916,"*","chr8:33672910-33673825",3101,8850,TRUE
174375,"chr2",181519974,181521162,1189,"*","chr2:181519974-181521162",3097,5733,TRUE
250727,"chr7",67372628,67373800,1173,"*","chr7:67372628-67373800",3097,8364,TRUE
276253,"chr8",121585216,121585970,755,"*","chr8:121585216-121585970",3096,9233,TRUE
106038,"chr15",89314547,89315885,1339,"*","chr15:89314547-89315885",3095,3435,TRUE
142456,"chr19",3707760,3708880,1121,"*","chr19:3707760-3708880",3095,4614,TRUE
251259,"chr7",70624178,70625985,1808,"*","chr7:70624178-70625985",3094,8376,TRUE
255807,"chr7",107594447,107595581,1135,"*","chr7:107594447-107595581",3091,8519,TRUE
291821,"chr9",108049029,108049606,578,"*","chr9:108049029-108049606",3090,9750,TRUE
196920,"chr4",70534576,70535630,1055,"*","chr4:70534576-70535630",3088,6375,TRUE
215482,"chr5",64861079,64862759,1681,"*","chr5:64861079-64862759",3087,7070,TRUE
272253,"chr8",93197606,93198716,1111,"*","chr8:93197606-93198716",3087,9086,TRUE
79132,"chr13",92530325,92531447,1123,"*","chr13:92530325-92531447",3086,2624,TRUE
134953,"chr18",34751155,34752035,881,"*","chr18:34751155-34752035",3083,4413,TRUE
73236,"chr13",41689079,41690427,1349,"*","chr13:41689079-41690427",3082,2446,TRUE
208330,"chr4",150582166,150584379,2214,"*","chr4:150582166-150584379",3082,6823,TRUE
89460,"chr14",58070209,58072535,2327,"*","chr14:58070209-58072535",3079,2952,TRUE
223115,"chr5",122420653,122422959,2307,"*","chr5:122420653-122422959",3077,7299,TRUE
285615,"chr9",63108717,63109843,1127,"*","chr9:63108717-63109843",3077,9543,TRUE
30931,"chr10",81605934,81606646,713,"*","chr10:81605934-81606646",3076,934,TRUE
175669,"chr3",21986373,21987465,1093,"*","chr3:21986373-21987465",3075,5766,TRUE
25509,"chr10",39898893,39899610,718,"*","chr10:39898893-39899610",3072,674,TRUE
97957,"chr15",25932985,25934336,1352,"*","chr15:25932985-25934336",3072,3136,TRUE
262797,"chr8",9976180,9976807,628,"*","chr8:9976180-9976807",3072,8771,TRUE
213243,"chr5",37650490,37651472,983,"*","chr5:37650490-37651472",3070,7024,TRUE
192054,"chr4",19574743,19575869,1127,"*","chr4:19574743-19575869",3068,6230,TRUE
66826,"chr12",104896700,104897901,1202,"*","chr12:104896700-104897901",3066,2280,TRUE
227698,"chr5",149322193,149323679,1487,"*","chr5:149322193-149323679",3064,7519,TRUE
234083,"chr6",57691513,57692495,983,"*","chr6:57691513-57692495",3061,7686,TRUE
286324,"chr9",66124345,66125275,931,"*","chr9:66124345-66125275",3061,9576,TRUE
180759,"chr3",79559224,79560226,1003,"*","chr3:79559224-79560226",3060,5870,TRUE
98842,"chr15",34082312,34083515,1204,"*","chr15:34082312-34083515",3059,3152,TRUE
73683,"chr13",43864468,43865190,723,"*","chr13:43864468-43865190",3058,2457,TRUE
143165,"chr19",6871536,6872526,991,"*","chr19:6871536-6872526",3058,4701,TRUE
19053,"chr1",182124643,182125552,910,"*","chr1:182124643-182125552",3057,541,TRUE
30435,"chr10",79793023,79795234,2212,"*","chr10:79793023-79795234",3057,849,TRUE
47299,"chr11",78188352,78190526,2175,"*","chr11:78188352-78190526",3057,1569,TRUE
97869,"chr15",25688532,25689410,879,"*","chr15:25688532-25689410",3057,3129,TRUE
222062,"chr5",117359778,117361330,1553,"*","chr5:117359778-117361330",3057,7263,TRUE
131800,"chr18",3507302,3508381,1080,"*","chr18:3507302-3508381",3056,4340,TRUE
185771,"chr3",117868370,117869508,1139,"*","chr3:117868370-117869508",3054,6096,TRUE
292797,"chr9",114933505,114934375,871,"*","chr9:114933505-114934375",3053,9808,TRUE
160245,"chr2",74704025,74706354,2330,"*","chr2:74704025-74706354",3052,5285,TRUE
132385,"chr18",7868563,7870258,1696,"*","chr18:7868563-7870258",3051,4351,TRUE
6919,"chr1",74948845,74950251,1407,"*","chr1:74948845-74950251",3048,193,TRUE
5794,"chr1",64787675,64788354,680,"*","chr1:64787675-64788354",3047,147,TRUE
123270,"chr17",28327708,28329130,1423,"*","chr17:28327708-28329130",3046,4019,TRUE
259839,"chr7",132575794,132576815,1022,"*","chr7:132575794-132576815",3045,8678,TRUE
37230,"chr11",3982915,3984839,1925,"*","chr11:3982915-3984839",3044,1149,TRUE
142722,"chr19",4820408,4821336,929,"*","chr19:4820408-4821336",3044,4645,TRUE
183148,"chr3",96268354,96270308,1955,"*","chr3:96268354-96270308",3044,5992,TRUE
55505,"chr11",120086463,120087332,870,"*","chr11:120086463-120087332",3042,1955,TRUE
61644,"chr12",69781734,69782832,1099,"*","chr12:69781734-69782832",3042,2134,TRUE
121134,"chr17",10840052,10841367,1316,"*","chr17:10840052-10841367",3042,3901,TRUE
154980,"chr2",31469608,31471522,1915,"*","chr2:31469608-31471522",3042,5137,TRUE
193524,"chr4",41502712,41503575,864,"*","chr4:41502712-41503575",3040,6275,TRUE
87961,"chr14",46386666,46389158,2493,"*","chr14:46386666-46389158",3039,2873,TRUE
107938,"chr15",100678687,100679644,958,"*","chr15:100678687-100679644",3038,3512,TRUE
155852,"chr2",35214536,35215829,1294,"*","chr2:35214536-35215829",3038,5192,TRUE
286503,"chr9",66945619,66946731,1113,"*","chr9:66945619-66946731",3038,9585,TRUE
213549,"chr5",41707324,41708841,1518,"*","chr5:41707324-41708841",3033,7027,TRUE
246551,"chr7",24530185,24531143,959,"*","chr7:24530185-24531143",3033,8123,TRUE
219751,"chr5",103752942,103755213,2272,"*","chr5:103752942-103755213",3031,7176,TRUE
205093,"chr4",134467610,134469445,1836,"*","chr4:134467610-134469445",3029,6680,TRUE
279367,"chr9",21264822,21266181,1360,"*","chr9:21264822-21266181",3029,9332,TRUE
102352,"chr15",67081095,67082135,1041,"*","chr15:67081095-67082135",3027,3247,TRUE
153622,"chr2",25460573,25461495,923,"*","chr2:25460573-25461495",3025,5059,TRUE
29364,"chr10",71344660,71345387,728,"*","chr10:71344660-71345387",3023,792,TRUE
25520,"chr10",39959831,39960657,827,"*","chr10:39959831-39960657",3019,675,TRUE
26602,"chr10",50592281,50593279,999,"*","chr10:50592281-50593279",3019,713,TRUE
220486,"chr5",108674774,108675933,1160,"*","chr5:108674774-108675933",3017,7202,TRUE
213364,"chr5",38479255,38481036,1782,"*","chr5:38479255-38481036",3016,7025,TRUE
68939,"chr13",3610631,3611603,973,"*","chr13:3610631-3611603",3015,2340,TRUE
247566,"chr7",30728991,30730120,1130,"*","chr7:30728991-30730120",3014,8221,TRUE
196332,"chr4",63232624,63233331,708,"*","chr4:63232624-63233331",3013,6371,TRUE
228943,"chr6",13069544,13071037,1494,"*","chr6:13069544-13071037",3013,7542,TRUE
290484,"chr9",99243061,99244017,957,"*","chr9:99243061-99244017",3012,9683,TRUE
1169,"chr1",20653705,20654747,1043,"*","chr1:20653705-20654747",3011,30,TRUE
43233,"chr11",54955734,54956532,799,"*","chr11:54955734-54956532",3011,1352,TRUE
172485,"chr2",168104473,168105721,1249,"*","chr2:168104473-168105721",3010,5685,TRUE
292721,"chr9",114639713,114640568,856,"*","chr9:114639713-114640568",3010,9803,TRUE
133667,"chr18",20895450,20897173,1724,"*","chr18:20895450-20897173",3009,4374,TRUE
145825,"chr19",27429575,27430455,881,"*","chr19:27429575-27430455",3009,4817,TRUE
43209,"chr11",54897539,54898237,699,"*","chr11:54897539-54898237",3005,1349,TRUE
70725,"chr13",23697606,23698934,1329,"*","chr13:23697606-23698934",3005,2388,TRUE
140436,"chr18",74267708,74268638,931,"*","chr18:74267708-74268638",3005,4566,TRUE
215217,"chr5",63968470,63969467,998,"*","chr5:63968470-63969467",3005,7062,TRUE
165306,"chr2",122117982,122118835,854,"*","chr2:122117982-122118835",3004,5428,TRUE
112478,"chr16",30187618,30188639,1022,"*","chr16:30187618-30188639",3003,3701,TRUE
294100,"chr9",121382595,121383728,1134,"*","chr9:121382595-121383728",2999,9840,TRUE
43068,"chr11",54027847,54029244,1398,"*","chr11:54027847-54029244",2998,1339,TRUE
143519,"chr19",8941537,8942762,1226,"*","chr19:8941537-8942762",2997,4745,TRUE
75077,"chr13",51848745,51849930,1186,"*","chr13:51848745-51849930",2996,2499,TRUE
88567,"chr14",51064661,51065763,1103,"*","chr14:51064661-51065763",2995,2894,TRUE
44176,"chr11",60931318,60932623,1306,"*","chr11:60931318-60932623",2993,1396,TRUE
124535,"chr17",34187080,34188158,1079,"*","chr17:34187080-34188158",2992,4093,TRUE
161607,"chr2",90474922,90475579,658,"*","chr2:90474922-90475579",2991,5309,TRUE
291923,"chr9",108490438,108491458,1021,"*","chr9:108490438-108491458",2991,9761,TRUE
157033,"chr2",49349712,49350535,824,"*","chr2:49349712-49350535",2988,5221,TRUE
42994,"chr11",53762891,53764565,1675,"*","chr11:53762891-53764565",2987,1335,TRUE
41221,"chr11",40733294,40734230,937,"*","chr11:40733294-40734230",2986,1276,TRUE
163224,"chr2",104493095,104494943,1849,"*","chr2:104493095-104494943",2983,5359,TRUE
186090,"chr3",121814467,121815819,1353,"*","chr3:121814467-121815819",2983,6104,TRUE
225784,"chr5",138994838,138996749,1912,"*","chr5:138994838-138996749",2983,7439,TRUE
292256,"chr9",110781340,110782359,1020,"*","chr9:110781340-110782359",2982,9795,TRUE
235026,"chr6",72216444,72217459,1016,"*","chr6:72216444-72217459",2981,7713,TRUE
177800,"chr3",41580661,41582195,1535,"*","chr3:41580661-41582195",2980,5815,TRUE
25534,"chr10",40024822,40025743,922,"*","chr10:40024822-40025743",2977,678,TRUE
285621,"chr9",63132155,63133568,1414,"*","chr9:63132155-63133568",2977,9545,TRUE
52813,"chr11",107379451,107380545,1095,"*","chr11:107379451-107380545",2976,1861,TRUE
46468,"chr11",74847901,74848836,936,"*","chr11:74847901-74848836",2975,1524,TRUE
95846,"chr14",122106865,122108073,1209,"*","chr14:122106865-122108073",2975,3090,TRUE
34021,"chr10",105841034,105841827,794,"*","chr10:105841034-105841827",2974,1010,TRUE
148152,"chr19",43752744,43753768,1025,"*","chr19:43752744-43753768",2974,4893,TRUE
151942,"chr2",10079901,10080927,1027,"*","chr2:10079901-10080927",2971,5012,TRUE
39036,"chr11",20249028,20249906,879,"*","chr11:20249028-20249906",2970,1213,TRUE
145100,"chr19",23133055,23133917,863,"*","chr19:23133055-23133917",2968,4795,TRUE
207904,"chr4",149166379,149167297,919,"*","chr4:149166379-149167297",2968,6802,TRUE
100429,"chr15",51990507,51992258,1752,"*","chr15:51990507-51992258",2967,3201,TRUE
168531,"chr2",145859250,145861081,1832,"*","chr2:145859250-145861081",2967,5522,TRUE
16583,"chr1",165193583,165194884,1302,"*","chr1:165193583-165194884",2965,466,TRUE
53836,"chr11",113683334,113684925,1592,"*","chr11:113683334-113684925",2965,1881,TRUE
231851,"chr6",39592240,39593168,929,"*","chr6:39592240-39593168",2965,7617,TRUE
30561,"chr10",80160919,80162084,1166,"*","chr10:80160919-80162084",2964,872,TRUE
142951,"chr19",5877816,5879248,1433,"*","chr19:5877816-5879248",2963,4678,TRUE
98999,"chr15",35155382,35156250,869,"*","chr15:35155382-35156250",2961,3158,TRUE
128031,"chr17",66076448,66077844,1397,"*","chr17:66076448-66077844",2961,4243,TRUE
129235,"chr17",74338468,74339789,1322,"*","chr17:74338468-74339789",2961,4273,TRUE
143483,"chr19",8712964,8714227,1264,"*","chr19:8712964-8714227",2961,4730,TRUE
159269,"chr2",69205811,69206634,824,"*","chr2:69205811-69206634",2961,5259,TRUE
261407,"chr7",141581346,141581940,595,"*","chr7:141581346-141581940",2961,8727,TRUE
269271,"chr8",71469037,71469498,462,"*","chr8:71469037-71469498",2960,8974,TRUE
153231,"chr2",21205160,21206247,1088,"*","chr2:21205160-21206247",2959,5037,TRUE
193449,"chr4",41124138,41124788,651,"*","chr4:41124138-41124788",2958,6269,TRUE
54218,"chr11",115419738,115420847,1110,"*","chr11:115419738-115420847",2957,1892,TRUE
90723,"chr14",65833801,65834431,631,"*","chr14:65833801-65834431",2956,2983,TRUE
29723,"chr10",75644027,75644732,706,"*","chr10:75644027-75644732",2954,802,TRUE
269652,"chr8",75108758,75109881,1124,"*","chr8:75108758-75109881",2954,8997,TRUE
185207,"chr3",108911032,108912289,1258,"*","chr3:108911032-108912289",2953,6082,TRUE
284856,"chr9",59723235,59724680,1446,"*","chr9:59723235-59724680",2953,9519,TRUE
88942,"chr14",54863643,54864593,951,"*","chr14:54863643-54864593",2952,2916,TRUE
209414,"chr4",155624417,155625204,788,"*","chr4:155624417-155625204",2950,6873,TRUE
242694,"chr6",129212492,129213361,870,"*","chr6:129212492-129213361",2949,7965,TRUE
257751,"chr7",119511224,119511809,586,"*","chr7:119511224-119511809",2949,8575,TRUE
77715,"chr13",71272014,71273096,1083,"*","chr13:71272014-71273096",2948,2586,TRUE
135378,"chr18",36744267,36745203,937,"*","chr18:36744267-36745203",2948,4449,TRUE
20966,"chr1",193173101,193174088,988,"*","chr1:193173101-193174088",2947,589,TRUE
246667,"chr7",25221299,25221984,686,"*","chr7:25221299-25221984",2947,8131,TRUE
27464,"chr10",59899487,59900444,958,"*","chr10:59899487-59900444",2946,737,TRUE
291471,"chr9",106236225,106237782,1558,"*","chr9:106236225-106237782",2946,9712,TRUE
29975,"chr10",77032673,77034182,1510,"*","chr10:77032673-77034182",2944,824,TRUE
6714,"chr1",74030576,74031652,1077,"*","chr1:74030576-74031652",2943,171,TRUE
153930,"chr2",27009459,27010517,1059,"*","chr2:27009459-27010517",2940,5080,TRUE
137317,"chr18",53861749,53862682,934,"*","chr18:53861749-53862682",2939,4498,TRUE
162757,"chr2",102185424,102186868,1445,"*","chr2:102185424-102186868",2939,5350,TRUE
59301,"chr12",35046801,35048274,1474,"*","chr12:35046801-35048274",2938,2083,TRUE
148006,"chr19",42752297,42753759,1463,"*","chr19:42752297-42753759",2935,4887,TRUE
201181,"chr4",108619256,108620554,1299,"*","chr4:108619256-108620554",2935,6474,TRUE
29119,"chr10",70181410,70182335,926,"*","chr10:70181410-70182335",2934,783,TRUE
135231,"chr18",35941734,35943062,1329,"*","chr18:35941734-35943062",2932,4438,TRUE
273510,"chr8",106136856,106137634,779,"*","chr8:106136856-106137634",2931,9145,TRUE
9438,"chr1",91446075,91446714,640,"*","chr1:91446075-91446714",2930,263,TRUE
155343,"chr2",32775391,32776091,701,"*","chr2:32775391-32776091",2930,5169,TRUE
37274,"chr11",4197474,4198346,873,"*","chr11:4197474-4198346",2929,1154,TRUE
54089,"chr11",114865840,114867994,2155,"*","chr11:114865840-114867994",2929,1885,TRUE
208159,"chr4",150008238,150009459,1222,"*","chr4:150008238-150009459",2929,6813,TRUE
265340,"chr8",31149575,31150642,1068,"*","chr8:31149575-31150642",2928,8843,TRUE
183631,"chr3",99140878,99141761,884,"*","chr3:99140878-99141761",2927,6021,TRUE
225868,"chr5",139317227,139318193,967,"*","chr5:139317227-139318193",2926,7443,TRUE
227043,"chr5",146220778,146221798,1021,"*","chr5:146220778-146221798",2924,7496,TRUE
1445,"chr1",23761243,23763341,2099,"*","chr1:23761243-23763341",2922,35,TRUE
247742,"chr7",34388911,34390917,2007,"*","chr7:34388911-34390917",2922,8227,TRUE
235888,"chr6",83506595,83507382,788,"*","chr6:83506595-83507382",2921,7750,TRUE
32807,"chr10",94688111,94689528,1418,"*","chr10:94688111-94689528",2920,989,TRUE
39555,"chr11",23633083,23634140,1058,"*","chr11:23633083-23634140",2920,1236,TRUE
44864,"chr11",64978872,64979545,674,"*","chr11:64978872-64979545",2920,1418,TRUE
265629,"chr8",33986788,33988247,1460,"*","chr8:33986788-33988247",2919,8855,TRUE
287857,"chr9",74952261,74954217,1957,"*","chr9:74952261-74954217",2919,9610,TRUE
202811,"chr4",120815429,120816204,776,"*","chr4:120815429-120816204",2918,6552,TRUE
261377,"chr7",141467160,141469393,2234,"*","chr7:141467160-141469393",2917,8723,TRUE
146554,"chr19",32322443,32323724,1282,"*","chr19:32322443-32323724",2914,4840,TRUE
259004,"chr7",127841089,127842859,1771,"*","chr7:127841089-127842859",2913,8651,TRUE
72608,"chr13",37597375,37598706,1332,"*","chr13:37597375-37598706",2912,2426,TRUE
142856,"chr19",5529327,5530514,1188,"*","chr19:5529327-5530514",2912,4665,TRUE
54329,"chr11",115823683,115824420,738,"*","chr11:115823683-115824420",2910,1902,TRUE
273679,"chr8",106935399,106937244,1846,"*","chr8:106935399-106937244",2910,9152,TRUE
43202,"chr11",54881102,54881733,632,"*","chr11:54881102-54881733",2909,1347,TRUE
173189,"chr2",172370343,172371288,946,"*","chr2:172370343-172371288",2909,5696,TRUE
170568,"chr2",158767654,158768398,745,"*","chr2:158767654-158768398",2908,5610,TRUE
26001,"chr10",42478102,42478957,856,"*","chr10:42478102-42478957",2907,702,TRUE
283414,"chr9",50528083,50529073,991,"*","chr9:50528083-50529073",2905,9460,TRUE
38203,"chr11",9048470,9049310,841,"*","chr11:9048470-9049310",2904,1196,TRUE
124219,"chr17",31965446,31966275,830,"*","chr17:31965446-31966275",2902,4058,TRUE
247787,"chr7",34654586,34656032,1447,"*","chr7:34654586-34656032",2902,8229,TRUE
209239,"chr4",154963907,154964834,928,"*","chr4:154963907-154964834",2900,6859,TRUE
201039,"chr4",107889631,107890522,892,"*","chr4:107889631-107890522",2899,6467,TRUE
677,"chr1",13659766,13661182,1417,"*","chr1:13659766-13661182",2898,22,TRUE
108847,"chr16",4679318,4680164,847,"*","chr16:4679318-4680164",2898,3572,TRUE
109288,"chr16",8513049,8513847,799,"*","chr16:8513049-8513847",2897,3589,TRUE
127241,"chr17",56935183,56936135,953,"*","chr17:56935183-56936135",2897,4223,TRUE
266916,"chr8",46163213,46164087,875,"*","chr8:46163213-46164087",2897,8876,TRUE
31574,"chr10",86021610,86022837,1228,"*","chr10:86021610-86022837",2896,955,TRUE
92798,"chr14",78848591,78849782,1192,"*","chr14:78848591-78849782",2896,3038,TRUE
194487,"chr4",47473920,47475008,1089,"*","chr4:47473920-47475008",2895,6327,TRUE
241810,"chr6",124740441,124741866,1426,"*","chr6:124740441-124741866",2895,7926,TRUE
145789,"chr19",27218782,27220091,1310,"*","chr19:27218782-27220091",2894,4816,TRUE
208358,"chr4",150685045,150686204,1160,"*","chr4:150685045-150686204",2894,6824,TRUE
39996,"chr11",30266991,30269253,2263,"*","chr11:30266991-30269253",2892,1249,TRUE
54142,"chr11",115164453,115165743,1291,"*","chr11:115164453-115165743",2892,1888,TRUE
2200,"chr1",36013707,36014556,850,"*","chr1:36013707-36014556",2891,44,TRUE
12411,"chr1",132007407,132008667,1261,"*","chr1:132007407-132008667",2891,337,TRUE
16501,"chr1",164713871,164715582,1712,"*","chr1:164713871-164715582",2891,463,TRUE
19623,"chr1",185362736,185364046,1311,"*","chr1:185362736-185364046",2891,561,TRUE
234770,"chr6",70811800,70813140,1341,"*","chr6:70811800-70813140",2891,7700,TRUE
205049,"chr4",134286881,134288245,1365,"*","chr4:134286881-134288245",2889,6674,TRUE
189119,"chr3",145649236,145651066,1831,"*","chr3:145649236-145651066",2888,6173,TRUE
221313,"chr5",113735362,113736291,930,"*","chr5:113735362-113736291",2888,7223,TRUE
47181,"chr11",77762984,77764499,1516,"*","chr11:77762984-77764499",2883,1557,TRUE
209699,"chr5",4103970,4105135,1166,"*","chr5:4103970-4105135",2883,6901,TRUE
49993,"chr11",94548252,94549643,1392,"*","chr11:94548252-94549643",2881,1684,TRUE
103450,"chr15",76477131,76478340,1210,"*","chr15:76477131-76478340",2881,3287,TRUE
126820,"chr17",51178299,51179886,1588,"*","chr17:51178299-51179886",2881,4196,TRUE
134576,"chr18",32138739,32140097,1359,"*","chr18:32138739-32140097",2881,4397,TRUE
57635,"chr12",17741695,17742537,843,"*","chr12:17741695-17742537",2880,2040,TRUE
85649,"chr14",25480998,25481912,915,"*","chr14:25480998-25481912",2878,2802,TRUE
75749,"chr13",55152603,55153633,1031,"*","chr13:55152603-55153633",2875,2519,TRUE
229757,"chr6",24347651,24349114,1464,"*","chr6:24347651-24349114",2874,7552,TRUE
12736,"chr1",133309623,133310938,1316,"*","chr1:133309623-133310938",2873,354,TRUE
215741,"chr5",66097806,66098885,1080,"*","chr5:66097806-66098885",2871,7084,TRUE
97042,"chr15",10713912,10715675,1764,"*","chr15:10713912-10715675",2867,3115,TRUE
223359,"chr5",123343849,123345766,1918,"*","chr5:123343849-123345766",2866,7317,TRUE
144693,"chr19",18712819,18713819,1001,"*","chr19:18712819-18713819",2864,4787,TRUE
64905,"chr12",86871935,86872947,1013,"*","chr12:86871935-86872947",2862,2226,TRUE
129127,"chr17",73709220,73711214,1995,"*","chr17:73709220-73711214",2862,4268,TRUE
84743,"chr14",20865539,20867161,1623,"*","chr14:20865539-20867161",2861,2774,TRUE
170402,"chr2",158113176,158114426,1251,"*","chr2:158113176-158114426",2859,5605,TRUE
286505,"chr9",66974568,66975830,1263,"*","chr9:66974568-66975830",2859,9586,TRUE
2215,"chr1",36074772,36075624,853,"*","chr1:36074772-36075624",2857,47,TRUE
161759,"chr2",91182449,91183696,1248,"*","chr2:91182449-91183696",2857,5319,TRUE
223432,"chr5",123720654,123721459,806,"*","chr5:123720654-123721459",2856,7323,TRUE
223843,"chr5",125404836,125406911,2076,"*","chr5:125404836-125406911",2856,7348,TRUE
267337,"chr8",47970528,47971625,1098,"*","chr8:47970528-47971625",2856,8891,TRUE
275297,"chr8",117307945,117309425,1481,"*","chr8:117307945-117309425",2855,9205,TRUE
119461,"chr16",95701855,95702992,1138,"*","chr16:95701855-95702992",2854,3857,TRUE
291452,"chr9",106170099,106172064,1966,"*","chr9:106170099-106172064",2854,9710,TRUE
75052,"chr13",51777050,51778409,1360,"*","chr13:51777050-51778409",2853,2496,TRUE
113577,"chr16",35022147,35023251,1105,"*","chr16:35022147-35023251",2851,3736,TRUE
272396,"chr8",94214371,94215119,749,"*","chr8:94214371-94215119",2851,9091,TRUE
74223,"chr13",46019013,46020159,1147,"*","chr13:46019013-46020159",2850,2472,TRUE
148758,"chr19",46503511,46504579,1069,"*","chr19:46503511-46504579",2848,4931,TRUE
24880,"chr10",30802682,30803745,1064,"*","chr10:30802682-30803745",2847,664,TRUE
268519,"chr8",64947002,64948008,1007,"*","chr8:64947002-64948008",2845,8914,TRUE
16341,"chr1",163779459,163780130,672,"*","chr1:163779459-163780130",2844,452,TRUE
217714,"chr5",88586972,88588099,1128,"*","chr5:88586972-88588099",2844,7128,TRUE
30445,"chr10",79815517,79816570,1054,"*","chr10:79815517-79816570",2843,852,TRUE
171296,"chr2",163994758,163995866,1109,"*","chr2:163994758-163995866",2842,5630,TRUE
161858,"chr2",91710281,91711241,961,"*","chr2:91710281-91711241",2839,5327,TRUE
145968,"chr19",28621521,28622592,1072,"*","chr19:28621521-28622592",2838,4821,TRUE
215708,"chr5",66014075,66015055,981,"*","chr5:66014075-66015055",2838,7079,TRUE
223602,"chr5",124444786,124447060,2275,"*","chr5:124444786-124447060",2838,7334,TRUE
26336,"chr10",44267981,44268981,1001,"*","chr10:44267981-44268981",2835,711,TRUE
129897,"chr17",79895177,79896531,1355,"*","chr17:79895177-79896531",2835,4287,TRUE
83860,"chr14",12112496,12113225,730,"*","chr14:12112496-12113225",2834,2745,TRUE
178343,"chr3",52101901,52103464,1564,"*","chr3:52101901-52103464",2834,5829,TRUE
160525,"chr2",75831870,75832926,1057,"*","chr2:75831870-75832926",2833,5289,TRUE
124915,"chr17",35979111,35980910,1800,"*","chr17:35979111-35980910",2832,4131,TRUE
237483,"chr6",91746069,91747252,1184,"*","chr6:91746069-91747252",2832,7828,TRUE
35800,"chr10",120978112,120979861,1750,"*","chr10:120978112-120979861",2831,1055,TRUE
276833,"chr8",123982444,123983476,1033,"*","chr8:123982444-123983476",2830,9261,TRUE
203257,"chr4",124801939,124802903,965,"*","chr4:124801939-124802903",2829,6569,TRUE
86548,"chr14",30650979,30651589,611,"*","chr14:30650979-30651589",2827,2834,TRUE
6704,"chr1",74008528,74009534,1007,"*","chr1:74008528-74009534",2822,168,TRUE
88355,"chr14",48446093,48447004,912,"*","chr14:48446093-48447004",2822,2884,TRUE
225611,"chr5",137741087,137742095,1009,"*","chr5:137741087-137742095",2821,7423,TRUE
136578,"chr18",46741420,46742771,1352,"*","chr18:46741420-46742771",2820,4484,TRUE
285065,"chr9",60794006,60795281,1276,"*","chr9:60794006-60795281",2820,9522,TRUE
255862,"chr7",108934042,108934933,892,"*","chr7:108934042-108934933",2818,8520,TRUE
46342,"chr11",73325985,73327093,1109,"*","chr11:73325985-73327093",2816,1512,TRUE
217790,"chr5",89027650,89028438,789,"*","chr5:89027650-89028438",2816,7135,TRUE
250711,"chr7",67222262,67222944,683,"*","chr7:67222262-67222944",2815,8363,TRUE
124455,"chr17",33817202,33818432,1231,"*","chr17:33817202-33818432",2814,4076,TRUE
199588,"chr4",100123584,100124530,947,"*","chr4:100123584-100124530",2813,6432,TRUE
240358,"chr6",114968526,114969514,989,"*","chr6:114968526-114969514",2813,7881,TRUE
98508,"chr15",31407094,31408142,1049,"*","chr15:31407094-31408142",2810,3145,TRUE
241857,"chr6",124903637,124905024,1388,"*","chr6:124903637-124905024",2810,7933,TRUE
90463,"chr14",64440118,64441297,1180,"*","chr14:64440118-64441297",2809,2974,TRUE
242625,"chr6",128798934,128800044,1111,"*","chr6:128798934-128800044",2809,7960,TRUE
291992,"chr9",108853840,108854939,1100,"*","chr9:108853840-108854939",2809,9772,TRUE
14343,"chr1",151158058,151159656,1599,"*","chr1:151158058-151159656",2808,394,TRUE
75377,"chr13",53067572,53069015,1444,"*","chr13:53067572-53069015",2806,2507,TRUE
105379,"chr15",84987510,84988941,1432,"*","chr15:84987510-84988941",2806,3397,TRUE
49936,"chr11",94403637,94405378,1742,"*","chr11:94403637-94405378",2805,1683,TRUE
58810,"chr12",31263997,31264576,580,"*","chr12:31263997-31264576",2805,2069,TRUE
3374,"chr1",42741648,42742760,1113,"*","chr1:42741648-42742760",2804,79,TRUE
267338,"chr8",47974119,47975471,1353,"*","chr8:47974119-47975471",2804,8892,TRUE
73975,"chr13",45001083,45002775,1693,"*","chr13:45001083-45002775",2803,2466,TRUE
105528,"chr15",85653037,85654663,1627,"*","chr15:85653037-85654663",2803,3402,TRUE
47377,"chr11",78550222,78551226,1005,"*","chr11:78550222-78551226",2802,1578,TRUE
106018,"chr15",89178953,89179829,877,"*","chr15:89178953-89179829",2801,3431,TRUE
44989,"chr11",65806551,65807723,1173,"*","chr11:65806551-65807723",2798,1420,TRUE
142823,"chr19",5366240,5367276,1037,"*","chr19:5366240-5367276",2798,4657,TRUE
193492,"chr4",41314130,41315402,1273,"*","chr4:41314130-41315402",2798,6272,TRUE
30438,"chr10",79801907,79802886,980,"*","chr10:79801907-79802886",2796,850,TRUE
164476,"chr2",117119677,117121722,2046,"*","chr2:117119677-117121722",2795,5385,TRUE
273302,"chr8",105170254,105171855,1602,"*","chr8:105170254-105171855",2795,9126,TRUE
127033,"chr17",55958939,55959822,884,"*","chr17:55958939-55959822",2793,4204,TRUE
36832,"chr10",128035313,128036535,1223,"*","chr10:128035313-128036535",2792,1096,TRUE
163366,"chr2",105223788,105224816,1029,"*","chr2:105223788-105224816",2791,5365,TRUE
290549,"chr9",99629268,99630575,1308,"*","chr9:99629268-99630575",2791,9686,TRUE
265530,"chr8",33731696,33732627,932,"*","chr8:33731696-33732627",2790,8851,TRUE
84599,"chr14",20158842,20160391,1550,"*","chr14:20158842-20160391",2788,2759,TRUE
199014,"chr4",95793679,95795804,2126,"*","chr4:95793679-95795804",2787,6412,TRUE
113804,"chr16",36071205,36072587,1383,"*","chr16:36071205-36072587",2784,3741,TRUE
248767,"chr7",44670729,44671426,698,"*","chr7:44670729-44671426",2784,8275,TRUE
273433,"chr8",105700620,105702003,1384,"*","chr8:105700620-105702003",2783,9136,TRUE
237145,"chr6",90369284,90370669,1386,"*","chr6:90369284-90370669",2781,7804,TRUE
54973,"chr11",117968653,117970352,1700,"*","chr11:117968653-117970352",2779,1938,TRUE
184778,"chr3",106547346,106548764,1419,"*","chr3:106547346-106548764",2779,6056,TRUE
276691,"chr8",123235673,123236833,1161,"*","chr8:123235673-123236833",2779,9251,TRUE
252451,"chr7",79659826,79660569,744,"*","chr7:79659826-79660569",2778,8393,TRUE
81163,"chr13",103773724,103774974,1251,"*","chr13:103773724-103774974",2777,2671,TRUE
164724,"chr2",118510344,118511052,709,"*","chr2:118510344-118511052",2777,5389,TRUE
245611,"chr7",4792617,4793303,687,"*","chr7:4792617-4793303",2777,8038,TRUE
117940,"chr16",87432273,87432999,727,"*","chr16:87432273-87432999",2775,3817,TRUE
172250,"chr2",167421361,167422352,992,"*","chr2:167421361-167422352",2774,5668,TRUE
38117,"chr11",8634607,8635472,866,"*","chr11:8634607-8635472",2773,1192,TRUE
39475,"chr11",22847385,22848642,1258,"*","chr11:22847385-22848642",2773,1227,TRUE
122869,"chr17",26972698,26973588,891,"*","chr17:26972698-26973588",2772,4003,TRUE
17595,"chr1",171270012,171271121,1110,"*","chr1:171270012-171271121",2770,492,TRUE
290383,"chr9",98563269,98564173,905,"*","chr9:98563269-98564173",2769,9680,TRUE
108876,"chr16",4789532,4790651,1120,"*","chr16:4789532-4790651",2768,3575,TRUE
151348,"chr2",4880911,4882899,1989,"*","chr2:4880911-4882899",2768,5001,TRUE
188892,"chr3",144204725,144206078,1354,"*","chr3:144204725-144206078",2768,6168,TRUE
271396,"chr8",88118553,88119255,703,"*","chr8:88118553-88119255",2767,9062,TRUE
240328,"chr6",114888888,114889546,659,"*","chr6:114888888-114889546",2766,7879,TRUE
257950,"chr7",121034073,121035940,1868,"*","chr7:121034073-121035940",2766,8590,TRUE
43606,"chr11",57998906,57999546,641,"*","chr11:57998906-57999546",2764,1361,TRUE
197788,"chr4",83323666,83324876,1211,"*","chr4:83323666-83324876",2764,6387,TRUE
221547,"chr5",114657522,114658827,1306,"*","chr5:114657522-114658827",2764,7234,TRUE
19111,"chr1",182439383,182440417,1035,"*","chr1:182439383-182440417",2762,546,TRUE
238383,"chr6",97446424,97447735,1312,"*","chr6:97446424-97447735",2762,7842,TRUE
47019,"chr11",76846749,76847481,733,"*","chr11:76846749-76847481",2761,1550,TRUE
134873,"chr18",34220670,34221933,1264,"*","chr18:34220670-34221933",2761,4407,TRUE
175108,"chr3",14578536,14579459,924,"*","chr3:14578536-14579459",2759,5753,TRUE
207809,"chr4",148903116,148903984,869,"*","chr4:148903116-148903984",2759,6798,TRUE
247122,"chr7",28596466,28597503,1038,"*","chr7:28596466-28597503",2759,8182,TRUE
231100,"chr6",34906622,34907626,1005,"*","chr6:34906622-34907626",2758,7591,TRUE
269305,"chr8",71591731,71593065,1335,"*","chr8:71591731-71593065",2758,8978,TRUE
240619,"chr6",116207711,116208760,1050,"*","chr6:116207711-116208760",2757,7887,TRUE
145514,"chr19",25221987,25222904,918,"*","chr19:25221987-25222904",2755,4808,TRUE
215620,"chr5",65536833,65538099,1267,"*","chr5:65536833-65538099",2754,7076,TRUE
143514,"chr19",8897546,8898600,1055,"*","chr19:8897546-8898600",2753,4742,TRUE
90631,"chr14",65357696,65359391,1696,"*","chr14:65357696-65359391",2752,2980,TRUE
269068,"chr8",70476616,70478062,1447,"*","chr8:70476616-70478062",2752,8941,TRUE
182896,"chr3",95106545,95107295,751,"*","chr3:95106545-95107295",2751,5961,TRUE
274536,"chr8",111853978,111854749,772,"*","chr8:111853978-111854749",2751,9187,TRUE
23401,"chr10",19907316,19908605,1290,"*","chr10:19907316-19908605",2750,635,TRUE
26124,"chr10",43220605,43222184,1580,"*","chr10:43220605-43222184",2750,705,TRUE
39985,"chr11",30230013,30230955,943,"*","chr11:30230013-30230955",2750,1248,TRUE
89243,"chr14",56777512,56778979,1468,"*","chr14:56777512-56778979",2750,2939,TRUE
211948,"chr5",30907436,30908285,850,"*","chr5:30907436-30908285",2750,6957,TRUE
241829,"chr6",124808282,124809940,1659,"*","chr6:124808282-124809940",2750,7930,TRUE
141149,"chr18",77938141,77938801,661,"*","chr18:77938141-77938801",2748,4586,TRUE
169671,"chr2",154569250,154570523,1274,"*","chr2:154569250-154570523",2747,5568,TRUE
206985,"chr4",141641352,141642612,1261,"*","chr4:141641352-141642612",2746,6759,TRUE
50920,"chr11",98149111,98150878,1768,"*","chr11:98149111-98150878",2744,1731,TRUE
242705,"chr6",129237252,129238746,1495,"*","chr6:129237252-129238746",2743,7966,TRUE
43211,"chr11",54902673,54903428,756,"*","chr11:54902673-54903428",2742,1350,TRUE
153830,"chr2",26481906,26482890,985,"*","chr2:26481906-26482890",2740,5073,TRUE
202094,"chr4",117251658,117253267,1610,"*","chr4:117251658-117253267",2740,6523,TRUE
218948,"chr5",99252570,99253531,962,"*","chr5:99252570-99253531",2740,7157,TRUE
178841,"chr3",54807219,54808453,1235,"*","chr3:54807219-54808453",2738,5837,TRUE
232438,"chr6",48627750,48629139,1390,"*","chr6:48627750-48629139",2737,7643,TRUE
281861,"chr9",42195786,42197160,1375,"*","chr9:42195786-42197160",2736,9399,TRUE
43181,"chr11",54786965,54788155,1191,"*","chr11:54786965-54788155",2735,1344,TRUE
97324,"chr15",12320832,12322444,1613,"*","chr15:12320832-12322444",2735,3124,TRUE
176995,"chr3",36000028,36001155,1128,"*","chr3:36000028-36001155",2735,5797,TRUE
189028,"chr3",145118327,145119228,902,"*","chr3:145118327-145119228",2735,6171,TRUE
83184,"chr13",119408090,119409909,1820,"*","chr13:119408090-119409909",2734,2721,TRUE
212831,"chr5",35757379,35758261,883,"*","chr5:35757379-35758261",2734,7010,TRUE
231154,"chr6",35296774,35298418,1645,"*","chr6:35296774-35298418",2734,7595,TRUE
51629,"chr11",101626942,101628523,1582,"*","chr11:101626942-101628523",2733,1791,TRUE
127208,"chr17",56764575,56765540,966,"*","chr17:56764575-56765540",2733,4221,TRUE
71896,"chr13",32338260,32339145,886,"*","chr13:32338260-32339145",2732,2407,TRUE
110537,"chr16",17530630,17531469,840,"*","chr16:17530630-17531469",2732,3638,TRUE
99622,"chr15",38470322,38471275,954,"*","chr15:38470322-38471275",2731,3179,TRUE
209437,"chr4",155760105,155761550,1446,"*","chr4:155760105-155761550",2731,6876,TRUE
247205,"chr7",28925162,28925921,760,"*","chr7:28925162-28925921",2731,8190,TRUE
23930,"chr10",22730865,22732253,1389,"*","chr10:22730865-22732253",2730,649,TRUE
205996,"chr4",137773433,137775079,1647,"*","chr4:137773433-137775079",2729,6713,TRUE
80161,"chr13",98262816,98263687,872,"*","chr13:98262816-98263687",2726,2649,TRUE
110981,"chr16",20516575,20517393,819,"*","chr16:20516575-20517393",2726,3663,TRUE
212603,"chr5",34761072,34762854,1783,"*","chr5:34761072-34762854",2726,7002,TRUE
249255,"chr7",47007933,47009048,1116,"*","chr7:47007933-47009048",2725,8330,TRUE
132654,"chr18",10609528,10610705,1178,"*","chr18:10609528-10610705",2723,4356,TRUE
138368,"chr18",60774314,60775149,836,"*","chr18:60774314-60775149",2723,4513,TRUE
156997,"chr2",48813499,48815019,1521,"*","chr2:48813499-48815019",2723,5219,TRUE
235061,"chr6",72355037,72356054,1018,"*","chr6:72355037-72356054",2720,7715,TRUE
211733,"chr5",29377765,29379020,1256,"*","chr5:29377765-29379020",2717,6949,TRUE
247933,"chr7",35234438,35235761,1324,"*","chr7:35234438-35235761",2717,8236,TRUE
169044,"chr2",150904219,150905173,955,"*","chr2:150904219-150905173",2715,5535,TRUE
12202,"chr1",131096578,131098273,1696,"*","chr1:131096578-131098273",2714,330,TRUE
112908,"chr16",32078605,32079749,1145,"*","chr16:32078605-32079749",2714,3714,TRUE
161704,"chr2",90916979,90918873,1895,"*","chr2:90916979-90918873",2713,5315,TRUE
154664,"chr2",30205430,30206453,1024,"*","chr2:30205430-30206453",2712,5111,TRUE
105584,"chr15",85810712,85812149,1438,"*","chr15:85810712-85812149",2710,3408,TRUE
86382,"chr14",30011986,30012590,605,"*","chr14:30011986-30012590",2709,2825,TRUE
259463,"chr7",130546735,130547746,1012,"*","chr7:130546735-130547746",2709,8667,TRUE
3394,"chr1",42850953,42851954,1002,"*","chr1:42850953-42851954",2708,80,TRUE
159733,"chr2",71739161,71740340,1180,"*","chr2:71739161-71740340",2708,5275,TRUE
162131,"chr2",93045343,93046636,1294,"*","chr2:93045343-93046636",2708,5336,TRUE
48437,"chr11",84513299,84514091,793,"*","chr11:84513299-84514091",2706,1614,TRUE
211435,"chr5",25252337,25253608,1272,"*","chr5:25252337-25253608",2706,6942,TRUE
34439,"chr10",110919680,110920718,1039,"*","chr10:110919680-110920718",2705,1019,TRUE
230195,"chr6",29693779,29694545,767,"*","chr6:29693779-29694545",2705,7567,TRUE
182923,"chr3",95217075,95218330,1256,"*","chr3:95217075-95218330",2704,5964,TRUE
343,"chr1",10039645,10040566,922,"*","chr1:10039645-10040566",2703,17,TRUE
255134,"chr7",100159245,100160102,858,"*","chr7:100159245-100160102",2703,8487,TRUE
27774,"chr10",61146310,61148228,1919,"*","chr10:61146310-61148228",2702,746,TRUE
49573,"chr11",90002398,90003327,930,"*","chr11:90002398-90003327",2702,1664,TRUE
87855,"chr14",45657029,45658794,1766,"*","chr14:45657029-45658794",2702,2870,TRUE
27767,"chr10",61089194,61090349,1156,"*","chr10:61089194-61090349",2701,745,TRUE
127653,"chr17",63498952,63500993,2042,"*","chr17:63498952-63500993",2701,4234,TRUE
154803,"chr2",30771369,30774132,2764,"*","chr2:30771369-30774132",2701,5132,TRUE
140349,"chr18",73815212,73816117,906,"*","chr18:73815212-73816117",2700,4559,TRUE
272517,"chr8",94781714,94782461,748,"*","chr8:94781714-94782461",2700,9101,TRUE
281106,"chr9",35166276,35167344,1069,"*","chr9:35166276-35167344",2700,9378,TRUE
52521,"chr11",106255529,106256748,1220,"*","chr11:106255529-106256748",2699,1846,TRUE
55886,"chr11",121702059,121703082,1024,"*","chr11:121702059-121703082",2699,2002,TRUE
209633,"chr5",3647138,3649388,2251,"*","chr5:3647138-3649388",2698,6899,TRUE
174232,"chr2",180709635,180710739,1105,"*","chr2:180709635-180710739",2697,5726,TRUE
128771,"chr17",71474963,71476238,1276,"*","chr17:71474963-71476238",2696,4258,TRUE
148917,"chr19",47089940,47091125,1186,"*","chr19:47089940-47091125",2696,4940,TRUE
27296,"chr10",59221092,59222427,1336,"*","chr10:59221092-59222427",2695,731,TRUE
44988,"chr11",65787593,65788728,1136,"*","chr11:65787593-65788728",2695,1419,TRUE
101609,"chr15",60824306,60825337,1032,"*","chr15:60824306-60825337",2695,3230,TRUE
211434,"chr5",25245981,25247661,1681,"*","chr5:25245981-25247661",2694,6941,TRUE
217763,"chr5",88929492,88930350,859,"*","chr5:88929492-88930350",2694,7133,TRUE
105522,"chr15",85612887,85614029,1143,"*","chr15:85612887-85614029",2693,3400,TRUE
159174,"chr2",68861075,68862573,1499,"*","chr2:68861075-68862573",2693,5258,TRUE
218541,"chr5",96161403,96163357,1955,"*","chr5:96161403-96163357",2692,7153,TRUE
52681,"chr11",106779106,106780096,991,"*","chr11:106779106-106780096",2691,1851,TRUE
292185,"chr9",110476245,110477297,1053,"*","chr9:110476245-110477297",2691,9785,TRUE
50979,"chr11",98438275,98439373,1099,"*","chr11:98438275-98439373",2689,1738,TRUE
256436,"chr7",111779291,111780469,1179,"*","chr7:111779291-111780469",2689,8542,TRUE
236299,"chr6",85961112,85962340,1229,"*","chr6:85961112-85962340",2688,7770,TRUE
150161,"chr19",56547793,56549307,1515,"*","chr19:56547793-56549307",2687,4962,TRUE
297457,"chrX",85573533,85574660,1128,"*","chrX:85573533-85574660",2685,9938,TRUE
91901,"chr14",73524819,73525549,731,"*","chr14:73524819-73525549",2683,3017,TRUE
125196,"chr17",43016472,43018114,1643,"*","chr17:43016472-43018114",2683,4144,TRUE
45636,"chr11",69579003,69579824,822,"*","chr11:69579003-69579824",2680,1453,TRUE
211162,"chr5",24029608,24031154,1547,"*","chr5:24029608-24031154",2680,6927,TRUE
30935,"chr10",81643215,81644203,989,"*","chr10:81643215-81644203",2679,935,TRUE
263057,"chr8",11279257,11280077,821,"*","chr8:11279257-11280077",2679,8775,TRUE
294816,"chrX",7898849,7899919,1071,"*","chrX:7898849-7899919",2679,9878,TRUE
13046,"chr1",134556461,134557424,964,"*","chr1:134556461-134557424",2678,369,TRUE
154799,"chr2",30758392,30759118,727,"*","chr2:30758392-30759118",2678,5130,TRUE
236294,"chr6",85927481,85928481,1001,"*","chr6:85927481-85928481",2678,7767,TRUE
134092,"chr18",24708632,24710183,1552,"*","chr18:24708632-24710183",2674,4387,TRUE
206959,"chr4",141558839,141560411,1573,"*","chr4:141558839-141560411",2672,6755,TRUE
223396,"chr5",123523896,123524856,961,"*","chr5:123523896-123524856",2672,7322,TRUE
134919,"chr18",34506174,34507628,1455,"*","chr18:34506174-34507628",2671,4410,TRUE
256083,"chr7",110164195,110165321,1127,"*","chr7:110164195-110165321",2671,8528,TRUE
164887,"chr2",119288220,119289089,870,"*","chr2:119288220-119289089",2670,5405,TRUE
108692,"chr16",4003392,4004408,1017,"*","chr16:4003392-4004408",2669,3553,TRUE
91880,"chr14",73445714,73446523,810,"*","chr14:73445714-73446523",2668,3016,TRUE
223568,"chr5",124236193,124236896,704,"*","chr5:124236193-124236896",2666,7330,TRUE
214500,"chr5",52189914,52191018,1105,"*","chr5:52189914-52191018",2665,7046,TRUE
75359,"chr13",52980426,52981649,1224,"*","chr13:52980426-52981649",2664,2506,TRUE
107505,"chr15",99074470,99075253,784,"*","chr15:99074470-99075253",2664,3484,TRUE
256183,"chr7",110648244,110649709,1466,"*","chr7:110648244-110649709",2664,8534,TRUE
273754,"chr8",107292893,107294103,1211,"*","chr8:107292893-107294103",2663,9157,TRUE
49299,"chr11",88618108,88619436,1329,"*","chr11:88618108-88619436",2662,1657,TRUE
107921,"chr15",100636702,100638467,1766,"*","chr15:100636702-100638467",2662,3511,TRUE
81305,"chr13",104636070,104636655,586,"*","chr13:104636070-104636655",2658,2677,TRUE
190688,"chr3",159839490,159841383,1894,"*","chr3:159839490-159841383",2658,6201,TRUE
200687,"chr4",106559848,106561588,1741,"*","chr4:106559848-106561588",2657,6454,TRUE
252587,"chr7",80192299,80193135,837,"*","chr7:80192299-80193135",2655,8405,TRUE
112429,"chr16",30070069,30071317,1249,"*","chr16:30070069-30071317",2653,3700,TRUE
14590,"chr1",152386197,152387093,897,"*","chr1:152386197-152387093",2652,402,TRUE
143201,"chr19",7057381,7058378,998,"*","chr19:7057381-7058378",2652,4713,TRUE
291576,"chr9",106685125,106686435,1311,"*","chr9:106685125-106686435",2652,9723,TRUE
47191,"chr11",77785575,77786702,1128,"*","chr11:77785575-77786702",2651,1559,TRUE
142732,"chr19",4877978,4879141,1164,"*","chr19:4877978-4879141",2651,4648,TRUE
235866,"chr6",83440873,83442249,1377,"*","chr6:83440873-83442249",2651,7748,TRUE
163782,"chr2",110226188,110227189,1002,"*","chr2:110226188-110227189",2649,5375,TRUE
160750,"chr2",77171576,77172938,1363,"*","chr2:77171576-77172938",2648,5292,TRUE
194698,"chr4",49546929,49548659,1731,"*","chr4:49546929-49548659",2648,6333,TRUE
36638,"chr10",127265907,127267270,1364,"*","chr10:127265907-127267270",2647,1080,TRUE
225612,"chr5",137745503,137746755,1253,"*","chr5:137745503-137746755",2644,7424,TRUE
242499,"chr6",128142401,128144307,1907,"*","chr6:128142401-128144307",2644,7953,TRUE
72060,"chr13",34045901,34047040,1140,"*","chr13:34045901-34047040",2643,2414,TRUE
127967,"chr17",65782536,65784146,1611,"*","chr17:65782536-65784146",2643,4240,TRUE
164996,"chr2",119972024,119972975,952,"*","chr2:119972024-119972975",2641,5412,TRUE
261309,"chr7",141172298,141173284,987,"*","chr7:141172298-141173284",2641,8710,TRUE
143051,"chr19",6306076,6307101,1026,"*","chr19:6306076-6307101",2639,4696,TRUE
86385,"chr14",30018266,30019973,1708,"*","chr14:30018266-30019973",2636,2826,TRUE
226772,"chr5",143817225,143818459,1235,"*","chr5:143817225-143818459",2636,7479,TRUE
92919,"chr14",79389716,79391153,1438,"*","chr14:79389716-79391153",2635,3040,TRUE
125776,"chr17",45863112,45864396,1285,"*","chr17:45863112-45864396",2634,4158,TRUE
295875,"chrX",37109898,37110825,928,"*","chrX:37109898-37110825",2634,9902,TRUE
202152,"chr4",117550213,117550878,666,"*","chr4:117550213-117550878",2631,6524,TRUE
182222,"chr3",89227270,89229396,2127,"*","chr3:89227270-89229396",2629,5920,TRUE
239614,"chr6",108523546,108525402,1857,"*","chr6:108523546-108525402",2629,7858,TRUE
2390,"chr1",36709445,36710430,986,"*","chr1:36709445-36710430",2628,60,TRUE
289601,"chr9",92275606,92276787,1182,"*","chr9:92275606-92276787",2628,9655,TRUE
56493,"chr12",8379858,8380445,588,"*","chr12:8379858-8380445",2627,2020,TRUE
231596,"chr6",38534622,38535542,921,"*","chr6:38534622-38535542",2627,7609,TRUE
50828,"chr11",97798999,97800842,1844,"*","chr11:97798999-97800842",2626,1727,TRUE
51333,"chr11",100395341,100396228,888,"*","chr11:100395341-100396228",2625,1763,TRUE
77071,"chr13",63564745,63565482,738,"*","chr13:63564745-63565482",2625,2562,TRUE
281839,"chr9",42109805,42110849,1045,"*","chr9:42109805-42110849",2624,9398,TRUE
110156,"chr16",14003578,14004739,1162,"*","chr16:14003578-14004739",2623,3619,TRUE
201076,"chr4",108024563,108026045,1483,"*","chr4:108024563-108026045",2623,6469,TRUE
62587,"chr12",75472791,75473925,1135,"*","chr12:75472791-75473925",2622,2151,TRUE
166617,"chr2",130638179,130638898,720,"*","chr2:130638179-130638898",2622,5482,TRUE
209503,"chr4",156082796,156085247,2452,"*","chr4:156082796-156085247",2621,6889,TRUE
212622,"chr5",34948922,34950038,1117,"*","chr5:34948922-34950038",2621,7003,TRUE
16535,"chr1",164896370,164897382,1013,"*","chr1:164896370-164897382",2620,464,TRUE
211240,"chr5",24482563,24483938,1376,"*","chr5:24482563-24483938",2620,6932,TRUE
36844,"chr10",128092549,128093683,1135,"*","chr10:128092549-128093683",2618,1100,TRUE
221430,"chr5",114175593,114176378,786,"*","chr5:114175593-114176378",2617,7230,TRUE
232418,"chr6",48554308,48555624,1317,"*","chr6:48554308-48555624",2617,7639,TRUE
169803,"chr2",155276165,155277344,1180,"*","chr2:155276165-155277344",2615,5579,TRUE
40350,"chr11",32454729,32455774,1046,"*","chr11:32454729-32455774",2614,1267,TRUE
45599,"chr11",69408702,69409140,439,"*","chr11:69408702-69409140",2614,1448,TRUE
236183,"chr6",85253602,85254849,1248,"*","chr6:85253602-85254849",2612,7761,TRUE
269080,"chr8",70506292,70507095,804,"*","chr8:70506292-70507095",2612,8942,TRUE
124762,"chr17",35235759,35236873,1115,"*","chr17:35235759-35236873",2609,4112,TRUE
159688,"chr2",71607047,71608229,1183,"*","chr2:71607047-71608229",2608,5274,TRUE
43847,"chr11",59505470,59507106,1637,"*","chr11:59505470-59507106",2607,1379,TRUE
276506,"chr8",122522989,122523939,951,"*","chr8:122522989-122523939",2607,9241,TRUE
286436,"chr9",66697646,66698451,806,"*","chr9:66697646-66698451",2607,9580,TRUE
37796,"chr11",6625688,6626637,950,"*","chr11:6625688-6626637",2604,1187,TRUE
212864,"chr5",35907766,35909349,1584,"*","chr5:35907766-35909349",2604,7012,TRUE
86377,"chr14",29995988,29996702,715,"*","chr14:29995988-29996702",2603,2822,TRUE
184264,"chr3",103278861,103280884,2024,"*","chr3:103278861-103280884",2603,6040,TRUE
234019,"chr6",56796833,56798370,1538,"*","chr6:56796833-56798370",2602,7683,TRUE
91530,"chr14",70767511,70768179,669,"*","chr14:70767511-70768179",2601,3008,TRUE
148769,"chr19",46528623,46529411,789,"*","chr19:46528623-46529411",2601,4932,TRUE
245002,"chr6",146724728,146725955,1228,"*","chr6:146724728-146725955",2601,8013,TRUE
120501,"chr17",6745854,6747988,2135,"*","chr17:6745854-6747988",2600,3891,TRUE
135985,"chr18",40219100,40219852,753,"*","chr18:40219100-40219852",2600,4473,TRUE
193178,"chr4",35225243,35226561,1319,"*","chr4:35225243-35226561",2600,6255,TRUE
224300,"chr5",130023912,130024732,821,"*","chr5:130023912-130024732",2600,7363,TRUE
232770,"chr6",50419704,50421004,1301,"*","chr6:50419704-50421004",2600,7655,TRUE
284289,"chr9",56937179,56938394,1216,"*","chr9:56937179-56938394",2600,9494,TRUE
125017,"chr17",36951534,36952165,632,"*","chr17:36951534-36952165",2599,4137,TRUE
201837,"chr4",115737550,115738252,703,"*","chr4:115737550-115738252",2599,6498,TRUE
189321,"chr3",146450135,146451136,1002,"*","chr3:146450135-146451136",2598,6183,TRUE
9402,"chr1",91297919,91298792,874,"*","chr1:91297919-91298792",2597,259,TRUE
111629,"chr16",23993459,23994646,1188,"*","chr16:23993459-23994646",2597,3685,TRUE
212019,"chr5",31290863,31291615,753,"*","chr5:31290863-31291615",2597,6971,TRUE
241399,"chr6",120822370,120823228,859,"*","chr6:120822370-120823228",2597,7908,TRUE
228973,"chr6",13816502,13817308,807,"*","chr6:13816502-13817308",2596,7544,TRUE
297138,"chrX",73914819,73915559,741,"*","chrX:73914819-73915559",2596,9925,TRUE
91796,"chr14",73142531,73144167,1637,"*","chr14:73142531-73144167",2595,3011,TRUE
223196,"chr5",122707242,122708324,1083,"*","chr5:122707242-122708324",2595,7303,TRUE
180387,"chr3",69721756,69722976,1221,"*","chr3:69721756-69722976",2593,5865,TRUE
223150,"chr5",122526671,122527690,1020,"*","chr5:122526671-122527690",2593,7301,TRUE
76550,"chr13",59822684,59823630,947,"*","chr13:59822684-59823630",2591,2548,TRUE
85653,"chr14",25489415,25489912,498,"*","chr14:25489415-25489912",2590,2803,TRUE
146015,"chr19",28836009,28837836,1828,"*","chr19:28836009-28837836",2590,4823,TRUE
128781,"chr17",71526526,71527603,1078,"*","chr17:71526526-71527603",2588,4259,TRUE
50402,"chr11",96294596,96295984,1389,"*","chr11:96294596-96295984",2586,1700,TRUE
201572,"chr4",114345155,114345935,781,"*","chr4:114345155-114345935",2586,6486,TRUE
36579,"chr10",127043117,127043874,758,"*","chr10:127043117-127043874",2585,1074,TRUE
129957,"chr17",80127437,80128560,1124,"*","chr17:80127437-80128560",2585,4290,TRUE
186200,"chr3",122206027,122207109,1083,"*","chr3:122206027-122207109",2585,6113,TRUE
210000,"chr5",8422296,8423347,1052,"*","chr5:8422296-8423347",2585,6907,TRUE
114280,"chr16",38945619,38946261,643,"*","chr16:38945619-38946261",2584,3753,TRUE
124914,"chr17",35969307,35970394,1088,"*","chr17:35969307-35970394",2584,4130,TRUE
225140,"chr5",135632584,135633182,599,"*","chr5:135632584-135633182",2584,7391,TRUE
276652,"chr8",123064944,123066098,1155,"*","chr8:123064944-123066098",2583,9248,TRUE
283427,"chr9",50603468,50604460,993,"*","chr9:50603468-50604460",2583,9461,TRUE
73051,"chr13",40859422,40860421,1000,"*","chr13:40859422-40860421",2582,2435,TRUE
107451,"chr15",98871053,98872810,1758,"*","chr15:98871053-98872810",2581,3478,TRUE
223772,"chr5",125177644,125180464,2821,"*","chr5:125177644-125180464",2581,7345,TRUE
285560,"chr9",62857234,62858405,1172,"*","chr9:62857234-62858405",2581,9541,TRUE
236714,"chr6",87838423,87839290,868,"*","chr6:87838423-87839290",2580,7785,TRUE
117653,"chr16",85172148,85174155,2008,"*","chr16:85172148-85174155",2579,3812,TRUE
104035,"chr15",79051363,79052460,1098,"*","chr15:79051363-79052460",2577,3325,TRUE
284504,"chr9",57831286,57832044,759,"*","chr9:57831286-57832044",2576,9509,TRUE
225700,"chr5",138619366,138620184,819,"*","chr5:138619366-138620184",2575,7433,TRUE
201588,"chr4",114405681,114406516,836,"*","chr4:114405681-114406516",2574,6487,TRUE
226156,"chr5",140418364,140419978,1615,"*","chr5:140418364-140419978",2574,7456,TRUE
275562,"chr8",119394610,119395610,1001,"*","chr8:119394610-119395610",2574,9211,TRUE
290442,"chr9",98986033,98986937,905,"*","chr9:98986033-98986937",2574,9681,TRUE
28879,"chr10",69211821,69214055,2235,"*","chr10:69211821-69214055",2573,774,TRUE
62682,"chr12",75846342,75847150,809,"*","chr12:75846342-75847150",2573,2157,TRUE
252769,"chr7",80947211,80948206,996,"*","chr7:80947211-80948206",2573,8418,TRUE
142918,"chr19",5793270,5795633,2364,"*","chr19:5793270-5795633",2571,4673,TRUE
200749,"chr4",106798983,106800554,1572,"*","chr4:106798983-106800554",2569,6458,TRUE
48920,"chr11",86993186,86994255,1070,"*","chr11:86993186-86994255",2568,1639,TRUE
255732,"chr7",105736224,105737443,1220,"*","chr7:105736224-105737443",2568,8517,TRUE
278936,"chr9",15301301,15302025,725,"*","chr9:15301301-15302025",2568,9314,TRUE
99798,"chr15",39943171,39944486,1316,"*","chr15:39943171-39944486",2566,3188,TRUE
100328,"chr15",50870361,50871639,1279,"*","chr15:50870361-50871639",2566,3196,TRUE
247707,"chr7",34229738,34230718,981,"*","chr7:34229738-34230718",2566,8225,TRUE
254887,"chr7",99168032,99168559,528,"*","chr7:99168032-99168559",2566,8477,TRUE
173358,"chr2",173129098,173129789,692,"*","chr2:173129098-173129789",2565,5702,TRUE
204197,"chr4",130520002,130520944,943,"*","chr4:130520002-130520944",2562,6620,TRUE
51636,"chr11",101657779,101659246,1468,"*","chr11:101657779-101659246",2561,1792,TRUE
122634,"chr17",26021674,26022373,700,"*","chr17:26021674-26022373",2561,3983,TRUE
142848,"chr19",5489095,5489674,580,"*","chr19:5489095-5489674",2560,4662,TRUE
207417,"chr4",144957274,144958257,984,"*","chr4:144957274-144958257",2560,6775,TRUE
105595,"chr15",85878884,85879715,832,"*","chr15:85878884-85879715",2559,3410,TRUE
154115,"chr2",27676198,27678104,1907,"*","chr2:27676198-27678104",2558,5091,TRUE
78960,"chr13",91223413,91224565,1153,"*","chr13:91223413-91224565",2557,2617,TRUE
240950,"chr6",118138824,118139630,807,"*","chr6:118138824-118139630",2557,7896,TRUE
171381,"chr2",164431962,164433731,1770,"*","chr2:164431962-164433731",2555,5633,TRUE
26179,"chr10",43517825,43518941,1117,"*","chr10:43517825-43518941",2553,708,TRUE
110386,"chr16",16302526,16303870,1345,"*","chr16:16302526-16303870",2552,3627,TRUE
208148,"chr4",149988977,149989721,745,"*","chr4:149988977-149989721",2549,6811,TRUE
21022,"chr1",193326349,193327736,1388,"*","chr1:193326349-193327736",2548,590,TRUE
5082,"chr1",59762279,59764436,2158,"*","chr1:59762279-59764436",2547,132,TRUE
26745,"chr10",52381569,52382848,1280,"*","chr10:52381569-52382848",2546,718,TRUE
198954,"chr4",95557046,95557845,800,"*","chr4:95557046-95557845",2546,6409,TRUE
28065,"chr10",62339870,62340915,1046,"*","chr10:62339870-62340915",2545,753,TRUE
246152,"chr7",17027288,17028462,1175,"*","chr7:17027288-17028462",2544,8086,TRUE
170076,"chr2",156731944,156732757,814,"*","chr2:156731944-156732757",2542,5596,TRUE
36901,"chr10",128411362,128412219,858,"*","chr10:128411362-128412219",2541,1109,TRUE
150234,"chr19",56821909,56822846,938,"*","chr19:56821909-56822846",2541,4964,TRUE
124492,"chr17",34027830,34028435,606,"*","chr17:34027830-34028435",2540,4087,TRUE
29305,"chr10",71127454,71128695,1242,"*","chr10:71127454-71128695",2539,789,TRUE
143517,"chr19",8919926,8921005,1080,"*","chr19:8919926-8921005",2539,4743,TRUE
204141,"chr4",130168050,130169498,1449,"*","chr4:130168050-130169498",2537,6616,TRUE
57520,"chr12",17266201,17267095,895,"*","chr12:17266201-17267095",2536,2037,TRUE
156149,"chr2",37422357,37423443,1087,"*","chr2:37422357-37423443",2536,5201,TRUE
108675,"chr16",3884064,3885026,963,"*","chr16:3884064-3885026",2535,3551,TRUE
205501,"chr4",135963216,135964287,1072,"*","chr4:135963216-135964287",2535,6694,TRUE
239587,"chr6",108444926,108445594,669,"*","chr6:108444926-108445594",2535,7856,TRUE
72706,"chr13",37942162,37943526,1365,"*","chr13:37942162-37943526",2534,2430,TRUE
146056,"chr19",28989946,28991405,1460,"*","chr19:28989946-28991405",2534,4825,TRUE
148434,"chr19",45014556,45015515,960,"*","chr19:45014556-45015515",2534,4905,TRUE
225521,"chr5",137294010,137294969,960,"*","chr5:137294010-137294969",2534,7413,TRUE
179288,"chr3",58414459,58415746,1288,"*","chr3:58414459-58415746",2533,5841,TRUE
159378,"chr2",69789222,69790193,972,"*","chr2:69789222-69790193",2532,5263,TRUE
129254,"chr17",74489304,74490184,881,"*","chr17:74489304-74490184",2530,4275,TRUE
122798,"chr17",26616670,26617267,598,"*","chr17:26616670-26617267",2529,3995,TRUE
253386,"chr7",84357592,84359061,1470,"*","chr7:84357592-84359061",2529,8434,TRUE
29744,"chr10",75763987,75764750,764,"*","chr10:75763987-75764750",2528,803,TRUE
166659,"chr2",130839237,130841416,2180,"*","chr2:130839237-130841416",2528,5485,TRUE
248927,"chr7",45456977,45457926,950,"*","chr7:45456977-45457926",2528,8302,TRUE
252565,"chr7",80134575,80135584,1010,"*","chr7:80134575-80135584",2527,8402,TRUE
