"row_index","batch","cell_type","cell_observed_mixing_score"
1,"P56_batch2","PT2",0.2
2,"P56_batch2","PT2",0
3,"P56_batch2","PT",0.133333333333333
4,"P56_batch2","PT2",0
5,"P56_batch2","immune",0.266666666666667
6,"P56_batch2","DCT",0
7,"P56_batch2","PT",0.266666666666667
8,"P56_batch2","LOH",0.0333333333333333
9,"P56_batch2","PT",0.333333333333333
10,"P56_batch2","PT",0.0666666666666667
11,"P56_batch2","DCT",0.933333333333333
12,"P56_batch2","CNT",0.0333333333333333
13,"P56_batch2","CNT",0.133333333333333
14,"P56_batch2","PT",0
15,"P56_batch2","stroma1",0.0333333333333333
16,"P56_batch2","DCT",0
17,"P56_batch2","DCT",0
18,"P56_batch2","DCT",0
19,"P56_batch2","CNT",0
20,"P56_batch2","PT2",0
21,"P56_batch2","PT2",0
22,"P56_batch2","PT",0
23,"P56_batch2","PT2",0
24,"P56_batch2","PT",0.0333333333333333
25,"P56_batch2","PT2",0
26,"P56_batch2","PT",0
27,"P56_batch2","PT",0
28,"P56_batch2","PT2",0
29,"P56_batch2","PT",0.0333333333333333
30,"P56_batch2","PT",0.2
31,"P56_batch2","PT_out",0.133333333333333
32,"P56_batch2","LOH",0.2
33,"P56_batch2","PT",0.1
34,"P56_batch2","Endo",0.1
35,"P56_batch2","PT",0.466666666666667
36,"P56_batch2","IC",0.0666666666666667
37,"P56_batch2","DCT",0.0666666666666667
38,"P56_batch2","PT",0
39,"P56_batch2","stroma2",0
40,"P56_batch2","PT",0.0666666666666667
41,"P56_batch2","PT",0.366666666666667
42,"P56_batch2","PT",0.566666666666667
43,"P56_batch2","PT",0
44,"P56_batch2","PT",0
45,"P56_batch2","PT",0.633333333333333
46,"P56_batch2","LOH",0.3
47,"P56_batch2","DCT",0
48,"P56_batch2","DCT",0.833333333333333
49,"P56_batch2","PT2",0
50,"P56_batch2","immune",0.166666666666667
51,"P56_batch2","immune",0.2
52,"P56_batch2","IC",0.0666666666666667
53,"P56_batch2","PT",0.366666666666667
54,"P56_batch2","LOH",0
55,"P56_batch2","PT2",0
56,"P56_batch2","PT",0
57,"P56_batch2","immune",0
58,"P56_batch2","DCT",0
59,"P56_batch2","PT",0.1
60,"P56_batch2","PT",0.166666666666667
61,"P56_batch2","LOH",0
62,"P56_batch2","PT2",0
63,"P56_batch2","PT",0.0333333333333333
64,"P56_batch2","LOH",0.233333333333333
65,"P56_batch2","LOH",0.0333333333333333
66,"P56_batch2","PT_out",0.966666666666667
67,"P56_batch2","LOH",0.4
68,"P56_batch2","PT_out",0.6
69,"P56_batch2","Endo",0.0333333333333333
70,"P56_batch2","PT",0.2
71,"P56_batch2","DCT",0
72,"P56_batch2","PT2",0.0666666666666667
73,"P56_batch2","PT2",0
74,"P56_batch2","LOH",0.9
75,"P56_batch2","PT2",0.0666666666666667
76,"P56_batch2","LOH",0.0666666666666667
77,"P56_batch2","PT2",0
78,"P56_batch2","PT",0.0333333333333333
79,"P56_batch2","DCT",0
80,"P56_batch2","PC",0
81,"P56_batch2","IC",0.0666666666666667
82,"P56_batch2","DCT",0
83,"P56_batch2","PT",0.0333333333333333
84,"P56_batch2","PT",0
85,"P56_batch2","PT",0
86,"P56_batch2","DCT",0
87,"P56_batch2","IC",0
88,"P56_batch2","LOH",0
89,"P56_batch2","LOH",0.0333333333333333
90,"P56_batch2","stroma2",0.0666666666666667
91,"P56_batch2","PT2",0.133333333333333
92,"P56_batch2","Endo",0.133333333333333
93,"P56_batch2","LOH",0.0333333333333333
94,"P56_batch2","Endo",0.0666666666666667
95,"P56_batch2","PT",0.0333333333333333
96,"P56_batch2","PT",0.133333333333333
97,"P56_batch2","PT",0.0333333333333333
98,"P56_batch2","PT",0.833333333333333
99,"P56_batch2","PT2",0
100,"P56_batch2","LOH",0.2
101,"P56_batch2","PT2",0
102,"P56_batch2","stroma2",0.633333333333333
103,"P56_batch2","CNT",0
104,"P56_batch2","stroma2",0.966666666666667
105,"P56_batch2","CNT",0.0333333333333333
106,"P56_batch2","PT2",0
107,"P56_batch2","PT",0.2
108,"P56_batch2","DCT",0.133333333333333
109,"P56_batch2","LOH",0.1
110,"P56_batch2","PT2",0
111,"P56_batch2","Podo",0.266666666666667
112,"P56_batch2","PT2",0.0333333333333333
113,"P56_batch2","stroma2",0.866666666666667
114,"P56_batch2","PT",0
115,"P56_batch2","PT",0.1
116,"P56_batch2","Endo",0.0333333333333333
117,"P56_batch2","PT2",0
118,"P56_batch2","PT",0
119,"P56_batch2","PT2",0.166666666666667
120,"P56_batch2","LOH",0.0666666666666667
121,"P56_batch2","PT2",0
122,"P56_batch2","stroma2",0.1
123,"P56_batch2","stroma2",0.333333333333333
124,"P56_batch2","PC",0.0333333333333333
125,"P56_batch2","PT",0.133333333333333
126,"P56_batch2","PT2",0
127,"P56_batch2","PT",0
128,"P56_batch2","DCT",0
129,"P56_batch2","DCT",0
130,"P56_batch2","PT",0
131,"P56_batch2","CNT",0
132,"P56_batch2","CNT",0.766666666666667
133,"P56_batch2","PT2",0
134,"P56_batch2","PT2",0.0666666666666667
135,"P56_batch2","PT",0.0333333333333333
136,"P56_batch2","PT2",0.6
137,"P56_batch2","PT",0.0666666666666667
138,"P56_batch2","PT",0.0333333333333333
139,"P56_batch2","PT_out",0.733333333333333
140,"P56_batch2","PT",0
141,"P56_batch2","stroma2",0.266666666666667
142,"P56_batch2","PT",0.0333333333333333
143,"P56_batch2","PT",0.233333333333333
144,"P56_batch2","LOH",0.2
145,"P56_batch2","PT",0.166666666666667
146,"P56_batch2","PT",0.633333333333333
147,"P56_batch2","LOH",0
148,"P56_batch2","LOH",0
149,"P56_batch2","PT",0
150,"P56_batch2","PT_out",0
151,"P56_batch2","LOH",0
152,"P56_batch2","DCT",0
153,"P56_batch2","DCT",0
154,"P56_batch2","PT",0
155,"P56_batch2","PT",0.2
156,"P56_batch2","PT_out",0.666666666666667
157,"P56_batch2","DCT",0.866666666666667
158,"P56_batch2","PT2",0.433333333333333
159,"P56_batch2","PT",0.0666666666666667
160,"P56_batch2","NP_LOH",0.1
161,"P56_batch2","LOH",0
162,"P56_batch2","PT2",0.4
163,"P56_batch2","Endo",0.266666666666667
164,"P56_batch2","IC",0
165,"P56_batch2","PT2",0
166,"P56_batch2","stroma2",0.533333333333333
167,"P56_batch2","Endo",0.266666666666667
168,"P56_batch2","PT",0.0333333333333333
169,"P56_batch2","LOH",0.0333333333333333
170,"P56_batch2","Endo",0.133333333333333
171,"P56_batch2","LOH",0
172,"P56_batch2","DCT",0
173,"P56_batch2","PT",0.0333333333333333
174,"P56_batch2","PC",0.9
175,"P56_batch2","PC",0
176,"P56_batch2","LOH",0.133333333333333
177,"P56_batch2","LOH",0
178,"P56_batch2","PT2",0
179,"P56_batch2","PT2",0.0666666666666667
180,"P56_batch2","PT",0
181,"P56_batch2","PT2",0.0333333333333333
182,"P56_batch2","PT",0.633333333333333
183,"P56_batch2","PT",0.0666666666666667
184,"P56_batch2","PT",0.7
185,"P56_batch2","stroma1",0.0666666666666667
186,"P56_batch2","PC",0.1
187,"P56_batch2","PT",0.733333333333333
188,"P56_batch2","PT",0.5
189,"P56_batch2","DCT",0
190,"P56_batch2","stroma1",0.133333333333333
191,"P56_batch2","PT",0.2
192,"P56_batch2","PT",0.266666666666667
193,"P56_batch2","PT",0.0333333333333333
194,"P56_batch2","PT",0.166666666666667
195,"P56_batch2","PT",0.166666666666667
196,"P56_batch2","stroma2",0.566666666666667
197,"P56_batch2","PT",0.633333333333333
198,"P56_batch2","LOH",0.0333333333333333
199,"P56_batch2","LOH",0.1
200,"P56_batch2","PT",0.7
201,"P56_batch2","LOH",0.133333333333333
202,"P56_batch2","Endo",0.6
203,"P56_batch2","PT",0
204,"P56_batch2","PT",0.0666666666666667
205,"P56_batch2","PT",0.533333333333333
206,"P56_batch2","PT2",0.7
207,"P56_batch2","LOH",0.866666666666667
208,"P56_batch2","PT",0.2
209,"P56_batch2","stroma2",0.433333333333333
210,"P56_batch2","PT",0.0333333333333333
211,"P56_batch2","PT",0.5
212,"P56_batch2","immune",0.366666666666667
213,"P56_batch2","DCT",0.1
214,"P56_batch2","LOH",0
215,"P56_batch2","DCT",0.0333333333333333
216,"P56_batch2","LOH",0
217,"P56_batch2","PT",0
218,"P56_batch2","PT",0.866666666666667
219,"P56_batch2","PT_out",0.8
220,"P56_batch2","LOH",0.933333333333333
221,"P56_batch2","PT",0.0333333333333333
222,"P56_batch2","stroma2",0.366666666666667
223,"P56_batch2","PT",0.666666666666667
224,"P56_batch2","DCT",0
225,"P56_batch2","Endo",0.1
226,"P56_batch2","PT",0.266666666666667
227,"P56_batch2","LOH",0.8
228,"P56_batch2","IC",0.2
229,"P56_batch2","PT",0.5
230,"P56_batch2","DCT",0
231,"P56_batch2","PT",0.666666666666667
232,"P56_batch2","PT",0
233,"P56_batch2","PT_out",0.766666666666667
234,"P56_batch2","PT",0.0666666666666667
235,"P56_batch2","PT",0.233333333333333
236,"P56_batch2","PT",0.166666666666667
237,"P56_batch2","DCT",0
238,"P56_batch2","PT2",0
239,"P56_batch2","DCT",0.6
240,"P56_batch2","LOH",0.733333333333333
241,"P56_batch2","CNT",0
242,"P56_batch2","PT",0.1
243,"P56_batch2","PT",0.133333333333333
244,"P56_batch2","Endo",0.266666666666667
245,"P56_batch2","PT",0.2
246,"P56_batch2","LOH",0.133333333333333
247,"P56_batch2","PT",0.1
248,"P56_batch2","PT2",0
249,"P56_batch2","IC",0.933333333333333
250,"P56_batch2","PT",0.1
251,"P56_batch2","LOH",0
252,"P56_batch2","PC",0.0333333333333333
253,"P56_batch2","stroma2",0.266666666666667
254,"P56_batch2","LOH",0.166666666666667
255,"P56_batch2","DCT",0
256,"P56_batch2","PT",0
257,"P56_batch2","PT2",0.0666666666666667
258,"P56_batch2","LOH",0.666666666666667
259,"P56_batch2","PT",0.0666666666666667
260,"P56_batch2","PT",0.333333333333333
261,"P56_batch2","PT",0.0333333333333333
262,"P56_batch2","PC",0.0666666666666667
263,"P56_batch2","stroma2",0.566666666666667
264,"P56_batch2","PT",0.0666666666666667
265,"P56_batch2","IC",0.0333333333333333
266,"P56_batch2","PT2",0
267,"P56_batch2","PT",0.266666666666667
268,"P56_batch2","PT2",0.333333333333333
269,"P56_batch2","PT2",0
270,"P56_batch2","PT",0.4
271,"P56_batch2","PT",0.4
272,"P56_batch2","PT",0.366666666666667
273,"P56_batch2","PT",0.0333333333333333
274,"P56_batch2","stroma2",0.2
275,"P56_batch2","stroma2",0.0333333333333333
276,"P56_batch2","PT",0.2
277,"P56_batch2","LOH",0.5
278,"P56_batch2","LOH",0
279,"P56_batch2","stroma2",0.233333333333333
280,"P56_batch2","PT",0
281,"P56_batch2","PT",0.166666666666667
282,"P56_batch2","PT2",0
283,"P56_batch2","PT2",0
284,"P56_batch2","PT",0.833333333333333
285,"P56_batch2","PT",0.833333333333333
286,"P56_batch2","PT",0.733333333333333
287,"P56_batch2","PT",0.0333333333333333
288,"P56_batch2","PT",0.633333333333333
289,"P56_batch2","LOH",0.233333333333333
290,"P56_batch2","PT2",0
291,"P56_batch2","PT",0
292,"P56_batch2","PT",0.0666666666666667
293,"P56_batch2","PT",0.0333333333333333
294,"P56_batch2","stroma2",0.3
295,"P56_batch2","PT",0.1
296,"P56_batch2","PC",0.133333333333333
297,"P56_batch2","PT",0.666666666666667
298,"P56_batch2","LOH",0.0333333333333333
299,"P56_batch2","PT2",0
300,"P56_batch2","stroma2",0.6
301,"P56_batch2","PT2",0.3
302,"P56_batch2","PT",0
303,"P56_batch2","PT2",0
304,"P56_batch2","PT",0
305,"P56_batch2","LOH",0
306,"P56_batch2","PT",0.433333333333333
307,"P56_batch2","PT",0.0666666666666667
308,"P56_batch2","LOH",0.166666666666667
309,"P56_batch2","PT",0.133333333333333
310,"P56_batch2","PT",0.0333333333333333
311,"P56_batch2","PT",0
312,"P56_batch2","LOH",0
313,"P56_batch2","PC",0.1
314,"P56_batch2","PT2",0
315,"P56_batch2","PT",0.0666666666666667
316,"P56_batch2","PT",0
317,"P56_batch2","PT",0
318,"P56_batch2","PT",0.833333333333333
319,"P56_batch2","LOH",0.0666666666666667
320,"P56_batch2","CNT",0
321,"P56_batch2","CNT",0.3
322,"P56_batch2","stroma1",0.7
323,"P56_batch2","PT",0.266666666666667
324,"P56_batch2","PT_out",0.433333333333333
325,"P56_batch2","PT",0
326,"P56_batch2","PT2",0
327,"P56_batch2","LOH",0
328,"P56_batch2","LOH",0.0666666666666667
329,"P56_batch2","PT",0.0666666666666667
330,"P56_batch2","stroma2",0.133333333333333
331,"P56_batch2","LOH",0.133333333333333
332,"P56_batch2","LOH",0
333,"P56_batch2","PT",0
334,"P56_batch2","PC",0.0333333333333333
335,"P56_batch2","Endo",0.133333333333333
336,"P56_batch2","IC",0
337,"P56_batch2","PT",0.1
338,"P56_batch2","PT",0.233333333333333
339,"P56_batch2","immune",0.3
340,"P56_batch2","CNT",0
341,"P56_batch2","Endo",0.0666666666666667
342,"P56_batch2","LOH",0.0666666666666667
343,"P56_batch2","PT",0.1
344,"P56_batch2","DCT",0.9
345,"P56_batch2","DCT",0.5
346,"P56_batch2","PT",0
347,"P56_batch2","PT2",0.0333333333333333
348,"P56_batch2","PT",0.0333333333333333
349,"P56_batch2","LOH",0.0333333333333333
350,"P56_batch2","IC",0.133333333333333
351,"P56_batch2","stroma2",0.0333333333333333
352,"P56_batch2","PT",0.833333333333333
353,"P56_batch2","PT2",0
354,"P56_batch2","PT",0.0333333333333333
355,"P56_batch2","PT2",0
356,"P56_batch2","LOH",0.9
357,"P56_batch2","LOH",0.733333333333333
358,"P56_batch2","PT",0.766666666666667
359,"P56_batch2","PT",0.966666666666667
360,"P56_batch2","PT",0.0666666666666667
361,"P56_batch2","PT",0.0666666666666667
362,"P56_batch2","DCT",0.0333333333333333
363,"P56_batch2","DCT",0
364,"P56_batch2","PT",0.0333333333333333
365,"P56_batch2","PT",0.866666666666667
366,"P56_batch2","PT2",0.766666666666667
367,"P56_batch2","LOH",0
368,"P56_batch2","PT",0.7
369,"P56_batch2","DCT",0
370,"P56_batch2","LOH",0.0666666666666667
371,"P56_batch2","DCT",0
372,"P56_batch2","PT2",0
373,"P56_batch2","Podo",0.0666666666666667
374,"P56_batch2","PT2",0.133333333333333
375,"P56_batch2","LOH",0.1
376,"P56_batch2","PT",0.5
377,"P56_batch2","IC",0.0333333333333333
378,"P56_batch2","LOH",0
379,"P56_batch2","PT",0.266666666666667
380,"P56_batch2","PT",0.633333333333333
381,"P56_batch2","IC",0
382,"P56_batch2","NP_LOH",0.3
383,"P56_batch2","stroma2",0.233333333333333
384,"P56_batch2","Endo",0.5
385,"P56_batch2","PT",0
386,"P56_batch2","stroma2",0.3
387,"P56_batch2","PT",0
388,"P56_batch2","stroma2",0.2
389,"P56_batch2","LOH",0.133333333333333
390,"P56_batch2","stroma2",0.133333333333333
391,"P56_batch2","PT",0.1
392,"P56_batch2","PT",0.4
393,"P56_batch2","LOH",0
394,"P56_batch2","PT",0.133333333333333
395,"P56_batch2","LOH",0
396,"P56_batch2","LOH",0.133333333333333
397,"P56_batch2","PT",0.3
398,"P56_batch2","CNT",0.0333333333333333
399,"P56_batch2","PT",0.2
400,"P56_batch2","LOH",0.0333333333333333
401,"P56_batch2","stroma2",0.0666666666666667
402,"P56_batch2","stroma2",0.666666666666667
403,"P56_batch2","PT2",0
404,"P56_batch2","stroma2",0.0666666666666667
405,"P56_batch2","PT",0.333333333333333
406,"P56_batch2","PT",0.0333333333333333
407,"P56_batch2","PT",0.1
408,"P56_batch2","stroma1",0.466666666666667
409,"P56_batch2","PT",0.1
410,"P56_batch2","PT",0
411,"P56_batch2","PT",0
412,"P56_batch2","stroma2",0.266666666666667
413,"P56_batch2","PT",0
414,"P56_batch2","IC",0.0333333333333333
415,"P56_batch2","stroma2",0.0666666666666667
416,"P56_batch2","CNT",0
417,"P56_batch2","PT",0.566666666666667
418,"P56_batch2","Endo",0.333333333333333
419,"P56_batch2","PT",0.333333333333333
420,"P56_batch2","IC",0.866666666666667
421,"P56_batch2","PT2",0
422,"P56_batch2","PT",0.1
423,"P56_batch2","NP_LOH",0.133333333333333
424,"P56_batch2","CNT",0
425,"P56_batch2","PT",0.533333333333333
426,"P56_batch2","PT",0.733333333333333
427,"P56_batch2","Endo",0.8
428,"P56_batch2","PT",0.2
429,"P56_batch2","stroma2",0.5
430,"P56_batch2","PT",0.0666666666666667
431,"P56_batch2","DCT",0
432,"P56_batch2","PT",0.133333333333333
433,"P56_batch2","PT",0.0333333333333333
434,"P56_batch2","PT",0.0666666666666667
435,"P56_batch2","PT",0.466666666666667
436,"P56_batch2","PT",0.1
437,"P56_batch2","PT",0.733333333333333
438,"P56_batch2","CNT",0
439,"P56_batch2","Endo",0.6
440,"P56_batch2","PT",0
441,"P56_batch2","LOH",0.0333333333333333
442,"P56_batch2","LOH",0.0333333333333333
443,"P56_batch2","LOH",0.1
444,"P56_batch2","PT",0.1
445,"P56_batch2","PT",0.7
446,"P56_batch2","Endo",0.633333333333333
447,"P56_batch2","CNT",0
448,"P56_batch2","DCT",0.2
449,"P56_batch2","immune",0.1
450,"P56_batch2","Endo",0.4
451,"P56_batch2","PT",0
452,"P56_batch2","PT",0
453,"P56_batch2","PT",0.0666666666666667
454,"P56_batch2","PT",0
455,"P56_batch2","PT",0.1
456,"P56_batch2","PT2",0.966666666666667
457,"P56_batch2","LOH",0.0666666666666667
458,"P56_batch2","LOH",0.333333333333333
459,"P56_batch2","PT",0.0333333333333333
460,"P56_batch2","PT",0
461,"P56_batch2","PT",0.233333333333333
462,"P56_batch2","PT",0.733333333333333
463,"P56_batch2","PT_out",0.633333333333333
464,"P56_batch2","Endo",0.3
465,"P56_batch2","LOH",0.0333333333333333
466,"P56_batch2","PT",0.0333333333333333
467,"P56_batch2","PT2",0.8
468,"P56_batch2","PC",0.166666666666667
469,"P56_batch2","PT",0.166666666666667
470,"P56_batch2","PT",0.233333333333333
471,"P56_batch2","PT",0.133333333333333
472,"P56_batch2","PT",0.0333333333333333
473,"P56_batch2","PT2",0
474,"P56_batch2","PT2",0
475,"P56_batch2","Endo",0.2
476,"P56_batch2","NP_LOH",0.5
477,"P56_batch2","PT",0
478,"P56_batch2","PT",0.6
479,"P56_batch2","LOH",0
480,"P56_batch2","PT2",0
481,"P56_batch2","Endo",0.233333333333333
482,"P56_batch2","PT_out",0.733333333333333
483,"P56_batch2","LOH",0.4
484,"P56_batch2","stroma2",0.966666666666667
485,"P56_batch2","PT",0.1
486,"P56_batch2","LOH",0.0333333333333333
487,"P56_batch2","LOH",0
488,"P56_batch2","PT",0.533333333333333
489,"P56_batch2","LOH",0.0666666666666667
490,"P56_batch2","LOH",0
491,"P56_batch2","LOH",0
492,"P56_batch2","PT2",0.0333333333333333
493,"P56_batch2","NP_LOH",0.6
494,"P56_batch2","PC",0.833333333333333
495,"P56_batch2","Endo",0.233333333333333
496,"P56_batch2","IC",0
497,"P56_batch2","PT",0
498,"P56_batch2","LOH",0
499,"P56_batch2","PC",0.6
500,"P56_batch2","IC",0.1
501,"P56_batch2","LOH",0.2
502,"P56_batch2","PT",0.1
503,"P56_batch2","PT2",0
504,"P56_batch2","PT",0.0666666666666667
505,"P56_batch2","PT2",0
506,"P56_batch2","PT",0.166666666666667
507,"P56_batch2","stroma2",0.0333333333333333
508,"P56_batch2","PT",0.4
509,"P56_batch2","PT2",0
510,"P56_batch2","stroma2",0.1
511,"P56_batch2","PT",0.7
512,"P56_batch2","PT",0.333333333333333
513,"P56_batch2","PC",0.166666666666667
514,"P56_batch2","DCT",0
515,"P56_batch2","PT",0.0666666666666667
516,"P56_batch2","LOH",0
517,"P56_batch2","PT",0.133333333333333
518,"P56_batch2","stroma1",0.5
519,"P56_batch2","Endo",0.233333333333333
520,"P56_batch2","PT",0.233333333333333
521,"P56_batch2","PT_out",0
522,"P56_batch2","PT",0.6
523,"P56_batch2","Endo",0.166666666666667
524,"P56_batch2","Endo",0.0666666666666667
525,"P56_batch2","PT2",0
526,"P56_batch2","LOH",0.0333333333333333
527,"P56_batch2","PT",0
528,"P56_batch2","LOH",0
529,"P56_batch2","stroma2",0.0666666666666667
530,"P56_batch2","PT",0.133333333333333
531,"P56_batch2","PT",0.4
532,"P56_batch2","CNT",0
533,"P56_batch2","Endo",0.266666666666667
534,"P56_batch2","PT",0.7
535,"P56_batch2","LOH",0.0333333333333333
536,"P56_batch2","LOH",0.333333333333333
537,"P56_batch2","PT2",0
538,"P56_batch2","PC",0.233333333333333
539,"P56_batch2","PT",0
540,"P56_batch2","PT",0.0333333333333333
541,"P56_batch2","LOH",0.2
542,"P56_batch2","PT2",0
543,"P56_batch2","PT_out",0.966666666666667
544,"P56_batch2","PT",0.0333333333333333
545,"P56_batch2","PT",0.0666666666666667
546,"P56_batch2","PT",0.366666666666667
547,"P56_batch2","PT2",0.0333333333333333
548,"P56_batch2","PT",0.733333333333333
549,"P56_batch2","Endo",0.6
550,"P56_batch2","Endo",0.0666666666666667
551,"P56_batch2","IC",0.9
552,"P56_batch2","PT",0.0666666666666667
553,"P56_batch2","PC",0.566666666666667
554,"P56_batch2","LOH",0.0666666666666667
555,"P56_batch2","LOH",0.3
556,"P56_batch2","PT",0
557,"P56_batch2","PT_out",0.433333333333333
558,"P56_batch2","DCT",0.0666666666666667
559,"P56_batch2","PT2",0
560,"P56_batch2","PT",0.0333333333333333
561,"P56_batch2","PT",0
562,"P56_batch2","immune",0.366666666666667
563,"P56_batch2","CNT",0
564,"P56_batch2","PT_out",0.266666666666667
565,"P56_batch2","PT",0
566,"P56_batch2","PT2",0
567,"P56_batch2","LOH",0
568,"P56_batch2","PT2",0.0333333333333333
569,"P56_batch2","PT",0.0666666666666667
570,"P56_batch2","Endo",0.233333333333333
571,"P56_batch2","DCT",0
572,"P56_batch2","PT2",0.6
573,"P56_batch2","Endo",0.533333333333333
574,"P56_batch2","PT",0.633333333333333
575,"P56_batch2","PT2",0.0333333333333333
576,"P56_batch2","PC",0
577,"P56_batch2","PC",0
578,"P56_batch2","LOH",0.0333333333333333
579,"P56_batch2","LOH",0.466666666666667
580,"P56_batch2","PT",0
581,"P56_batch2","NP_LOH",0.3
582,"P56_batch2","PT",0.0333333333333333
583,"P56_batch2","PT",0.666666666666667
584,"P56_batch2","IC",0.0333333333333333
585,"P56_batch2","PT",0
586,"P56_batch2","PT_out",0.166666666666667
587,"P56_batch2","LOH",0.1
588,"P56_batch2","PT2",0.5
589,"P56_batch2","PT",0
590,"P56_batch2","PT",0.266666666666667
591,"P56_batch2","PT",0.733333333333333
592,"P56_batch2","LOH",0.0333333333333333
593,"P56_batch2","Endo",0.2
594,"P56_batch2","DCT",0.3
595,"P56_batch2","PT",0.0333333333333333
596,"P56_batch2","LOH",0.833333333333333
597,"P56_batch2","DCT",0
598,"P56_batch2","PT",0.0666666666666667
599,"P56_batch2","DCT",0.733333333333333
600,"P56_batch2","PT",0.1
601,"P56_batch2","PT2",0
602,"P56_batch2","stroma2",0.7
603,"P56_batch2","PT",0.9
604,"P56_batch2","immune",0.1
605,"P56_batch2","PT",0
606,"P56_batch2","DCT",0.6
607,"P56_batch2","PT2",0.933333333333333
608,"P56_batch2","PT",0.833333333333333
609,"P56_batch2","PT",0.0666666666666667
610,"P56_batch2","Endo",0.166666666666667
611,"P56_batch2","Podo",0.333333333333333
612,"P56_batch2","stroma2",0.5
613,"P56_batch2","PT",0
614,"P56_batch2","PT",0
615,"P56_batch2","PT2",0.2
616,"P56_batch2","DCT",0
617,"P56_batch2","DCT",0
618,"P56_batch2","PT",0.0666666666666667
619,"P56_batch2","PT",0
620,"P56_batch2","PT2",0
621,"P56_batch2","PT2",0.6
622,"P56_batch2","immune",0.633333333333333
623,"P56_batch2","PT2",0.8
624,"P56_batch2","LOH",0.3
625,"P56_batch2","DCT",0
626,"P56_batch2","PT",0.766666666666667
627,"P56_batch2","PT2",0
628,"P56_batch2","PT",0.6
629,"P56_batch2","Endo",0.1
630,"P56_batch2","Endo",0.9
631,"P56_batch2","PT2",0
632,"P56_batch2","DCT",0
633,"P56_batch2","Podo",0.2
634,"P56_batch2","immune",0.666666666666667
635,"P56_batch2","LOH",0.533333333333333
636,"P56_batch2","PT2",0.0666666666666667
637,"P56_batch2","PT",0.733333333333333
638,"P56_batch2","CNT",0
639,"P56_batch2","LOH",0.0666666666666667
640,"P56_batch2","LOH",0.1
641,"P56_batch2","Endo",0.366666666666667
642,"P56_batch2","DCT",0
643,"P56_batch2","LOH",0
644,"P56_batch2","immune",0.533333333333333
645,"P56_batch2","PT",0.0666666666666667
646,"P56_batch2","LOH",0.833333333333333
647,"P56_batch2","LOH",0
648,"P56_batch2","PT2",0.0333333333333333
649,"P56_batch2","PT",0.0333333333333333
650,"P56_batch2","stroma2",0.333333333333333
651,"P56_batch2","PT2",0.6
652,"P56_batch2","PT2",0.0333333333333333
653,"P56_batch2","PT2",0
654,"P56_batch2","Endo",0.1
655,"P56_batch2","PT",0.366666666666667
656,"P56_batch2","LOH",0
657,"P56_batch2","Endo",0.3
658,"P56_batch2","LOH",0.0666666666666667
659,"P56_batch2","CNT",0
660,"P56_batch2","CNT",0
661,"P56_batch2","CNT",0.6
662,"P56_batch2","PT",0.6
663,"P56_batch2","LOH",0.266666666666667
664,"P56_batch2","PT_out",0.0333333333333333
665,"P56_batch2","PT",0
666,"P56_batch2","PT",0
667,"P56_batch2","LOH",0.266666666666667
668,"P56_batch2","PT",0
669,"P56_batch2","PT2",0
670,"P56_batch2","PT",0.1
671,"P56_batch2","PT",0
672,"P56_batch2","PT2",0.466666666666667
673,"P56_batch2","PT",0.0666666666666667
674,"P56_batch2","DCT",0
675,"P56_batch2","LOH",0.1
676,"P56_batch2","PT",0
677,"P56_batch2","PT2",0
678,"P56_batch2","PT",0
679,"P56_batch2","LOH",0.133333333333333
680,"P56_batch2","LOH",0.0666666666666667
681,"P56_batch2","PT2",0.666666666666667
682,"P56_batch2","NP_LOH",0.533333333333333
683,"P56_batch2","stroma2",0.1
684,"P56_batch2","PT",0.0666666666666667
685,"P56_batch2","PT",0.5
686,"P56_batch2","stroma2",0
687,"P56_batch2","PT2",0
688,"P56_batch2","PT",0
689,"P56_batch2","Endo",0.3
690,"P56_batch2","stroma2",0.933333333333333
691,"P56_batch2","PT",0.1
692,"P56_batch2","PT",0.766666666666667
693,"P56_batch2","PT",0.633333333333333
694,"P56_batch2","PT",0.666666666666667
695,"P56_batch2","PT2",0.733333333333333
696,"P56_batch2","PT",0.333333333333333
697,"P56_batch2","Endo",0.533333333333333
698,"P56_batch2","DCT",0
699,"P56_batch2","PT2",0.0333333333333333
700,"P56_batch2","PT",0.2
701,"P56_batch2","LOH",0.0666666666666667
702,"P56_batch2","CNT",0
703,"P56_batch2","LOH",0
704,"P56_batch2","PT",0.266666666666667
705,"P56_batch2","IC",0
706,"P56_batch2","immune",0.266666666666667
707,"P56_batch2","PT",0.166666666666667
708,"P56_batch2","PT2",0.0333333333333333
709,"P56_batch2","PT",0
710,"P56_batch2","PT",0.233333333333333
711,"P56_batch2","CNT",0
712,"P56_batch2","DCT",0
713,"P56_batch2","LOH",0.2
714,"P56_batch2","PC",0.0666666666666667
715,"P56_batch2","immune",0
716,"P56_batch2","LOH",0.2
717,"P56_batch2","PT",0.166666666666667
718,"P56_batch2","PT",0
719,"P56_batch2","PC",0.566666666666667
720,"P56_batch2","PT",0.9
721,"P56_batch2","LOH",0.0666666666666667
722,"P56_batch2","PT2",0.0333333333333333
723,"P56_batch2","LOH",0
724,"P56_batch2","PT2",0.366666666666667
725,"P56_batch2","Podo",0.3
726,"P56_batch2","stroma2",0.5
727,"P56_batch2","PT2",0.8
728,"P56_batch2","PT",0.366666666666667
729,"P56_batch2","PT",0.0666666666666667
730,"P56_batch2","PT",0.133333333333333
731,"P56_batch2","PT2",0.366666666666667
732,"P56_batch2","PT",0
733,"P56_batch2","LOH",0.3
734,"P56_batch2","PT",0.566666666666667
735,"P56_batch2","PT2",0.0333333333333333
736,"P56_batch2","DCT",0
737,"P56_batch2","PT",0.0333333333333333
738,"P56_batch2","DCT",0
739,"P56_batch2","PT",0.2
740,"P56_batch2","PT",0.266666666666667
741,"P56_batch2","PT",0
742,"P56_batch2","PT2",0
743,"P56_batch2","PT2",0.7
744,"P56_batch2","CNT",0
745,"P56_batch2","CNT",0.0333333333333333
746,"P56_batch2","PT",0.6
747,"P56_batch2","DCT",0
748,"P56_batch2","PT",0
749,"P56_batch2","DCT",0
750,"P56_batch2","NP_LOH",0.233333333333333
751,"P56_batch2","PT",0.4
752,"P56_batch2","Endo",0.233333333333333
753,"P56_batch2","PT",0.566666666666667
754,"P56_batch2","Endo",0.0333333333333333
755,"P56_batch2","PT",0.5
756,"P56_batch2","Endo",0.633333333333333
757,"P56_batch2","Endo",0.333333333333333
758,"P56_batch2","DCT",0.0333333333333333
759,"P56_batch2","Endo",0.166666666666667
760,"P56_batch2","PC",0.1
761,"P56_batch2","PT2",0.766666666666667
762,"P56_batch2","PT",0.6
763,"P56_batch2","NP_LOH",0.233333333333333
764,"P56_batch2","PT",0
765,"P56_batch2","PT",0
766,"P56_batch2","stroma2",0.733333333333333
767,"P56_batch2","PT",0.0333333333333333
768,"P56_batch2","immune",0.466666666666667
769,"P56_batch2","PT",0.0666666666666667
770,"P56_batch2","PT",0.4
771,"P56_batch2","NP_LOH",0.7
772,"P56_batch2","Endo",0.266666666666667
773,"P56_batch2","stroma2",0.333333333333333
774,"P56_batch2","PT",0.6
775,"P56_batch2","PT2",0.1
776,"P56_batch2","PT",0
777,"P56_batch2","Endo",0.166666666666667
778,"P56_batch2","PT",0.0666666666666667
779,"P56_batch2","LOH",0.233333333333333
780,"P56_batch2","PT2",0.0333333333333333
781,"P56_batch2","LOH",0.0333333333333333
782,"P56_batch2","PT",0.0333333333333333
783,"P56_batch2","IC",0.466666666666667
784,"P56_batch2","PC",0.133333333333333
785,"P56_batch2","IC",0.0666666666666667
786,"P56_batch2","Endo",0.3
787,"P56_batch2","PT",0.0333333333333333
788,"P56_batch2","PC",0.233333333333333
789,"P56_batch2","LOH",0.0333333333333333
790,"P56_batch2","PT",0.133333333333333
791,"P56_batch2","PT2",0
792,"P56_batch2","stroma2",0.166666666666667
793,"P56_batch2","Endo",0.3
794,"P56_batch2","LOH",0.233333333333333
795,"P56_batch2","IC",0.666666666666667
796,"P56_batch2","PT2",0.266666666666667
797,"P56_batch2","PT",0
798,"P56_batch2","Endo",0.0333333333333333
799,"P56_batch2","PT",0.0333333333333333
800,"P56_batch2","stroma2",0.166666666666667
801,"P56_batch2","PT",0
802,"P56_batch2","Endo",0.2
803,"P56_batch2","IC",0.1
804,"P56_batch2","PT",0.1
805,"P56_batch2","IC",0.566666666666667
806,"P56_batch2","NP_LOH",0.466666666666667
807,"P56_batch2","PT",0.1
808,"P56_batch2","PT",0.0333333333333333
809,"P56_batch2","PT",0.866666666666667
810,"P56_batch2","CNT",0.2
811,"P56_batch2","PT",0
812,"P56_batch2","CNT",0.566666666666667
813,"P56_batch2","DCT",0
814,"P56_batch2","LOH",0.0333333333333333
815,"P56_batch2","PT2",0
816,"P56_batch2","PT2",0.233333333333333
817,"P56_batch2","PT",0.0333333333333333
818,"P56_batch2","LOH",0.466666666666667
819,"P56_batch2","PT",0.566666666666667
820,"P56_batch2","DCT",0.8
821,"P56_batch2","DCT",0.0333333333333333
822,"P56_batch2","stroma2",0.166666666666667
823,"P56_batch2","LOH",0.533333333333333
824,"P56_batch2","IC",0.266666666666667
825,"P56_batch2","PT",0.2
826,"P56_batch2","CNT",0
827,"P56_batch2","PT",0
828,"P56_batch2","LOH",0
829,"P56_batch2","PT2",0
830,"P56_batch2","PT",0.633333333333333
831,"P56_batch2","PT",0.0333333333333333
832,"P56_batch2","PT",0.0333333333333333
833,"P56_batch2","PT",0.0666666666666667
834,"P56_batch2","stroma2",0.1
835,"P56_batch2","PT",0.133333333333333
836,"P56_batch2","PC",0.0666666666666667
837,"P56_batch2","PC",0.2
838,"P56_batch2","immune",0.2
839,"P56_batch2","PT",0.4
840,"P56_batch2","Endo",0.233333333333333
841,"P56_batch2","PT",0.633333333333333
842,"P56_batch2","PT",0
843,"P56_batch2","LOH",0
844,"P56_batch2","PT",0
845,"P56_batch2","Endo",0.2
846,"P56_batch2","PT",0.266666666666667
847,"P56_batch2","Endo",0.266666666666667
848,"P56_batch2","stroma2",0.933333333333333
849,"P56_batch2","PT",0.133333333333333
850,"P56_batch2","PC",0.133333333333333
851,"P56_batch2","PT2",0.366666666666667
852,"P56_batch2","PT",0.0333333333333333
853,"P56_batch2","PT2",0
854,"P56_batch2","PT",0
855,"P56_batch2","PT",0.266666666666667
856,"P56_batch2","immune",0.133333333333333
857,"P56_batch2","PT2",0.133333333333333
858,"P56_batch2","PT",0.733333333333333
859,"P56_batch2","PT_out",0.366666666666667
860,"P56_batch2","PT",0.133333333333333
861,"P56_batch2","LOH",0.466666666666667
862,"P56_batch2","PT2",0
863,"P56_batch2","PT_out",0.933333333333333
864,"P56_batch2","PT_out",0.533333333333333
865,"P56_batch2","PT",0.4
866,"P56_batch2","immune",0
867,"P56_batch2","NP_LOH",0.1
868,"P56_batch2","PT",0.0333333333333333
869,"P56_batch2","PT",0.166666666666667
870,"P56_batch2","PT",0.133333333333333
871,"P56_batch2","LOH",0.0333333333333333
872,"P56_batch2","PT",0
873,"P56_batch2","PT2",0.266666666666667
874,"P56_batch2","DCT",0.166666666666667
875,"P56_batch2","LOH",0.0333333333333333
876,"P56_batch2","DCT",0.566666666666667
877,"P56_batch2","stroma1",0
878,"P56_batch2","PT",0.633333333333333
879,"P56_batch2","PT",0.0666666666666667
880,"P56_batch2","DCT",0.5
881,"P56_batch2","Endo",0.266666666666667
882,"P56_batch2","PT",0
883,"P56_batch2","CNT",0
884,"P56_batch2","PT",0.9
885,"P56_batch2","stroma2",0.0666666666666667
886,"P56_batch2","Endo",0.366666666666667
887,"P56_batch2","PT",0.1
888,"P56_batch2","CNT",0
889,"P56_batch2","PT",0
890,"P56_batch2","LOH",0.4
891,"P56_batch2","DCT",0
892,"P56_batch2","LOH",0
893,"P56_batch2","PT2",0.733333333333333
894,"P56_batch2","DCT",0.166666666666667
895,"P56_batch2","PT",0.7
896,"P56_batch2","PT",0.0333333333333333
897,"P56_batch2","PT",0.0333333333333333
898,"P56_batch2","LOH",0.1
899,"P56_batch2","PT",0.5
900,"P56_batch2","PT",0.166666666666667
901,"P56_batch2","PC",0.766666666666667
902,"P56_batch2","LOH",0.3
903,"P56_batch2","PC",0.3
904,"P56_batch2","DCT",0
905,"P56_batch2","PC",0.133333333333333
906,"P56_batch2","PT",0.0666666666666667
907,"P56_batch2","stroma2",0.0666666666666667
908,"P56_batch2","PT",0.0333333333333333
909,"P56_batch2","CNT",0
910,"P56_batch2","PT",0.3
911,"P56_batch2","LOH",0.0333333333333333
912,"P56_batch2","PC",0.0333333333333333
913,"P56_batch2","PT",0
914,"P56_batch2","CNT",0.0666666666666667
915,"P56_batch2","PT",0.0666666666666667
916,"P56_batch2","PT",0.6
917,"P56_batch2","PT2",0.166666666666667
918,"P56_batch2","LOH",0
919,"P56_batch2","LOH",0.0333333333333333
920,"P56_batch2","LOH",0
921,"P56_batch2","PT2",0.566666666666667
922,"P56_batch2","PT2",0.733333333333333
923,"P56_batch2","Endo",0.133333333333333
924,"P56_batch2","PT2",0.633333333333333
925,"P56_batch2","Endo",0.533333333333333
926,"P56_batch2","Endo",0.133333333333333
927,"P56_batch2","PT2",0.733333333333333
928,"P56_batch2","PT2",0.666666666666667
929,"P56_batch2","CNT",0
930,"P56_batch2","LOH",0.0333333333333333
931,"P56_batch2","LOH",0
932,"P56_batch2","LOH",0.0333333333333333
933,"P56_batch2","DCT",0
934,"P56_batch2","PT",0.333333333333333
935,"P56_batch2","PT",0.7
936,"P56_batch2","LOH",0
937,"P56_batch2","DCT",0.0333333333333333
938,"P56_batch2","Endo",0.566666666666667
939,"P56_batch2","PT",0
940,"P56_batch2","CNT",0
941,"P56_batch2","PT",0.166666666666667
942,"P56_batch2","NP_LOH",0.766666666666667
943,"P56_batch2","Endo",0.466666666666667
944,"P56_batch2","LOH",0.0333333333333333
945,"P56_batch2","PT",0.0333333333333333
946,"P56_batch2","PT2",0
947,"P56_batch2","NP_LOH",0.5
948,"P56_batch2","IC",0.766666666666667
949,"P56_batch2","LOH",0
950,"P56_batch2","CNT",0
951,"P56_batch2","stroma2",0.333333333333333
952,"P56_batch2","stroma2",0.2
953,"P56_batch2","PT",0.733333333333333
954,"P56_batch2","LOH",0.266666666666667
955,"P56_batch2","DCT",0
956,"P56_batch2","stroma2",0.0333333333333333
957,"P56_batch2","PT2",0.333333333333333
958,"P56_batch2","PT",0.166666666666667
959,"P56_batch2","PT",0.0333333333333333
960,"P56_batch2","Endo",0.166666666666667
961,"P56_batch2","PT",0.0666666666666667
962,"P56_batch2","LOH",0.166666666666667
963,"P56_batch2","DCT",0
964,"P56_batch2","PT",0.133333333333333
965,"P56_batch2","CNT",0.5
966,"P56_batch2","PT_out",0.0333333333333333
967,"P56_batch2","PT",0.133333333333333
968,"P56_batch2","PT",0.133333333333333
969,"P56_batch2","PT2",0.7
970,"P56_batch2","Endo",0.366666666666667
971,"P56_batch2","DCT",0
972,"P56_batch2","CNT",0
973,"P56_batch2","CNT",0
974,"P56_batch2","PT",0.0666666666666667
975,"P56_batch2","stroma2",0.6
976,"P56_batch2","PT",0.4
977,"P56_batch2","PT2",0.7
978,"P56_batch2","PT",0.0333333333333333
979,"P56_batch2","IC",0.1
980,"P56_batch2","Endo",0.0666666666666667
981,"P56_batch2","PT2",0.233333333333333
982,"P56_batch2","stroma1",0.6
983,"P56_batch2","PT2",0
984,"P56_batch2","DCT",0
985,"P56_batch2","PT",0.433333333333333
986,"P56_batch2","DCT",0
987,"P56_batch2","PT",0.333333333333333
988,"P56_batch2","stroma1",0.533333333333333
989,"P56_batch2","LOH",0.466666666666667
990,"P56_batch2","PT",0
991,"P56_batch2","LOH",0.0333333333333333
992,"P56_batch2","PT",0
993,"P56_batch2","PT",0
994,"P56_batch2","LOH",0.466666666666667
995,"P56_batch2","PT",0.666666666666667
996,"P56_batch2","stroma1",0.5
997,"P56_batch2","PT2",0.0333333333333333
998,"P56_batch2","PT",0.0333333333333333
999,"P56_batch2","LOH",0.1
1000,"P56_batch2","Endo",0.533333333333333
1001,"P56_batch2","PT",0.166666666666667
1002,"P56_batch2","PT2",0.2
1003,"P56_batch2","LOH",0
1004,"P56_batch2","Endo",0.7
1005,"P56_batch2","PC",0.633333333333333
1006,"P56_batch2","LOH",0.133333333333333
1007,"P56_batch2","Endo",0.733333333333333
1008,"P56_batch2","LOH",0.133333333333333
1009,"P56_batch2","PT2",0
1010,"P56_batch2","PT2",0
1011,"P56_batch2","PT",0
1012,"P56_batch2","stroma1",0.766666666666667
1013,"P56_batch2","NP_LOH",0.166666666666667
1014,"P56_batch2","DCT",0.4
1015,"P56_batch2","PT",0.8
1016,"P56_batch2","DCT",0
1017,"P56_batch2","PT",0.666666666666667
1018,"P56_batch2","PT",0.0666666666666667
1019,"P56_batch2","DCT",0
1020,"P56_batch2","PT2",1
1021,"P56_batch2","LOH",0
1022,"P56_batch2","stroma2",0.666666666666667
1023,"P56_batch2","LOH",0.266666666666667
1024,"P56_batch2","PT2",0
1025,"P56_batch2","LOH",0
1026,"P56_batch2","PT",0.9
1027,"P56_batch2","PT2",0.1
1028,"P56_batch2","PT",0.7
1029,"P56_batch2","PT_out",0
1030,"P56_batch2","NP_LOH",0.466666666666667
1031,"P56_batch2","stroma2",0
1032,"P56_batch2","stroma2",0.733333333333333
1033,"P56_batch2","immune",0.1
1034,"P56_batch2","PT_out",0.4
1035,"P56_batch2","PT",0
1036,"P56_batch2","PT_out",0.666666666666667
1037,"P56_batch2","PT_out",0.0333333333333333
1038,"P56_batch2","stroma2",0.333333333333333
1039,"P56_batch2","stroma2",0.433333333333333
1040,"P56_batch2","LOH",0.1
1041,"P56_batch2","Endo",0.333333333333333
1042,"P56_batch2","PT",0.5
1043,"P56_batch2","stroma1",0.2
1044,"P56_batch2","CNT",0.6
1045,"P56_batch2","LOH",0.0333333333333333
1046,"P56_batch2","PT",0.266666666666667
1047,"P56_batch2","PT",0.966666666666667
1048,"P56_batch2","DCT",0
1049,"P56_batch2","PT2",0.0333333333333333
1050,"P56_batch2","PT",0
1051,"P56_batch2","DCT",0
1052,"P56_batch2","stroma2",0.0666666666666667
1053,"P56_batch2","PT2",0
1054,"P56_batch2","IC",0.0333333333333333
1055,"P56_batch2","PT",0.0666666666666667
1056,"P56_batch2","PT",0.133333333333333
1057,"P56_batch2","PT",0.166666666666667
1058,"P56_batch2","PT",0.0333333333333333
1059,"P56_batch2","PT",0.0333333333333333
1060,"P56_batch2","PT",0
1061,"P56_batch2","PT",0
1062,"P56_batch2","PT_out",0
1063,"P56_batch2","PT",0
1064,"P56_batch2","PT",0.333333333333333
1065,"P56_batch2","PT2",0
1066,"P56_batch2","PC",0.0666666666666667
1067,"P56_batch2","DCT",0
1068,"P56_batch2","PT2",0
1069,"P56_batch2","PT",0.266666666666667
1070,"P56_batch2","DCT",0
1071,"P56_batch2","stroma2",0.533333333333333
1072,"P56_batch2","stroma2",0.733333333333333
1073,"P56_batch2","PT_out",0.166666666666667
1074,"P56_batch2","CNT",0.1
1075,"P56_batch2","DCT",0.2
1076,"P56_batch2","DCT",0
1077,"P56_batch2","LOH",0
1078,"P56_batch2","PT",0.1
1079,"P56_batch2","PC",0
1080,"P56_batch2","LOH",1
1081,"P56_batch2","PT2",0.466666666666667
1082,"P56_batch2","PT",0.0333333333333333
1083,"P56_batch2","PT",0.433333333333333
1084,"P56_batch2","PT",0.0666666666666667
1085,"P56_batch2","LOH",0.0666666666666667
1086,"P56_batch2","LOH",0
1087,"P56_batch2","PT",0
1088,"P56_batch2","PT",0.0333333333333333
1089,"P56_batch2","PT",0.233333333333333
1090,"P56_batch2","PT",0.0333333333333333
1091,"P56_batch2","PT2",0
1092,"P56_batch2","PT2",0
1093,"P56_batch2","PT",0.166666666666667
1094,"P56_batch2","PT",0.0333333333333333
1095,"P56_batch2","stroma2",0.2
1096,"P56_batch2","LOH",0.1
1097,"P56_batch2","NP",0.7
1098,"P56_batch2","DCT",0.766666666666667
1099,"P56_batch2","PT",0.133333333333333
1100,"P56_batch2","PT",0
1101,"P56_batch2","CNT",0.0333333333333333
1102,"P56_batch2","PT",0
1103,"P56_batch2","LOH",0.866666666666667
1104,"P56_batch2","IC",0.0333333333333333
1105,"P56_batch2","IC",0.666666666666667
1106,"P56_batch2","PT",0
1107,"P56_batch2","PT",0.2
1108,"P56_batch2","PT",0.666666666666667
1109,"P56_batch2","PT2",0.566666666666667
1110,"P56_batch2","PT2",0.533333333333333
1111,"P56_batch2","PT",0.0666666666666667
1112,"P56_batch2","PT",0.0333333333333333
1113,"P56_batch2","PT",0
1114,"P56_batch2","LOH",0.766666666666667
1115,"P56_batch2","LOH",0
1116,"P56_batch2","PT",0
1117,"P56_batch2","PT",0.766666666666667
1118,"P56_batch2","PT",0.2
1119,"P56_batch2","Podo",0.8
1120,"P56_batch2","immune",0.8
1121,"P56_batch2","LOH",0.0333333333333333
1122,"P56_batch2","IC",0.1
1123,"P56_batch2","Endo",0.633333333333333
1124,"P56_batch2","stroma1",0.2
1125,"P56_batch2","PT",0.266666666666667
1126,"P56_batch2","PC",0.1
1127,"P56_batch2","DCT",0.166666666666667
1128,"P56_batch2","PT2",0.533333333333333
1129,"P56_batch2","CNT",0
1130,"P56_batch2","PC",0.133333333333333
1131,"P56_batch2","Endo",0.566666666666667
1132,"P56_batch2","PT",0.133333333333333
1133,"P56_batch2","PT",0
1134,"P56_batch2","PT",0.2
1135,"P56_batch2","PT",0.3
1136,"P56_batch2","immune",0.6
1137,"P56_batch2","stroma2",0.0666666666666667
1138,"P56_batch2","PC",0.1
1139,"P56_batch2","IC",0.7
1140,"P56_batch2","stroma2",0.1
1141,"P56_batch2","LOH",0.0333333333333333
1142,"P56_batch2","CNT",0.0333333333333333
1143,"P56_batch2","CNT",0
1144,"P56_batch2","PT",0
1145,"P56_batch2","LOH",0.0333333333333333
1146,"P56_batch2","PT",0.1
1147,"P56_batch2","PT2",0.466666666666667
1148,"P56_batch2","PT2",0
1149,"P56_batch2","LOH",0
1150,"P56_batch2","PT",0.0333333333333333
1151,"P56_batch2","stroma2",0.0333333333333333
1152,"P56_batch2","LOH",0.7
1153,"P56_batch2","LOH",0
1154,"P56_batch2","PT2",0.866666666666667
1155,"P56_batch2","LOH",0.166666666666667
1156,"P56_batch2","Endo",0.533333333333333
1157,"P56_batch2","LOH",0.0333333333333333
1158,"P56_batch2","PT",0.0333333333333333
1159,"P56_batch2","stroma2",0.433333333333333
1160,"P56_batch2","LOH",0.2
1161,"P56_batch2","NP_LOH",0.3
1162,"P56_batch2","PT2",0
1163,"P56_batch2","immune",0.333333333333333
1164,"P56_batch2","LOH",0.166666666666667
1165,"P56_batch2","PT",0.0333333333333333
1166,"P56_batch2","PT2",0
1167,"P56_batch2","PT2",0.2
1168,"P56_batch2","LOH",0
1169,"P56_batch2","PT",0.1
1170,"P56_batch2","Podo",0.233333333333333
1171,"P56_batch2","PT2",0
1172,"P56_batch2","NP",0.633333333333333
1173,"P56_batch2","PT",0.366666666666667
1174,"P56_batch2","Endo",0.733333333333333
1175,"P56_batch2","Endo",0.466666666666667
1176,"P56_batch2","PT2",0.0333333333333333
1177,"P56_batch2","LOH",0.166666666666667
1178,"P56_batch2","PT",0.2
1179,"P56_batch2","PT2",0
1180,"P56_batch2","PT",0.133333333333333
1181,"P56_batch2","Endo",0.633333333333333
1182,"P56_batch2","DCT",0
1183,"P56_batch2","LOH",0.1
1184,"P56_batch2","LOH",0.566666666666667
1185,"P56_batch2","PC",0.0333333333333333
1186,"P56_batch2","PT",0.0666666666666667
1187,"P56_batch2","LOH",0.133333333333333
1188,"P56_batch2","PT",0.1
1189,"P56_batch2","LOH",0.333333333333333
1190,"P56_batch2","DCT",0.0333333333333333
1191,"P56_batch2","PT",0.133333333333333
1192,"P56_batch2","PT",0.633333333333333
1193,"P56_batch2","PT",0.933333333333333
1194,"P56_batch2","PT_out",0.9
1195,"P56_batch2","PT",0.9
1196,"P56_batch2","PT",0.0333333333333333
1197,"P56_batch2","PT",0.1
1198,"P56_batch2","PT",0.3
1199,"P56_batch2","DCT",0.0333333333333333
1200,"P56_batch2","PT_out",0.9
1201,"P56_batch2","stroma2",0.266666666666667
1202,"P56_batch2","PT2",0.2
1203,"P56_batch2","PT",0
1204,"P56_batch2","IC",0.0333333333333333
1205,"P56_batch2","IC",0.4
1206,"P56_batch2","PT2",0.2
1207,"P56_batch2","PT",0.5
1208,"P56_batch2","PT",0
1209,"P56_batch2","PT",0.666666666666667
1210,"P56_batch2","PT",0.1
1211,"P56_batch2","DCT",0
1212,"P56_batch2","LOH",0.666666666666667
1213,"P56_batch2","DCT",0.133333333333333
1214,"P56_batch2","Endo",0.633333333333333
1215,"P56_batch2","PT",0.1
1216,"P56_batch2","PT",0.133333333333333
1217,"P56_batch2","PT",0.566666666666667
1218,"P56_batch2","PT",0.133333333333333
1219,"P56_batch2","Podo",0.166666666666667
1220,"P56_batch2","Endo",0.3
1221,"P56_batch2","PT2",0
1222,"P56_batch2","Endo",0.133333333333333
1223,"P56_batch2","LOH",0.4
1224,"P56_batch2","PT",0.0666666666666667
1225,"P56_batch2","PT",0.0333333333333333
1226,"P56_batch2","PT",0.466666666666667
1227,"P56_batch2","IC",0.0333333333333333
1228,"P56_batch2","PT",0.366666666666667
1229,"P56_batch2","IC",0.0666666666666667
1230,"P56_batch2","PT",0.0666666666666667
1231,"P56_batch2","LOH",0.0333333333333333
1232,"P56_batch2","LOH",0
1233,"P56_batch2","PT2",0.3
1234,"P56_batch2","LOH",0.0333333333333333
1235,"P56_batch2","CNT",0
1236,"P56_batch2","PT",0.233333333333333
1237,"P56_batch2","PT",0.4
1238,"P56_batch2","PT",0
1239,"P56_batch2","PT",0.233333333333333
1240,"P56_batch2","PT2",0
1241,"P56_batch2","PT2",0
1242,"P56_batch2","LOH",0.2
1243,"P56_batch2","PT",0
1244,"P56_batch2","stroma2",0.433333333333333
1245,"P56_batch2","CNT",0
1246,"P56_batch2","LOH",0.0666666666666667
1247,"P56_batch2","PT2",0
1248,"P56_batch2","PC",0
1249,"P56_batch2","IC",0.833333333333333
1250,"P56_batch2","PT2",0
1251,"P56_batch2","DCT",0.233333333333333
1252,"P56_batch2","PT",0.0333333333333333
1253,"P56_batch2","DCT",0
1254,"P56_batch2","IC",0.0666666666666667
1255,"P56_batch2","LOH",0.0333333333333333
1256,"P56_batch2","PT",0.433333333333333
1257,"P56_batch2","PT",0.0333333333333333
1258,"P56_batch2","NP_LOH",0.566666666666667
1259,"P56_batch2","PT",0.0333333333333333
1260,"P56_batch2","LOH",0
1261,"P56_batch2","PT_out",0.0333333333333333
1262,"P56_batch2","Endo",0.266666666666667
1263,"P56_batch2","stroma2",0.466666666666667
1264,"P56_batch2","LOH",0.133333333333333
1265,"P56_batch2","Podo",0.533333333333333
1266,"P56_batch2","PT",0.2
1267,"P56_batch2","Endo",0.1
1268,"P56_batch2","PT",0.566666666666667
1269,"P56_batch2","Endo",0.0666666666666667
1270,"P56_batch2","PC",0.3
1271,"P56_batch2","PT",0.366666666666667
1272,"P56_batch2","PT",0.1
1273,"P56_batch2","PT2",0.533333333333333
1274,"P56_batch2","LOH",0
1275,"P56_batch2","PT",0
1276,"P56_batch2","Endo",0.433333333333333
1277,"P56_batch2","LOH",0.0333333333333333
1278,"P56_batch2","PT",0
1279,"P56_batch2","LOH",0.866666666666667
1280,"P56_batch2","PT",0.233333333333333
1281,"P56_batch2","PT2",0.866666666666667
1282,"P56_batch2","LOH",0.0666666666666667
1283,"P56_batch2","IC",0.1
1284,"P56_batch2","immune",0.133333333333333
1285,"P56_batch2","PT",0.1
1286,"P56_batch2","NP_LOH",0.366666666666667
1287,"P56_batch2","immune",0.366666666666667
1288,"P56_batch2","PT",0.1
1289,"P56_batch2","DCT",0
1290,"P56_batch2","LOH",0.0333333333333333
1291,"P56_batch2","LOH",0
1292,"P56_batch2","PT",0.233333333333333
1293,"P56_batch2","PT",0.0333333333333333
1294,"P56_batch2","CNT",0
1295,"P56_batch2","PT",0
1296,"P56_batch2","PT",0.933333333333333
1297,"P56_batch2","PT",0.0333333333333333
1298,"P56_batch2","PT",0.4
1299,"P56_batch2","DCT",0.0333333333333333
1300,"P56_batch2","PT_out",0.0666666666666667
1301,"P56_batch2","PT",0
1302,"P56_batch2","IC",0.0333333333333333
1303,"P56_batch2","PT",0.2
1304,"P56_batch2","LOH",0.133333333333333
1305,"P56_batch2","PT",0.166666666666667
1306,"P56_batch2","PT",0
1307,"P56_batch2","PT2",0
1308,"P56_batch2","DCT",0.0333333333333333
1309,"P56_batch2","NP",0.333333333333333
1310,"P56_batch2","PT",0.4
1311,"P56_batch2","PT",0
1312,"P56_batch2","immune",0.2
1313,"P56_batch2","DCT",0
1314,"P56_batch2","PC",0.633333333333333
1315,"P56_batch2","immune",0.5
1316,"P56_batch2","PT2",0.733333333333333
1317,"P56_batch2","DCT",0
1318,"P56_batch2","PT",0.233333333333333
1319,"P56_batch2","Endo",0.466666666666667
1320,"P56_batch2","PT2",0.133333333333333
1321,"P56_batch2","Endo",0.233333333333333
1322,"P56_batch2","NP",0.633333333333333
1323,"P56_batch2","PT",0
1324,"P56_batch2","DCT",0.0333333333333333
1325,"P56_batch2","PT2",0.833333333333333
1326,"P56_batch2","Endo",0.3
1327,"P56_batch2","PT",0
1328,"P56_batch2","stroma2",0.1
1329,"P56_batch2","PT2",0
1330,"P56_batch2","PT",0.933333333333333
1331,"P56_batch2","DCT",0.0333333333333333
1332,"P56_batch2","PT2",0
1333,"P56_batch2","stroma1",0.8
1334,"P56_batch2","LOH",0.8
1335,"P56_batch2","DCT",0.133333333333333
1336,"P56_batch2","CNT",0.0333333333333333
1337,"P56_batch2","DCT",0.0333333333333333
1338,"P56_batch2","PT",0.833333333333333
1339,"P56_batch2","IC",0.8
1340,"P56_batch2","CNT",0.7
1341,"P56_batch2","PT",0.0666666666666667
1342,"P56_batch2","PT2",0.0333333333333333
1343,"P56_batch2","PT",0.0333333333333333
1344,"P56_batch2","LOH",0.233333333333333
1345,"P56_batch2","PT2",0
1346,"P56_batch2","PT",0.4
1347,"P56_batch2","immune",0.266666666666667
1348,"P56_batch2","stroma2",0.266666666666667
1349,"P56_batch2","PT",0.2
1350,"P56_batch2","PT",0
1351,"P56_batch2","PT",0
1352,"P56_batch2","DCT",0.133333333333333
1353,"P56_batch2","PT",0.0666666666666667
1354,"P56_batch2","PT",0.666666666666667
1355,"P56_batch2","DCT",0.4
1356,"P56_batch2","CNT",0
1357,"P56_batch2","Podo",0.233333333333333
1358,"P56_batch2","PT",0.3
1359,"P56_batch2","PC",0.0666666666666667
1360,"P56_batch2","Endo",0.2
1361,"P56_batch2","LOH",0
1362,"P56_batch2","PT",0.0666666666666667
1363,"P56_batch2","stroma2",0.333333333333333
1364,"P56_batch2","PT",0.166666666666667
1365,"P56_batch2","PT",0.0666666666666667
1366,"P56_batch2","PT",0.3
1367,"P56_batch2","PT2",0
1368,"P56_batch2","PT2",0
1369,"P56_batch2","PT",0.2
1370,"P56_batch2","Endo",0.2
1371,"P56_batch2","PT",0.933333333333333
1372,"P56_batch2","LOH",0
1373,"P56_batch2","LOH",0
1374,"P56_batch2","immune",0.166666666666667
1375,"P56_batch2","PT",0.0333333333333333
1376,"P56_batch2","PT2",0
1377,"P56_batch2","Endo",0.2
1378,"P56_batch2","stroma2",0.0666666666666667
1379,"P56_batch2","stroma2",0.2
1380,"P56_batch2","PC",0.266666666666667
1381,"P56_batch2","CNT",0.0333333333333333
1382,"P56_batch2","PT",0
1383,"P56_batch2","CNT",0.166666666666667
1384,"P56_batch2","PT2",0.0333333333333333
1385,"P56_batch2","PT_out",0.566666666666667
1386,"P56_batch2","PT",0.0333333333333333
1387,"P56_batch2","PT",0
1388,"P56_batch2","PT_out",0.7
1389,"P56_batch2","PC",0.133333333333333
1390,"P56_batch2","DCT",0
1391,"P56_batch2","Podo",0.366666666666667
1392,"P56_batch2","LOH",0.333333333333333
1393,"P56_batch2","PT",0.0333333333333333
1394,"P56_batch2","PT",0.133333333333333
1395,"P56_batch2","LOH",0
1396,"P56_batch2","PT",0
1397,"P56_batch2","PT",0.0333333333333333
1398,"P56_batch2","PT",0.7
1399,"P56_batch2","IC",0.7
1400,"P56_batch2","PT",0.1
1401,"P56_batch2","IC",0.733333333333333
1402,"P56_batch2","PT",0.0666666666666667
1403,"P56_batch2","PT",0.2
1404,"P56_batch2","stroma2",0.166666666666667
1405,"P56_batch2","Podo",0.2
1406,"P56_batch2","PT_out",0.666666666666667
1407,"P56_batch2","PT",0.0666666666666667
1408,"P56_batch2","DCT",0
1409,"P56_batch2","stroma2",0.133333333333333
1410,"P56_batch2","PT",0
1411,"P56_batch2","PT2",0
1412,"P56_batch2","PT2",0
1413,"P56_batch2","stroma1",0.2
1414,"P56_batch2","LOH",0.2
1415,"P56_batch2","immune",0
1416,"P56_batch2","PT",0.133333333333333
1417,"P56_batch2","PT",0.1
1418,"P56_batch2","PT2",0
1419,"P56_batch2","PT",0.0333333333333333
1420,"P56_batch2","immune",0.333333333333333
1421,"P56_batch2","IC",0.633333333333333
1422,"P56_batch2","DCT",0
1423,"P56_batch2","CNT",0
1424,"P56_batch2","PT",0.0666666666666667
1425,"P56_batch2","PT",0.433333333333333
1426,"P56_batch2","PT",0.133333333333333
1427,"P56_batch2","stroma2",0.266666666666667
1428,"P56_batch2","IC",0
1429,"P56_batch2","IC",0.9
1430,"P56_batch2","PT",0.1
1431,"P56_batch2","PT",0.6
1432,"P56_batch2","LOH",0
1433,"P56_batch2","PT2",0
1434,"P56_batch2","CNT",0
1435,"P56_batch2","PT",0.0333333333333333
1436,"P56_batch2","NP_LOH",0.366666666666667
1437,"P56_batch2","LOH",0.0333333333333333
1438,"P56_batch2","Endo",0.133333333333333
1439,"P56_batch2","stroma2",0.766666666666667
1440,"P56_batch2","DCT",0.1
1441,"P56_batch2","PT",0.233333333333333
1442,"P56_batch2","PT",0.1
1443,"P56_batch2","PT",0.533333333333333
1444,"P56_batch2","PT",0.0333333333333333
1445,"P56_batch2","PT2",0
1446,"P56_batch2","PT",0.433333333333333
1447,"P56_batch2","PT",0.266666666666667
1448,"P56_batch2","LOH",0.0666666666666667
1449,"P56_batch2","LOH",0.866666666666667
1450,"P56_batch2","NP",0.166666666666667
1451,"P56_batch2","PT",0.0333333333333333
1452,"P56_batch2","LOH",0.466666666666667
1453,"P56_batch2","LOH",0.2
1454,"P56_batch2","PT_out",0.833333333333333
1455,"P56_batch2","PT2",0.733333333333333
1456,"P56_batch2","PT",0.166666666666667
1457,"P56_batch2","IC",0
1458,"P56_batch2","PT",0.2
1459,"P56_batch2","PT",0.0333333333333333
1460,"P56_batch2","immune",0.5
1461,"P56_batch2","DCT",0.2
1462,"P56_batch2","NP_LOH",0.733333333333333
1463,"P56_batch2","PT",0.0333333333333333
1464,"P56_batch2","PT",0.166666666666667
1465,"P56_batch2","PT2",0.333333333333333
1466,"P56_batch2","stroma2",0.0666666666666667
1467,"P56_batch2","immune",0.0333333333333333
1468,"P56_batch2","PT",0
1469,"P56_batch2","PT2",0
1470,"P56_batch2","LOH",0.0666666666666667
1471,"P56_batch2","PT_out",1
1472,"P56_batch2","PT",0.0333333333333333
1473,"P56_batch2","Endo",0.166666666666667
1474,"P56_batch2","LOH",0.0666666666666667
1475,"P56_batch2","PT",0
1476,"P56_batch2","PT",0.166666666666667
1477,"P56_batch2","CNT",0
1478,"P56_batch2","PT2",0
1479,"P56_batch2","PT",0
1480,"P56_batch2","PT",0.166666666666667
1481,"P56_batch2","PT2",0
1482,"P56_batch2","PT",0.166666666666667
1483,"P56_batch2","PT",0
1484,"P56_batch2","PT2",0.0666666666666667
1485,"P56_batch2","PT",0
1486,"P56_batch2","PT2",0.866666666666667
1487,"P56_batch2","stroma1",0.6
1488,"P56_batch2","DCT",0
1489,"P56_batch2","CNT",0.0333333333333333
1490,"P56_batch2","PT2",0
1491,"P56_batch2","LOH",0.0666666666666667
1492,"P56_batch2","PT",0.6
1493,"P56_batch2","PT2",0.766666666666667
1494,"P56_batch2","CNT",0.533333333333333
1495,"P56_batch2","stroma2",0.9
1496,"P56_batch2","DCT",0.0666666666666667
1497,"P56_batch2","immune",0.5
1498,"P56_batch2","LOH",0
1499,"P56_batch2","PT",0.0666666666666667
1500,"P56_batch2","immune",0.433333333333333
1501,"P56_batch2","PT2",0
1502,"P56_batch2","stroma2",0.233333333333333
1503,"P56_batch2","PC",0.1
1504,"P56_batch2","PT",0.1
1505,"P56_batch2","LOH",0.0666666666666667
1506,"P56_batch2","LOH",0
1507,"P56_batch2","Endo",0
1508,"P56_batch2","DCT",0
1509,"P56_batch2","IC",0.0333333333333333
1510,"P56_batch2","PT",0.0666666666666667
1511,"P56_batch2","PT",0.1
1512,"P56_batch2","PT",0.5
1513,"P56_batch2","PT2",0
1514,"P56_batch2","LOH",0
1515,"P56_batch2","NP_LOH",0.8
1516,"P56_batch2","DCT",0.0333333333333333
1517,"P56_batch2","DCT",0
1518,"P56_batch2","PT",0.133333333333333
1519,"P56_batch2","PT",0.1
1520,"P56_batch2","PT",0.0666666666666667
1521,"P56_batch2","immune",0.633333333333333
1522,"P56_batch2","stroma2",0.333333333333333
1523,"P56_batch2","PT",0
1524,"P56_batch2","IC",0.0333333333333333
1525,"P56_batch2","DCT",0
1526,"P56_batch2","PT",0.0666666666666667
1527,"P56_batch2","stroma2",0.166666666666667
1528,"P56_batch2","IC",0
1529,"P56_batch2","PT",0.1
1530,"P56_batch2","PT",0.0333333333333333
1531,"P56_batch2","PT",0.7
1532,"P56_batch2","LOH",0
1533,"P56_batch2","DCT",0
1534,"P56_batch2","LOH",0.0333333333333333
1535,"P56_batch2","PT2",0
1536,"P56_batch2","PT",0.766666666666667
1537,"P56_batch2","PT",0.0666666666666667
1538,"P56_batch2","PT",0.366666666666667
1539,"P56_batch2","PT",0.233333333333333
1540,"P56_batch2","PT",0.2
1541,"P56_batch2","PT_out",0.166666666666667
1542,"P56_batch2","PC",0.8
1543,"P56_batch2","stroma2",0.1
1544,"P56_batch2","PT",0.8
1545,"P56_batch2","PT_out",0.833333333333333
1546,"P56_batch2","CNT",0
1547,"P56_batch2","IC",0.166666666666667
1548,"P56_batch2","PT",0.766666666666667
1549,"P56_batch2","PT",0
1550,"P56_batch2","Endo",0.533333333333333
1551,"P56_batch2","LOH",0.766666666666667
1552,"P56_batch2","PT",0.0666666666666667
1553,"P56_batch2","PT2",0.966666666666667
1554,"P56_batch2","PT",0.166666666666667
1555,"P56_batch2","stroma2",0.5
1556,"P56_batch2","LOH",0.0666666666666667
1557,"P56_batch2","PT",0.133333333333333
1558,"P56_batch2","PT2",0.566666666666667
1559,"P56_batch2","DCT",0.0666666666666667
1560,"P56_batch2","PT",0.2
1561,"P56_batch2","PT",0.1
1562,"P56_batch2","PT",0.766666666666667
1563,"P56_batch2","stroma2",0
1564,"P56_batch2","stroma2",0.3
1565,"P56_batch2","DCT",0.0333333333333333
1566,"P56_batch2","Endo",0.0666666666666667
1567,"P56_batch2","CNT",0
1568,"P56_batch2","DCT",0
1569,"P56_batch2","PT",0.0333333333333333
1570,"P56_batch2","Endo",0.133333333333333
1571,"P56_batch2","LOH",0.366666666666667
1572,"P56_batch2","PT",0.366666666666667
1573,"P56_batch2","PT",0
1574,"P56_batch2","PT",0.0666666666666667
1575,"P56_batch2","stroma2",0.2
1576,"P56_batch2","PT2",0.866666666666667
1577,"P56_batch2","LOH",0.1
1578,"P56_batch2","stroma2",0.533333333333333
1579,"P56_batch2","PT2",0.433333333333333
1580,"P56_batch2","PT",0.0666666666666667
1581,"P56_batch2","PT",0.0666666666666667
1582,"P56_batch2","LOH",0.0333333333333333
1583,"P56_batch2","stroma2",0.933333333333333
1584,"P56_batch2","PT",0.433333333333333
1585,"P56_batch2","IC",0.0333333333333333
1586,"P56_batch2","PT2",0
1587,"P56_batch2","LOH",0
1588,"P56_batch2","PT",0.0666666666666667
1589,"P56_batch2","PT",0.1
1590,"P56_batch2","PC",0.1
1591,"P56_batch2","LOH",0
1592,"P56_batch2","stroma1",0.366666666666667
1593,"P56_batch2","PT",0.4
1594,"P56_batch2","PT",0.566666666666667
1595,"P56_batch2","PT2",0.166666666666667
1596,"P56_batch2","PT2",0.1
1597,"P56_batch2","PT2",0
1598,"P56_batch2","PT2",0.366666666666667
1599,"P56_batch2","immune",0.833333333333333
1600,"P56_batch2","PT2",0.766666666666667
1601,"P56_batch2","NP",0.733333333333333
1602,"P56_batch2","LOH",0.0333333333333333
1603,"P56_batch2","stroma2",0.933333333333333
1604,"P56_batch2","LOH",0
1605,"P56_batch2","PT",0
1606,"P56_batch2","LOH",0
1607,"P56_batch2","stroma2",0.0333333333333333
1608,"P56_batch2","PT_out",0.0666666666666667
1609,"P56_batch2","PT2",0
1610,"P56_batch2","PT2",0
1611,"P56_batch2","PC",0.166666666666667
1612,"P56_batch2","stroma2",0.0333333333333333
1613,"P56_batch2","PT",0
1614,"P56_batch2","PT",0.0333333333333333
1615,"P56_batch2","PT",0.0333333333333333
1616,"P56_batch2","Endo",0.0666666666666667
1617,"P56_batch2","PT",0.133333333333333
1618,"P56_batch2","PT2",0.1
1619,"P56_batch2","DCT",0
1620,"P56_batch2","PT",0
1621,"P56_batch2","PT",0.166666666666667
1622,"P56_batch2","CNT",0
1623,"P56_batch2","stroma1",0.1
1624,"P56_batch2","PT",0.2
1625,"P56_batch2","PT2",0.1
1626,"P56_batch2","PT2",0
1627,"P56_batch2","PT",0.0666666666666667
1628,"P56_batch2","CNT",0
1629,"P56_batch2","Endo",0.833333333333333
1630,"P56_batch2","NP_LOH",0.1
1631,"P56_batch2","LOH",0.1
1632,"P56_batch2","DCT",0
1633,"P56_batch2","PT",0.8
1634,"P56_batch2","LOH",0.0333333333333333
1635,"P56_batch2","DCT",0
1636,"P56_batch2","CNT",0.7
1637,"P56_batch2","DCT",0
1638,"P56_batch2","DCT",0
1639,"P56_batch2","PT",0.0333333333333333
1640,"P56_batch2","LOH",0.266666666666667
1641,"P56_batch2","PC",0.0333333333333333
1642,"P56_batch2","PT2",0
1643,"P56_batch2","PT",0
1644,"P56_batch2","stroma2",0.2
1645,"P56_batch2","NP",0.366666666666667
1646,"P56_batch2","PT",0
1647,"P56_batch2","PT",0.1
1648,"P56_batch2","DCT",0
1649,"P56_batch2","PT",0.333333333333333
1650,"P56_batch2","PT2",0.166666666666667
1651,"P56_batch2","PT2",0.2
1652,"P56_batch2","PT",0.166666666666667
1653,"P56_batch2","PT2",0.366666666666667
1654,"P56_batch2","PT2",0.633333333333333
1655,"P56_batch2","LOH",0.0666666666666667
1656,"P56_batch2","PC",0.566666666666667
1657,"P56_batch2","PT2",0
1658,"P56_batch2","Endo",0.1
1659,"P56_batch2","PT",0
1660,"P56_batch2","DCT",0.0333333333333333
1661,"P56_batch2","Endo",0.266666666666667
1662,"P56_batch2","DCT",0.0333333333333333
1663,"P56_batch2","LOH",0.3
1664,"P56_batch2","PT2",0
1665,"P56_batch2","CNT",0
1666,"P56_batch2","Endo",0.133333333333333
1667,"P56_batch2","Endo",0.566666666666667
1668,"P56_batch2","CNT",0.0333333333333333
1669,"P56_batch2","PT2",0.0333333333333333
1670,"P56_batch2","PT",0.0666666666666667
1671,"P56_batch2","PC",0.0666666666666667
1672,"P56_batch2","LOH",0.0666666666666667
1673,"P56_batch2","PT",0.7
1674,"P56_batch2","LOH",0.0333333333333333
1675,"P56_batch2","PT2",0
1676,"P56_batch2","NP",0.2
1677,"P56_batch2","stroma2",0.166666666666667
1678,"P56_batch2","IC",0.0333333333333333
1679,"P56_batch2","stroma2",0.1
1680,"P56_batch2","PT",0.0333333333333333
1681,"P56_batch2","PT2",0
1682,"P56_batch2","IC",0
1683,"P56_batch2","PT",0.5
1684,"P56_batch2","PT2",0
1685,"P56_batch2","Endo",0.166666666666667
1686,"P56_batch2","PT",0.833333333333333
1687,"P56_batch2","PT_out",0.0333333333333333
1688,"P56_batch2","PT",0.5
1689,"P56_batch2","PT",0
1690,"P56_batch2","PT",0.0333333333333333
1691,"P56_batch2","PT",0
1692,"P56_batch2","DCT",0
1693,"P56_batch2","CNT",0
1694,"P56_batch2","LOH",0.166666666666667
1695,"P56_batch2","Endo",0.3
1696,"P56_batch2","IC",0.866666666666667
1697,"P56_batch2","stroma2",0.7
1698,"P56_batch2","PT",0.633333333333333
1699,"P56_batch2","PT",0.0333333333333333
1700,"P56_batch2","stroma1",0.133333333333333
1701,"P56_batch2","PT",0.266666666666667
1702,"P56_batch2","PT",0.333333333333333
1703,"P56_batch2","PT2",0
1704,"P56_batch2","PT",0.7
1705,"P56_batch2","PT",0.166666666666667
1706,"P56_batch2","PT",0.466666666666667
1707,"P56_batch2","PT",0
1708,"P56_batch2","immune",0.3
1709,"P56_batch2","PT",0
1710,"P56_batch2","PT",0.0333333333333333
1711,"P56_batch2","PT",0.6
1712,"P56_batch2","NP",0.8
1713,"P56_batch2","NP",0.333333333333333
1714,"P56_batch2","stroma2",0.366666666666667
1715,"P56_batch2","DCT",0
1716,"P56_batch2","NP",0.566666666666667
1717,"P56_batch2","stroma2",0.133333333333333
1718,"P56_batch2","PT",0.0333333333333333
1719,"P56_batch2","LOH",0.0333333333333333
1720,"P56_batch2","CNT",0.566666666666667
1721,"P56_batch2","CNT",0
1722,"P56_batch2","Endo",0.133333333333333
1723,"P56_batch2","PT",0.466666666666667
1724,"P56_batch2","immune",0.533333333333333
1725,"P56_batch2","CNT",0.0666666666666667
1726,"P56_batch2","PT2",0
1727,"P56_batch2","PT",0
1728,"P56_batch2","PT",0
1729,"P56_batch2","PT",0
1730,"P56_batch2","PT",0.433333333333333
1731,"P56_batch2","PT_out",0.1
1732,"P56_batch2","PT",0.2
1733,"P56_batch2","LOH",0.1
1734,"P56_batch2","DCT",0.633333333333333
1735,"P56_batch2","LOH",0.0666666666666667
1736,"P56_batch2","PT",0.0666666666666667
1737,"P56_batch2","PT2",0.0333333333333333
1738,"P56_batch2","DCT",0
1739,"P56_batch2","PT",0.266666666666667
1740,"P56_batch2","DCT",0
1741,"P56_batch2","PT",0
1742,"P56_batch2","PC",0.9
1743,"P56_batch2","Endo",0.833333333333333
1744,"P56_batch2","LOH",0.333333333333333
1745,"P56_batch2","stroma2",0.566666666666667
1746,"P56_batch2","IC",0
1747,"P56_batch2","PT",0.633333333333333
1748,"P56_batch2","PT",0.5
1749,"P56_batch2","PT2",0.4
1750,"P56_batch2","CNT",0
1751,"P56_batch2","immune",0.6
1752,"P56_batch2","PT2",0.0666666666666667
1753,"P56_batch2","Endo",0.366666666666667
1754,"P56_batch2","stroma1",0.433333333333333
1755,"P56_batch2","LOH",0.2
1756,"P56_batch2","PT",0
1757,"P56_batch2","DCT",0.0333333333333333
1758,"P56_batch2","Endo",0.166666666666667
1759,"P56_batch2","PT",0.0333333333333333
1760,"P56_batch2","PT",0.833333333333333
1761,"P56_batch2","PC",0
1762,"P56_batch2","DCT",0
1763,"P56_batch2","PT",0.1
1764,"P56_batch2","LOH",0.0333333333333333
1765,"P56_batch2","DCT",0.966666666666667
1766,"P56_batch2","LOH",0.0666666666666667
1767,"P56_batch2","PT",0.0666666666666667
1768,"P56_batch2","PC",0.4
1769,"P56_batch2","LOH",0
1770,"P56_batch2","PT",0.433333333333333
1771,"P56_batch2","PT2",0
1772,"P56_batch2","PT",0
1773,"P56_batch2","NP_LOH",0.4
1774,"P56_batch2","PT",0.0333333333333333
1775,"P56_batch2","PT",0.0333333333333333
1776,"P56_batch2","PT2",0.166666666666667
1777,"P56_batch2","PT",0.8
1778,"P56_batch2","LOH",0.0333333333333333
1779,"P56_batch2","Endo",0.133333333333333
1780,"P56_batch2","PT",0
1781,"P56_batch2","PT2",0.266666666666667
1782,"P56_batch2","PT",0
1783,"P56_batch2","LOH",0
1784,"P56_batch2","Endo",0.666666666666667
1785,"P56_batch2","PT",0.0666666666666667
1786,"P56_batch2","Endo",0.166666666666667
1787,"P56_batch2","stroma2",0.166666666666667
1788,"P56_batch2","PT",0.166666666666667
1789,"P56_batch2","LOH",0
1790,"P56_batch2","PT",0
1791,"P56_batch2","LOH",0
1792,"P56_batch2","immune",0.133333333333333
1793,"P56_batch2","IC",0.433333333333333
1794,"P56_batch2","PT2",0
1795,"P56_batch2","LOH",0
1796,"P56_batch2","Endo",0.366666666666667
1797,"P56_batch2","PT",0.2
1798,"P56_batch2","PT",0
1799,"P56_batch2","PT2",0.6
1800,"P56_batch2","LOH",0.933333333333333
1801,"P56_batch2","PT2",0
1802,"P56_batch2","PT",0.8
1803,"P56_batch2","Endo",0.766666666666667
1804,"P56_batch2","CNT",0.0333333333333333
1805,"P56_batch2","PT",0.133333333333333
1806,"P56_batch2","CNT",0
1807,"P56_batch2","PT",0
1808,"P56_batch2","DCT",0
1809,"P56_batch2","LOH",0.0333333333333333
1810,"P56_batch2","PT",0.566666666666667
1811,"P56_batch2","Endo",0.0666666666666667
1812,"P56_batch2","NP_LOH",0.6
1813,"P56_batch2","PT",0.466666666666667
1814,"P56_batch2","CNT",0.833333333333333
1815,"P56_batch2","PT2",0.233333333333333
1816,"P56_batch2","PT",0.3
1817,"P56_batch2","DCT",0
1818,"P56_batch2","PT",0.166666666666667
1819,"P56_batch2","LOH",0
1820,"P56_batch2","PT",0.0666666666666667
1821,"P56_batch2","PT",0.2
1822,"P56_batch2","CNT",0
1823,"P56_batch2","PT",0
1824,"P56_batch2","LOH",0
1825,"P56_batch2","PT2",0.0333333333333333
1826,"P56_batch2","Endo",0.333333333333333
1827,"P56_batch2","PT2",0.133333333333333
1828,"P56_batch2","stroma2",0.433333333333333
1829,"P56_batch2","PT",0.3
1830,"P56_batch2","PT2",0
1831,"P56_batch2","Endo",0.233333333333333
1832,"P56_batch2","PT",0
1833,"P56_batch2","DCT",0
1834,"P56_batch2","PT",0.666666666666667
1835,"P56_batch2","PT_out",0.833333333333333
1836,"P56_batch2","PT",0
1837,"P56_batch2","PT",0.0333333333333333
1838,"P56_batch2","Endo",0.333333333333333
1839,"P56_batch2","PT",0.366666666666667
1840,"P56_batch2","stroma2",0.233333333333333
1841,"P56_batch2","DCT",0
1842,"P56_batch2","PT2",0
1843,"P56_batch2","PT2",0
1844,"P56_batch2","PT",0.166666666666667
1845,"P56_batch2","PT_out",0.766666666666667
1846,"P56_batch2","PT",0
1847,"P56_batch2","PT2",0.8
1848,"P56_batch2","PT2",0
1849,"P56_batch2","LOH",0
1850,"P56_batch2","PC",0.666666666666667
1851,"P56_batch2","DCT",0
1852,"P56_batch2","PT2",0
1853,"P56_batch2","LOH",0
1854,"P56_batch2","Endo",0.9
1855,"P56_batch2","stroma2",0.0666666666666667
1856,"P56_batch2","PT2",0.433333333333333
1857,"P56_batch2","PT",0.266666666666667
1858,"P56_batch2","PT",0
1859,"P56_batch2","PT",0.866666666666667
1860,"P56_batch2","DCT",0.533333333333333
1861,"P56_batch2","LOH",0.0666666666666667
1862,"P56_batch2","PT",0.0333333333333333
1863,"P56_batch2","LOH",0
1864,"P56_batch2","stroma2",0.0333333333333333
1865,"P56_batch2","PT2",0
1866,"P56_batch2","stroma2",0.2
1867,"P56_batch2","PC",0.933333333333333
1868,"P56_batch2","PT",0
1869,"P56_batch2","PT",0.233333333333333
1870,"P56_batch2","CNT",0.0333333333333333
1871,"P56_batch2","LOH",0
1872,"P56_batch2","PT",0.166666666666667
1873,"P56_batch2","DCT",0.0333333333333333
1874,"P56_batch2","PT",0.266666666666667
1875,"P56_batch2","DCT",0
1876,"P56_batch2","IC",0.0333333333333333
1877,"P56_batch2","stroma2",0.566666666666667
1878,"P56_batch2","LOH",0
1879,"P56_batch2","LOH",0.0333333333333333
1880,"P56_batch2","DCT",0
1881,"P56_batch2","LOH",0.1
1882,"P56_batch2","LOH",0
1883,"P56_batch2","PT",0.1
1884,"P56_batch2","DCT",0
1885,"P56_batch2","PT",0
1886,"P56_batch2","IC",0.766666666666667
1887,"P56_batch2","PT",0
1888,"P56_batch2","PT",0.633333333333333
1889,"P56_batch2","Endo",0.766666666666667
1890,"P56_batch2","IC",0
1891,"P56_batch2","NP",0.166666666666667
1892,"P56_batch2","LOH",0
1893,"P56_batch2","PT2",0.0333333333333333
1894,"P56_batch2","PC",0.333333333333333
1895,"P56_batch2","PT",0
1896,"P56_batch2","PT",0.233333333333333
1897,"P56_batch2","IC",0.0666666666666667
1898,"P56_batch2","Endo",0.166666666666667
1899,"P56_batch2","LOH",0.2
1900,"P56_batch2","PT",0.0333333333333333
1901,"P56_batch2","Endo",0.1
1902,"P56_batch2","DCT",0.0666666666666667
1903,"P56_batch2","CNT",0
1904,"P56_batch2","PC",0.5
1905,"P56_batch2","PT",0.833333333333333
1906,"P56_batch2","Endo",0.433333333333333
1907,"P56_batch2","immune",0.1
1908,"P56_batch2","PT",0.166666666666667
1909,"P56_batch2","PT2",0.733333333333333
1910,"P56_batch2","PT2",0.7
1911,"P56_batch2","stroma1",0
1912,"P56_batch2","PT",0
1913,"P56_batch2","PT2",0.866666666666667
1914,"P56_batch2","Endo",0.566666666666667
1915,"P56_batch2","LOH",0.1
1916,"P56_batch2","PT",0.133333333333333
1917,"P56_batch2","PT",0
1918,"P56_batch2","PT",0.3
1919,"P56_batch2","IC",0.233333333333333
1920,"P56_batch2","PT",0.4
1921,"P56_batch2","stroma1",0.4
1922,"P56_batch2","PT",0.0333333333333333
1923,"P56_batch2","PT",0.133333333333333
1924,"P56_batch2","PT",0.2
1925,"P56_batch2","LOH",0.366666666666667
1926,"P56_batch2","stroma2",0.666666666666667
1927,"P56_batch2","PT2",0
1928,"P56_batch2","PC",0
1929,"P56_batch2","Endo",0.433333333333333
1930,"P56_batch2","IC",0
1931,"P56_batch2","LOH",0.0333333333333333
1932,"P56_batch2","PT",0.0333333333333333
1933,"P56_batch2","PT2",0.8
1934,"P56_batch2","PT2",0.733333333333333
1935,"P56_batch2","PT",0
1936,"P56_batch2","LOH",0.0666666666666667
1937,"P56_batch2","PT2",0.566666666666667
1938,"P56_batch2","LOH",0
1939,"P56_batch2","PT",0
1940,"P56_batch2","PT",0.0666666666666667
1941,"P56_batch2","Endo",0.766666666666667
1942,"P56_batch2","PT",0.2
1943,"P56_batch2","PT2",0
1944,"P56_batch2","PT",0.1
1945,"P56_batch2","PT",0.6
1946,"P56_batch2","PT",0.133333333333333
1947,"P56_batch2","PT",0
1948,"P56_batch2","LOH",0.0333333333333333
1949,"P56_batch2","PT2",0
1950,"P56_batch2","LOH",0
1951,"P56_batch2","PT2",0
1952,"P56_batch2","PC",0
1953,"P56_batch2","Endo",0.9
1954,"P56_batch2","LOH",0.0666666666666667
1955,"P56_batch2","PT",0.3
1956,"P56_batch2","PT",0.0333333333333333
1957,"P56_batch2","Endo",0
1958,"P56_batch2","LOH",0
1959,"P56_batch2","PT",0.0666666666666667
1960,"P56_batch2","PT2",0.0333333333333333
1961,"P56_batch2","PT",0.0333333333333333
1962,"P56_batch2","LOH",0
1963,"P56_batch2","CNT",0
1964,"P56_batch2","PT",0.133333333333333
1965,"P56_batch2","CNT",0
1966,"P56_batch2","LOH",0
1967,"P56_batch2","PC",0.833333333333333
1968,"P56_batch2","LOH",0.0333333333333333
1969,"P56_batch2","PC",0.5
1970,"P56_batch2","PT",0.366666666666667
1971,"P56_batch2","PT2",0.133333333333333
1972,"P56_batch2","DCT",0
1973,"P56_batch2","LOH",0
1974,"P56_batch2","LOH",0.9
1975,"P56_batch2","LOH",0
1976,"P56_batch2","PT_out",0.6
1977,"P56_batch2","LOH",0
1978,"P56_batch2","Endo",0.366666666666667
1979,"P56_batch2","PT",0.2
1980,"P56_batch2","PT2",0.233333333333333
1981,"P56_batch2","Endo",0.533333333333333
1982,"P56_batch2","PT2",0
1983,"P56_batch2","stroma2",0.3
1984,"P56_batch2","stroma2",0.2
1985,"P56_batch2","PT",0
1986,"P56_batch2","PT2",0
1987,"P56_batch2","PT",0.1
1988,"P56_batch2","LOH",0.0666666666666667
1989,"P56_batch2","LOH",0.0666666666666667
1990,"P56_batch2","LOH",0.533333333333333
1991,"P56_batch2","PT",0.633333333333333
1992,"P56_batch2","PT",0.3
1993,"P56_batch2","PT",0
1994,"P56_batch2","IC",0.1
1995,"P56_batch2","PT2",0
1996,"P56_batch2","CNT",0
1997,"P56_batch2","PT",0.0333333333333333
1998,"P56_batch2","PT",0.4
1999,"P56_batch2","Endo",0.533333333333333
2000,"P56_batch2","PT2",0
2001,"P56_batch2","PT2",0
2002,"P56_batch2","PT",0.166666666666667
2003,"P56_batch2","PT",0
2004,"P56_batch2","PT",0.0333333333333333
2005,"P56_batch2","IC",0.133333333333333
2006,"P56_batch2","Podo",0.7
2007,"P56_batch2","Endo",0.1
2008,"P56_batch2","PT2",0
2009,"P56_batch2","LOH",0
2010,"P56_batch2","PT",0
2011,"P56_batch2","CNT",0.0333333333333333
2012,"P56_batch2","PT",0.133333333333333
2013,"P56_batch2","PT",0
2014,"P56_batch2","LOH",0.0666666666666667
2015,"P56_batch2","PT2",0.9
2016,"P56_batch2","PT",0.3
2017,"P56_batch2","DCT",0.0333333333333333
2018,"P56_batch2","PT",0.733333333333333
2019,"P56_batch2","PT",0
2020,"P56_batch2","LOH",0.1
2021,"P56_batch2","immune",0.4
2022,"P56_batch2","DCT",0
2023,"P56_batch2","PT",0.133333333333333
2024,"P56_batch2","PT",0.3
2025,"P56_batch2","LOH",0
2026,"P56_batch2","stroma2",0.2
2027,"P56_batch2","DCT",0.0333333333333333
2028,"P56_batch2","PT",0.233333333333333
2029,"P56_batch2","immune",0.2
2030,"P56_batch2","PT",0.166666666666667
2031,"P56_batch2","Endo",0.0666666666666667
2032,"P56_batch2","PT",0.1
2033,"P56_batch2","Endo",0.2
2034,"P56_batch2","LOH",0.1
2035,"P56_batch2","PT2",0.133333333333333
2036,"P56_batch2","CNT",0
2037,"P56_batch2","CNT",0.0333333333333333
2038,"P56_batch2","PT",0.0333333333333333
2039,"P56_batch2","PC",0
2040,"P56_batch2","Endo",0.133333333333333
2041,"P56_batch2","PT",0.866666666666667
2042,"P56_batch2","immune",0.433333333333333
2043,"P56_batch2","immune",0.333333333333333
2044,"P56_batch2","DCT",0
2045,"P56_batch2","LOH",0.0333333333333333
2046,"P56_batch2","PT",0.0333333333333333
2047,"P56_batch2","LOH",0.0666666666666667
2048,"P56_batch2","IC",0.2
2049,"P56_batch2","LOH",0.0333333333333333
2050,"P56_batch2","PT",0
2051,"P56_batch2","PT2",0.566666666666667
2052,"P56_batch2","PC",0.0666666666666667
2053,"P56_batch2","LOH",0.166666666666667
2054,"P56_batch2","PT2",0.166666666666667
2055,"P56_batch2","LOH",0.4
2056,"P56_batch2","LOH",0
2057,"P56_batch2","Endo",0.7
2058,"P56_batch2","PT",0.0666666666666667
2059,"P56_batch2","PT",0
2060,"P56_batch2","NP_LOH",0.633333333333333
2061,"P56_batch2","PT",0.0666666666666667
2062,"P56_batch2","LOH",0.433333333333333
2063,"P56_batch2","CNT",0
2064,"P56_batch2","PT_out",0
2065,"P56_batch2","PT2",0.266666666666667
2066,"P56_batch2","PT",0.0666666666666667
2067,"P56_batch2","PT",0.0666666666666667
2068,"P56_batch2","PT",0
2069,"P56_batch2","PT",0.0666666666666667
2070,"P56_batch2","PT",0.5
2071,"P56_batch2","CNT",0
2072,"P56_batch2","PT",0.7
2073,"P56_batch2","LOH",0.3
2074,"P56_batch2","PT",0.1
2075,"P56_batch2","LOH",0
2076,"P56_batch2","PT",0.0666666666666667
2077,"P56_batch2","PT2",0
2078,"P56_batch2","PT",0
2079,"P56_batch2","Endo",0.166666666666667
2080,"P56_batch2","PT",0
2081,"P56_batch2","LOH",0.266666666666667
2082,"P56_batch2","PT2",0
2083,"P56_batch2","LOH",0.133333333333333
2084,"P56_batch2","LOH",0.0333333333333333
2085,"P56_batch2","PT_out",0.733333333333333
2086,"P56_batch2","LOH",0.0333333333333333
2087,"P56_batch2","stroma2",0.1
2088,"P56_batch2","DCT",0
2089,"P56_batch2","LOH",0.2
2090,"P56_batch2","NP_LOH",0.4
2091,"P56_batch2","PT",0.233333333333333
2092,"P56_batch2","PT",0
2093,"P56_batch2","PT",0.666666666666667
2094,"P56_batch2","PC",0
2095,"P56_batch2","Endo",0.133333333333333
2096,"P56_batch2","PT",0.0666666666666667
2097,"P56_batch2","LOH",0
2098,"P56_batch2","stroma2",0.266666666666667
2099,"P56_batch2","LOH",0.0666666666666667
2100,"P56_batch2","LOH",0
2101,"P56_batch2","PC",0.0333333333333333
2102,"P56_batch2","IC",0.0333333333333333
2103,"P56_batch2","PT",0
2104,"P56_batch2","Endo",0.666666666666667
2105,"P56_batch2","stroma2",0.8
2106,"P56_batch2","PT",0.0333333333333333
2107,"P56_batch2","LOH",0.0333333333333333
2108,"P56_batch2","LOH",0.2
2109,"P56_batch2","PT2",0
2110,"P56_batch2","PT",0
2111,"P56_batch2","PT",0.1
2112,"P56_batch2","LOH",0
2113,"P56_batch2","PT",0.0666666666666667
2114,"P56_batch2","LOH",0.0666666666666667
2115,"P56_batch2","PT2",0
2116,"P56_batch2","LOH",0.0666666666666667
2117,"P56_batch2","stroma2",0.366666666666667
2118,"P56_batch2","PT",0.8
2119,"P56_batch2","PT",0.533333333333333
2120,"P56_batch2","stroma2",0.933333333333333
2121,"P56_batch2","PT2",0.6
2122,"P56_batch2","immune",0.666666666666667
2123,"P56_batch2","CNT",0.7
2124,"P56_batch2","PT2",0.766666666666667
2125,"P56_batch2","LOH",0
2126,"P56_batch2","PT",0.0333333333333333
2127,"P56_batch2","PC",0.133333333333333
2128,"P56_batch2","PT2",0
2129,"P56_batch2","IC",0
2130,"P56_batch2","PT",0.0333333333333333
2131,"P56_batch2","LOH",0
2132,"P56_batch2","IC",0.466666666666667
2133,"P56_batch2","IC",0.733333333333333
2134,"P56_batch2","IC",0.866666666666667
2135,"P56_batch2","PT2",0.0333333333333333
2136,"P56_batch2","LOH",0.166666666666667
2137,"P56_batch2","LOH",0.166666666666667
2138,"P56_batch2","stroma2",0.733333333333333
2139,"P56_batch2","LOH",0.266666666666667
2140,"P56_batch2","PT",0.0666666666666667
2141,"P56_batch2","LOH",0.1
2142,"P56_batch2","CNT",0
2143,"P56_batch2","Endo",0.333333333333333
2144,"P56_batch2","LOH",0.166666666666667
2145,"P56_batch2","PT",0.366666666666667
2146,"P56_batch2","LOH",0
2147,"P56_batch2","PT",0.2
2148,"P56_batch2","PT_out",0.566666666666667
2149,"P56_batch2","PT",0.133333333333333
2150,"P56_batch2","LOH",0.366666666666667
2151,"P56_batch2","Podo",0.6
2152,"P56_batch2","LOH",0.4
2153,"P56_batch2","Endo",0.333333333333333
2154,"P56_batch2","IC",0.0333333333333333
2155,"P56_batch2","PT",0.0666666666666667
2156,"P56_batch2","PT_out",0.833333333333333
2157,"P56_batch2","PT2",0
2158,"P56_batch2","stroma1",0.433333333333333
2159,"P56_batch2","PT",0.533333333333333
2160,"P56_batch2","PT",0.133333333333333
2161,"P56_batch2","LOH",0
2162,"P56_batch2","LOH",0.0666666666666667
2163,"P56_batch2","LOH",0
2164,"P56_batch2","PT",0.0666666666666667
2165,"P56_batch2","PT",0.0333333333333333
2166,"P56_batch2","PT",0.0666666666666667
2167,"P56_batch2","PT",0.366666666666667
2168,"P56_batch2","PT2",0
2169,"P56_batch2","DCT",0
2170,"P56_batch2","LOH",0.0333333333333333
2171,"P56_batch2","PT2",0.333333333333333
2172,"P56_batch2","PT",0.6
2173,"P56_batch2","PT",0.4
2174,"P56_batch2","PT",0.366666666666667
2175,"P56_batch2","PT",0.7
2176,"P56_batch2","PT2",0.9
2177,"P56_batch2","PT2",0.666666666666667
2178,"P56_batch2","PT",0.266666666666667
2179,"P56_batch2","CNT",0.0333333333333333
2180,"P56_batch2","PT",0.266666666666667
2181,"P56_batch2","PT",0.233333333333333
2182,"P56_batch2","PT",0
2183,"P56_batch2","stroma1",0.0333333333333333
2184,"P56_batch2","PT2",0
2185,"P56_batch2","PT",0.3
2186,"P56_batch2","DCT",0.133333333333333
2187,"P56_batch2","PT2",0
2188,"P56_batch2","PT",0.666666666666667
2189,"P56_batch2","PT",0.1
2190,"P56_batch2","LOH",0.833333333333333
2191,"P56_batch2","DCT",0
2192,"P56_batch2","PT",0.266666666666667
2193,"P56_batch2","PT",0.4
2194,"P56_batch2","DCT",0
2195,"P56_batch2","CNT",0
2196,"P56_batch2","PT2",0
2197,"P56_batch2","PT",0.266666666666667
2198,"P56_batch2","immune",0.133333333333333
2199,"P56_batch2","DCT",0
2200,"P56_batch2","LOH",0
2201,"P56_batch2","PT",0
2202,"P56_batch2","LOH",0.166666666666667
2203,"P56_batch2","PT",0
2204,"P56_batch2","PT2",0
2205,"P56_batch2","PT2",0
2206,"P56_batch2","PT",0
2207,"P56_batch2","PT",0.233333333333333
2208,"P56_batch2","PT",0
2209,"P56_batch2","PC",0.0666666666666667
2210,"P56_batch2","Endo",0.266666666666667
2211,"P56_batch2","PT2",0
2212,"P56_batch2","Endo",0.1
2213,"P56_batch2","PT",0.133333333333333
2214,"P56_batch2","DCT",0
2215,"P56_batch2","stroma1",0.4
2216,"P56_batch2","PT2",0
2217,"P56_batch2","Endo",0.1
2218,"P56_batch2","PC",0
2219,"P56_batch2","PT",0
2220,"P56_batch2","PT",0.0333333333333333
2221,"P56_batch2","CNT",0
2222,"P56_batch2","Endo",0.2
2223,"P56_batch2","PT",0.0333333333333333
2224,"P56_batch2","PT",0.0333333333333333
2225,"P56_batch2","PT",0.0666666666666667
2226,"P56_batch2","DCT",0
2227,"P56_batch2","NP_LOH",0.466666666666667
2228,"P56_batch2","LOH",0
2229,"P56_batch2","PT",0.266666666666667
2230,"P56_batch2","stroma1",0.166666666666667
2231,"P56_batch2","LOH",0.0333333333333333
2232,"P56_batch2","immune",0.1
2233,"P56_batch2","DCT",0
2234,"P56_batch2","CNT",0
2235,"P56_batch2","PT",0
2236,"P56_batch2","stroma2",0.233333333333333
2237,"P56_batch2","PT",0.133333333333333
2238,"P56_batch2","LOH",0
2239,"P56_batch2","PT",0.333333333333333
2240,"P56_batch2","stroma2",0.566666666666667
2241,"P56_batch2","PT2",0
2242,"P56_batch2","DCT",0.1
2243,"P56_batch2","PT",0
2244,"P56_batch2","CNT",0
2245,"P56_batch2","PT",0.1
2246,"P56_batch2","PT",0.133333333333333
2247,"P56_batch2","stroma1",0.3
2248,"P56_batch2","stroma2",0.7
2249,"P56_batch2","PT",0.4
2250,"P56_batch2","PT",0.1
2251,"P56_batch2","stroma2",0.266666666666667
2252,"P56_batch2","CNT",0
2253,"P56_batch2","DCT",0.266666666666667
2254,"P56_batch2","PT2",0
2255,"P56_batch2","PT",0.166666666666667
2256,"P56_batch2","LOH",0.466666666666667
2257,"P56_batch2","LOH",0.333333333333333
2258,"P56_batch2","Endo",0.433333333333333
2259,"P56_batch2","PT",0.666666666666667
2260,"P56_batch2","CNT",0.1
2261,"P56_batch2","stroma1",0.233333333333333
2262,"P56_batch2","PT",0.0666666666666667
2263,"P56_batch2","CNT",0
2264,"P56_batch2","PT",0.0333333333333333
2265,"P56_batch2","PT",0.0666666666666667
2266,"P56_batch2","PT",0.2
2267,"P56_batch2","stroma1",0.166666666666667
2268,"P56_batch2","PT",0
2269,"P56_batch2","LOH",0
2270,"P56_batch2","stroma2",0.466666666666667
2271,"P56_batch2","PT2",0
2272,"P56_batch2","PT",0
2273,"P56_batch2","PT2",0
2274,"P56_batch2","Endo",0.433333333333333
2275,"P56_batch2","PT",0.233333333333333
2276,"P56_batch2","Endo",0.333333333333333
2277,"P56_batch2","PT",0.3
2278,"P56_batch2","Endo",0.233333333333333
2279,"P56_batch2","PC",0.0666666666666667
2280,"P56_batch2","PT",0.1
2281,"P56_batch2","PT2",0.966666666666667
2282,"P56_batch2","PC",0.0333333333333333
2283,"P56_batch2","stroma1",0.266666666666667
2284,"P56_batch2","NP_LOH",0.6
2285,"P56_batch2","LOH",0.0666666666666667
2286,"P56_batch2","Podo",0.166666666666667
2287,"P56_batch2","DCT",0
2288,"P56_batch2","PC",0
2289,"P56_batch2","Podo",0.733333333333333
2290,"P56_batch2","PT2",0
2291,"P56_batch2","CNT",0
2292,"P56_batch2","Endo",0.633333333333333
2293,"P56_batch2","PT",0.166666666666667
2294,"P56_batch2","DCT",0
2295,"P56_batch2","PT",0.166666666666667
2296,"P56_batch2","PT2",0
2297,"P56_batch2","Endo",0.5
2298,"P56_batch2","PT",0
2299,"P56_batch2","PC",0.0333333333333333
2300,"P56_batch2","PT",0.0333333333333333
2301,"P56_batch2","PT_out",0.1
2302,"P56_batch2","PT_out",0.433333333333333
2303,"P56_batch2","LOH",0.166666666666667
2304,"P56_batch2","PT",0.7
2305,"P56_batch2","LOH",0.633333333333333
2306,"P56_batch2","PT",0.233333333333333
2307,"P56_batch2","LOH",0
2308,"P56_batch2","CNT",0.366666666666667
2309,"P56_batch2","PT",0.466666666666667
2310,"P56_batch2","PT",0.133333333333333
2311,"P56_batch2","PT2",0.6
2312,"P56_batch2","LOH",0.466666666666667
2313,"P56_batch2","PT",0.2
2314,"P56_batch2","NP_LOH",0.233333333333333
2315,"P56_batch2","LOH",0.133333333333333
2316,"P56_batch2","stroma2",0.266666666666667
2317,"P56_batch2","CNT",0.0666666666666667
2318,"P56_batch2","PT_out",0.766666666666667
2319,"P56_batch2","PT",0.8
2320,"P56_batch2","PT2",0.7
2321,"P56_batch2","PT2",0.6
2322,"P56_batch2","PT",0.0333333333333333
2323,"P56_batch2","stroma1",0.633333333333333
2324,"P56_batch2","PT",0.2
2325,"P56_batch2","LOH",0.633333333333333
2326,"P56_batch2","Endo",0.4
2327,"P56_batch2","stroma1",0.433333333333333
2328,"P56_batch2","stroma1",0.866666666666667
2329,"P56_batch2","LOH",0
2330,"P56_batch2","PT",0.966666666666667
2331,"P56_batch2","PT2",0.666666666666667
2332,"P56_batch2","PT2",0.0333333333333333
2333,"P56_batch2","LOH",0.0333333333333333
2334,"P56_batch2","PT",0.0333333333333333
2335,"P56_batch2","stroma2",0.0333333333333333
2336,"P56_batch2","PT",0.233333333333333
2337,"P56_batch2","PC",0.8
2338,"P56_batch2","DCT",0.0333333333333333
2339,"P56_batch2","IC",0.0333333333333333
2340,"P56_batch2","LOH",0.0333333333333333
2341,"P56_batch2","PT",0
2342,"P56_batch2","PT2",0.466666666666667
2343,"P56_batch2","LOH",0
2344,"P56_batch2","Endo",0.166666666666667
2345,"P56_batch2","IC",0.0666666666666667
2346,"P56_batch2","PT",0
2347,"P56_batch2","PT",0.1
2348,"P56_batch2","PT_out",0
2349,"P56_batch2","PT",0
2350,"P56_batch2","PT",0.2
2351,"P56_batch2","DCT",0.0333333333333333
2352,"P56_batch2","LOH",0.0333333333333333
2353,"P56_batch2","PT",0.7
2354,"P56_batch2","PT",0.1
2355,"P56_batch2","PT2",0.0333333333333333
2356,"P56_batch2","IC",0.8
2357,"P56_batch2","immune",0.233333333333333
2358,"P56_batch2","PT",0.0666666666666667
2359,"P56_batch2","PT",0.0666666666666667
2360,"P56_batch2","PT",0.233333333333333
2361,"P56_batch2","DCT",0
2362,"P56_batch2","stroma2",0.7
2363,"P56_batch2","LOH",0.1
2364,"P56_batch2","PT",0
2365,"P56_batch2","PT",0
2366,"P56_batch2","PT2",0.766666666666667
2367,"P56_batch2","stroma1",0.366666666666667
2368,"P56_batch2","LOH",0.0666666666666667
2369,"P56_batch2","DCT",0
2370,"P56_batch2","PT2",0
2371,"P56_batch2","PT",0.2
2372,"P56_batch2","PC",0.0666666666666667
2373,"P56_batch2","PT",0.266666666666667
2374,"P56_batch2","IC",0.733333333333333
2375,"P56_batch2","PT",0.0333333333333333
2376,"P56_batch2","PT",0.0666666666666667
2377,"P56_batch2","PT",0.0666666666666667
2378,"P56_batch2","PT",0
2379,"P56_batch2","PT2",0.533333333333333
2380,"P56_batch2","PT",0
2381,"P56_batch2","LOH",0.3
2382,"P56_batch2","DCT",0
2383,"P56_batch2","IC",0
2384,"P56_batch2","DCT",0
2385,"P56_batch2","Endo",0.533333333333333
2386,"P56_batch2","PT",0.0666666666666667
2387,"P56_batch2","LOH",0
2388,"P56_batch2","PT",0.3
2389,"P56_batch2","LOH",0.4
2390,"P56_batch2","Podo",0.766666666666667
2391,"P56_batch2","NP_LOH",0.5
2392,"P56_batch2","stroma2",0.1
2393,"P56_batch2","PT",0.133333333333333
2394,"P56_batch2","PT",0
2395,"P56_batch2","PT",0.0333333333333333
2396,"P56_batch2","PT",0.0333333333333333
2397,"P56_batch2","PT",0
2398,"P56_batch2","stroma2",0.0333333333333333
2399,"P56_batch2","PT",0.533333333333333
2400,"P56_batch2","PT",0.0666666666666667
2401,"P56_batch2","PC",0.466666666666667
2402,"P56_batch2","CNT",0
2403,"P56_batch2","PT_out",0
2404,"P56_batch2","LOH",0.2
2405,"P56_batch2","DCT",0.1
2406,"P56_batch2","PT2",0
2407,"P56_batch2","PT2",0
2408,"P56_batch2","Endo",0.1
2409,"P56_batch2","Endo",0.533333333333333
2410,"P56_batch2","LOH",0.0666666666666667
2411,"P56_batch2","PT",0.5
2412,"P56_batch2","LOH",0
2413,"P56_batch2","PT",0.333333333333333
2414,"P56_batch2","stroma1",0.0333333333333333
2415,"P56_batch2","PT",0.0333333333333333
2416,"P56_batch2","PT2",0
2417,"P56_batch2","PT",0.233333333333333
2418,"P56_batch2","PC",0.533333333333333
2419,"P56_batch2","LOH",0.1
2420,"P56_batch2","LOH",0.0333333333333333
2421,"P56_batch2","PT",0.0666666666666667
2422,"P56_batch2","Endo",0.233333333333333
2423,"P56_batch2","PC",0.0333333333333333
2424,"P56_batch2","PT",0.6
2425,"P56_batch2","LOH",0.866666666666667
2426,"P56_batch2","stroma2",0.7
2427,"P56_batch2","LOH",0
2428,"P56_batch2","PT_out",0.766666666666667
2429,"P56_batch2","PT",0.1
2430,"P56_batch2","NP",0.3
2431,"P56_batch2","PT2",0
2432,"P56_batch2","PT",0.266666666666667
2433,"P56_batch2","Endo",0.6
2434,"P56_batch2","stroma2",0.0333333333333333
2435,"P56_batch2","immune",0.833333333333333
2436,"P56_batch2","LOH",0
2437,"P56_batch2","LOH",0
2438,"P56_batch2","DCT",0
2439,"P56_batch2","PT",0
2440,"P56_batch2","LOH",0.9
2441,"P56_batch2","stroma2",0.366666666666667
2442,"P56_batch2","PT",0.0333333333333333
2443,"P56_batch2","LOH",0.0333333333333333
2444,"P56_batch2","PT",0.5
2445,"P56_batch2","LOH",0.266666666666667
2446,"P56_batch2","PT",0
2447,"P56_batch2","PT",0.133333333333333
2448,"P56_batch2","LOH",0.0333333333333333
2449,"P56_batch2","PT",0.0666666666666667
2450,"P56_batch2","PC",0.0333333333333333
2451,"P56_batch2","LOH",0
2452,"P56_batch2","DCT",0
2453,"P56_batch2","DCT",0
2454,"P56_batch2","PT",0.733333333333333
2455,"P56_batch2","PT",0
2456,"P56_batch2","PT",0.0333333333333333
2457,"P56_batch2","PT",0.0333333333333333
2458,"P56_batch2","PT",0.133333333333333
2459,"P56_batch2","LOH",0.0333333333333333
2460,"P56_batch2","CNT",0.2
2461,"P56_batch2","PT",0.0333333333333333
2462,"P56_batch2","PT2",0.0333333333333333
2463,"P56_batch2","DCT",0
2464,"P56_batch2","LOH",0.833333333333333
2465,"P56_batch2","immune",0.866666666666667
2466,"P56_batch2","PT2",0.0666666666666667
2467,"P56_batch2","PT",0.766666666666667
2468,"P56_batch2","PT2",0
2469,"P56_batch2","LOH",0.1
2470,"P56_batch2","PT",0.1
2471,"P56_batch2","PT",0.0666666666666667
2472,"P56_batch2","Endo",0.133333333333333
2473,"P56_batch2","Endo",0.1
2474,"P56_batch2","NP_LOH",0.266666666666667
2475,"P56_batch2","Endo",0.333333333333333
2476,"P56_batch2","LOH",0
2477,"P56_batch2","LOH",0
2478,"P56_batch2","LOH",0.1
2479,"P56_batch2","PT",0.0333333333333333
2480,"P56_batch2","LOH",0.233333333333333
2481,"P56_batch2","Endo",0.0666666666666667
2482,"P56_batch2","Endo",0.366666666666667
2483,"P56_batch2","PT",0.0333333333333333
2484,"P56_batch2","PT2",0.0333333333333333
2485,"P56_batch2","PT2",0
2486,"P56_batch2","PT",0.1
2487,"P56_batch2","NP",0.833333333333333
2488,"P56_batch2","PT",0.0333333333333333
2489,"P56_batch2","PT",0.333333333333333
2490,"P56_batch2","PT",0
2491,"P56_batch2","PT",0.733333333333333
2492,"P56_batch2","PT",0.1
2493,"P56_batch2","PT2",0
2494,"P56_batch2","PT",0
2495,"P56_batch2","PT_out",0.8
2496,"P56_batch2","PT_out",0.5
2497,"P56_batch2","PT",0.233333333333333
2498,"P56_batch2","PC",0.0666666666666667
2499,"P56_batch2","PT",0
2500,"P56_batch2","PT",0.133333333333333
2501,"P56_batch2","stroma2",0
2502,"P56_batch2","Endo",0.366666666666667
2503,"P56_batch2","IC",0.833333333333333
2504,"P56_batch2","Podo",0.633333333333333
2505,"P56_batch2","DCT",0
2506,"P56_batch2","DCT",0
2507,"P56_batch2","PT",0.9
2508,"P56_batch2","PT",0.666666666666667
2509,"P56_batch2","PT",0.9
2510,"P56_batch2","DCT",0.1
2511,"P56_batch2","LOH",0.133333333333333
2512,"P56_batch2","PC",0.133333333333333
2513,"P56_batch2","CNT",0.0666666666666667
2514,"P56_batch2","LOH",0.0333333333333333
2515,"P56_batch2","PT2",0
2516,"P56_batch2","DCT",0
2517,"P56_batch2","PT",0.133333333333333
2518,"P56_batch2","PT2",0.0333333333333333
2519,"P56_batch2","PT",0
2520,"P56_batch2","LOH",0.366666666666667
2521,"P56_batch2","LOH",0
2522,"P56_batch2","PT",0.133333333333333
2523,"P56_batch2","LOH",0
2524,"P56_batch2","DCT",0
2525,"P56_batch2","PT",0.1
2526,"P56_batch2","PT",0.3
2527,"P56_batch2","PT",0.0333333333333333
2528,"P56_batch2","PT",0.166666666666667
2529,"P56_batch2","Endo",0.0333333333333333
2530,"P56_batch2","PT",0.0666666666666667
2531,"P56_batch2","PT",0.233333333333333
2532,"P56_batch2","LOH",0
2533,"P56_batch2","LOH",0.0666666666666667
2534,"P56_batch2","LOH",0.0333333333333333
2535,"P56_batch2","LOH",0
2536,"P56_batch2","PT",0.166666666666667
2537,"P56_batch2","stroma2",0.7
2538,"P56_batch2","PT",0.433333333333333
2539,"P56_batch2","PT",0.9
2540,"P56_batch2","PT2",0.266666666666667
2541,"P56_batch2","PT",0.233333333333333
2542,"P56_batch2","DCT",0
2543,"P56_batch2","LOH",0.0333333333333333
2544,"P56_batch2","LOH",0.3
2545,"P56_batch2","PT",0.5
2546,"P56_batch2","Endo",0.2
2547,"P56_batch2","DCT",0
2548,"P56_batch2","LOH",0
2549,"P56_batch2","PT",0.133333333333333
2550,"P56_batch2","DCT",0
2551,"P56_batch2","LOH",0.133333333333333
2552,"P56_batch2","DCT",0.133333333333333
2553,"P56_batch2","PT",0
2554,"P56_batch2","Endo",0.366666666666667
2555,"P56_batch2","PT",0.0333333333333333
2556,"P56_batch2","LOH",0.7
2557,"P56_batch2","PT2",0
2558,"P56_batch2","PT2",0.0333333333333333
2559,"P56_batch2","PT",0
2560,"P56_batch2","PT2",0
2561,"P56_batch2","PT",0.2
2562,"P56_batch2","PT",0
2563,"P56_batch2","PT",0
2564,"P56_batch2","PT",0
2565,"P56_batch2","PT",0.0333333333333333
2566,"P56_batch2","PC",0
2567,"P56_batch2","IC",0.3
2568,"P56_batch2","PT2",0.4
2569,"P56_batch2","PT",0.933333333333333
2570,"P56_batch2","PT",0
2571,"P56_batch2","LOH",0.266666666666667
2572,"P56_batch2","PT",0.1
2573,"P56_batch2","PT2",0
2574,"P56_batch2","PT",0
2575,"P56_batch2","PT2",0.833333333333333
2576,"P56_batch2","PT",0.3
2577,"P56_batch2","PT",0.933333333333333
2578,"P56_batch2","Endo",0.833333333333333
2579,"P56_batch2","IC",0.133333333333333
2580,"P56_batch2","stroma2",0.2
2581,"P56_batch2","PT2",0
2582,"P56_batch2","PT",0.0333333333333333
2583,"P56_batch2","PT",0.366666666666667
2584,"P56_batch2","PT",0.0666666666666667
2585,"P56_batch2","PC",0.166666666666667
2586,"P56_batch2","LOH",0
2587,"P56_batch2","PT",0.0333333333333333
2588,"P56_batch2","LOH",0
2589,"P56_batch2","PT",0.2
2590,"P56_batch2","LOH",0.0333333333333333
2591,"P56_batch2","PT",0.2
2592,"P56_batch2","PT",0
2593,"P56_batch2","LOH",0.1
2594,"P56_batch2","Endo",0.166666666666667
2595,"P56_batch2","PT_out",0.7
2596,"P56_batch2","PT",0.0666666666666667
2597,"P56_batch2","Endo",0.566666666666667
2598,"P56_batch2","PT2",0.0333333333333333
2599,"P56_batch2","LOH",0.0333333333333333
2600,"P56_batch2","PT2",0
2601,"P56_batch2","PT",0.133333333333333
2602,"P56_batch2","stroma2",0.133333333333333
2603,"P56_batch2","LOH",0
2604,"P56_batch2","LOH",0
2605,"P56_batch2","PT2",0.6
2606,"P56_batch2","PT2",0
2607,"P56_batch2","PT",0.1
2608,"P56_batch2","stroma2",0.466666666666667
2609,"P56_batch2","immune",0.466666666666667
2610,"P56_batch2","PT",0.0333333333333333
2611,"P56_batch2","PT",0
2612,"P56_batch2","PC",0.266666666666667
2613,"P56_batch2","PT",0
2614,"P56_batch2","NP_LOH",0.333333333333333
2615,"P56_batch2","PT_out",0.8
2616,"P56_batch2","PC",0
2617,"P56_batch2","PT2",0
2618,"P56_batch2","PT_out",0.833333333333333
2619,"P56_batch2","PT2",0.0333333333333333
2620,"P56_batch2","LOH",0.0333333333333333
2621,"P56_batch2","NP_LOH",0.7
2622,"P56_batch2","Podo",0.1
2623,"P56_batch2","PT",0.0333333333333333
2624,"P56_batch2","PT",0.0666666666666667
2625,"P56_batch2","PT",0.266666666666667
2626,"P56_batch2","PT2",0
2627,"P56_batch2","PT",0.7
2628,"P56_batch2","CNT",0
2629,"P56_batch2","LOH",0.1
2630,"P56_batch2","PT",0
2631,"P56_batch2","PT2",0.566666666666667
2632,"P56_batch2","IC",0.0333333333333333
2633,"P56_batch2","stroma2",0.333333333333333
2634,"P56_batch2","PT",0
2635,"P56_batch2","PT",0
2636,"P56_batch2","PT",0
2637,"P56_batch2","PT",0
2638,"P56_batch2","PT",0.0333333333333333
2639,"P56_batch2","CNT",0.0333333333333333
2640,"P56_batch2","PT2",0.8
2641,"P56_batch2","PT",0
2642,"P56_batch2","PT2",0
2643,"P56_batch2","LOH",0.0333333333333333
2644,"P56_batch2","PT2",0.0666666666666667
2645,"P56_batch2","PT2",0
2646,"P56_batch2","PT",0.133333333333333
2647,"P56_batch2","PT",0.0666666666666667
2648,"P56_batch2","PT2",0
2649,"P56_batch2","LOH",0
2650,"P56_batch2","PT",0.0333333333333333
2651,"P56_batch2","PT2",0
2652,"P56_batch2","PT",0.3
2653,"P56_batch2","PT",0.1
2654,"P56_batch2","CNT",0
2655,"P56_batch2","PT2",0
2656,"P56_batch2","PT2",0
2657,"P56_batch2","PT",0.0333333333333333
2658,"P56_batch2","NP_LOH",0.466666666666667
2659,"P56_batch2","PT",0.133333333333333
2660,"P56_batch2","PT_out",0.3
2661,"P56_batch2","PT2",0
2662,"P56_batch2","PT_out",0
2663,"P56_batch2","PT",0
2664,"P56_batch2","PT",0
2665,"P56_batch2","Endo",0.766666666666667
2666,"P56_batch2","PT",0.133333333333333
2667,"P56_batch2","PT",0.2
2668,"P56_batch2","LOH",0.0333333333333333
2669,"P56_batch2","PT",0
2670,"P56_batch2","PT",0
2671,"P56_batch2","LOH",0
2672,"P56_batch2","PT2",0.0666666666666667
2673,"P56_batch2","PT2",0
2674,"P56_batch2","LOH",0.1
2675,"P56_batch2","DCT",0.0333333333333333
2676,"P56_batch2","stroma2",0.533333333333333
2677,"P56_batch2","Endo",0.133333333333333
2678,"P56_batch2","PT2",0.1
2679,"P56_batch2","PC",0
2680,"P56_batch2","Endo",0.233333333333333
2681,"P56_batch2","PC",0.0333333333333333
2682,"P56_batch2","PT2",0.166666666666667
2683,"P56_batch2","stroma2",0.2
2684,"P56_batch2","PT",0.0333333333333333
2685,"P56_batch2","Endo",0.566666666666667
2686,"P56_batch2","PT",0.0666666666666667
2687,"P56_batch2","PT",0.0666666666666667
2688,"P56_batch2","LOH",0
2689,"P56_batch2","Endo",0.633333333333333
2690,"P56_batch2","PT",0.0333333333333333
2691,"P56_batch2","LOH",0.0333333333333333
2692,"P56_batch2","PT",0.666666666666667
2693,"P56_batch2","PT",0.5
2694,"P56_batch2","PT",0.133333333333333
2695,"P56_batch2","PT_out",0.5
2696,"P56_batch2","LOH",0.0333333333333333
2697,"P56_batch2","PT2",0
2698,"P56_batch2","DCT",0
2699,"P56_batch2","PT",0.233333333333333
2700,"P56_batch2","Endo",0.566666666666667
2701,"P56_batch2","PT",0.1
2702,"P56_batch2","PT",0.0666666666666667
2703,"P56_batch2","IC",0
2704,"P56_batch2","LOH",0.0333333333333333
2705,"P56_batch2","Endo",0
2706,"P56_batch2","PT2",0.0666666666666667
2707,"P56_batch2","PT2",0
2708,"P56_batch2","PT",0.2
2709,"P56_batch2","PT2",0.0666666666666667
2710,"P56_batch2","Endo",0.566666666666667
2711,"P56_batch2","PT2",0
2712,"P56_batch2","LOH",0.733333333333333
2713,"P56_batch2","Endo",0.0666666666666667
2714,"P56_batch2","LOH",0
2715,"P56_batch2","PT",0.0666666666666667
2716,"P56_batch2","DCT",0.0333333333333333
2717,"P56_batch2","PT",0.7
2718,"P56_batch2","PT",0
2719,"P56_batch2","Endo",0.4
2720,"P56_batch2","PT",0.0333333333333333
2721,"P56_batch2","stroma1",0.2
2722,"P56_batch2","PT_out",0.866666666666667
2723,"P56_batch2","PT",0.166666666666667
2724,"P56_batch2","PT",0
2725,"P56_batch2","PT",0.233333333333333
2726,"P56_batch2","PC",0.1
2727,"P56_batch2","LOH",0
2728,"P56_batch2","PT",0.433333333333333
2729,"P56_batch2","PT",0.0666666666666667
2730,"P56_batch2","PT2",0
2731,"P56_batch2","PT",0.533333333333333
2732,"P56_batch2","PT",0
2733,"P56_batch2","PT",0
2734,"P56_batch2","LOH",0.0666666666666667
2735,"P56_batch2","PC",0.266666666666667
2736,"P56_batch2","PT",0.166666666666667
2737,"P56_batch2","PC",0.6
2738,"P56_batch2","LOH",0.0666666666666667
2739,"P56_batch2","LOH",0.0666666666666667
2740,"P56_batch2","PT2",0
2741,"P56_batch2","PT",0.1
2742,"P56_batch2","PT",0.0333333333333333
2743,"P56_batch2","Endo",0.4
2744,"P56_batch2","PT",0.0666666666666667
2745,"P56_batch2","IC",0.466666666666667
2746,"P56_batch2","PT",0
2747,"P56_batch2","PT",0
2748,"P56_batch2","PC",0.6
2749,"P56_batch2","PT",0
2750,"P56_batch2","DCT",0.0333333333333333
2751,"P56_batch2","stroma2",0.1
2752,"P56_batch2","PT",0.0666666666666667
2753,"P56_batch2","PT",0.266666666666667
2754,"P56_batch2","NP_LOH",0.966666666666667
2755,"P56_batch2","stroma2",0.5
2756,"P56_batch2","LOH",0.9
2757,"P56_batch2","IC",0.0666666666666667
2758,"P56_batch2","DCT",0
2759,"P56_batch2","PT",0.133333333333333
2760,"P56_batch2","LOH",0.0333333333333333
2761,"P56_batch2","PT",0.8
2762,"P56_batch2","stroma2",0.666666666666667
2763,"P56_batch2","PT",0
2764,"P56_batch2","Endo",0.3
2765,"P56_batch2","CNT",0.0333333333333333
2766,"P56_batch2","PT",0.1
2767,"P56_batch2","LOH",0.566666666666667
2768,"P56_batch2","LOH",0
2769,"P56_batch2","PT",0.633333333333333
2770,"P56_batch2","PT",0.133333333333333
2771,"P56_batch2","PT",0
2772,"P56_batch2","PT",0.0666666666666667
2773,"P56_batch2","PT",0
2774,"P56_batch2","PT",0.1
2775,"P56_batch2","PT",0.3
2776,"P56_batch2","PT",0.1
2777,"P56_batch2","PC",0.266666666666667
2778,"P56_batch2","PT",0.0666666666666667
2779,"P56_batch2","LOH",0.0333333333333333
2780,"P56_batch2","Endo",0.1
2781,"P56_batch2","PT",0.0666666666666667
2782,"P56_batch2","PT",0
2783,"P56_batch2","stroma2",0.5
2784,"P56_batch2","PT",0
2785,"P56_batch2","PT",0.1
2786,"P56_batch2","Endo",0.333333333333333
2787,"P56_batch2","PT",0.0666666666666667
2788,"P56_batch2","LOH",0
2789,"P56_batch2","PT",0.633333333333333
2790,"P56_batch2","LOH",0.0666666666666667
2791,"P56_batch2","DCT",0
2792,"P56_batch2","Endo",0.566666666666667
2793,"P56_batch2","PT2",0
2794,"P56_batch2","DCT",0.9
2795,"P56_batch2","PT",0.0333333333333333
2796,"P56_batch2","PT",0.0666666666666667
2797,"P56_batch2","PC",0
2798,"P56_batch2","PT",0.1
2799,"P56_batch2","LOH",0
2800,"P56_batch2","LOH",0
2801,"P56_batch2","PT2",0.0333333333333333
2802,"P56_batch2","PT2",0
2803,"P56_batch2","LOH",0
2804,"P56_batch2","Endo",0.633333333333333
2805,"P56_batch2","CNT",0
2806,"P56_batch2","PT",0.833333333333333
2807,"P56_batch2","Endo",0.333333333333333
2808,"P56_batch2","LOH",0
2809,"P56_batch2","IC",0.6
2810,"P56_batch2","PC",0.133333333333333
2811,"P56_batch2","PT2",0.7
2812,"P56_batch2","PT",0.133333333333333
2813,"P56_batch2","PT",0.133333333333333
2814,"P56_batch2","PT",0.1
2815,"P56_batch2","PT",0.0333333333333333
2816,"P56_batch2","PT",0.733333333333333
2817,"P56_batch2","PT",0
2818,"P56_batch2","Endo",0.333333333333333
2819,"P56_batch2","immune",0.333333333333333
2820,"P56_batch2","IC",0.8
2821,"P56_batch2","PT2",0.0333333333333333
2822,"P56_batch2","PT2",0.6
2823,"P56_batch2","PT",0.866666666666667
2824,"P56_batch2","PT2",0
2825,"P56_batch2","PT2",0.1
2826,"P56_batch2","PT",1
2827,"P56_batch2","stroma2",0.366666666666667
2828,"P56_batch2","DCT",0
2829,"P56_batch2","stroma2",0.0333333333333333
2830,"P56_batch2","DCT",0.433333333333333
2831,"P56_batch2","LOH",0.0333333333333333
2832,"P56_batch2","NP_LOH",0.0666666666666667
2833,"P56_batch2","IC",0
2834,"P56_batch2","stroma2",0.1
2835,"P56_batch2","Endo",0.6
2836,"P56_batch2","PT",0.1
2837,"P56_batch2","stroma1",0.266666666666667
2838,"P56_batch2","PT2",0
2839,"P56_batch2","LOH",0.0666666666666667
2840,"P56_batch2","LOH",0.0333333333333333
2841,"P56_batch2","PT_out",0.233333333333333
2842,"P56_batch2","PT",0.0666666666666667
2843,"P56_batch2","Endo",0.3
2844,"P56_batch2","PC",0.133333333333333
2845,"P56_batch2","PT",0.1
2846,"P56_batch2","IC",0.0333333333333333
2847,"P56_batch2","PT",0
2848,"P56_batch2","LOH",0.0333333333333333
2849,"P56_batch2","PT",0.0666666666666667
2850,"P56_batch2","immune",0.333333333333333
2851,"P56_batch2","NP_LOH",0.7
2852,"P56_batch2","DCT",0.333333333333333
2853,"P56_batch2","CNT",0.833333333333333
2854,"P56_batch2","PT",0.5
2855,"P56_batch2","LOH",0.833333333333333
2856,"P56_batch2","PC",0.233333333333333
2857,"P56_batch2","PT",0.766666666666667
2858,"P56_batch2","PT",0
2859,"P56_batch2","PT",0
2860,"P56_batch2","PT",0
2861,"P56_batch2","PT",0.0333333333333333
2862,"P56_batch2","PT2",0.133333333333333
2863,"P56_batch2","PT2",0
2864,"P56_batch2","PC",0
2865,"P56_batch2","PT",0.3
2866,"P56_batch2","LOH",0
2867,"P56_batch2","PT",0
2868,"P56_batch2","PT",0.866666666666667
2869,"P56_batch2","CNT",0
2870,"P56_batch2","LOH",0
2871,"P56_batch2","PT",0.0333333333333333
2872,"P56_batch2","DCT",0
2873,"P56_batch2","DCT",0.0666666666666667
2874,"P56_batch2","CNT",0
2875,"P56_batch2","PT2",0.5
2876,"P56_batch2","DCT",0
2877,"P56_batch2","PT",0
2878,"P56_batch2","PT",0.0666666666666667
2879,"P56_batch2","DCT",0.533333333333333
2880,"P56_batch2","LOH",0
2881,"P56_batch2","Podo",0
2882,"P56_batch2","PT",0.133333333333333
2883,"P56_batch2","LOH",0
2884,"P56_batch2","stroma2",0.466666666666667
2885,"P56_batch2","PT",0.7
2886,"P56_batch2","Endo",0.4
2887,"P56_batch2","LOH",0
2888,"P56_batch2","PT",0.133333333333333
2889,"P56_batch2","LOH",0
2890,"P56_batch2","PT",0.166666666666667
2891,"P56_batch2","DCT",0
2892,"P56_batch2","CNT",0
2893,"P56_batch2","PT",0.766666666666667
2894,"P56_batch2","PT",0
2895,"P56_batch2","LOH",0
2896,"P56_batch2","PT",0
2897,"P56_batch2","PT",0.1
2898,"P56_batch2","LOH",0.6
2899,"P56_batch2","NP_LOH",0.466666666666667
2900,"P56_batch2","CNT",0
2901,"P56_batch2","PT",0
2902,"P56_batch2","PT",0.466666666666667
2903,"P56_batch2","LOH",0.166666666666667
2904,"P56_batch2","Endo",0.233333333333333
2905,"P56_batch2","PT",0.0333333333333333
2906,"P56_batch2","PT2",0.0333333333333333
2907,"P56_batch2","PT2",0
2908,"P56_batch2","PT2",0.0666666666666667
2909,"P56_batch2","NP_LOH",0.7
2910,"P56_batch2","PT",0.0666666666666667
2911,"P56_batch2","PT",0
2912,"P56_batch2","PT",0.5
2913,"P56_batch2","PT",0.0333333333333333
2914,"P56_batch2","LOH",0.166666666666667
2915,"P56_batch2","PT",0.433333333333333
2916,"P56_batch2","LOH",0
2917,"P56_batch2","CNT",0
2918,"P56_batch2","stroma2",0.2
2919,"P56_batch2","Podo",0
2920,"P56_batch2","DCT",0
2921,"P56_batch2","LOH",0.0666666666666667
2922,"P56_batch2","PT",0.1
2923,"P56_batch2","DCT",0.466666666666667
2924,"P56_batch2","immune",0.3
2925,"P56_batch2","LOH",0
2926,"P56_batch2","LOH",0
2927,"P56_batch2","PT2",0
2928,"P56_batch2","PT2",0
2929,"P56_batch2","PT",0.766666666666667
2930,"P56_batch2","LOH",0.366666666666667
2931,"P56_batch2","PT2",0.0333333333333333
2932,"P56_batch2","PT",0
2933,"P56_batch2","CNT",0
2934,"P56_batch2","PT",0.133333333333333
2935,"P56_batch2","PT",0.433333333333333
2936,"P56_batch2","stroma2",0.633333333333333
2937,"P56_batch2","stroma2",0.0666666666666667
2938,"P56_batch2","PT",0.2
2939,"P56_batch2","Endo",0.1
2940,"P56_batch2","PT",0.0333333333333333
2941,"P56_batch2","PT2",0.366666666666667
2942,"P56_batch2","PT",0.133333333333333
2943,"P56_batch2","stroma2",0.133333333333333
2944,"P56_batch2","PT",0.133333333333333
2945,"P56_batch2","LOH",0
2946,"P56_batch2","CNT",0
2947,"P56_batch2","CNT",0
2948,"P56_batch2","PT",0.1
2949,"P56_batch2","LOH",0.0666666666666667
2950,"P56_batch2","NP",0.2
2951,"P56_batch2","PT2",0
2952,"P56_batch2","stroma2",0.533333333333333
2953,"P56_batch2","DCT",0.0333333333333333
2954,"P56_batch2","LOH",0.166666666666667
2955,"P56_batch2","PT",0.0333333333333333
2956,"P56_batch2","LOH",0
2957,"P56_batch2","stroma2",0.433333333333333
2958,"P56_batch2","PT2",0
2959,"P56_batch2","PT2",0
2960,"P56_batch2","PT",0
2961,"P56_batch2","LOH",0
2962,"P56_batch2","PT",0.0666666666666667
2963,"P56_batch2","LOH",0.266666666666667
2964,"P56_batch2","PT",0
2965,"P56_batch2","PT",0.133333333333333
2966,"P56_batch2","CNT",0
2967,"P56_batch2","PC",0.1
2968,"P56_batch2","PT2",0.533333333333333
2969,"P56_batch2","PT",0.933333333333333
2970,"P56_batch2","PT2",0
2971,"P56_batch2","LOH",0.0666666666666667
2972,"P56_batch2","PT",0
2973,"P56_batch2","PT",0
2974,"P56_batch2","PT",0.0666666666666667
2975,"P56_batch2","PT2",0
2976,"P56_batch2","PT",0
2977,"P56_batch2","PT2",0
2978,"P56_batch2","PT",0.266666666666667
2979,"P56_batch2","DCT",0
2980,"P56_batch2","PT",0.0666666666666667
2981,"P56_batch2","PT",0.133333333333333
2982,"P56_batch2","immune",0.3
2983,"P56_batch2","immune",0.6
2984,"P56_batch2","NP",0.333333333333333
2985,"P56_batch2","stroma2",0.1
2986,"P56_batch2","stroma1",0.133333333333333
2987,"P56_batch2","LOH",0
2988,"P56_batch2","PT",0
2989,"P56_batch2","PT",0
2990,"P56_batch2","stroma2",0.466666666666667
2991,"P56_batch2","PT",0.233333333333333
2992,"P56_batch2","Endo",0.833333333333333
2993,"P56_batch2","PT2",0.8
2994,"P56_batch2","PT",0.0333333333333333
2995,"P56_batch2","stroma1",0.1
2996,"P56_batch2","PT",0
2997,"P56_batch2","PT",0.766666666666667
2998,"P56_batch2","PT2",0.0333333333333333
2999,"P56_batch2","PT",0.0333333333333333
3000,"P56_batch2","PT2",0
3001,"P56_batch2","LOH",0
3002,"P56_batch2","PT",0.566666666666667
3003,"P56_batch2","PT2",0
3004,"P56_batch2","Endo",0.2
3005,"P56_batch2","PT2",0.5
3006,"P56_batch2","LOH",0
3007,"P56_batch2","LOH",0.133333333333333
3008,"P56_batch2","DCT",0
3009,"P56_batch2","DCT",0
3010,"P56_batch2","stroma2",0.3
3011,"P56_batch2","Endo",0.1
3012,"P56_batch2","Endo",0.566666666666667
3013,"P56_batch2","Endo",0.1
3014,"P56_batch2","PT2",0.8
3015,"P56_batch2","stroma2",0.4
3016,"P56_batch2","PT",0.0666666666666667
3017,"P56_batch2","PT",0.0333333333333333
3018,"P56_batch2","PT2",0
3019,"P56_batch2","LOH",0.133333333333333
3020,"P56_batch2","LOH",0.233333333333333
3021,"P56_batch2","PT",0
3022,"P56_batch2","LOH",0.0666666666666667
3023,"P56_batch2","Endo",0.133333333333333
3024,"P56_batch2","PT",0
3025,"P56_batch2","PT2",0
3026,"P56_batch2","PT",0.8
3027,"P56_batch2","PC",0.366666666666667
3028,"P56_batch2","stroma2",0.5
3029,"P56_batch2","LOH",0.2
3030,"P56_batch2","LOH",0
3031,"P56_batch2","PT",0.3
3032,"P56_batch2","Podo",0
3033,"P56_batch2","CNT",0
3034,"P56_batch2","PT2",0.1
3035,"P56_batch2","PT",0
3036,"P56_batch2","PT",0.0666666666666667
3037,"P56_batch2","Endo",0.1
3038,"P56_batch2","stroma1",0.166666666666667
3039,"P56_batch2","PT",0.233333333333333
3040,"P56_batch2","IC",0.466666666666667
3041,"P56_batch2","Endo",0.133333333333333
3042,"P56_batch2","LOH",0.733333333333333
3043,"P56_batch2","LOH",0
3044,"P56_batch2","Endo",0
3045,"P56_batch2","PT2",0
3046,"P56_batch2","Endo",0.0666666666666667
3047,"P56_batch2","PT",0.733333333333333
3048,"P56_batch2","CNT",0
3049,"P56_batch2","LOH",0.233333333333333
3050,"P56_batch2","PT2",0.1
3051,"P56_batch2","stroma1",0.7
3052,"P56_batch2","CNT",0.1
3053,"P56_batch2","PT",0.0666666666666667
3054,"P56_batch2","stroma2",0.633333333333333
3055,"P56_batch2","stroma1",0.9
3056,"P56_batch2","PT",0.0333333333333333
3057,"P56_batch2","PT",0.0333333333333333
3058,"P56_batch2","PT2",0.366666666666667
3059,"P56_batch2","PT",0.133333333333333
3060,"P56_batch2","PT",0.0333333333333333
3061,"P56_batch2","LOH",0.233333333333333
3062,"P56_batch2","IC",0.0666666666666667
3063,"P56_batch2","PT",0.1
3064,"P56_batch2","Endo",0.233333333333333
3065,"P56_batch2","LOH",0.233333333333333
3066,"P56_batch2","PT",0.0333333333333333
3067,"P56_batch2","PT",0.0666666666666667
3068,"P56_batch2","PT",0.933333333333333
3069,"P56_batch2","LOH",0
3070,"P56_batch2","PT",0.0666666666666667
3071,"P56_batch2","PT2",0.366666666666667
3072,"P56_batch2","PT",0.0666666666666667
3073,"P56_batch2","DCT",0
3074,"P56_batch2","PT",0.0333333333333333
3075,"P56_batch2","PT_out",0.866666666666667
3076,"P56_batch2","stroma2",0.8
3077,"P56_batch2","LOH",0.133333333333333
3078,"P56_batch2","PT",0.0666666666666667
3079,"P56_batch2","PT",0.166666666666667
3080,"P56_batch2","stroma2",0.0666666666666667
3081,"P56_batch2","PT2",0
3082,"P56_batch2","Endo",0.166666666666667
3083,"P56_batch2","IC",0.533333333333333
3084,"P56_batch2","PT2",0
3085,"P56_batch2","PT",0.0666666666666667
3086,"P56_batch2","DCT",0
3087,"P56_batch2","IC",0
3088,"P56_batch2","LOH",0.0333333333333333
3089,"P56_batch2","PT",0.2
3090,"P56_batch2","stroma1",0.266666666666667
3091,"P56_batch2","PT",0.0666666666666667
3092,"P56_batch2","PT2",0
3093,"P56_batch2","stroma2",0.0666666666666667
3094,"P56_batch2","LOH",0.133333333333333
3095,"P56_batch2","PT_out",0.4
3096,"P56_batch2","PT",0
3097,"P56_batch2","stroma2",0.0666666666666667
3098,"P56_batch2","PC",0.2
3099,"P56_batch2","LOH",0
3100,"P56_batch2","CNT",0.0333333333333333
3101,"P56_batch2","CNT",0.0666666666666667
3102,"P56_batch2","PT",0
3103,"P56_batch2","PT",0.266666666666667
3104,"P56_batch2","LOH",0.0333333333333333
3105,"P56_batch2","PT",0
3106,"P56_batch2","LOH",0
3107,"P56_batch2","PT",0.0666666666666667
3108,"P56_batch2","PT",0.366666666666667
3109,"P56_batch2","LOH",0
3110,"P56_batch2","PT2",0.0333333333333333
3111,"P56_batch2","PT",0
3112,"P56_batch2","PT",0.0333333333333333
3113,"P56_batch2","stroma1",0.333333333333333
3114,"P56_batch2","LOH",0.0333333333333333
3115,"P56_batch2","DCT",0
3116,"P56_batch2","LOH",0.0333333333333333
3117,"P56_batch2","stroma2",0.1
3118,"P56_batch2","PT",0
3119,"P56_batch2","PT",0.1
3120,"P56_batch2","IC",0.633333333333333
3121,"P56_batch2","PT",0.433333333333333
3122,"P56_batch2","CNT",0
3123,"P56_batch2","PT2",0
3124,"P56_batch2","PT",0.4
3125,"P56_batch2","LOH",0.933333333333333
3126,"P56_batch2","PT",0.1
3127,"P56_batch2","PT2",0.133333333333333
3128,"P56_batch2","PT",0.0666666666666667
3129,"P56_batch2","PT",0.433333333333333
3130,"P56_batch2","LOH",0
3131,"P56_batch2","PT2",0
3132,"P56_batch2","LOH",0
3133,"P56_batch2","PT",0
3134,"P56_batch2","PT",0.1
3135,"P56_batch2","Endo",0.433333333333333
3136,"P56_batch2","PT2",0.533333333333333
3137,"P56_batch2","PC",0.766666666666667
3138,"P56_batch2","NP",0.133333333333333
3139,"P56_batch2","Endo",0.133333333333333
3140,"P56_batch2","stroma1",0.766666666666667
3141,"P56_batch2","PT",0
3142,"P56_batch2","PT",0
3143,"P56_batch2","PT",0.0666666666666667
3144,"P56_batch2","PT",0.866666666666667
3145,"P56_batch2","PT",0.133333333333333
3146,"P56_batch2","LOH",0
3147,"P56_batch2","IC",0.233333333333333
3148,"P56_batch2","PT",0.666666666666667
3149,"P56_batch2","immune",0.3
3150,"P56_batch2","CNT",0
3151,"P56_batch2","PT",0.2
3152,"P56_batch2","CNT",0.0333333333333333
3153,"P56_batch2","PT",0.333333333333333
3154,"P56_batch2","NP",0.366666666666667
3155,"P56_batch2","PT2",0.5
3156,"P56_batch2","PT",0
3157,"P56_batch2","PT",0.166666666666667
3158,"P56_batch2","PT2",0.0666666666666667
3159,"P56_batch2","PC",0.266666666666667
3160,"P56_batch2","PT",0.1
3161,"P56_batch2","Endo",0.3
3162,"P56_batch2","PT",0.133333333333333
3163,"P56_batch2","CNT",0.0666666666666667
3164,"P56_batch2","DCT",0
3165,"P56_batch2","LOH",0.1
3166,"P56_batch2","LOH",0
3167,"P56_batch2","PC",0.333333333333333
3168,"P56_batch2","stroma2",0.1
3169,"P56_batch2","PT2",0
3170,"P56_batch2","PT",0.133333333333333
3171,"P56_batch2","PT2",0.0666666666666667
3172,"P56_batch2","LOH",0.6
3173,"P56_batch2","PT",0
3174,"P56_batch2","DCT",0.533333333333333
3175,"P56_batch2","PT",0.866666666666667
3176,"P56_batch2","stroma2",0.8
3177,"P56_batch2","PT",0.266666666666667
3178,"P56_batch2","PT",0.133333333333333
3179,"P56_batch2","PT",0.9
3180,"P56_batch2","LOH",0
3181,"P56_batch2","PT",0.0333333333333333
3182,"P56_batch2","PT",0.7
3183,"P56_batch2","PT",0
3184,"P56_batch2","PC",0
3185,"P56_batch2","PT2",0.966666666666667
3186,"P56_batch2","DCT",0
3187,"P56_batch2","PT",0.666666666666667
3188,"P56_batch2","PT",0
3189,"P56_batch2","PC",0.766666666666667
3190,"P56_batch2","PT",0.8
3191,"P56_batch2","IC",0.666666666666667
3192,"P56_batch2","PT2",0.0333333333333333
3193,"P56_batch2","PT2",0.0333333333333333
3194,"P56_batch2","PT2",0
3195,"P56_batch2","PT",0.1
3196,"P56_batch2","PT",0.433333333333333
3197,"P56_batch2","stroma2",0
3198,"P56_batch2","NP",0.466666666666667
3199,"P56_batch2","LOH",0
3200,"P56_batch2","PT_out",0.466666666666667
3201,"P56_batch2","LOH",0.133333333333333
3202,"P56_batch2","LOH",0.433333333333333
3203,"P56_batch2","PT",0.733333333333333
3204,"P56_batch2","LOH",0
3205,"P56_batch2","CNT",0
3206,"P56_batch2","Endo",0.633333333333333
3207,"P56_batch2","Endo",0.733333333333333
3208,"P56_batch2","LOH",0.1
3209,"P56_batch2","PT",0.1
3210,"P56_batch2","stroma1",0.866666666666667
3211,"P56_batch2","PT2",0.1
3212,"P56_batch2","PT",0
3213,"P56_batch2","PT2",0
3214,"P56_batch2","LOH",0.1
3215,"P56_batch2","PT2",0.133333333333333
3216,"P56_batch2","PT2",0
3217,"P56_batch2","PT2",0
3218,"P56_batch2","NP",0.0666666666666667
3219,"P56_batch2","PT",0
3220,"P56_batch2","CNT",0
3221,"P56_batch2","PT_out",0.633333333333333
3222,"P56_batch2","PT",0.0333333333333333
3223,"P56_batch2","DCT",0
3224,"P56_batch2","PT",0.0333333333333333
3225,"P56_batch2","LOH",0
3226,"P56_batch2","DCT",0.0666666666666667
3227,"P56_batch2","CNT",0.0333333333333333
3228,"P56_batch2","PT2",0.8
3229,"P56_batch2","PT",0.433333333333333
3230,"P56_batch2","immune",0.566666666666667
3231,"P56_batch2","Endo",0.433333333333333
3232,"P56_batch2","LOH",0.1
3233,"P56_batch2","PT",0
3234,"P56_batch2","stroma2",0.266666666666667
3235,"P56_batch2","stroma2",0.133333333333333
3236,"P56_batch2","immune",0.533333333333333
3237,"P56_batch2","PT2",0.0333333333333333
3238,"P56_batch2","PT",0.1
3239,"P56_batch2","PT",0.0333333333333333
3240,"P56_batch2","PT",0
3241,"P56_batch2","PT2",0.633333333333333
3242,"P56_batch2","stroma2",0.133333333333333
3243,"P56_batch2","NP_LOH",0.2
3244,"P56_batch2","PT",0
3245,"P56_batch2","PT2",0.766666666666667
3246,"P56_batch2","PT",0.3
3247,"P56_batch2","IC",0
3248,"P56_batch2","Endo",0
3249,"P56_batch2","CNT",0.0333333333333333
3250,"P56_batch2","NP",0.166666666666667
3251,"P56_batch2","PT",0.133333333333333
3252,"P56_batch2","PT",0
3253,"P56_batch2","PT",0.0333333333333333
3254,"P56_batch2","CNT",0
3255,"P56_batch2","PT",0.3
3256,"P56_batch2","PT",0.4
3257,"P56_batch2","PT_out",0
3258,"P56_batch2","PT2",0
3259,"P56_batch2","PT",0.166666666666667
3260,"P56_batch2","PT2",0
3261,"P56_batch2","PT",0
3262,"P56_batch2","PT2",0
3263,"P56_batch2","LOH",0.0666666666666667
3264,"P56_batch2","DCT",0
3265,"P56_batch2","PT2",0.0333333333333333
3266,"P56_batch2","PT2",0.0333333333333333
3267,"P56_batch2","PT2",0.633333333333333
3268,"P56_batch2","PC",0.866666666666667
3269,"P56_batch2","PT",0.0333333333333333
3270,"P56_batch2","PT",0.3
3271,"P56_batch2","PT2",0
3272,"P56_batch2","PT",0
3273,"P56_batch2","PT",0.2
3274,"P56_batch2","PC",0.566666666666667
3275,"P56_batch2","CNT",0
3276,"P56_batch2","PT",0.0666666666666667
3277,"P56_batch2","NP_LOH",0.866666666666667
3278,"P56_batch2","PT2",0.6
3279,"P56_batch2","PT",0
3280,"P56_batch2","LOH",0.633333333333333
3281,"P56_batch2","PT2",0.133333333333333
3282,"P56_batch2","PT2",0.5
3283,"P56_batch2","PT",0.133333333333333
3284,"P56_batch2","CNT",0.866666666666667
3285,"P56_batch2","LOH",0.0333333333333333
3286,"P56_batch2","LOH",0.366666666666667
3287,"P56_batch2","PC",0.2
3288,"P56_batch2","PT2",0
3289,"P56_batch2","PT",0
3290,"P56_batch2","PT",0.0666666666666667
3291,"P56_batch2","LOH",0.0333333333333333
3292,"P56_batch2","PT",0.2
3293,"P56_batch2","DCT",0
3294,"P56_batch2","PT",0.833333333333333
3295,"P56_batch2","PT2",0
3296,"P56_batch2","LOH",0.6
3297,"P56_batch2","PT",0.2
3298,"P56_batch2","PT",0.666666666666667
3299,"P56_batch2","DCT",0.0666666666666667
3300,"P56_batch2","PT",0.133333333333333
3301,"P56_batch2","Endo",0.533333333333333
3302,"P56_batch2","PT_out",0
3303,"P56_batch2","PT2",0.566666666666667
3304,"P56_batch2","stroma1",0.1
3305,"P56_batch2","Endo",0.133333333333333
3306,"P56_batch2","NP",0.2
3307,"P56_batch2","IC",0.1
3308,"P56_batch2","DCT",0
3309,"P56_batch2","Endo",0.1
3310,"P56_batch2","PT",0.6
3311,"P56_batch2","PT",0.1
3312,"P56_batch2","PT2",0.2
3313,"P56_batch2","Endo",0
3314,"P56_batch2","PT2",0
3315,"P56_batch2","PT2",0
3316,"P56_batch2","NP_LOH",0.266666666666667
3317,"P56_batch2","PT",0
3318,"P56_batch2","LOH",0.433333333333333
3319,"P56_batch2","PT",0
3320,"P56_batch2","PT2",0
3321,"P56_batch2","PT2",0
3322,"P56_batch2","PT2",0
3323,"P56_batch2","PT",0.166666666666667
3324,"P56_batch2","stroma2",0.233333333333333
3325,"P56_batch2","IC",0.133333333333333
3326,"P56_batch2","PT",0.366666666666667
3327,"P56_batch2","stroma2",0.566666666666667
3328,"P56_batch2","stroma2",0.366666666666667
3329,"P56_batch2","LOH",0
3330,"P56_batch2","PT",0.166666666666667
3331,"P56_batch2","PT_out",0
3332,"P56_batch2","immune",0.0666666666666667
3333,"P56_batch2","PT",0.166666666666667
3334,"P56_batch2","PT",0.0666666666666667
3335,"P56_batch2","CNT",0
3336,"P56_batch2","LOH",0.2
3337,"P56_batch2","Endo",0.1
3338,"P56_batch2","PT",0.3
3339,"P56_batch2","PT",0.0333333333333333
3340,"P56_batch2","LOH",0
3341,"P56_batch2","PT",0.6
3342,"P56_batch2","PC",0.1
3343,"P56_batch2","PT",0.0333333333333333
3344,"P56_batch2","PT",0
3345,"P56_batch2","stroma2",0.6
3346,"P56_batch2","PT",0
3347,"P56_batch2","LOH",0
3348,"P56_batch2","Endo",0.333333333333333
3349,"P56_batch2","Podo",0
3350,"P56_batch2","PT",0.266666666666667
3351,"P56_batch2","DCT",0
3352,"P56_batch2","PT",0
3353,"P56_batch2","IC",0.0333333333333333
3354,"P56_batch2","LOH",0.766666666666667
3355,"P56_batch2","PT2",0
3356,"P56_batch2","PT",0.533333333333333
3357,"P56_batch2","PT2",0
3358,"P56_batch2","stroma1",0.333333333333333
3359,"P56_batch2","PT",0.2
3360,"P56_batch2","PT2",0
3361,"P56_batch2","PT",0.1
3362,"P56_batch2","DCT",0
3363,"P56_batch2","DCT",0.2
3364,"P56_batch2","NP",0.633333333333333
3365,"P56_batch2","immune",0.533333333333333
3366,"P56_batch2","PT",0
3367,"P56_batch2","LOH",0.466666666666667
3368,"P56_batch2","stroma2",0.0333333333333333
3369,"P56_batch2","PT",0.2
3370,"P56_batch2","CNT",0.0333333333333333
3371,"P56_batch2","LOH",0
3372,"P56_batch2","LOH",0.0333333333333333
3373,"P56_batch2","stroma2",0.733333333333333
3374,"P56_batch2","DCT",0
3375,"P56_batch2","stroma2",0.733333333333333
3376,"P56_batch2","DCT",0
3377,"P56_batch2","PT",0.4
3378,"P56_batch2","PT2",0
3379,"P56_batch2","PT2",0
3380,"P56_batch2","LOH",0.0333333333333333
3381,"P56_batch2","IC",0
3382,"P56_batch2","PT",0.0666666666666667
3383,"P56_batch2","LOH",0.0333333333333333
3384,"P56_batch2","PT",0
3385,"P56_batch2","PT",0
3386,"P56_batch2","LOH",0
3387,"P56_batch2","immune",0.766666666666667
3388,"P56_batch2","Endo",0.0666666666666667
3389,"P56_batch2","PT",0.0333333333333333
3390,"P56_batch2","immune",0.1
3391,"P56_batch2","PT",0.0333333333333333
3392,"P56_batch2","DCT",0
3393,"P56_batch2","PT",0
3394,"P56_batch2","PT2",0
3395,"P56_batch2","PT2",0
3396,"P56_batch2","PT",0
3397,"P56_batch2","Endo",0.333333333333333
3398,"P56_batch2","IC",0.0666666666666667
3399,"P56_batch2","Endo",0.1
3400,"P56_batch2","NP",0.366666666666667
3401,"P56_batch2","IC",0.2
3402,"P56_batch2","PT",0.0333333333333333
3403,"P56_batch2","PT",0.666666666666667
3404,"P56_batch2","DCT",0
3405,"P56_batch2","PT",0.266666666666667
3406,"P56_batch2","LOH",0.1
3407,"P56_batch2","PT",0.0666666666666667
3408,"P56_batch2","PT",0.733333333333333
3409,"P56_batch2","CNT",0
3410,"P56_batch2","DCT",0
3411,"P56_batch2","Endo",0.3
3412,"P56_batch2","PT",0.233333333333333
3413,"P56_batch2","PC",0.966666666666667
3414,"P56_batch2","LOH",0
3415,"P56_batch2","PC",0.166666666666667
3416,"P56_batch2","DCT",0
3417,"P56_batch2","PT_out",0.8
3418,"P56_batch2","DCT",0
3419,"P56_batch2","IC",0.0666666666666667
3420,"P56_batch2","PT",0.133333333333333
3421,"P56_batch2","Endo",0.166666666666667
3422,"P56_batch2","Endo",0.1
3423,"P56_batch2","PT",0.0333333333333333
3424,"P56_batch2","CNT",0.0333333333333333
3425,"P56_batch2","PT",0.2
3426,"P56_batch2","PT2",0
3427,"P56_batch2","PT2",0.5
3428,"P56_batch2","LOH",0.0333333333333333
3429,"P56_batch2","PT",0.7
3430,"P56_batch2","PC",0.1
3431,"P56_batch2","PT2",0.0333333333333333
3432,"P56_batch2","DCT",0.0333333333333333
3433,"P56_batch2","PC",0.533333333333333
3434,"P56_batch2","DCT",0
3435,"P56_batch2","PT",0
3436,"P56_batch2","stroma1",0.7
3437,"P56_batch2","PT",0.1
3438,"P56_batch2","stroma2",0.133333333333333
3439,"P56_batch2","PT",0
3440,"P56_batch2","stroma1",0.533333333333333
3441,"P56_batch2","PT",0
3442,"P56_batch2","PT",0
3443,"P56_batch2","PT",0.0333333333333333
3444,"P56_batch2","LOH",0.0333333333333333
3445,"P56_batch2","PT",0.3
3446,"P56_batch2","LOH",0
3447,"P56_batch2","LOH",0
3448,"P56_batch2","PT",0.133333333333333
3449,"P56_batch2","PT",0
3450,"P56_batch2","stroma2",0.3
3451,"P56_batch2","CNT",0.1
3452,"P56_batch2","PT2",0
3453,"P56_batch2","PT2",0
3454,"P56_batch2","PT_out",0.166666666666667
3455,"P56_batch2","CNT",0.0666666666666667
3456,"P56_batch2","PT",0
3457,"P56_batch2","PT",0.0333333333333333
3458,"P56_batch2","PT",0
3459,"P56_batch2","LOH",0.0333333333333333
3460,"P56_batch2","Endo",0.1
3461,"P56_batch2","PT_out",0.0333333333333333
3462,"P56_batch2","PT",0.0333333333333333
3463,"P56_batch2","DCT",0.0333333333333333
3464,"P56_batch2","PT2",0
3465,"P56_batch2","LOH",0
3466,"P56_batch2","PT2",0
3467,"P56_batch2","stroma2",0.266666666666667
3468,"P56_batch2","PT2",0
3469,"P56_batch2","PT",0.2
3470,"P56_batch2","CNT",0
3471,"P56_batch2","LOH",0.1
3472,"P56_batch2","PT",0.0333333333333333
3473,"P56_batch2","stroma2",0.0666666666666667
3474,"P56_batch2","DCT",0
3475,"P56_batch2","PT",0
3476,"P56_batch2","PT",0.2
3477,"P56_batch2","PT",0.1
3478,"P56_batch2","PT",0.733333333333333
3479,"P56_batch2","PT",0.733333333333333
3480,"P56_batch2","PT",0.366666666666667
3481,"P56_batch2","PT",0.233333333333333
3482,"P56_batch2","PT2",0.733333333333333
3483,"P56_batch2","Endo",0.0666666666666667
3484,"P56_batch2","PT2",0
3485,"P56_batch2","PT_out",0.933333333333333
3486,"P56_batch2","DCT",0.0333333333333333
3487,"P56_batch2","Endo",0.466666666666667
3488,"P56_batch2","PT",0.2
3489,"P56_batch2","PT2",0
3490,"P56_batch2","Endo",0.1
3491,"P56_batch2","PT",0
3492,"P56_batch2","PT",0.1
3493,"P56_batch2","LOH",0.166666666666667
3494,"P56_batch2","PT",0.1
3495,"P56_batch2","PT",0.566666666666667
3496,"P56_batch2","DCT",0
3497,"P56_batch2","PT",0.0666666666666667
3498,"P56_batch2","PT2",0.733333333333333
3499,"P56_batch2","PT2",0
3500,"P56_batch2","PC",0.133333333333333
3501,"P56_batch2","PT",0
3502,"P56_batch2","DCT",0
3503,"P56_batch2","PT",0.233333333333333
3504,"P56_batch2","PT",0
3505,"P56_batch2","IC",0.0333333333333333
3506,"P56_batch2","CNT",0.1
3507,"P56_batch2","PT",0.0666666666666667
3508,"P56_batch2","PT",0.666666666666667
3509,"P56_batch2","PT",0
3510,"P56_batch2","PT",0.133333333333333
3511,"P56_batch2","PT",0
3512,"P56_batch2","LOH",0
3513,"P56_batch2","PT",0.3
3514,"P56_batch2","PT",0.1
3515,"P56_batch2","PT",0.0333333333333333
3516,"P56_batch2","PT",0.0333333333333333
3517,"P56_batch2","CNT",0
3518,"P56_batch2","LOH",0.666666666666667
3519,"P56_batch2","PT",0
3520,"P56_batch2","LOH",0
3521,"P56_batch2","LOH",0
3522,"P56_batch2","PC",0.6
3523,"P56_batch2","PT",0.1
3524,"P56_batch2","stroma1",0.0333333333333333
3525,"P56_batch2","DCT",0
3526,"P56_batch2","PT",0
3527,"P56_batch2","PT2",0
3528,"P56_batch2","CNT",0
3529,"P56_batch2","IC",0.866666666666667
3530,"P56_batch2","NP",0.866666666666667
3531,"P56_batch2","LOH",0
3532,"P56_batch2","PT2",0.133333333333333
3533,"P56_batch2","PT",0.933333333333333
3534,"P56_batch2","Endo",0.533333333333333
3535,"P56_batch2","PT",0.133333333333333
3536,"P56_batch2","PT",0.8
3537,"P56_batch2","PT2",0
3538,"P56_batch2","stroma1",0.833333333333333
3539,"P56_batch2","CNT",0
3540,"P56_batch2","LOH",0
3541,"P56_batch2","PT",0.0333333333333333
3542,"P56_batch2","PT",0
3543,"P56_batch2","PT",0
3544,"P56_batch2","IC",0.0333333333333333
3545,"P56_batch2","PT",0.166666666666667
3546,"P56_batch2","PT",0.566666666666667
3547,"P56_batch2","PT",0.166666666666667
3548,"P56_batch2","LOH",0
3549,"P56_batch2","PT",0.1
3550,"P56_batch2","Endo",0.366666666666667
3551,"P56_batch2","PT",0
3552,"P56_batch2","PT",0
3553,"P56_batch2","PT2",0.3
3554,"P56_batch2","PT",0.333333333333333
3555,"P56_batch2","PT2",0.733333333333333
3556,"P56_batch2","Endo",0.133333333333333
3557,"P56_batch2","PT",0.133333333333333
3558,"P56_batch2","PT",0.0333333333333333
3559,"P56_batch2","PT",0.4
3560,"P56_batch2","PT",0.0333333333333333
3561,"P56_batch2","DCT",0
3562,"P56_batch2","LOH",0.0666666666666667
3563,"P56_batch2","LOH",0.0333333333333333
3564,"P56_batch2","PT",0.0666666666666667
3565,"P56_batch2","LOH",0
3566,"P56_batch2","PT",0
3567,"P56_batch2","PT",0.766666666666667
3568,"P56_batch2","stroma2",0.0666666666666667
3569,"P56_batch2","DCT",0.0333333333333333
3570,"P56_batch2","PT2",0
3571,"P56_batch2","stroma2",0.666666666666667
3572,"P56_batch2","PT_out",0.966666666666667
3573,"P56_batch2","PT",0
3574,"P56_batch2","LOH",0.133333333333333
3575,"P56_batch2","PT",0
3576,"P56_batch2","Endo",0.5
3577,"P56_batch2","Endo",0.633333333333333
3578,"P56_batch2","PT",0.0333333333333333
3579,"P56_batch2","PT",0.666666666666667
3580,"P56_batch2","PC",0.266666666666667
3581,"P56_batch2","LOH",0
3582,"P56_batch2","PT",0
3583,"P56_batch2","Endo",0.833333333333333
3584,"P56_batch2","PT",0
3585,"P56_batch2","PT",0.1
3586,"P56_batch2","PT",0.0333333333333333
3587,"P56_batch2","DCT",0
3588,"P56_batch2","PT",0.2
3589,"P56_batch2","LOH",0
3590,"P56_batch2","stroma2",0.2
3591,"P56_batch2","immune",0.333333333333333
3592,"P56_batch2","LOH",0.0333333333333333
3593,"P56_batch2","stroma2",0.8
3594,"P56_batch2","DCT",0
3595,"P56_batch2","PT",0
3596,"P56_batch2","stroma1",0.766666666666667
3597,"P56_batch2","PT",0
3598,"P56_batch2","stroma2",0.0333333333333333
3599,"P56_batch2","PC",0.0333333333333333
3600,"P56_batch2","PT",0
3601,"P56_batch2","PT",0.2
3602,"P56_batch2","PT",0
3603,"P56_batch2","PT",0.2
3604,"P56_batch2","PT2",0.0333333333333333
3605,"P56_batch2","PT2",0
3606,"P56_batch2","IC",0.166666666666667
3607,"P56_batch2","LOH",0
3608,"P56_batch2","PT2",0
3609,"P56_batch2","PC",0.433333333333333
3610,"P56_batch2","PT2",0
3611,"P56_batch2","PT_out",0.633333333333333
3612,"P56_batch2","PT2",0
3613,"P56_batch2","PT_out",0
3614,"P56_batch2","PT",0.1
3615,"P56_batch2","LOH",0.233333333333333
3616,"P56_batch2","PT",0.0333333333333333
3617,"P56_batch2","DCT",0
3618,"P56_batch2","PT2",0
3619,"P56_batch2","stroma1",0.133333333333333
3620,"P56_batch2","LOH",0
3621,"P56_batch2","LOH",0.266666666666667
3622,"P56_batch2","LOH",0
3623,"P56_batch2","PT",0
3624,"P56_batch2","Endo",0.166666666666667
3625,"P56_batch2","PT",0.0666666666666667
3626,"P56_batch2","LOH",0.0666666666666667
3627,"P56_batch2","PC",0
3628,"P56_batch2","PT",0.0666666666666667
3629,"P56_batch2","PT",0.0333333333333333
3630,"P56_batch2","LOH",0
3631,"P56_batch2","PT2",0
3632,"P56_batch2","LOH",0.0333333333333333
3633,"P56_batch2","LOH",0.7
3634,"P56_batch2","stroma1",0.633333333333333
3635,"P56_batch2","PT",0
3636,"P56_batch2","immune",0.2
3637,"P56_batch2","PT2",0.0666666666666667
3638,"P56_batch2","LOH",0.1
3639,"P56_batch2","PT",0
3640,"P56_batch2","PT",0.6
3641,"P56_batch2","PT",0
3642,"P56_batch2","IC",0
3643,"P56_batch2","CNT",0
3644,"P56_batch2","LOH",0.0333333333333333
3645,"P56_batch2","LOH",0.133333333333333
3646,"P56_batch2","DCT",0.2
3647,"P56_batch2","PT2",0.866666666666667
3648,"P56_batch2","DCT",0
3649,"P56_batch2","LOH",0.0333333333333333
3650,"P56_batch2","PT",0.1
3651,"P56_batch2","stroma2",0
3652,"P56_batch2","DCT",0.0666666666666667
3653,"P56_batch2","PT",0.0333333333333333
3654,"P56_batch2","LOH",0.133333333333333
3655,"P56_batch2","NP_LOH",0.166666666666667
3656,"P56_batch2","PT",0.1
3657,"P56_batch2","PT",0.0333333333333333
3658,"P56_batch2","IC",0.0666666666666667
3659,"P56_batch2","DCT",0
3660,"P56_batch2","LOH",0
3661,"P56_batch2","Endo",0.266666666666667
3662,"P56_batch2","PT",0.833333333333333
3663,"P56_batch2","LOH",0
3664,"P56_batch2","PT",0.166666666666667
3665,"P56_batch2","PT",0.666666666666667
3666,"P56_batch2","PT2",0.0333333333333333
3667,"P56_batch2","PT",0.0333333333333333
3668,"P56_batch2","LOH",0.0333333333333333
3669,"P56_batch2","IC",0
3670,"P56_batch2","NP_LOH",0.366666666666667
3671,"P56_batch2","stroma2",0.0333333333333333
3672,"P56_batch2","Endo",0.333333333333333
3673,"P56_batch2","PT",0
3674,"P56_batch2","PT",0.1
3675,"P56_batch2","NP_LOH",0.6
3676,"P56_batch2","PT2",0
3677,"P56_batch2","PT",0.433333333333333
3678,"P56_batch2","LOH",0.4
3679,"P56_batch2","Endo",0
3680,"P56_batch2","PT2",0.3
3681,"P56_batch2","PT",0.366666666666667
3682,"P56_batch2","PT",0.1
3683,"P56_batch2","CNT",0.2
3684,"P56_batch2","CNT",0.7
3685,"P56_batch2","PT2",0.2
3686,"P56_batch2","PT_out",1
3687,"P56_batch2","PT",0
3688,"P56_batch2","PT",0.166666666666667
3689,"P56_batch2","PT2",0.133333333333333
3690,"P56_batch2","DCT",0.0333333333333333
3691,"P56_batch2","PT",0.133333333333333
3692,"P56_batch2","LOH",0.0666666666666667
3693,"P56_batch2","Endo",0.333333333333333
3694,"P56_batch2","PC",0.666666666666667
3695,"P56_batch2","PT",0.0333333333333333
3696,"P56_batch2","PT",0
3697,"P56_batch2","PT",0.0666666666666667
3698,"P56_batch2","CNT",0
3699,"P56_batch2","PC",0
3700,"P56_batch2","PT",0.633333333333333
3701,"P56_batch2","PT",0.133333333333333
3702,"P56_batch2","PT",0
3703,"P56_batch2","PT_out",0.2
3704,"P56_batch2","PT2",0
3705,"P56_batch2","PT",0.0333333333333333
3706,"P56_batch2","PT",0.0666666666666667
3707,"P56_batch2","DCT",0.766666666666667
3708,"P56_batch2","PC",0.133333333333333
3709,"P56_batch2","PT2",0
3710,"P56_batch2","PT2",0
3711,"P56_batch2","LOH",0.1
3712,"P56_batch2","stroma2",0.3
3713,"P56_batch2","stroma2",0.8
3714,"P56_batch2","PT2",0.3
3715,"P56_batch2","PT",0.766666666666667
3716,"P56_batch2","Endo",0.366666666666667
3717,"P56_batch2","Endo",0.366666666666667
3718,"P56_batch2","stroma2",0.233333333333333
3719,"P56_batch2","PT2",0.7
3720,"P56_batch2","CNT",0
3721,"P56_batch2","PT",0
3722,"P56_batch2","DCT",0
3723,"P56_batch2","PT2",0.0666666666666667
3724,"P56_batch2","LOH",0.533333333333333
3725,"P56_batch2","LOH",0.766666666666667
3726,"P56_batch2","PT",0
3727,"P56_batch2","DCT",0.833333333333333
3728,"P56_batch2","PT2",0.566666666666667
3729,"P56_batch2","LOH",0.566666666666667
3730,"P56_batch2","PT2",0
3731,"P56_batch2","PT2",0.0333333333333333
3732,"P56_batch2","CNT",0
3733,"P56_batch2","PT",0.0333333333333333
3734,"P56_batch2","PT2",0.6
3735,"P56_batch2","CNT",0.0333333333333333
3736,"P56_batch2","IC",0.4
3737,"P56_batch2","PT2",0.9
3738,"P56_batch2","immune",0.4
3739,"P56_batch2","PT2",0.8
3740,"P56_batch2","Endo",0.0666666666666667
3741,"P56_batch2","CNT",0
3742,"P56_batch2","PT",0.0333333333333333
3743,"P56_batch2","Endo",0.266666666666667
3744,"P56_batch2","PT",0.5
3745,"P56_batch2","PT",0.1
3746,"P56_batch2","PT",0
3747,"P56_batch2","Endo",0.1
3748,"P56_batch2","PT2",0
3749,"P56_batch2","CNT",0
3750,"P56_batch2","PT2",0
3751,"P56_batch2","PT",0.533333333333333
3752,"P56_batch2","immune",0.433333333333333
3753,"P56_batch2","PT",0
3754,"P56_batch2","Endo",0.1
3755,"P56_batch2","PT",0
3756,"P56_batch2","PT",0.266666666666667
3757,"P56_batch2","NP",0.466666666666667
3758,"P56_batch2","PT_out",0.7
3759,"P56_batch2","stroma2",0
3760,"P56_batch2","stroma2",0.566666666666667
3761,"P56_batch2","PT",0.3
3762,"P56_batch2","Podo",0.1
3763,"P56_batch2","PT",0
3764,"P56_batch2","PT",0
3765,"P56_batch2","stroma2",0.566666666666667
3766,"P56_batch2","PT2",0.8
3767,"P56_batch2","PT2",0.633333333333333
3768,"P56_batch2","LOH",0.633333333333333
3769,"P56_batch2","PT",0.1
3770,"P56_batch2","PT",0.733333333333333
3771,"P56_batch2","DCT",0.3
3772,"P56_batch2","LOH",0.333333333333333
3773,"P56_batch2","PT",0.0666666666666667
3774,"P56_batch2","PT",0.566666666666667
3775,"P56_batch2","Endo",0.0666666666666667
3776,"P56_batch2","PT_out",0.0333333333333333
3777,"P56_batch2","stroma2",0.3
3778,"P56_batch2","PC",0.8
3779,"P56_batch2","PT",0.0333333333333333
3780,"P56_batch2","PT2",0.766666666666667
3781,"P56_batch2","PT",0.366666666666667
3782,"P56_batch2","DCT",0
3783,"P56_batch2","PT",0.266666666666667
3784,"P56_batch2","Endo",0.166666666666667
3785,"P56_batch2","LOH",0
3786,"P56_batch2","PT2",0
3787,"P56_batch2","Endo",0.1
3788,"P56_batch2","DCT",0
3789,"P56_batch2","PT2",0
3790,"P56_batch2","PT",0.0333333333333333
3791,"P56_batch2","PT",0.0666666666666667
3792,"P56_batch2","DCT",0
3793,"P56_batch2","LOH",0.1
3794,"P56_batch2","PT",0.133333333333333
3795,"P56_batch2","PT2",0
3796,"P56_batch2","LOH",0.0666666666666667
3797,"P56_batch2","DCT",0
3798,"P56_batch2","PT",0.666666666666667
3799,"P56_batch2","PT",0.266666666666667
3800,"P56_batch2","PT2",0.533333333333333
3801,"P56_batch2","PC",0.133333333333333
3802,"P56_batch2","PT2",0
3803,"P56_batch2","PT_out",0.866666666666667
3804,"P56_batch2","PT",0.0666666666666667
3805,"P56_batch2","CNT",0
3806,"P56_batch2","IC",0.666666666666667
3807,"P56_batch2","PT",0.6
3808,"P56_batch2","stroma1",0.166666666666667
3809,"P56_batch2","PT",0.3
3810,"P56_batch2","stroma1",0.466666666666667
3811,"P56_batch2","PT",0
3812,"P56_batch2","PT",0.1
3813,"P56_batch2","PT",0.433333333333333
3814,"P56_batch2","PT",0
3815,"P56_batch2","LOH",0.0333333333333333
3816,"P56_batch2","PT",0.0666666666666667
3817,"P56_batch2","PT",0.0666666666666667
3818,"P56_batch2","LOH",0.1
3819,"P56_batch2","PT2",0.0333333333333333
3820,"P56_batch2","IC",0
3821,"P56_batch2","stroma2",0.333333333333333
3822,"P56_batch2","PT",0.1
3823,"P56_batch2","IC",0
3824,"P56_batch2","PT",0.1
3825,"P56_batch2","PT",0.0333333333333333
3826,"P56_batch2","PT",0.366666666666667
3827,"P56_batch2","LOH",0.0333333333333333
3828,"P56_batch2","PC",0.133333333333333
3829,"P56_batch2","stroma2",0.233333333333333
3830,"P56_batch2","PT",0
3831,"P56_batch2","PT",0.133333333333333
3832,"P56_batch2","LOH",0.0333333333333333
3833,"P56_batch2","PT2",0.0333333333333333
3834,"P56_batch2","IC",0.766666666666667
3835,"P56_batch2","NP",0.1
3836,"P56_batch2","PT2",0
3837,"P56_batch2","PT2",0
3838,"P56_batch2","IC",0
3839,"P56_batch2","PT",0.266666666666667
3840,"P56_batch2","PT",0.0666666666666667
3841,"P56_batch2","PT2",0
3842,"P56_batch2","PT",0.133333333333333
3843,"P56_batch2","CNT",0
3844,"P56_batch2","PT",0.166666666666667
3845,"P56_batch2","PT",0
3846,"P56_batch2","PT",0.766666666666667
3847,"P56_batch2","PT2",0.0333333333333333
3848,"P56_batch2","IC",0.1
3849,"P56_batch2","LOH",0
3850,"P56_batch2","LOH",0.0333333333333333
3851,"P56_batch2","stroma2",0.733333333333333
3852,"P56_batch2","IC",0
3853,"P56_batch2","PT",0.466666666666667
3854,"P56_batch2","IC",0.0333333333333333
3855,"P56_batch2","PT2",0.0333333333333333
3856,"P56_batch2","PT",0
3857,"P56_batch2","PT",0.0333333333333333
3858,"P56_batch2","PT2",0
3859,"P56_batch2","PT",0.1
3860,"P56_batch2","PT2",0.266666666666667
3861,"P56_batch2","PT",0.4
3862,"P56_batch2","stroma1",0.266666666666667
3863,"P56_batch2","PT",0.466666666666667
3864,"P56_batch2","LOH",0.166666666666667
3865,"P56_batch2","Endo",0.0333333333333333
3866,"P56_batch2","stroma2",0.166666666666667
3867,"P56_batch2","Endo",0.1
3868,"P56_batch2","DCT",0
3869,"P56_batch2","PT",0.1
3870,"P56_batch2","PT",0.533333333333333
3871,"P56_batch2","PT",0.0333333333333333
3872,"P56_batch2","PT_out",0.1
3873,"P56_batch2","PT",0.333333333333333
3874,"P56_batch2","Endo",0.333333333333333
3875,"P56_batch2","DCT",0
3876,"P56_batch2","PT",0.1
3877,"P56_batch2","NP_LOH",0.0333333333333333
3878,"P56_batch2","PT",0.0333333333333333
3879,"P56_batch2","stroma1",0.5
3880,"P56_batch2","LOH",0
3881,"P56_batch2","PT",0.0333333333333333
3882,"P56_batch2","PT",0.1
3883,"P56_batch2","LOH",0.0666666666666667
3884,"P56_batch2","DCT",0.0333333333333333
3885,"P56_batch2","CNT",0.866666666666667
3886,"P56_batch2","PT2",0
3887,"P56_batch2","PT",0.4
3888,"P56_batch2","Endo",0.0666666666666667
3889,"P56_batch2","LOH",0.1
3890,"P56_batch2","PT",0.0666666666666667
3891,"P56_batch2","DCT",0
3892,"P56_batch2","PT2",0
3893,"P56_batch2","PT",0.366666666666667
3894,"P56_batch2","stroma2",0.266666666666667
3895,"P56_batch2","Endo",0.1
3896,"P56_batch2","DCT",0
3897,"P56_batch2","PT",0
3898,"P56_batch2","PT",0.0333333333333333
3899,"P56_batch2","IC",0.0333333333333333
3900,"P56_batch2","CNT",0
3901,"P56_batch2","PT",0.533333333333333
3902,"P56_batch2","LOH",0.0333333333333333
3903,"P56_batch2","PC",0.0666666666666667
3904,"P56_batch2","PT",0
3905,"P56_batch2","PT",0.4
3906,"P56_batch2","DCT",0
3907,"P56_batch2","LOH",0.0333333333333333
3908,"P56_batch2","immune",0.666666666666667
3909,"P56_batch2","PT",0
3910,"P56_batch2","Endo",0.2
3911,"P56_batch2","stroma2",0.166666666666667
3912,"P56_batch2","DCT",0.766666666666667
3913,"P56_batch2","Endo",0.4
3914,"P56_batch2","PT2",0.3
3915,"P56_batch2","PT2",0.666666666666667
3916,"P56_batch2","PT2",0.433333333333333
3917,"P56_batch2","stroma2",0.333333333333333
3918,"P56_batch2","PT",0
3919,"P56_batch2","PT2",0
3920,"P56_batch2","Endo",0.233333333333333
3921,"P56_batch2","DCT",0
3922,"P56_batch2","CNT",0
3923,"P56_batch2","IC",0.2
3924,"P56_batch2","PT2",0
3925,"P56_batch2","PT",0.0666666666666667
3926,"P56_batch2","PT",0.0333333333333333
3927,"P56_batch2","LOH",0.166666666666667
3928,"P56_batch2","PT2",0.0333333333333333
3929,"P56_batch2","DCT",0
3930,"P56_batch2","DCT",0
3931,"P56_batch2","PT",0.133333333333333
3932,"P56_batch2","Endo",0.0333333333333333
3933,"P56_batch2","PT",0.5
3934,"P56_batch2","stroma2",0.733333333333333
3935,"P56_batch2","PT",0.0333333333333333
3936,"P56_batch2","PT",0.0333333333333333
3937,"P56_batch2","PT2",0.0666666666666667
3938,"P56_batch2","PT",0.433333333333333
3939,"P56_batch2","Endo",0
3940,"P56_batch2","PT",0.0666666666666667
3941,"P56_batch2","PT",0.333333333333333
3942,"P56_batch2","PT",0.1
3943,"P56_batch2","IC",0.1
3944,"P56_batch2","PT",0.1
3945,"P56_batch2","PT2",0.266666666666667
3946,"P56_batch2","stroma2",0.733333333333333
3947,"P56_batch2","LOH",0.0666666666666667
3948,"P56_batch2","DCT",0.5
3949,"P56_batch2","IC",0.666666666666667
3950,"P56_batch2","PT",0
3951,"P56_batch2","PC",0.0666666666666667
3952,"P56_batch2","PT",0.5
3953,"P56_batch2","DCT",0
3954,"P56_batch2","CNT",0
3955,"P56_batch2","DCT",0.7
3956,"P56_batch2","DCT",0.533333333333333
3957,"P56_batch2","stroma1",0.933333333333333
3958,"P56_batch2","PC",0.133333333333333
3959,"P56_batch2","Endo",0.633333333333333
3960,"P56_batch2","DCT",0.266666666666667
3961,"P56_batch2","LOH",0
3962,"P56_batch2","PT2",0
3963,"P56_batch2","Endo",0.366666666666667
3964,"P56_batch2","PT",0.266666666666667
3965,"P56_batch2","PT",0.233333333333333
3966,"P56_batch2","PT2",0
3967,"P56_batch2","PT",0.2
3968,"P56_batch2","PT",0.1
3969,"P56_batch2","PT2",0.0333333333333333
3970,"P56_batch2","PT_out",0.4
3971,"P56_batch2","CNT",0
3972,"P56_batch2","PC",0
3973,"P56_batch2","LOH",0.0333333333333333
3974,"P56_batch2","PT",0.133333333333333
3975,"P56_batch2","LOH",0.1
3976,"P56_batch2","NP",0.266666666666667
3977,"P56_batch2","PC",0.6
3978,"P56_batch2","stroma2",0.0333333333333333
3979,"P56_batch2","LOH",0
3980,"P56_batch2","DCT",0
3981,"P56_batch2","LOH",0
3982,"P56_batch2","PT",0.0333333333333333
3983,"P56_batch2","PT2",0
3984,"P56_batch2","Endo",0.233333333333333
3985,"P56_batch2","LOH",0.0666666666666667
3986,"P56_batch2","stroma2",0.0333333333333333
3987,"P56_batch2","PT",0
3988,"P56_batch2","PC",0.1
3989,"P56_batch2","PT2",0.233333333333333
3990,"P56_batch2","stroma2",0.1
3991,"P56_batch2","PT",0.4
3992,"P56_batch2","LOH",0.566666666666667
3993,"P56_batch2","CNT",0.0333333333333333
3994,"P56_batch2","LOH",0
3995,"P56_batch2","PT",0.2
3996,"P56_batch2","LOH",0.0333333333333333
3997,"P56_batch2","DCT",0
3998,"P56_batch2","IC",0.6
3999,"P56_batch2","PT",0.233333333333333
4000,"P56_batch2","stroma2",0.166666666666667
4001,"P56_batch2","stroma2",0.133333333333333
4002,"P56_batch2","PC",0
4003,"P56_batch2","PT",0.533333333333333
4004,"P56_batch2","PC",0.8
4005,"P56_batch2","stroma2",0.7
4006,"P56_batch2","PT2",0
4007,"P56_batch2","PT2",0
4008,"P56_batch2","stroma2",0.0333333333333333
4009,"P56_batch2","PT",0.366666666666667
4010,"P56_batch2","IC",0
4011,"P56_batch2","stroma2",0.2
4012,"P56_batch2","stroma1",1
4013,"P56_batch2","PT",0.433333333333333
4014,"P56_batch2","PT",0.1
4015,"P56_batch2","PT",0.166666666666667
4016,"P56_batch2","PT",0.666666666666667
4017,"P56_batch2","PT",0
4018,"P56_batch2","PT2",0
4019,"P56_batch2","PC",0
4020,"P56_batch2","PT2",0
4021,"P56_batch2","PT",0
4022,"P56_batch2","PT",0.0666666666666667
4023,"P56_batch2","PT2",0.333333333333333
4024,"P56_batch2","PT",0.0333333333333333
4025,"P56_batch2","PT",0.4
4026,"P56_batch2","LOH",0.1
4027,"P56_batch2","stroma2",0.3
4028,"P56_batch2","PT2",0.366666666666667
4029,"P56_batch2","PT",0
4030,"P56_batch2","DCT",0.0333333333333333
4031,"P56_batch2","PT",0.1
4032,"P56_batch2","PT",0.266666666666667
4033,"P56_batch2","PT",0
4034,"P56_batch2","PT2",0
4035,"P56_batch2","PT2",0
4036,"P56_batch2","PT",0.0333333333333333
4037,"P56_batch2","Endo",0
4038,"P56_batch2","stroma2",0.466666666666667
4039,"P56_batch2","LOH",0.1
4040,"P56_batch2","PT",0.0333333333333333
4041,"P56_batch2","Endo",0.1
4042,"P56_batch2","LOH",0
4043,"P56_batch2","Endo",0.1
4044,"P56_batch2","stroma2",0.466666666666667
4045,"P56_batch2","PT2",0
4046,"P56_batch2","Endo",0.233333333333333
4047,"P56_batch2","Podo",0.166666666666667
4048,"P56_batch2","LOH",0
4049,"P56_batch2","stroma2",0.5
4050,"P56_batch2","stroma2",0.1
4051,"P56_batch2","Endo",0.3
4052,"P56_batch2","PT",0
4053,"P56_batch2","LOH",0.633333333333333
4054,"P56_batch2","LOH",0.633333333333333
4055,"P56_batch2","DCT",0.166666666666667
4056,"P56_batch2","PT2",0.2
4057,"P56_batch2","PT",0.9
4058,"P56_batch2","Endo",0.366666666666667
4059,"P56_batch2","PT",0.266666666666667
4060,"P56_batch2","PT",0.3
4061,"P56_batch2","DCT",0.6
4062,"P56_batch2","LOH",0.1
4063,"P56_batch2","stroma2",0.166666666666667
4064,"P56_batch2","PT",0.133333333333333
4065,"P56_batch2","LOH",0
4066,"P56_batch2","PT_out",0.6
4067,"P56_batch2","DCT",0.0333333333333333
4068,"P56_batch2","PT2",0
4069,"P56_batch2","PT2",0.0333333333333333
4070,"P56_batch2","PT2",0.833333333333333
4071,"P56_batch2","PT",0.133333333333333
4072,"P56_batch2","DCT",0
4073,"P56_batch2","NP",0.3
4074,"P56_batch2","PT",0.166666666666667
4075,"P56_batch2","LOH",0.0333333333333333
4076,"P56_batch2","PT",0.266666666666667
4077,"P56_batch2","CNT",0
4078,"P56_batch2","PT",0.266666666666667
4079,"P56_batch2","LOH",0.0333333333333333
4080,"P56_batch2","PT",0.0666666666666667
4081,"P56_batch2","PT",0
4082,"P56_batch2","LOH",0
4083,"P56_batch2","DCT",0.4
4084,"P56_batch2","stroma2",0.533333333333333
4085,"P56_batch2","PC",0
4086,"P56_batch2","PT",0.0333333333333333
4087,"P56_batch2","PT_out",0.0333333333333333
4088,"P56_batch2","PT",0.0666666666666667
4089,"P56_batch2","DCT",0.166666666666667
4090,"P56_batch2","PT",0.0666666666666667
4091,"P56_batch2","PT2",0.0333333333333333
4092,"P56_batch2","PT2",0
4093,"P56_batch2","PT",0.166666666666667
4094,"P56_batch2","PT",0.133333333333333
4095,"P56_batch2","LOH",0.766666666666667
4096,"P56_batch2","PT",0
4097,"P56_batch2","immune",0.4
4098,"P56_batch2","PT_out",0.633333333333333
4099,"P56_batch2","PT",0.0333333333333333
4100,"P56_batch2","stroma1",0.466666666666667
4101,"P56_batch2","PT",0.0333333333333333
4102,"P56_batch2","PT",0
4103,"P56_batch2","PC",0.133333333333333
4104,"P56_batch2","CNT",0
4105,"P56_batch2","DCT",0.333333333333333
4106,"P56_batch2","NP",0.2
4107,"P56_batch2","PT",0.233333333333333
4108,"P56_batch2","Endo",0.633333333333333
4109,"P56_batch2","PT",0.233333333333333
4110,"P56_batch2","CNT",0
4111,"P56_batch2","stroma2",0.633333333333333
4112,"P56_batch2","PC",0.0333333333333333
4113,"P56_batch2","PT",0.0333333333333333
4114,"P56_batch2","stroma2",0.0666666666666667
4115,"P56_batch2","PT",0.9
4116,"P56_batch2","PT2",0
4117,"P56_batch2","PT",0.0333333333333333
4118,"P56_batch2","PT",0.1
4119,"P56_batch2","PT",0.566666666666667
4120,"P56_batch2","PT",0.3
4121,"P56_batch2","DCT",0.866666666666667
4122,"P56_batch2","PT",0.0333333333333333
4123,"P56_batch2","PT",0.733333333333333
4124,"P56_batch2","Endo",0.7
4125,"P56_batch2","PT2",0.1
4126,"P56_batch2","PT",0.0333333333333333
4127,"P56_batch2","PT",0
4128,"P56_batch2","DCT",0
4129,"P56_batch2","LOH",0.233333333333333
4130,"P56_batch2","Endo",0.366666666666667
4131,"P56_batch2","PT2",0
4132,"P56_batch2","PT",0.0333333333333333
4133,"P56_batch2","LOH",0.666666666666667
4134,"P56_batch2","Endo",0.6
4135,"P56_batch2","PT",0.2
4136,"P56_batch2","IC",0.466666666666667
4137,"P56_batch2","PT2",0.0666666666666667
4138,"P56_batch2","PT",0.666666666666667
4139,"P56_batch2","LOH",0.1
4140,"P56_batch2","PC",0.1
4141,"P56_batch2","Endo",0.633333333333333
4142,"P56_batch2","immune",0.366666666666667
4143,"P56_batch2","CNT",0
4144,"P56_batch2","LOH",0.2
4145,"P56_batch2","LOH",0.0666666666666667
4146,"P56_batch2","PC",0.233333333333333
4147,"P56_batch2","LOH",0
4148,"P56_batch2","PT",0
4149,"P56_batch2","PT",0.1
4150,"P56_batch2","PT2",0
4151,"P56_batch2","PT",0.166666666666667
4152,"P56_batch2","PT",0
4153,"P56_batch2","IC",0
4154,"P56_batch2","IC",0.0333333333333333
4155,"P56_batch2","PT",0.0333333333333333
4156,"P56_batch2","immune",0.433333333333333
4157,"P56_batch2","Endo",0.266666666666667
4158,"P56_batch2","DCT",0.0666666666666667
4159,"P56_batch2","DCT",0.6
4160,"P56_batch2","LOH",0
4161,"P56_batch2","Endo",0.166666666666667
4162,"P56_batch2","PT",0.366666666666667
4163,"P56_batch2","stroma2",0.0666666666666667
4164,"P56_batch2","PT",0.0666666666666667
4165,"P56_batch2","stroma2",0.7
4166,"P56_batch2","PT",0.2
4167,"P56_batch2","PT",0.6
4168,"P56_batch2","PT_out",0.0333333333333333
4169,"P56_batch2","PT2",0.733333333333333
4170,"P56_batch2","Endo",0.1
4171,"P56_batch2","PT",0.0333333333333333
4172,"P56_batch2","PT",0.633333333333333
4173,"P56_batch2","Endo",0.133333333333333
4174,"P56_batch2","PT",0
4175,"P56_batch2","PT",0.7
4176,"P56_batch2","IC",0.0333333333333333
4177,"P56_batch2","LOH",0
4178,"P56_batch2","NP_LOH",0.533333333333333
4179,"P56_batch2","LOH",0.1
4180,"P56_batch2","PT",0
4181,"P56_batch2","PT2",0.733333333333333
4182,"P56_batch2","PT2",0.0666666666666667
4183,"P56_batch2","PT",0
4184,"P56_batch2","CNT",0
4185,"P56_batch2","PT2",0.333333333333333
4186,"P56_batch2","LOH",0
4187,"P56_batch2","PT",0
4188,"P56_batch2","PT",0.0333333333333333
4189,"P56_batch2","Endo",0.266666666666667
4190,"P56_batch2","PT",0.133333333333333
4191,"P56_batch2","PT",0.133333333333333
4192,"P56_batch2","LOH",0.0333333333333333
4193,"P56_batch2","PC",0.0333333333333333
4194,"P56_batch2","PT2",0
4195,"P56_batch2","LOH",0
4196,"P56_batch2","LOH",0
4197,"P56_batch2","stroma2",0.466666666666667
4198,"P56_batch2","stroma2",0.633333333333333
4199,"P56_batch2","PT2",0.0333333333333333
4200,"P56_batch2","DCT",0.0333333333333333
4201,"P56_batch2","PT",0.233333333333333
4202,"P56_batch2","immune",0
4203,"P56_batch2","PC",0.1
4204,"P56_batch2","PC",0
4205,"P56_batch2","PT",0
4206,"P56_batch2","CNT",0
4207,"P56_batch2","Endo",0.133333333333333
4208,"P56_batch2","PT",0.266666666666667
4209,"P56_batch2","PT",0
4210,"P56_batch2","LOH",0.0333333333333333
4211,"P56_batch2","PT",0.0333333333333333
4212,"P56_batch2","PT",0.1
4213,"P56_batch2","PT",0
4214,"P56_batch2","PT",0.0666666666666667
4215,"P56_batch2","PT",0
4216,"P56_batch2","PT",0
4217,"P56_batch2","LOH",0
4218,"P56_batch2","LOH",0
4219,"P56_batch2","PT",0.1
4220,"P56_batch2","PT2",0
4221,"P56_batch2","PT",0.133333333333333
4222,"P56_batch2","PT2",0.7
4223,"P56_batch2","stroma1",0
4224,"P56_batch2","PT",0.633333333333333
4225,"P56_batch2","PT2",0
4226,"P56_batch2","PT",0.666666666666667
4227,"P56_batch2","PT2",0.733333333333333
4228,"P56_batch2","PT",0.1
4229,"P56_batch2","PT",0
4230,"P56_batch2","DCT",0
4231,"P56_batch2","PT",0
4232,"P56_batch2","PT2",0
4233,"P56_batch2","LOH",0.133333333333333
4234,"P56_batch2","PT",0
4235,"P56_batch2","LOH",0
4236,"P56_batch2","PT",0.0666666666666667
4237,"P56_batch2","PT",0.0666666666666667
4238,"P56_batch2","stroma2",0
4239,"P56_batch2","PT",0.7
4240,"P56_batch2","PT",0.0333333333333333
4241,"P56_batch2","PT2",0
4242,"P56_batch2","CNT",0.3
4243,"P56_batch2","LOH",0
4244,"P56_batch2","PT2",0.2
4245,"P56_batch2","PT",0.0333333333333333
4246,"P56_batch2","LOH",0
4247,"P56_batch2","PT",0.266666666666667
4248,"P56_batch2","PT",0.133333333333333
4249,"P56_batch2","LOH",0
4250,"P56_batch2","PT",0.166666666666667
4251,"P56_batch2","PT",0
4252,"P56_batch2","LOH",0.333333333333333
4253,"P56_batch2","PT",0.133333333333333
4254,"P56_batch2","Endo",0.533333333333333
4255,"P56_batch2","DCT",0
4256,"P56_batch2","LOH",0
4257,"P56_batch2","CNT",0.0333333333333333
4258,"P56_batch2","PT",0.0666666666666667
4259,"P56_batch2","stroma1",0.433333333333333
4260,"P56_batch2","LOH",0.1
4261,"P56_batch2","PT2",0
4262,"P56_batch2","PT",0.0333333333333333
4263,"P56_batch2","PC",0.0333333333333333
4264,"P56_batch2","CNT",0
4265,"P56_batch2","LOH",0.0333333333333333
4266,"P56_batch2","PT",0.0333333333333333
4267,"P56_batch2","DCT",0.866666666666667
4268,"P56_batch2","stroma1",0.866666666666667
4269,"P56_batch2","PT",0.0666666666666667
4270,"P56_batch2","PT",0.233333333333333
4271,"P56_batch2","PT",0.0333333333333333
4272,"P56_batch2","PT",0
4273,"P56_batch2","PC",0.233333333333333
4274,"P56_batch2","PT",0.6
4275,"P56_batch2","PT2",0.566666666666667
4276,"P56_batch2","CNT",0.466666666666667
4277,"P56_batch2","LOH",0
4278,"P56_batch2","IC",0.0333333333333333
4279,"P56_batch2","CNT",0.0333333333333333
4280,"P56_batch2","stroma2",0.866666666666667
4281,"P56_batch2","PT",0.0333333333333333
4282,"P56_batch2","Endo",0.4
4283,"P56_batch2","PT2",0
4284,"P56_batch2","PT",0
4285,"P56_batch2","Endo",0.266666666666667
4286,"P56_batch2","PT",0.0333333333333333
4287,"P56_batch2","stroma2",0.233333333333333
4288,"P56_batch2","PT",0.133333333333333
4289,"P56_batch2","PT",0.1
4290,"P56_batch2","PC",0.233333333333333
4291,"P56_batch2","DCT",0.0333333333333333
4292,"P56_batch2","PT",0.1
4293,"P56_batch2","PT",0.0333333333333333
4294,"P56_batch2","stroma2",0.866666666666667
4295,"P56_batch2","LOH",0
4296,"P56_batch2","PT",0.0666666666666667
4297,"P56_batch2","PT",0.0666666666666667
4298,"P56_batch2","PT",0
4299,"P56_batch2","stroma2",0.2
4300,"P56_batch2","IC",0.0666666666666667
4301,"P56_batch2","CNT",0.0333333333333333
4302,"P56_batch2","LOH",0
4303,"P56_batch2","DCT",0
4304,"P56_batch2","PT2",0
4305,"P56_batch2","LOH",0.133333333333333
4306,"P56_batch2","PC",0
4307,"P56_batch2","PT",0.1
4308,"P56_batch2","DCT",0.0333333333333333
4309,"P56_batch2","Endo",0.233333333333333
4310,"P56_batch2","PT",0.0666666666666667
4311,"P56_batch2","PT",0.266666666666667
4312,"P56_batch2","PT",0
4313,"P56_batch2","LOH",0.466666666666667
4314,"P56_batch2","DCT",0
4315,"P56_batch2","PT2",0
4316,"P56_batch2","PT",0.1
4317,"P56_batch2","LOH",0.0333333333333333
4318,"P56_batch2","PT",0.566666666666667
4319,"P56_batch2","PT_out",0
4320,"P56_batch2","PT",0
4321,"P56_batch2","Endo",0.733333333333333
4322,"P56_batch2","PT2",0
4323,"P56_batch2","Endo",0.366666666666667
4324,"P56_batch2","PT2",0
4325,"P56_batch2","Endo",0.166666666666667
4326,"P56_batch2","PT2",0.433333333333333
4327,"P56_batch2","PT",0.633333333333333
4328,"P56_batch2","IC",0.8
4329,"P56_batch2","PT",0.0333333333333333
4330,"P56_batch2","PT",0.133333333333333
4331,"P56_batch2","PT",0.566666666666667
4332,"P56_batch2","PT",0.433333333333333
4333,"P56_batch2","PT",0.0333333333333333
4334,"P56_batch2","LOH",0
4335,"P56_batch2","PT",0.0333333333333333
4336,"P56_batch2","PT",0.466666666666667
4337,"P56_batch2","PT",0.133333333333333
4338,"P56_batch2","stroma2",0.266666666666667
4339,"P56_batch2","CNT",0.533333333333333
4340,"P56_batch2","DCT",0.5
4341,"P56_batch2","PC",0.233333333333333
4342,"P56_batch2","PT",0.0666666666666667
4343,"P56_batch2","Endo",0.1
4344,"P56_batch2","LOH",0
4345,"P56_batch2","immune",0.333333333333333
4346,"P56_batch2","PT",0.0333333333333333
4347,"P56_batch2","LOH",0
4348,"P56_batch2","IC",0.233333333333333
4349,"P56_batch2","PT2",0.133333333333333
4350,"P56_batch2","PT2",0
4351,"P56_batch2","PT",0.733333333333333
4352,"P56_batch2","PT",0.0333333333333333
4353,"P56_batch2","PT",0.0333333333333333
4354,"P56_batch2","PT2",0
4355,"P56_batch2","PT",0.0333333333333333
4356,"P56_batch2","PC",0.0666666666666667
4357,"P56_batch2","LOH",0.2
4358,"P56_batch2","PT",0.2
4359,"P56_batch2","PT2",0
4360,"P56_batch2","PT",0.833333333333333
4361,"P56_batch2","PT",0.766666666666667
4362,"P56_batch2","DCT",0
4363,"P56_batch2","LOH",0
4364,"P56_batch2","stroma2",0.433333333333333
4365,"P56_batch2","LOH",0.633333333333333
4366,"P56_batch2","PT",0.0666666666666667
4367,"P56_batch2","IC",0.3
4368,"P56_batch2","PT2",0.633333333333333
4369,"P56_batch2","stroma1",0.0333333333333333
4370,"P56_batch2","LOH",0.0333333333333333
4371,"P56_batch2","DCT",0
4372,"P56_batch2","PT2",0
4373,"P56_batch2","PT2",0
4374,"P56_batch2","PC",0.0666666666666667
4375,"P56_batch2","CNT",0
4376,"P56_batch2","NP",0.2
4377,"P56_batch2","PT",0
4378,"P56_batch2","PT",0.533333333333333
4379,"P56_batch2","DCT",0
4380,"P56_batch2","PT",0
4381,"P56_batch2","Endo",0.766666666666667
4382,"P56_batch2","PT2",0.0666666666666667
4383,"P56_batch2","PT",0.233333333333333
4384,"P56_batch2","PT2",0.166666666666667
4385,"P56_batch2","PT",0.0666666666666667
4386,"P56_batch2","DCT",0.766666666666667
4387,"P56_batch2","NP",0.733333333333333
4388,"P56_batch2","PT",0
4389,"P56_batch2","PT",0.8
4390,"P56_batch2","PT",0.8
4391,"P56_batch2","LOH",0
4392,"P56_batch2","PT",0.2
4393,"P56_batch2","PT",0.9
4394,"P56_batch2","DCT",0.166666666666667
4395,"P56_batch2","DCT",0
4396,"P56_batch2","PT",0.0333333333333333
4397,"P56_batch2","LOH",0.0333333333333333
4398,"P56_batch2","PT2",0.0333333333333333
4399,"P56_batch2","CNT",0
4400,"P56_batch2","LOH",0
4401,"P56_batch2","PT",0
4402,"P56_batch2","LOH",0.0333333333333333
4403,"P56_batch2","PT",0.666666666666667
4404,"P56_batch2","PT_out",0.966666666666667
4405,"P56_batch2","CNT",0
4406,"P56_batch2","PT",0.0333333333333333
4407,"P56_batch2","stroma2",0
4408,"P56_batch2","DCT",0
4409,"P56_batch2","LOH",0.0333333333333333
4410,"P56_batch2","LOH",0.0333333333333333
4411,"P56_batch2","DCT",0
4412,"P56_batch2","DCT",0
4413,"P56_batch2","stroma1",0.366666666666667
4414,"P56_batch2","PT_out",0.366666666666667
4415,"P56_batch2","LOH",0
4416,"P56_batch2","PT",0.2
4417,"P56_batch2","IC",0.0666666666666667
4418,"P56_batch2","PT",0.1
4419,"P56_batch2","PT",0.166666666666667
4420,"P56_batch2","PT2",0.166666666666667
4421,"P56_batch2","Podo",0.933333333333333
4422,"P56_batch2","CNT",0
4423,"P56_batch2","Endo",0.466666666666667
4424,"P56_batch2","DCT",0
4425,"P56_batch2","Endo",0.566666666666667
4426,"P56_batch2","DCT",0.433333333333333
4427,"P56_batch2","PT2",0.0666666666666667
4428,"P56_batch2","PT",0
4429,"P56_batch2","LOH",0
4430,"P56_batch2","PT",0.166666666666667
4431,"P56_batch2","LOH",0.5
4432,"P56_batch2","PT",0.1
4433,"P56_batch2","IC",0.366666666666667
4434,"P56_batch2","LOH",0
4435,"P56_batch2","stroma2",0.733333333333333
4436,"P56_batch2","Endo",0.566666666666667
4437,"P56_batch2","PT",0.0333333333333333
4438,"P56_batch2","DCT",0
4439,"P56_batch2","PT",0.0333333333333333
4440,"P56_batch2","PT2",0
4441,"P56_batch2","PT2",0.0333333333333333
4442,"P56_batch2","PT2",0.6
4443,"P56_batch2","PT",0
4444,"P56_batch2","IC",0
4445,"P56_batch2","CNT",0
4446,"P56_batch2","PT",0.6
4447,"P56_batch2","PT",0
4448,"P56_batch2","stroma2",0.2
4449,"P56_batch2","PT2",0
4450,"P56_batch2","PT",0.233333333333333
4451,"P56_batch2","CNT",0
4452,"P56_batch2","stroma1",0.0333333333333333
4453,"P56_batch2","Endo",0.333333333333333
4454,"P56_batch2","PT",0.5
4455,"P56_batch2","PT",0
4456,"P56_batch2","DCT",0.0333333333333333
4457,"P56_batch2","PT",0.633333333333333
4458,"P56_batch2","PT2",0
4459,"P56_batch2","PT2",0
4460,"P56_batch2","stroma2",0.566666666666667
4461,"P56_batch2","DCT",0
4462,"P56_batch2","Endo",0.1
4463,"P56_batch2","PT2",0
4464,"P56_batch2","LOH",0.266666666666667
4465,"P56_batch2","PT",0.2
4466,"P56_batch2","PT2",0
4467,"P56_batch2","PT",0.0333333333333333
4468,"P56_batch2","IC",0.233333333333333
4469,"P56_batch2","immune",0.5
4470,"P56_batch2","PT",0.0333333333333333
4471,"P56_batch2","DCT",0
4472,"P56_batch2","PT",0.633333333333333
4473,"P56_batch2","PT",0.233333333333333
4474,"P56_batch2","LOH",0
4475,"P56_batch2","stroma2",0.133333333333333
4476,"P56_batch2","LOH",0.0666666666666667
4477,"P56_batch2","CNT",0
4478,"P56_batch2","PT",0.9
4479,"P56_batch2","LOH",0
4480,"P56_batch2","PT2",0.133333333333333
4481,"P56_batch2","PT2",0
4482,"P56_batch2","LOH",0
4483,"P56_batch2","PT",0
4484,"P56_batch2","LOH",0.0666666666666667
4485,"P56_batch2","DCT",0
4486,"P56_batch2","NP",0.333333333333333
4487,"P56_batch2","PT2",0
4488,"P56_batch2","PT2",0.0333333333333333
4489,"P56_batch2","PT",0
4490,"P56_batch2","PT",0.0333333333333333
4491,"P56_batch2","NP_LOH",0.633333333333333
4492,"P56_batch2","PT",0.0666666666666667
4493,"P56_batch2","Endo",0.1
4494,"P56_batch2","PT",0.0333333333333333
4495,"P56_batch2","DCT",0
4496,"P56_batch2","LOH",0.166666666666667
4497,"P56_batch2","PC",0
4498,"P56_batch2","LOH",0.366666666666667
4499,"P56_batch2","PT",0.133333333333333
4500,"P56_batch2","Endo",0.833333333333333
4501,"P56_batch2","LOH",0
4502,"P56_batch2","PT",0.0333333333333333
4503,"P56_batch2","PT",0.0333333333333333
4504,"P56_batch2","PT",0
4505,"P56_batch2","PT",0
4506,"P56_batch2","PT2",0
4507,"P56_batch2","Endo",0.133333333333333
4508,"P56_batch2","PC",0.666666666666667
4509,"P56_batch2","PT",0.1
4510,"P56_batch2","PT",0.1
4511,"P56_batch2","LOH",0
4512,"P56_batch2","PT",0.0333333333333333
4513,"P56_batch2","LOH",0.133333333333333
4514,"P56_batch2","stroma2",0.0666666666666667
4515,"P56_batch2","PT",0.333333333333333
4516,"P56_batch2","PT",0
4517,"P56_batch2","PT",0.333333333333333
4518,"P56_batch2","PT2",0
4519,"P56_batch2","stroma2",0.1
4520,"P56_batch2","LOH",0
4521,"P56_batch2","Endo",0.133333333333333
4522,"P56_batch2","PT2",0.8
4523,"P56_batch2","LOH",0
4524,"P56_batch2","stroma2",0.133333333333333
4525,"P56_batch2","DCT",0.0333333333333333
4526,"P56_batch2","DCT",0.0333333333333333
4527,"P56_batch2","LOH",0
4528,"P56_batch2","LOH",0.0333333333333333
4529,"P56_batch2","PT",0.0333333333333333
4530,"P56_batch2","PT",0.0666666666666667
4531,"P56_batch2","PT2",0.633333333333333
4532,"P56_batch2","LOH",0
4533,"P56_batch2","PT2",0.0333333333333333
4534,"P56_batch2","DCT",0
4535,"P56_batch2","PT2",0
4536,"P56_batch2","DCT",0.166666666666667
4537,"P56_batch2","Podo",0.6
4538,"P56_batch2","PT",0
4539,"P56_batch2","Endo",0.4
4540,"P56_batch2","Podo",0.833333333333333
4541,"P56_batch2","PT",0.9
4542,"P56_batch2","PT_out",0.0666666666666667
4543,"P56_batch2","PC",0.833333333333333
4544,"P56_batch2","LOH",0.0333333333333333
4545,"P56_batch2","PT",0
4546,"P56_batch2","PT2",0
4547,"P56_batch2","PT",0
4548,"P56_batch2","PT",0.2
4549,"P56_batch2","PT2",0
4550,"P56_batch2","PC",0.0333333333333333
4551,"P56_batch2","stroma1",0.833333333333333
4552,"P56_batch2","PT_out",0.6
4553,"P56_batch2","PT2",0.0666666666666667
4554,"P56_batch2","LOH",0.166666666666667
4555,"P56_batch2","PT",0.0666666666666667
4556,"P56_batch2","PT",0.0333333333333333
4557,"P56_batch2","PT",0
4558,"P56_batch2","PT",0.633333333333333
4559,"P56_batch2","PT2",0.533333333333333
4560,"P56_batch2","Endo",0.333333333333333
4561,"P56_batch2","CNT",0.6
4562,"P56_batch2","PT",0.1
4563,"P56_batch2","PC",0.0333333333333333
4564,"P56_batch2","PT",0.266666666666667
4565,"P56_batch2","PT2",0
4566,"P56_batch2","LOH",0.0666666666666667
4567,"P56_batch2","PT2",0
4568,"P56_batch2","PT_out",0.8
4569,"P56_batch2","PT",0.0666666666666667
4570,"P56_batch2","Endo",0.3
4571,"P56_batch2","Endo",0.366666666666667
4572,"P56_batch2","PT",0.933333333333333
4573,"P56_batch2","PT2",0
4574,"P56_batch2","PT",0
4575,"P56_batch2","stroma2",0.1
4576,"P56_batch2","LOH",0
4577,"P56_batch2","NP",0.433333333333333
4578,"P56_batch2","PT",0
4579,"P56_batch2","LOH",0
4580,"P56_batch2","LOH",0
4581,"P56_batch2","LOH",0
4582,"P56_batch2","PT2",0.333333333333333
4583,"P56_batch2","PT",0.0333333333333333
4584,"P56_batch2","PT2",0.566666666666667
4585,"P56_batch2","PT",0.1
4586,"P56_batch2","PT",0.4
4587,"P56_batch2","PT",0.166666666666667
4588,"P56_batch2","Endo",0.533333333333333
4589,"P56_batch2","PC",0.0333333333333333
4590,"P56_batch2","PT",0.0666666666666667
4591,"P56_batch2","PT2",0.2
4592,"P56_batch2","PT2",0
4593,"P56_batch2","stroma2",0.2
4594,"P56_batch2","PT",0.0666666666666667
4595,"P56_batch2","PC",0.1
4596,"P56_batch2","PT",0.1
4597,"P56_batch2","PT",0.966666666666667
4598,"P56_batch2","PT",0.733333333333333
4599,"P56_batch2","stroma1",0.233333333333333
4600,"P56_batch2","PT2",0
4601,"P56_batch2","PT",0
4602,"P56_batch2","PT",0
4603,"P56_batch2","PC",0.766666666666667
4604,"P56_batch2","PT2",0.733333333333333
4605,"P56_batch2","DCT",0
4606,"P56_batch2","PT",0
4607,"P56_batch2","stroma2",0.666666666666667
4608,"P56_batch2","PT",0.366666666666667
4609,"P56_batch2","stroma2",0.0666666666666667
4610,"P56_batch2","LOH",0.0333333333333333
4611,"P56_batch2","CNT",0.0666666666666667
4612,"P56_batch2","IC",0.0666666666666667
4613,"P56_batch2","IC",0.133333333333333
4614,"P56_batch2","PT",0.4
4615,"P56_batch2","Endo",0.466666666666667
4616,"P56_batch2","PT",0.0333333333333333
4617,"P56_batch2","PT_out",0.833333333333333
4618,"P56_batch2","LOH",0.166666666666667
4619,"P56_batch2","PT2",0.0333333333333333
4620,"P56_batch2","stroma2",0.0333333333333333
4621,"P56_batch2","stroma2",0.0333333333333333
4622,"P56_batch2","PT",0.0333333333333333
4623,"P56_batch2","PT2",0
4624,"P56_batch2","CNT",0
4625,"P56_batch2","NP_LOH",0.433333333333333
4626,"P56_batch2","PT",0.0666666666666667
4627,"P56_batch2","PT",0.2
4628,"P56_batch2","stroma2",0.2
4629,"P56_batch2","Endo",0.0666666666666667
4630,"P56_batch2","PT",0
4631,"P56_batch2","PC",0.0333333333333333
4632,"P56_batch2","PT",0
4633,"P56_batch2","CNT",0.3
4634,"P56_batch2","PT2",0.0333333333333333
4635,"P56_batch2","PT2",0
4636,"P56_batch2","Endo",0.3
4637,"P56_batch2","PT",0.466666666666667
4638,"P56_batch2","PT",0.0666666666666667
4639,"P56_batch2","PT",0.166666666666667
4640,"P56_batch2","PC",0.3
4641,"P56_batch2","PT",0.133333333333333
4642,"P56_batch2","PT",0.2
4643,"P56_batch2","PT",0.133333333333333
4644,"P56_batch2","PT",0.0333333333333333
4645,"P56_batch2","PT",0.0333333333333333
4646,"P56_batch2","LOH",0.1
4647,"P56_batch2","CNT",0
4648,"P56_batch2","PT2",0
4649,"P56_batch2","PT2",0.1
4650,"P56_batch2","PT",0
4651,"P56_batch2","PT",0.7
4652,"P56_batch2","Endo",0.133333333333333
4653,"P56_batch2","PT2",0.166666666666667
4654,"P56_batch2","PT",0
4655,"P56_batch2","Endo",0.166666666666667
4656,"P56_batch2","PT2",0
4657,"P56_batch2","PC",0.0666666666666667
4658,"P56_batch2","PC",0.0666666666666667
4659,"P56_batch2","PT",0.533333333333333
4660,"P56_batch2","PT",0.133333333333333
4661,"P56_batch2","PT2",0
4662,"P56_batch2","stroma2",0.366666666666667
4663,"P56_batch2","PT",0.6
4664,"P56_batch2","PT",0.0333333333333333
4665,"P56_batch2","PT2",0
4666,"P56_batch2","PT",0
4667,"P56_batch2","PT",0
4668,"P56_batch2","PT",0.0333333333333333
4669,"P56_batch2","Endo",0.0666666666666667
4670,"P56_batch2","PT2",0
4671,"P56_batch2","Endo",0.433333333333333
4672,"P56_batch2","PT",0.0333333333333333
4673,"P56_batch2","LOH",0
4674,"P56_batch2","PT",0.0666666666666667
4675,"P56_batch2","PT2",0
4676,"P56_batch2","DCT",0.866666666666667
4677,"P56_batch2","stroma2",0.2
4678,"P56_batch2","PT_out",0.366666666666667
4679,"P56_batch2","PT",0
4680,"P56_batch2","PT",0.1
4681,"P56_batch2","LOH",0.0666666666666667
4682,"P56_batch2","PT",0.233333333333333
4683,"P56_batch2","PT",0
4684,"P56_batch2","DCT",0
4685,"P56_batch2","PT",0
4686,"P56_batch2","Endo",0.333333333333333
4687,"P56_batch2","PT2",0
4688,"P56_batch2","PT",0.0666666666666667
4689,"P56_batch2","PT",0.433333333333333
4690,"P56_batch2","IC",0.0333333333333333
4691,"P56_batch2","stroma1",0.233333333333333
4692,"P56_batch2","PT",0.233333333333333
4693,"P56_batch2","PT",0.666666666666667
4694,"P56_batch2","PT",0.333333333333333
4695,"P56_batch2","stroma2",0.5
4696,"P56_batch2","PT2",0.8
4697,"P56_batch2","PT",0.0666666666666667
4698,"P56_batch2","immune",0
4699,"P56_batch2","LOH",0
4700,"P56_batch2","DCT",0.766666666666667
4701,"P56_batch2","PC",0.133333333333333
4702,"P56_batch2","Endo",0.266666666666667
4703,"P56_batch2","CNT",0.866666666666667
4704,"P56_batch2","LOH",0.2
4705,"P56_batch2","LOH",0
4706,"P56_batch2","PT",0
4707,"P56_batch2","NP",0.3
4708,"P56_batch2","LOH",0.266666666666667
4709,"P56_batch2","PT",0.4
4710,"P56_batch2","PT",0.0666666666666667
4711,"P56_batch2","DCT",0
4712,"P56_batch2","PT2",0.833333333333333
4713,"P56_batch2","PT",0.866666666666667
4714,"P56_batch2","DCT",0
4715,"P56_batch2","PT2",0
4716,"P56_batch2","LOH",0.0333333333333333
4717,"P56_batch2","PT",0.166666666666667
4718,"P56_batch2","DCT",0
4719,"P56_batch2","IC",0
4720,"P56_batch2","PT2",0.0666666666666667
4721,"P56_batch2","PT",0.0333333333333333
4722,"P56_batch2","LOH",0
4723,"P56_batch2","Endo",0.3
4724,"P56_batch2","LOH",0.666666666666667
4725,"P56_batch2","PT",0
4726,"P56_batch2","Endo",0.133333333333333
4727,"P56_batch2","PT",0.0666666666666667
4728,"P56_batch2","DCT",0.0666666666666667
4729,"P56_batch2","PT",0.0666666666666667
4730,"P56_batch2","PT2",0
4731,"P56_batch2","PT",0.333333333333333
4732,"P56_batch2","Endo",0.266666666666667
4733,"P56_batch2","PT2",0.8
4734,"P56_batch2","PT",0.0666666666666667
4735,"P56_batch2","PT2",0.6
4736,"P56_batch2","CNT",0
4737,"P56_batch2","LOH",0.233333333333333
4738,"P56_batch2","PC",0.566666666666667
4739,"P56_batch2","PT2",0.1
4740,"P56_batch2","PT2",0.0333333333333333
4741,"P56_batch2","DCT",0
4742,"P56_batch2","Endo",0.433333333333333
4743,"P56_batch2","PT",0.8
4744,"P56_batch2","PT",0.0333333333333333
4745,"P56_batch2","PT",0.0666666666666667
4746,"P56_batch2","PC",0.1
4747,"P56_batch2","stroma2",0.8
4748,"P56_batch2","PT2",0.0666666666666667
4749,"P56_batch2","PT",0.1
4750,"P56_batch2","PC",0.0333333333333333
4751,"P56_batch2","NP_LOH",0.266666666666667
4752,"P56_batch2","PT2",0
4753,"P56_batch2","PT",0.0666666666666667
4754,"P56_batch2","PT",0
4755,"P56_batch2","PT",0.233333333333333
4756,"P56_batch2","PT",0.5
4757,"P56_batch2","PT",0.133333333333333
4758,"P56_batch2","PT",0.0666666666666667
4759,"P56_batch2","PT",0.666666666666667
4760,"P56_batch2","LOH",0.266666666666667
4761,"P56_batch2","LOH",0.0333333333333333
4762,"P56_batch2","PT2",0
4763,"P56_batch2","PT",0.166666666666667
4764,"P56_batch2","PT",0.0666666666666667
4765,"P56_batch2","PT",0.2
4766,"P56_batch2","PT",0.133333333333333
4767,"P56_batch2","CNT",0.0666666666666667
4768,"P56_batch2","stroma2",0
4769,"P56_batch2","Endo",0.666666666666667
4770,"P56_batch2","PT",0.266666666666667
4771,"P56_batch2","PT",0.466666666666667
4772,"P56_batch2","PT",0.2
4773,"P56_batch2","LOH",0.666666666666667
4774,"P56_batch2","stroma1",0.933333333333333
4775,"P56_batch2","PT",0.833333333333333
4776,"P56_batch2","IC",0.4
4777,"P56_batch2","LOH",0.766666666666667
4778,"P56_batch2","PT_out",0.9
4779,"P56_batch2","DCT",0.0333333333333333
4780,"P56_batch2","PT2",0.166666666666667
4781,"P56_batch2","PT2",0
4782,"P56_batch2","PT2",0.633333333333333
4783,"P56_batch2","PT",0.966666666666667
4784,"P56_batch2","CNT",0
4785,"P56_batch2","LOH",0.0333333333333333
4786,"P56_batch2","PT",0.766666666666667
4787,"P56_batch2","PT2",0
4788,"P56_batch2","PC",0.166666666666667
4789,"P56_batch2","PT",0.0333333333333333
4790,"P56_batch2","LOH",0
4791,"P56_batch2","PT",0
4792,"P56_batch2","PT",0.0333333333333333
4793,"P56_batch2","PT_out",0.8
4794,"P56_batch2","immune",0.266666666666667
4795,"P56_batch2","stroma2",0
4796,"P56_batch2","LOH",0.533333333333333
4797,"P56_batch2","stroma1",0.0333333333333333
4798,"P56_batch2","Endo",0.0333333333333333
4799,"P56_batch2","LOH",0.0666666666666667
4800,"P56_batch2","PT2",0
4801,"P56_batch2","DCT",0
4802,"P56_batch2","LOH",0.133333333333333
4803,"P56_batch2","PT",0.133333333333333
4804,"P56_batch2","PT",0.0666666666666667
4805,"P56_batch2","PT",0.0666666666666667
4806,"P56_batch2","stroma2",0.4
4807,"P56_batch2","Endo",0.5
4808,"P56_batch2","PT",0.266666666666667
4809,"P56_batch2","stroma2",0.0666666666666667
4810,"P56_batch2","PT2",0
4811,"P56_batch2","LOH",0.0333333333333333
4812,"P56_batch2","PT",0.233333333333333
4813,"P56_batch2","PT",0.666666666666667
4814,"P56_batch2","CNT",0.333333333333333
4815,"P56_batch2","LOH",0.166666666666667
4816,"P56_batch2","PT",0.233333333333333
4817,"P56_batch2","PT2",0.566666666666667
4818,"P56_batch2","PT",0.633333333333333
4819,"P56_batch2","LOH",0
4820,"P56_batch2","PT2",0
4821,"P56_batch2","PT",0.0666666666666667
4822,"P56_batch2","LOH",0
4823,"P56_batch2","DCT",0
4824,"P56_batch2","PT",0.0333333333333333
4825,"P56_batch2","LOH",0.366666666666667
4826,"P56_batch2","PT",0.1
4827,"P56_batch2","immune",0.333333333333333
4828,"P56_batch2","CNT",0
4829,"P56_batch2","LOH",0.0333333333333333
4830,"P56_batch2","DCT",0
4831,"P56_batch2","stroma2",0.6
4832,"P56_batch2","CNT",0.0333333333333333
4833,"P56_batch2","PT_out",0.633333333333333
4834,"P56_batch2","NP",0.933333333333333
4835,"P56_batch2","DCT",0.9
4836,"P56_batch2","Endo",0.433333333333333
4837,"P56_batch2","PT",0.0666666666666667
4838,"P56_batch2","PT",1
4839,"P56_batch2","stroma2",0.766666666666667
4840,"P56_batch2","PT",0.2
4841,"P56_batch2","PT2",0.166666666666667
4842,"P56_batch2","PT",0
4843,"P56_batch2","PT2",0.733333333333333
4844,"P56_batch2","PT",0.0333333333333333
4845,"P56_batch2","PT",0.333333333333333
4846,"P56_batch2","PT",0.0666666666666667
4847,"P56_batch2","LOH",0
4848,"P56_batch2","PT",0.0333333333333333
4849,"P56_batch2","stroma2",0.433333333333333
4850,"P56_batch2","NP_LOH",0.4
4851,"P56_batch2","DCT",0
4852,"P56_batch2","PT",0
4853,"P56_batch2","LOH",0.1
4854,"P56_batch2","stroma2",0.2
4855,"P56_batch2","PT",0.1
4856,"P56_batch2","stroma1",0.533333333333333
4857,"P56_batch2","IC",0.0333333333333333
4858,"P56_batch2","PT_out",0.3
4859,"P56_batch2","PT",0.1
4860,"P56_batch2","CNT",0.833333333333333
4861,"P56_batch2","stroma2",0.0333333333333333
4862,"P56_batch2","PT",0
4863,"P56_batch2","Podo",0.233333333333333
4864,"P56_batch2","Endo",0.1
4865,"P56_batch2","PT",0.633333333333333
4866,"P56_batch2","stroma1",0.766666666666667
4867,"P56_batch2","PT",0.566666666666667
4868,"P56_batch2","immune",0.733333333333333
4869,"P56_batch2","PC",0
4870,"P56_batch2","Podo",0.466666666666667
4871,"P56_batch2","LOH",0.0333333333333333
4872,"P56_batch2","PC",0.1
4873,"P56_batch2","PT2",0.0333333333333333
4874,"P56_batch2","PT2",0
4875,"P56_batch2","PT",0.233333333333333
4876,"P56_batch2","LOH",0.866666666666667
4877,"P56_batch2","LOH",0
4878,"P56_batch2","Endo",0.233333333333333
4879,"P56_batch2","PT",0.766666666666667
4880,"P56_batch2","LOH",0.0666666666666667
4881,"P56_batch2","PT",0
4882,"P56_batch2","DCT",0
4883,"P56_batch2","PT",0.0333333333333333
4884,"P56_batch2","PT2",0
4885,"P56_batch2","LOH",0
4886,"P56_batch2","PT",0.633333333333333
4887,"P56_batch2","CNT",0.0333333333333333
4888,"P56_batch2","LOH",0
4889,"P56_batch2","stroma2",0.4
4890,"P56_batch2","immune",0.433333333333333
4891,"P56_batch2","PC",0.0333333333333333
4892,"P56_batch2","PT",0.0666666666666667
4893,"P56_batch2","PT",0
4894,"P56_batch2","IC",0.8
4895,"P56_batch2","PT",0.133333333333333
4896,"P56_batch2","Endo",0.0333333333333333
4897,"P56_batch2","PT",0.166666666666667
4898,"P56_batch2","PT2",0.433333333333333
4899,"P56_batch2","PT",0.1
4900,"P56_batch2","stroma2",0.2
4901,"P56_batch2","DCT",0
4902,"P56_batch2","DCT",0
4903,"P56_batch2","stroma2",0.266666666666667
4904,"P56_batch2","PT",0.7
4905,"P56_batch2","LOH",0
4906,"P56_batch2","PT2",0.0333333333333333
4907,"P56_batch2","PT",0.1
4908,"P56_batch2","PT2",0
4909,"P56_batch2","PT",0.433333333333333
4910,"P56_batch2","stroma2",0.933333333333333
4911,"P56_batch2","DCT",0
4912,"P56_batch2","PT",0.766666666666667
4913,"P56_batch2","PT",0
4914,"P56_batch2","LOH",0.0333333333333333
4915,"P56_batch2","PT",0.0333333333333333
4916,"P56_batch2","LOH",0.0666666666666667
4917,"P56_batch2","PT2",0
4918,"P56_batch2","stroma2",0.0666666666666667
4919,"P56_batch2","IC",0.0333333333333333
4920,"P56_batch2","CNT",0.933333333333333
4921,"P56_batch2","CNT",0
4922,"P56_batch2","PT_out",0
4923,"P56_batch2","CNT",0
4924,"P56_batch2","LOH",0.333333333333333
4925,"P56_batch2","CNT",0
4926,"P56_batch2","DCT",0
4927,"P56_batch2","PT",0.0333333333333333
4928,"P56_batch2","Endo",0.166666666666667
4929,"P56_batch2","PT2",0
4930,"P56_batch2","PT",0.633333333333333
4931,"P56_batch2","PT",0
4932,"P56_batch2","IC",0.0666666666666667
4933,"P56_batch2","PT",0.166666666666667
4934,"P56_batch2","PT_out",0.433333333333333
4935,"P56_batch2","PT2",0.666666666666667
4936,"P56_batch2","stroma2",0.166666666666667
4937,"P56_batch2","LOH",0
4938,"P56_batch2","Endo",0.4
4939,"P56_batch2","stroma1",0.833333333333333
4940,"P56_batch2","PT",0.266666666666667
4941,"P56_batch2","Podo",0.266666666666667
4942,"P56_batch2","PT",0.0333333333333333
4943,"P56_batch2","LOH",0
4944,"P56_batch2","stroma2",0.133333333333333
4945,"P56_batch2","NP",0.166666666666667
4946,"P56_batch2","PT",0.8
4947,"P56_batch2","stroma1",0.433333333333333
4948,"P56_batch2","stroma2",0.466666666666667
4949,"P56_batch2","stroma2",0.2
4950,"P56_batch2","PT",0
4951,"P56_batch2","PT",0.133333333333333
4952,"P56_batch2","Podo",0
4953,"P56_batch2","NP_LOH",0.366666666666667
4954,"P56_batch2","Endo",0.366666666666667
4955,"P56_batch2","PT",0.1
4956,"P56_batch2","PT",0.233333333333333
4957,"P56_batch2","PT",0.533333333333333
4958,"P56_batch2","Endo",0.433333333333333
4959,"P56_batch2","PT",0.1
4960,"P56_batch2","PT",0.0666666666666667
4961,"P56_batch2","LOH",0.0666666666666667
4962,"P56_batch2","PT",0.0666666666666667
4963,"P56_batch2","LOH",0.633333333333333
4964,"P56_batch2","stroma1",0.1
4965,"P56_batch2","PT",0.0333333333333333
4966,"P56_batch2","PT",0.0666666666666667
4967,"P56_batch2","PT2",0
4968,"P56_batch2","DCT",0
4969,"P56_batch2","PC",0.0333333333333333
4970,"P56_batch2","Endo",0.533333333333333
4971,"P56_batch2","LOH",0.1
4972,"P56_batch2","PT",0.133333333333333
4973,"P56_batch2","PT",0.5
4974,"P56_batch2","LOH",0.0333333333333333
4975,"P56_batch2","Endo",0.2
4976,"P56_batch2","Endo",0.433333333333333
4977,"P56_batch2","immune",0.266666666666667
4978,"P56_batch2","PT",0.0333333333333333
4979,"P56_batch2","LOH",0.166666666666667
4980,"P56_batch2","PT2",0
4981,"P56_batch2","CNT",0
4982,"P56_batch2","IC",0.733333333333333
4983,"P56_batch2","NP_LOH",0.466666666666667
4984,"P56_batch2","PT",0.0333333333333333
4985,"P56_batch2","DCT",0
4986,"P56_batch2","Endo",0.566666666666667
4987,"P56_batch2","PT",0
4988,"P56_batch2","LOH",0.0333333333333333
4989,"P56_batch2","CNT",0.433333333333333
4990,"P56_batch2","IC",0.0333333333333333
4991,"P56_batch2","PT",0.0333333333333333
4992,"P56_batch2","Endo",0.266666666666667
4993,"P56_batch2","LOH",0.0333333333333333
4994,"P56_batch2","PT",0.1
4995,"P56_batch2","PC",0.133333333333333
4996,"P56_batch2","PT",0.533333333333333
4997,"P56_batch2","PT2",0.533333333333333
4998,"P56_batch2","stroma2",0.666666666666667
4999,"P56_batch2","PT",0.0333333333333333
5000,"P56_batch2","PT2",0.133333333333333
5001,"P56_batch2","PT",0.233333333333333
5002,"P56_batch2","stroma2",0.233333333333333
5003,"P56_batch2","immune",0.2
5004,"P56_batch2","PT2",0.366666666666667
5005,"P56_batch2","PT",0.0333333333333333
5006,"P56_batch2","PT2",0
5007,"P56_batch2","PT_out",0
5008,"P56_batch2","PT",0.4
5009,"P56_batch2","PT",0.0666666666666667
5010,"P56_batch2","CNT",0.533333333333333
5011,"P56_batch2","Endo",0.733333333333333
5012,"P56_batch2","PT",0
5013,"P56_batch2","Endo",0.766666666666667
5014,"P56_batch2","PT2",0
5015,"P56_batch2","PT2",0.166666666666667
5016,"P56_batch2","stroma2",0.133333333333333
5017,"P56_batch2","Endo",0.3
5018,"P56_batch2","PT",0
5019,"P56_batch2","PT",0
5020,"P56_batch2","stroma2",0.133333333333333
5021,"P56_batch2","DCT",0
5022,"P56_batch2","PT",0
5023,"P56_batch2","PT",0.0333333333333333
5024,"P56_batch2","PT",0
5025,"P56_batch2","LOH",0.0333333333333333
5026,"P56_batch2","PT",0.0333333333333333
5027,"P56_batch2","DCT",0
5028,"P56_batch2","PT",0.7
5029,"P56_batch2","Endo",0.7
5030,"P56_batch2","DCT",0.0333333333333333
5031,"P56_batch2","DCT",0
5032,"P56_batch2","Endo",0.0666666666666667
5033,"P56_batch2","PT2",0.3
5034,"P56_batch2","Endo",0.366666666666667
5035,"P56_batch2","PT",0
5036,"P56_batch2","Endo",0.233333333333333
5037,"P56_batch2","Endo",0.0666666666666667
5038,"P56_batch2","DCT",0
5039,"P56_batch2","PT",0.166666666666667
5040,"P56_batch2","PT2",0
5041,"P56_batch2","Endo",0.533333333333333
5042,"P56_batch2","PT",0
5043,"P56_batch2","LOH",0.0333333333333333
5044,"P56_batch2","PT",0
5045,"P56_batch2","stroma1",0.533333333333333
5046,"P56_batch2","Endo",0.666666666666667
5047,"P56_batch2","PC",0.166666666666667
5048,"P56_batch2","PC",0.0333333333333333
5049,"P56_batch2","PT",0.0666666666666667
5050,"P56_batch2","stroma2",0.266666666666667
5051,"P56_batch2","DCT",0.133333333333333
5052,"P56_batch2","CNT",0.0333333333333333
5053,"P56_batch2","LOH",0.0333333333333333
5054,"P56_batch2","PC",0.1
5055,"P56_batch2","NP_LOH",0.233333333333333
5056,"P56_batch2","PT2",0.0333333333333333
5057,"P56_batch2","stroma2",0.3
5058,"P56_batch2","Endo",0.433333333333333
5059,"P56_batch2","PT",0.0666666666666667
5060,"P56_batch2","PT",0.1
5061,"P56_batch2","PT",0.0666666666666667
5062,"P56_batch2","PT2",0.2
5063,"P56_batch2","LOH",0.2
5064,"P56_batch2","PT_out",0.4
5065,"P56_batch2","PT",0.133333333333333
5066,"P56_batch2","PT",0
5067,"P56_batch2","NP",0.666666666666667
5068,"P56_batch2","PT",0
5069,"P56_batch2","PT",0
5070,"P56_batch2","PT2",0
5071,"P56_batch2","DCT",0
5072,"P56_batch2","PT",0
5073,"P56_batch2","LOH",0.0666666666666667
5074,"P56_batch2","PT",0
5075,"P56_batch2","PT",0.0333333333333333
5076,"P56_batch2","DCT",0.0333333333333333
5077,"P56_batch2","PT",0.0333333333333333
5078,"P56_batch2","stroma2",0.133333333333333
5079,"P56_batch2","LOH",0
5080,"P56_batch2","NP_LOH",0.866666666666667
5081,"P56_batch2","LOH",0.0666666666666667
5082,"P56_batch2","DCT",0.0333333333333333
5083,"P56_batch2","LOH",0
5084,"P56_batch2","LOH",0
5085,"P56_batch2","PT2",0.7
5086,"P56_batch2","LOH",0
5087,"P56_batch2","PT2",0
5088,"P56_batch2","CNT",0
5089,"P56_batch2","DCT",0.466666666666667
5090,"P56_batch2","PT",0.733333333333333
5091,"P56_batch2","Endo",0.433333333333333
5092,"P56_batch2","LOH",0.1
5093,"P56_batch2","IC",0.3
5094,"P56_batch2","CNT",0.1
5095,"P56_batch2","DCT",0
5096,"P56_batch2","PT",0
5097,"P56_batch2","PT",0.0666666666666667
5098,"P56_batch2","LOH",0.133333333333333
5099,"P56_batch2","PT2",0.5
5100,"P56_batch2","PT_out",0
5101,"P56_batch2","stroma2",0.8
5102,"P56_batch2","PC",0
5103,"P56_batch2","PT2",0.0666666666666667
5104,"P56_batch2","PT",0.433333333333333
5105,"P56_batch2","DCT",0
5106,"P56_batch2","LOH",0
5107,"P56_batch2","PT",0.1
5108,"P56_batch2","DCT",0.0666666666666667
5109,"P56_batch2","PT",0
5110,"P56_batch2","LOH",0.0666666666666667
5111,"P56_batch2","NP_LOH",0.766666666666667
5112,"P56_batch2","DCT",0.933333333333333
5113,"P56_batch2","PT",0.333333333333333
5114,"P56_batch2","PT",0.666666666666667
5115,"P56_batch2","stroma2",0.866666666666667
5116,"P56_batch2","immune",0.2
5117,"P56_batch2","LOH",0
5118,"P56_batch2","stroma2",0.0666666666666667
5119,"P56_batch2","PT",0.5
5120,"P56_batch2","PT",0.0666666666666667
5121,"P56_batch2","PT",0.2
5122,"P56_batch2","PC",0.133333333333333
5123,"P56_batch2","PT2",0
5124,"P56_batch2","stroma2",0.133333333333333
5125,"P56_batch2","DCT",0
5126,"P56_batch2","LOH",0
5127,"P56_batch2","PT_out",0.333333333333333
5128,"P56_batch2","PT",0.233333333333333
5129,"P56_batch2","DCT",0.366666666666667
5130,"P56_batch2","DCT",0.0333333333333333
5131,"P56_batch2","LOH",0.0333333333333333
5132,"P56_batch2","LOH",0
5133,"P56_batch2","LOH",0.0666666666666667
5134,"P56_batch2","PT",0
5135,"P56_batch2","DCT",0.833333333333333
5136,"P56_batch2","DCT",0
5137,"P56_batch2","Endo",0.533333333333333
5138,"P56_batch2","PT",0.333333333333333
5139,"P56_batch2","PT2",0.0333333333333333
5140,"P56_batch2","PT",0.0666666666666667
5141,"P56_batch2","PT",0.466666666666667
5142,"P56_batch2","PT",0.4
5143,"P56_batch2","CNT",0.3
5144,"P56_batch2","PT",0
5145,"P56_batch2","PT",0.1
5146,"P56_batch2","PT",0
5147,"P56_batch2","DCT",0
5148,"P56_batch2","PT",0.0333333333333333
5149,"P56_batch2","PT",0.133333333333333
5150,"P56_batch2","PT",0.8
5151,"P56_batch2","PT",0.266666666666667
5152,"P56_batch2","LOH",0
5153,"P56_batch2","immune",0.766666666666667
5154,"P56_batch2","PT",0.0333333333333333
5155,"P56_batch2","Endo",0.4
5156,"P56_batch2","LOH",0.2
5157,"P56_batch2","PT_out",0
5158,"P56_batch2","LOH",0.1
5159,"P56_batch2","LOH",0.0333333333333333
5160,"P56_batch2","PT",0.233333333333333
5161,"P56_batch2","PT",0.233333333333333
5162,"P56_batch2","NP_LOH",0.6
5163,"P56_batch2","immune",0.5
5164,"P56_batch2","IC",0.0333333333333333
5165,"P56_batch2","PT",0.0666666666666667
5166,"P56_batch2","PT",0.0666666666666667
5167,"P56_batch2","Endo",0.233333333333333
5168,"P56_batch2","PT",0.333333333333333
5169,"P56_batch2","DCT",0.0666666666666667
5170,"P56_batch2","DCT",0.366666666666667
5171,"P56_batch2","PC",0.0333333333333333
5172,"P56_batch2","Endo",0.233333333333333
5173,"P56_batch2","PT",0.0666666666666667
5174,"P56_batch2","LOH",0.0666666666666667
5175,"P56_batch2","PT2",0.433333333333333
5176,"P56_batch2","PT2",0.666666666666667
5177,"P56_batch2","Endo",0.133333333333333
5178,"P56_batch2","PT2",0
5179,"P56_batch2","Endo",0.2
5180,"P56_batch2","PT",0
5181,"P56_batch2","LOH",0
5182,"P56_batch2","stroma2",0.133333333333333
5183,"P56_batch2","stroma2",0.0333333333333333
5184,"P56_batch2","Endo",0.133333333333333
5185,"P56_batch2","stroma2",0.133333333333333
5186,"P56_batch2","PT",0.0666666666666667
5187,"P56_batch2","PT",0.0333333333333333
5188,"P56_batch2","PT",0
5189,"P56_batch2","LOH",0
5190,"P56_batch2","LOH",0
5191,"P56_batch2","LOH",0
5192,"P56_batch2","PT",0.166666666666667
5193,"P56_batch2","PT",0.0666666666666667
5194,"P56_batch2","PT_out",0
5195,"P56_batch2","stroma2",0.0333333333333333
5196,"P56_batch2","Endo",0.833333333333333
5197,"P56_batch2","IC",0.2
5198,"P56_batch2","LOH",0
5199,"P56_batch2","PT",0.2
5200,"P56_batch2","PT2",0
5201,"P56_batch2","PT",0.233333333333333
5202,"P56_batch2","LOH",0.0333333333333333
5203,"P56_batch2","PT",0.0333333333333333
5204,"P56_batch2","PT",0.633333333333333
5205,"P56_batch2","PT",0
5206,"P56_batch2","PT",0.366666666666667
5207,"P56_batch2","PT",0.0666666666666667
5208,"P56_batch2","DCT",0.133333333333333
5209,"P56_batch2","Endo",0.5
5210,"P56_batch2","DCT",0.966666666666667
5211,"P56_batch2","PT",0
5212,"P56_batch2","PT",0.333333333333333
5213,"P56_batch2","CNT",0.0333333333333333
5214,"P56_batch2","LOH",0
5215,"P56_batch2","LOH",0.466666666666667
5216,"P56_batch2","PT",0.133333333333333
5217,"P56_batch2","DCT",0.366666666666667
5218,"P56_batch2","PT2",0.1
5219,"P56_batch2","DCT",0
5220,"P56_batch2","LOH",0
5221,"P56_batch2","PC",0.9
5222,"P56_batch2","CNT",0.166666666666667
5223,"P56_batch2","CNT",1
5224,"P56_batch2","LOH",0
5225,"P56_batch2","PT_out",0.0666666666666667
5226,"P56_batch2","DCT",0.533333333333333
5227,"P56_batch2","PT",0.3
5228,"P56_batch2","Endo",0.433333333333333
5229,"P56_batch2","PT",0.1
5230,"P56_batch2","PT_out",0.0666666666666667
5231,"P56_batch2","PT2",0
5232,"P56_batch2","LOH",0.433333333333333
5233,"P56_batch2","Endo",0.433333333333333
5234,"P56_batch2","IC",0
5235,"P56_batch2","PT",0.233333333333333
5236,"P56_batch2","Endo",0.0666666666666667
5237,"P56_batch2","PT",0.0666666666666667
5238,"P56_batch2","PT",0
5239,"P56_batch2","PT",0
5240,"P56_batch2","PT",0.133333333333333
5241,"P56_batch2","PT",0.6
5242,"P56_batch2","PT",0.433333333333333
5243,"P56_batch2","stroma2",0.3
5244,"P56_batch2","Endo",0.0333333333333333
5245,"P56_batch2","CNT",0.1
5246,"P56_batch2","PC",0.133333333333333
5247,"P56_batch2","stroma2",0.6
5248,"P56_batch2","PT",0
5249,"P56_batch2","PT",0.466666666666667
5250,"P56_batch2","Endo",0.0666666666666667
5251,"P56_batch2","PT",0.166666666666667
5252,"P56_batch2","LOH",0
5253,"P56_batch2","Endo",0.466666666666667
5254,"P56_batch2","PT",0
5255,"P56_batch2","PT2",0
5256,"P56_batch2","PT",0.3
5257,"P56_batch2","PT",0.0666666666666667
5258,"P56_batch2","PT",0.133333333333333
5259,"P56_batch2","PC",0.0333333333333333
5260,"P56_batch2","stroma1",0.1
5261,"P56_batch2","PT",0.4
5262,"P56_batch2","LOH",0.0333333333333333
5263,"P56_batch2","PT",0
5264,"P56_batch2","PT",0.0333333333333333
5265,"P56_batch2","PT2",0
5266,"P56_batch2","PT2",0
5267,"P56_batch2","PT",0.1
5268,"P56_batch2","LOH",0.0333333333333333
5269,"P56_batch2","PT",0.7
5270,"P56_batch2","Endo",0.233333333333333
5271,"P56_batch2","LOH",0.0333333333333333
5272,"P56_batch2","PC",0.3
5273,"P56_batch2","Endo",0.0666666666666667
5274,"P56_batch2","PT",0.4
5275,"P56_batch2","Endo",0.2
5276,"P56_batch2","PT2",0.0666666666666667
5277,"P56_batch2","NP",0.166666666666667
5278,"P56_batch2","PT",0
5279,"P56_batch2","PC",0.866666666666667
5280,"P56_batch2","stroma2",0.633333333333333
5281,"P56_batch2","PT2",0.133333333333333
5282,"P56_batch2","PT",0.166666666666667
5283,"P56_batch2","LOH",0.133333333333333
5284,"P56_batch2","LOH",0.166666666666667
5285,"P56_batch2","PT",0.8
5286,"P56_batch2","Endo",0.4
5287,"P56_batch2","DCT",0
5288,"P56_batch2","PT2",0
5289,"P56_batch2","PT",0.233333333333333
5290,"P56_batch2","LOH",0.333333333333333
5291,"P56_batch2","PT",0.233333333333333
5292,"P56_batch2","PT2",0
5293,"P56_batch2","PT2",0
5294,"P56_batch2","PT",0.166666666666667
5295,"P56_batch2","PT",0.166666666666667
5296,"P56_batch2","CNT",0.0333333333333333
5297,"P56_batch2","stroma2",0
5298,"P56_batch2","LOH",0
5299,"P56_batch2","PC",0.0666666666666667
5300,"P56_batch2","PT",0
5301,"P56_batch2","PT",0
5302,"P56_batch2","stroma1",0.1
5303,"P56_batch2","PT2",0.933333333333333
5304,"P56_batch2","stroma2",0.3
5305,"P56_batch2","PT",0.133333333333333
5306,"P56_batch2","PT",0.3
5307,"P56_batch2","PT2",0
5308,"P56_batch2","PT_out",0.733333333333333
5309,"P56_batch2","PT",0
5310,"P56_batch2","PC",0
5311,"P56_batch2","PT2",0
5312,"P56_batch2","LOH",0
5313,"P56_batch2","stroma1",0.833333333333333
5314,"P56_batch2","Endo",0.366666666666667
5315,"P56_batch2","IC",0
5316,"P56_batch2","PT",0.1
5317,"P56_batch2","PT",0.0333333333333333
5318,"P56_batch2","PC",0.0666666666666667
5319,"P56_batch2","LOH",0.466666666666667
5320,"P56_batch2","PT2",0
5321,"P56_batch2","stroma2",0.233333333333333
5322,"P56_batch2","stroma1",0.9
5323,"P56_batch2","PC",0
5324,"P56_batch2","CNT",0
5325,"P56_batch2","LOH",0
5326,"P56_batch2","PT",0.1
5327,"P56_batch2","PT",0.0333333333333333
5328,"P56_batch2","PT",0.0333333333333333
5329,"P56_batch2","PT2",0.7
5330,"P56_batch2","PT",0
5331,"P56_batch2","PT",0.866666666666667
5332,"P56_batch2","immune",0.5
5333,"P56_batch2","CNT",0.0333333333333333
5334,"P56_batch2","DCT",0.0666666666666667
5335,"P56_batch2","DCT",0
5336,"P56_batch2","PT",0
5337,"P56_batch2","LOH",0.1
5338,"P56_batch2","LOH",0
5339,"P56_batch2","PT",0.1
5340,"P56_batch2","LOH",0.0333333333333333
5341,"P56_batch2","LOH",0.1
5342,"P56_batch2","Endo",0.266666666666667
5343,"P56_batch2","PT",0
5344,"P56_batch2","PT",0.0333333333333333
5345,"P56_batch2","PT",0.0666666666666667
5346,"P56_batch2","CNT",0
5347,"P56_batch2","CNT",0
5348,"P56_batch2","PT2",0.0333333333333333
5349,"P56_batch2","DCT",0
5350,"P56_batch2","stroma2",0.266666666666667
5351,"P56_batch2","PT",0.0333333333333333
5352,"P56_batch2","PT",0.0333333333333333
5353,"P56_batch2","stroma2",0.6
5354,"P56_batch2","PT",0
5355,"P56_batch2","PC",0.0333333333333333
5356,"P56_batch2","LOH",0.166666666666667
5357,"P56_batch2","LOH",0
5358,"P56_batch2","DCT",0.1
5359,"P56_batch2","CNT",0
5360,"P56_batch2","CNT",0
5361,"P56_batch2","PT",0
5362,"P56_batch2","DCT",0
5363,"P56_batch2","stroma1",0.5
5364,"P56_batch2","PT",0.133333333333333
5365,"P56_batch2","Endo",0.166666666666667
5366,"P56_batch2","immune",0.2
5367,"P56_batch2","CNT",0.6
5368,"P56_batch2","PT",0.766666666666667
5369,"P56_batch2","PT",0.0333333333333333
5370,"P56_batch2","PT",0
5371,"P56_batch2","PT",0
5372,"P56_batch2","IC",0
5373,"P56_batch2","PT",0.0333333333333333
5374,"P56_batch2","PT",0.933333333333333
5375,"P56_batch2","PT",0.533333333333333
5376,"P56_batch2","PT2",0
5377,"P56_batch2","stroma2",0.233333333333333
5378,"P56_batch2","PT_out",0.266666666666667
5379,"P56_batch2","PT",0.333333333333333
5380,"P56_batch2","PT",0.166666666666667
5381,"P56_batch2","PT",0
5382,"P56_batch2","stroma1",0.433333333333333
5383,"P56_batch2","stroma2",0
5384,"P56_batch2","PT",0.0333333333333333
5385,"P56_batch2","PT",0.3
5386,"P56_batch2","PT2",0.133333333333333
5387,"P56_batch2","LOH",0
5388,"P56_batch2","PT",0.466666666666667
5389,"P56_batch2","LOH",0.133333333333333
5390,"P56_batch2","PT",0.1
5391,"P56_batch2","Endo",0.2
5392,"P56_batch2","LOH",0.0333333333333333
5393,"P56_batch2","PT2",0.766666666666667
5394,"P56_batch2","PT",0.0666666666666667
5395,"P56_batch2","PC",0.1
5396,"P56_batch2","PT",0
5397,"P56_batch2","PC",0.0666666666666667
5398,"P56_batch2","LOH",0.1
5399,"P56_batch2","PT",0.133333333333333
5400,"P56_batch2","PT2",0
5401,"P56_batch2","IC",0.7
5402,"P56_batch2","immune",0.3
5403,"P56_batch2","Endo",0.133333333333333
5404,"P56_batch2","IC",0.2
5405,"P56_batch2","IC",0
5406,"P56_batch2","PT_out",0.833333333333333
5407,"P56_batch2","immune",0.233333333333333
5408,"P56_batch2","PT",0.1
5409,"P56_batch2","Endo",0.3
5410,"P56_batch2","PT",0.3
5411,"P56_batch2","PT",0.0333333333333333
5412,"P56_batch2","stroma2",0.3
5413,"P56_batch2","Endo",0.833333333333333
5414,"P56_batch2","IC",0.633333333333333
5415,"P56_batch2","PT2",0
5416,"P56_batch2","PT",0.233333333333333
5417,"P56_batch2","LOH",0.8
5418,"P56_batch2","IC",0.0333333333333333
5419,"P56_batch2","PT",0
5420,"P56_batch2","PT",0.6
5421,"P56_batch2","PT2",0.2
5422,"P56_batch2","DCT",0
5423,"P56_batch2","PT2",0
5424,"P56_batch2","PC",0.233333333333333
5425,"P56_batch2","PT",0.9
5426,"P56_batch2","PT",0
5427,"P56_batch2","PT",0.2
5428,"P56_batch2","PT2",0
5429,"P56_batch2","PT",0.1
5430,"P56_batch2","PT2",0
5431,"P56_batch2","LOH",0
5432,"P56_batch2","PT2",0.0333333333333333
5433,"P56_batch2","PT",0.0333333333333333
5434,"P56_batch2","PT2",0
5435,"P56_batch2","PT2",0.0333333333333333
5436,"P56_batch2","stroma2",0.233333333333333
5437,"P56_batch2","stroma2",0.2
5438,"P56_batch2","Endo",0.266666666666667
5439,"P56_batch2","PT",0.833333333333333
5440,"P56_batch2","PT",0.6
5441,"P56_batch2","PT",0.3
5442,"P56_batch2","PT",0
5443,"P56_batch2","LOH",0.0333333333333333
5444,"P56_batch2","PT",0
5445,"P56_batch2","stroma1",0.1
5446,"P56_batch2","Endo",0.433333333333333
5447,"P56_batch2","PT2",0.9
5448,"P56_batch2","Endo",0.133333333333333
5449,"P56_batch2","IC",0.9
5450,"P56_batch2","PT",0.4
5451,"P56_batch2","LOH",0
5452,"P56_batch2","IC",0.0666666666666667
5453,"P56_batch2","Podo",0.533333333333333
5454,"P56_batch2","PT2",0
5455,"P56_batch2","LOH",0.0333333333333333
5456,"P56_batch2","PT",0.333333333333333
5457,"P56_batch2","PT_out",0.233333333333333
5458,"P56_batch2","PT",0.0333333333333333
5459,"P56_batch2","LOH",0.0333333333333333
5460,"P56_batch2","Endo",0.233333333333333
5461,"P56_batch2","CNT",0.3
5462,"P56_batch2","PT",0.133333333333333
5463,"P56_batch2","PT",0.833333333333333
5464,"P56_batch2","PT",0.433333333333333
5465,"P56_batch2","PT",0.0333333333333333
5466,"P56_batch2","PT",0
5467,"P56_batch2","PT2",0.133333333333333
5468,"P56_batch2","PT",0.133333333333333
5469,"P56_batch2","immune",0.3
5470,"P56_batch2","PT2",0
5471,"P56_batch2","PT2",0
5472,"P56_batch2","NP_LOH",0.4
5473,"P56_batch2","PT",0.133333333333333
5474,"P56_batch2","PT",0
5475,"P56_batch2","stroma1",0.1
5476,"P56_batch2","stroma2",0.166666666666667
5477,"P56_batch2","PC",0.2
5478,"P56_batch2","PT",0.333333333333333
5479,"P56_batch2","NP_LOH",0.0333333333333333
5480,"P56_batch2","PT",0.0333333333333333
5481,"P56_batch2","DCT",0
5482,"P56_batch2","PT",0.833333333333333
5483,"P56_batch2","PT",0.0333333333333333
5484,"P56_batch2","PT",0.533333333333333
5485,"P56_batch2","LOH",0
5486,"P56_batch2","LOH",0.0666666666666667
5487,"P56_batch2","PT",0.0333333333333333
5488,"P56_batch2","PT",0
5489,"P56_batch2","Endo",0.333333333333333
5490,"P56_batch2","CNT",0.666666666666667
5491,"P56_batch2","CNT",0
5492,"P56_batch2","stroma1",0.1
5493,"P56_batch2","DCT",0.266666666666667
5494,"P56_batch2","PT",0.4
5495,"P56_batch2","LOH",0
5496,"P56_batch2","CNT",0.1
5497,"P56_batch2","DCT",0
5498,"P56_batch2","PT",0.1
5499,"P56_batch2","LOH",0
5500,"P56_batch2","LOH",0.433333333333333
5501,"P56_batch2","stroma2",0.7
5502,"P56_batch2","LOH",0.2
5503,"P56_batch2","PT2",0.5
5504,"P56_batch2","PT2",0.666666666666667
5505,"P56_batch2","PT",0.566666666666667
5506,"P56_batch2","PT",0
5507,"P56_batch2","LOH",0
5508,"P56_batch2","PT2",0
5509,"P56_batch2","DCT",0.9
5510,"P56_batch2","IC",0.166666666666667
5511,"P56_batch2","Endo",0.2
5512,"P56_batch2","PT",0.433333333333333
5513,"P56_batch2","PT",0.8
5514,"P56_batch2","PT2",0.866666666666667
5515,"P56_batch2","LOH",0.833333333333333
5516,"P56_batch2","PT",0.0333333333333333
5517,"P56_batch2","Endo",0.466666666666667
5518,"P56_batch2","DCT",0.266666666666667
5519,"P56_batch2","PT",0.866666666666667
5520,"P56_batch2","PT",0
5521,"P56_batch2","PT2",0.666666666666667
5522,"P56_batch2","DCT",0
5523,"P56_batch2","LOH",0.2
5524,"P56_batch2","PT2",0.2
5525,"P56_batch2","PT",0
5526,"P56_batch2","PT",0.0666666666666667
5527,"P56_batch2","IC",0.233333333333333
5528,"P56_batch2","LOH",0
5529,"P56_batch2","NP_LOH",0.166666666666667
5530,"P56_batch2","stroma2",0
5531,"P56_batch2","PT",0.0333333333333333
5532,"P56_batch2","PT",0.5
5533,"P56_batch2","LOH",0.166666666666667
5534,"P56_batch2","PT",0.533333333333333
5535,"P56_batch2","PT",0.133333333333333
5536,"P56_batch2","PT_out",0
5537,"P56_batch2","LOH",0
5538,"P56_batch2","PT",0
5539,"P56_batch2","PT",0
5540,"P56_batch2","PT",0.7
5541,"P56_batch2","stroma2",0.266666666666667
5542,"P56_batch2","LOH",0
5543,"P56_batch2","LOH",0.233333333333333
5544,"P56_batch2","PT",0.0333333333333333
5545,"P56_batch2","CNT",0
5546,"P56_batch2","PT",0
5547,"P56_batch2","CNT",0
5548,"P56_batch2","DCT",0
5549,"P56_batch2","LOH",0.1
5550,"P56_batch2","PT",0.1
5551,"P56_batch2","PT2",0
5552,"P56_batch2","PT",0.0333333333333333
5553,"P56_batch2","PT",0
5554,"P56_batch2","IC",0.266666666666667
5555,"P56_batch2","CNT",0
5556,"P56_batch2","PT2",0
5557,"P56_batch2","LOH",0.0333333333333333
5558,"P56_batch2","stroma1",0.8
5559,"P56_batch2","PT",0.433333333333333
5560,"P56_batch2","PT2",0
5561,"P56_batch2","stroma2",0.433333333333333
5562,"P56_batch2","NP",0.0333333333333333
5563,"P56_batch2","Endo",0.4
5564,"P56_batch2","PT",0.0666666666666667
5565,"P56_batch2","IC",0.7
5566,"P56_batch2","NP",0.933333333333333
5567,"P56_batch2","NP",0.733333333333333
5568,"P56_batch2","PT_out",0.666666666666667
5569,"P56_batch2","PT",0.466666666666667
5570,"P56_batch2","CNT",0
5571,"P56_batch2","PT",0.0666666666666667
5572,"P56_batch2","PT2",0.266666666666667
5573,"P56_batch2","CNT",0
5574,"P56_batch2","CNT",0
5575,"P56_batch2","immune",0.466666666666667
5576,"P56_batch2","NP",0.0333333333333333
5577,"P56_batch2","stroma2",0.366666666666667
5578,"P56_batch2","PT",0
5579,"P56_batch2","stroma1",0.1
5580,"P56_batch2","LOH",0.3
5581,"P56_batch2","PT",0.266666666666667
5582,"P56_batch2","LOH",0
5583,"P56_batch2","PT",0.0333333333333333
5584,"P56_batch2","CNT",0
5585,"P56_batch2","IC",0
5586,"P56_batch2","PT2",0.166666666666667
5587,"P56_batch2","Podo",0.466666666666667
5588,"P56_batch2","PT",0.0666666666666667
5589,"P56_batch2","PT",0.166666666666667
5590,"P56_batch2","LOH",0
5591,"P56_batch2","LOH",0
5592,"P56_batch2","DCT",0
5593,"P56_batch2","stroma2",0.233333333333333
5594,"P56_batch2","DCT",0.2
5595,"P56_batch2","PT",0
5596,"P56_batch2","PT",0.5
5597,"P56_batch2","PT",0.0333333333333333
5598,"P56_batch2","PT",0.1
5599,"P56_batch2","PT2",0.0666666666666667
5600,"P56_batch2","PT2",0.0333333333333333
5601,"P56_batch2","PT2",0
5602,"P56_batch2","stroma2",0.433333333333333
5603,"P56_batch2","PT2",0
5604,"P56_batch2","DCT",0.0333333333333333
5605,"P56_batch2","PT",0
5606,"P56_batch2","PT",0
5607,"P56_batch2","NP",0.166666666666667
5608,"P56_batch2","PT",0
5609,"P56_batch2","PT",0.233333333333333
5610,"P56_batch2","PT_out",0.0333333333333333
5611,"P56_batch2","PC",0.1
5612,"P56_batch2","PT2",0.9
5613,"P56_batch2","PT2",0.7
5614,"P56_batch2","PT",0.0333333333333333
5615,"P56_batch2","Endo",0.233333333333333
5616,"P56_batch2","PT",0.133333333333333
5617,"P56_batch2","PT2",0
5618,"P56_batch2","PC",0.8
5619,"P56_batch2","PT2",0.433333333333333
5620,"P56_batch2","DCT",0.0333333333333333
5621,"P56_batch2","LOH",0
5622,"P56_batch2","PT2",0.266666666666667
5623,"P56_batch2","DCT",0.6
5624,"P56_batch2","LOH",0
5625,"P56_batch2","CNT",0.0666666666666667
5626,"P56_batch2","PT",0.0333333333333333
5627,"P56_batch2","PT",0
5628,"P56_batch2","PT",0.2
5629,"P56_batch2","PT",0.333333333333333
5630,"P56_batch2","DCT",0.766666666666667
5631,"P56_batch2","PT2",0.366666666666667
5632,"P56_batch2","PC",0.0666666666666667
5633,"P56_batch2","PT",0.3
5634,"P56_batch2","LOH",0.133333333333333
5635,"P56_batch2","DCT",0.133333333333333
5636,"P56_batch2","PT",0
5637,"P56_batch2","PT2",0
5638,"P56_batch2","PT",0.0666666666666667
5639,"P56_batch2","PT",0.233333333333333
5640,"P56_batch2","PT2",0.0666666666666667
5641,"P56_batch2","PT",0.666666666666667
5642,"P56_batch2","DCT",0
5643,"P56_batch2","PT",0.1
5644,"P56_batch2","PT",0.133333333333333
5645,"P56_batch2","PT",0.0666666666666667
5646,"P56_batch2","PT",0.233333333333333
5647,"P56_batch2","PT",0.0333333333333333
5648,"P56_batch2","LOH",0.0333333333333333
5649,"P56_batch2","DCT",0
5650,"P56_batch2","LOH",0
5651,"P56_batch2","immune",0.3
5652,"P56_batch2","CNT",0
5653,"P56_batch2","PT",0.0333333333333333
5654,"P56_batch2","PC",0
5655,"P56_batch2","PT",0.0333333333333333
5656,"P56_batch2","Endo",0.2
5657,"P56_batch2","PT",0.166666666666667
5658,"P56_batch2","PT",0.966666666666667
5659,"P56_batch2","PT",0.4
5660,"P56_batch2","LOH",0.0333333333333333
5661,"P56_batch2","PT2",0
5662,"P56_batch2","stroma2",0.366666666666667
5663,"P56_batch2","Endo",0.533333333333333
5664,"P56_batch2","Endo",0.466666666666667
5665,"P56_batch2","DCT",0
5666,"P56_batch2","stroma2",0
5667,"P56_batch2","stroma2",0.6
5668,"P56_batch2","Endo",0.0333333333333333
5669,"P56_batch2","PT",0.733333333333333
5670,"P56_batch2","Podo",0
5671,"P56_batch2","LOH",0.2
5672,"P56_batch2","NP_LOH",0.266666666666667
5673,"P56_batch2","PT_out",0.233333333333333
5674,"P56_batch2","PT2",0
5675,"P56_batch2","PT",0.133333333333333
5676,"P56_batch2","PT2",0.0333333333333333
5677,"P56_batch2","Endo",0.333333333333333
5678,"P56_batch2","PT",0.6
5679,"P56_batch2","PT",0.7
5680,"P56_batch2","LOH",0
5681,"P56_batch2","NP",0.233333333333333
5682,"P56_batch2","PT",0.133333333333333
5683,"P56_batch2","PT",0.0333333333333333
5684,"P56_batch2","PC",0
5685,"P56_batch2","CNT",0
5686,"P56_batch2","PT2",0.266666666666667
5687,"P56_batch2","PT",0
5688,"P56_batch2","PT",0.0666666666666667
5689,"P56_batch2","Endo",0
5690,"P56_batch2","DCT",0
5691,"P56_batch2","PT2",0
5692,"P56_batch2","PT",0
5693,"P56_batch2","Endo",0.3
5694,"P56_batch2","DCT",0.0333333333333333
5695,"P56_batch2","CNT",0
5696,"P56_batch2","DCT",0.0333333333333333
5697,"P56_batch2","PT",0.3
5698,"P56_batch2","stroma2",0.166666666666667
5699,"P56_batch2","PT2",0
5700,"P56_batch2","LOH",0.1
5701,"P56_batch2","PT",0.533333333333333
5702,"P56_batch2","PT",0.133333333333333
5703,"P56_batch2","stroma2",0.8
5704,"P56_batch2","PT",0
5705,"P56_batch2","PT",0
5706,"P56_batch2","PC",0.0666666666666667
5707,"P56_batch2","PT",0.0666666666666667
5708,"P56_batch2","DCT",0
5709,"P56_batch2","Endo",0.266666666666667
5710,"P56_batch2","PT_out",0.4
5711,"P56_batch2","DCT",0.1
5712,"P56_batch2","PT",0.133333333333333
5713,"P56_batch2","DCT",0
5714,"P56_batch2","PT",0
5715,"P56_batch2","PT",0.0666666666666667
5716,"P56_batch2","DCT",0
5717,"P56_batch2","stroma2",0.433333333333333
5718,"P56_batch2","LOH",0.0333333333333333
5719,"P56_batch2","CNT",0.0333333333333333
5720,"P56_batch2","PT2",0
5721,"P56_batch2","PT2",0.9
5722,"P56_batch2","DCT",0.0666666666666667
5723,"P56_batch2","PT",0.233333333333333
5724,"P56_batch2","Endo",0.233333333333333
5725,"P56_batch2","LOH",0.4
5726,"P56_batch2","PT2",0
5727,"P56_batch2","PT",0.233333333333333
5728,"P56_batch2","PT",0.0666666666666667
5729,"P56_batch2","PT",0.166666666666667
5730,"P56_batch2","CNT",0.0333333333333333
5731,"P56_batch2","LOH",0.0666666666666667
5732,"P56_batch2","DCT",0.3
5733,"P56_batch2","PT",0.0333333333333333
5734,"P56_batch2","PT",0.0333333333333333
5735,"P56_batch2","PT2",0.0666666666666667
5736,"P56_batch2","PT",0.366666666666667
5737,"P56_batch2","PT",0.133333333333333
5738,"P56_batch2","Endo",0.0666666666666667
5739,"P56_batch2","PT2",0.0333333333333333
5740,"P56_batch2","LOH",0.0333333333333333
5741,"P56_batch2","PT2",0
5742,"P56_batch2","IC",0
5743,"P56_batch2","PT2",0
5744,"P56_batch2","PT",0.266666666666667
5745,"P56_batch2","LOH",0.0666666666666667
5746,"P56_batch2","PT2",0.0333333333333333
5747,"P56_batch2","PT2",0
5748,"P56_batch2","stroma2",0.733333333333333
5749,"P56_batch2","LOH",0.0333333333333333
5750,"P56_batch2","stroma1",0.166666666666667
5751,"P56_batch2","Endo",0.5
5752,"P56_batch2","LOH",0.133333333333333
5753,"P56_batch2","PT",0
5754,"P56_batch2","PT2",0
5755,"P56_batch2","LOH",0.0666666666666667
5756,"P56_batch2","PT",0
5757,"P56_batch2","PT",0.3
5758,"P56_batch2","PT",0.0666666666666667
5759,"P56_batch2","Endo",0.366666666666667
5760,"P56_batch2","IC",0
5761,"P56_batch2","PT",0.633333333333333
5762,"P56_batch2","LOH",0.0666666666666667
5763,"P56_batch2","PT2",0.0666666666666667
5764,"P56_batch2","PT",0.733333333333333
5765,"P56_batch2","LOH",0
5766,"P56_batch2","stroma2",0.1
5767,"P56_batch2","LOH",0
5768,"P56_batch2","PT",0.0333333333333333
5769,"P56_batch2","PC",0.0666666666666667
5770,"P56_batch2","PT",0.0333333333333333
5771,"P56_batch2","LOH",0.333333333333333
5772,"P56_batch2","PT",0
5773,"P56_batch2","Endo",0.133333333333333
5774,"P56_batch2","PT",0.4
5775,"P56_batch2","DCT",0
5776,"P56_batch2","NP_LOH",0.6
5777,"P56_batch2","IC",0.0333333333333333
5778,"P56_batch2","DCT",0.0333333333333333
5779,"P56_batch2","DCT",0.733333333333333
5780,"P56_batch2","Endo",0.366666666666667
5781,"P56_batch2","CNT",0
5782,"P56_batch2","IC",0.166666666666667
5783,"P56_batch2","LOH",0.0666666666666667
5784,"P56_batch2","DCT",0.166666666666667
5785,"P56_batch2","PT",0.433333333333333
5786,"P56_batch2","LOH",0.1
5787,"P56_batch2","PT",0
5788,"P56_batch2","PT",0.8
5789,"P56_batch2","Endo",0.7
5790,"P56_batch2","PT",0.5
5791,"P56_batch2","LOH",0.8
5792,"P56_batch2","Endo",0.333333333333333
5793,"P56_batch2","PT",0
5794,"P56_batch2","PT",0.0666666666666667
5795,"P56_batch2","NP_LOH",0.266666666666667
5796,"P56_batch2","PT",0
5797,"P56_batch2","PT",0
5798,"P56_batch2","PT",0.9
5799,"P56_batch2","PT",0.133333333333333
5800,"P56_batch2","Endo",0.133333333333333
5801,"P56_batch2","CNT",0
5802,"P56_batch2","Endo",0.133333333333333
5803,"P56_batch2","PT",0.0333333333333333
5804,"P56_batch2","PT2",0
5805,"P56_batch2","PT",0.133333333333333
5806,"P56_batch2","LOH",0
5807,"P56_batch2","stroma2",0.1
5808,"P56_batch2","PT",0.166666666666667
5809,"P56_batch2","PT",0.266666666666667
5810,"P56_batch2","Podo",0.2
5811,"P56_batch2","CNT",0.0333333333333333
5812,"P56_batch2","PT",0
5813,"P56_batch2","PT2",0
5814,"P56_batch2","PT",0.1
5815,"P56_batch2","PT",0.0666666666666667
5816,"P56_batch2","immune",0.166666666666667
5817,"P56_batch2","PT",0.366666666666667
5818,"P56_batch2","IC",0.1
5819,"P56_batch2","PT",0.2
5820,"P56_batch2","PT2",0.233333333333333
5821,"P56_batch2","Endo",0.4
5822,"P56_batch2","PT",0.233333333333333
5823,"P56_batch2","LOH",0.0666666666666667
5824,"P56_batch2","CNT",0.0666666666666667
5825,"P56_batch2","PT",0.233333333333333
5826,"P56_batch2","PT",0.166666666666667
5827,"P56_batch2","DCT",0
5828,"P56_batch2","PT",0.0666666666666667
5829,"P56_batch2","Endo",0.366666666666667
5830,"P56_batch2","PT",0.133333333333333
5831,"P56_batch2","PT",0.8
5832,"P56_batch2","PT_out",0.166666666666667
5833,"P56_batch2","PT2",0
5834,"P56_batch2","LOH",0
5835,"P56_batch2","PT2",0
5836,"P56_batch2","PT2",0.266666666666667
5837,"P56_batch2","NP_LOH",0.233333333333333
5838,"P56_batch2","LOH",0
5839,"P56_batch2","PT",0.4
5840,"P56_batch2","Endo",0.0333333333333333
5841,"P56_batch2","LOH",0.466666666666667
5842,"P56_batch2","DCT",0.266666666666667
5843,"P56_batch2","PT",0.5
5844,"P56_batch2","PT",0.0333333333333333
5845,"P56_batch2","PT",0.0333333333333333
5846,"P56_batch2","immune",0.2
5847,"P56_batch2","Endo",0.0333333333333333
5848,"P56_batch2","CNT",0.0333333333333333
5849,"P56_batch2","PT",0
5850,"P56_batch2","stroma2",0.166666666666667
5851,"P56_batch2","PT2",0
5852,"P56_batch2","immune",0.633333333333333
5853,"P56_batch2","stroma2",0.2
5854,"P56_batch2","stroma2",0.5
5855,"P56_batch2","DCT",0
5856,"P56_batch2","stroma2",0.7
5857,"P56_batch2","PT",0.166666666666667
5858,"P56_batch2","DCT",0.1
5859,"P56_batch2","LOH",0
5860,"P56_batch2","PT",0.233333333333333
5861,"P56_batch2","LOH",0.5
5862,"P56_batch2","CNT",0
5863,"P56_batch2","PT",0.0666666666666667
5864,"P56_batch2","CNT",0
5865,"P56_batch2","Endo",0.2
5866,"P56_batch2","PT2",0
5867,"P56_batch2","PC",0.133333333333333
5868,"P56_batch2","LOH",0.0666666666666667
5869,"P56_batch2","NP_LOH",0.366666666666667
5870,"P56_batch2","PT_out",0.1
5871,"P56_batch2","PT",0.333333333333333
5872,"P56_batch2","PT",0.4
5873,"P56_batch2","Endo",0
5874,"P56_batch2","LOH",0.0333333333333333
5875,"P56_batch2","PT",0.566666666666667
5876,"P56_batch2","DCT",0
5877,"P56_batch2","LOH",0.333333333333333
5878,"P56_batch2","PT",0.8
5879,"P56_batch2","Endo",0.7
5880,"P56_batch2","PT",0.566666666666667
5881,"P56_batch2","LOH",0.0333333333333333
5882,"P56_batch2","stroma1",1
5883,"P56_batch2","PT",0
5884,"P56_batch2","PT_out",0
5885,"P56_batch2","PC",0.7
5886,"P56_batch2","stroma1",0.7
5887,"P56_batch2","PT",0
5888,"P56_batch2","PT",0
5889,"P56_batch2","LOH",0
5890,"P56_batch2","Endo",0.1
5891,"P56_batch2","Endo",0.333333333333333
5892,"P56_batch2","PT2",0.733333333333333
5893,"P56_batch2","PT",0
5894,"P56_batch2","LOH",0.0666666666666667
5895,"P56_batch2","PT2",0.566666666666667
5896,"P56_batch2","PT2",0.666666666666667
5897,"P56_batch2","LOH",0.233333333333333
5898,"P56_batch2","CNT",0.1
5899,"P56_batch2","LOH",0.766666666666667
5900,"P56_batch2","PT_out",0.1
5901,"P56_batch2","CNT",0.133333333333333
5902,"P56_batch2","LOH",0
5903,"P56_batch2","DCT",0
5904,"P56_batch2","PT2",0.666666666666667
5905,"P56_batch2","PT",0.1
5906,"P56_batch2","NP",0.133333333333333
5907,"P56_batch2","LOH",0.3
5908,"P56_batch2","stroma1",0
5909,"P56_batch2","LOH",0.666666666666667
5910,"P56_batch2","DCT",0.0333333333333333
5911,"P56_batch2","LOH",0.133333333333333
5912,"P56_batch2","IC",0.1
5913,"P56_batch2","PT2",0.0333333333333333
5914,"P56_batch2","stroma2",0.133333333333333
5915,"P56_batch2","LOH",0.633333333333333
5916,"P56_batch2","PT2",0
5917,"P56_batch2","Endo",0.133333333333333
5918,"P56_batch2","stroma2",0.5
5919,"P56_batch2","PT2",0.466666666666667
5920,"P56_batch2","immune",0.9
5921,"P56_batch2","PT",0.366666666666667
5922,"P56_batch2","IC",0.0333333333333333
5923,"P56_batch2","stroma1",0.3
5924,"P56_batch2","LOH",0
5925,"P56_batch2","IC",0.0666666666666667
5926,"P56_batch2","LOH",0.0333333333333333
5927,"P56_batch2","LOH",0.766666666666667
5928,"P56_batch2","NP",0.133333333333333
5929,"P56_batch2","PT2",0.166666666666667
5930,"P56_batch2","PT",0.233333333333333
5931,"P56_batch2","NP",0.3
5932,"P56_batch2","PT",0.0333333333333333
5933,"P56_batch2","stroma2",0.166666666666667
5934,"P56_batch2","PT",0.0333333333333333
5935,"P56_batch2","stroma2",0.3
5936,"P56_batch2","PT2",0.3
5937,"P56_batch2","PT",0.0333333333333333
5938,"P56_batch2","PT",0.133333333333333
5939,"P56_batch2","Endo",0.133333333333333
5940,"P56_batch2","CNT",0
5941,"P56_batch2","PT",0.133333333333333
5942,"P56_batch2","PT",0.566666666666667
5943,"P56_batch2","CNT",0.1
5944,"P56_batch2","DCT",0
5945,"P56_batch2","PT2",0.0666666666666667
5946,"P56_batch2","CNT",0
5947,"P56_batch2","stroma2",0.333333333333333
5948,"P56_batch2","DCT",0.966666666666667
5949,"P56_batch2","PT",0.0666666666666667
5950,"P56_batch2","DCT",0
5951,"P56_batch2","stroma1",0.4
5952,"P56_batch2","PT2",0
5953,"P56_batch2","PT",0
5954,"P56_batch2","PT",0.1
5955,"P56_batch2","PT",0.233333333333333
5956,"P56_batch2","CNT",0.2
5957,"P56_batch2","PT2",0
5958,"P56_batch2","PT",0.133333333333333
5959,"P56_batch2","LOH",0.0333333333333333
5960,"P56_batch2","PT",0.0666666666666667
5961,"P56_batch2","PT2",0
5962,"P56_batch2","PT",0.4
5963,"P56_batch2","PT",0.6
5964,"P56_batch2","Endo",0.366666666666667
5965,"P56_batch2","PT2",0
5966,"P56_batch2","PT2",0.7
5967,"P56_batch2","PT",0.4
5968,"P56_batch2","PC",0.0666666666666667
5969,"P56_batch2","PT",0.3
5970,"P56_batch2","PT",0.2
5971,"P56_batch2","NP",0.433333333333333
5972,"P56_batch2","PT_out",0.433333333333333
5973,"P56_batch2","PT",0
5974,"P56_batch2","PT",0
5975,"P56_batch2","Endo",0.233333333333333
5976,"P56_batch2","PT",0.633333333333333
5977,"P56_batch2","PT",0.166666666666667
5978,"P56_batch2","stroma2",0.5
5979,"P56_batch2","CNT",0
5980,"P56_batch2","PT",0
5981,"P56_batch2","PT",0.0666666666666667
5982,"P56_batch2","PT2",0.733333333333333
5983,"P56_batch2","Endo",0.2
5984,"P56_batch2","IC",0.1
5985,"P56_batch2","immune",0.133333333333333
5986,"P56_batch2","PT",0.166666666666667
5987,"P56_batch2","PT2",0.233333333333333
5988,"P56_batch2","stroma2",0.633333333333333
5989,"P56_batch2","LOH",0.0666666666666667
5990,"P56_batch2","PT",0.4
5991,"P56_batch2","DCT",0.1
5992,"P56_batch2","LOH",0.4
5993,"P56_batch2","PT",0.1
5994,"P56_batch2","CNT",0
5995,"P56_batch2","CNT",0
5996,"P56_batch2","LOH",0
5997,"P56_batch2","LOH",0
5998,"P56_batch2","PT",0.1
5999,"P56_batch2","immune",0.7
6000,"P56_batch2","LOH",0.233333333333333
6001,"P56_batch2","Podo",0.2
6002,"P56_batch2","CNT",0.133333333333333
6003,"P56_batch2","PT2",0
6004,"P56_batch2","LOH",0.0333333333333333
6005,"P56_batch2","PT",0.833333333333333
6006,"P56_batch2","PT",0.166666666666667
6007,"P56_batch2","Endo",0.366666666666667
6008,"P56_batch2","IC",1
6009,"P56_batch2","IC",0.366666666666667
6010,"P56_batch2","Endo",0.666666666666667
6011,"P56_batch2","PT",0
6012,"P56_batch2","PC",0
6013,"P56_batch2","PT2",0.266666666666667
6014,"P56_batch2","PT",0
6015,"P56_batch2","Endo",0.2
6016,"P56_batch2","PT",0.1
6017,"P56_batch2","PT",0
6018,"P56_batch2","Endo",0.133333333333333
6019,"P56_batch2","LOH",0.0333333333333333
6020,"P56_batch2","PT",0.0666666666666667
6021,"P56_batch2","PT2",0.2
6022,"P56_batch2","LOH",0
6023,"P56_batch2","PC",0.166666666666667
6024,"P56_batch2","DCT",0.0333333333333333
6025,"P56_batch2","LOH",0
6026,"P56_batch2","PT",0
6027,"P56_batch2","PT",0.0666666666666667
6028,"P56_batch2","PC",0.0666666666666667
6029,"P56_batch2","Endo",0.0333333333333333
6030,"P56_batch2","PT",0
6031,"P56_batch2","PT2",0
6032,"P56_batch2","LOH",0
6033,"P56_batch2","PT",0
6034,"P56_batch2","PT",0
6035,"P56_batch2","PT2",0
6036,"P56_batch2","Endo",0.2
6037,"P56_batch2","PT",0.0333333333333333
6038,"P56_batch2","LOH",0
6039,"P56_batch2","LOH",0.166666666666667
6040,"P56_batch2","PT",0
6041,"P56_batch2","PT2",0.133333333333333
6042,"P56_batch2","PT2",0.633333333333333
6043,"P56_batch2","LOH",0.0333333333333333
6044,"P56_batch2","LOH",0.0333333333333333
6045,"P56_batch2","stroma1",0.533333333333333
6046,"P56_batch2","PT",0.1
6047,"P56_batch2","PT",0.0666666666666667
6048,"P56_batch2","Endo",0.133333333333333
6049,"P56_batch2","PT2",0.4
6050,"P56_batch2","NP",0.766666666666667
6051,"P56_batch2","NP",0.6
6052,"P56_batch2","PT",0.633333333333333
6053,"P56_batch2","PT2",0.0333333333333333
6054,"P56_batch2","PT",0.0666666666666667
6055,"P56_batch2","IC",0.8
6056,"P56_batch2","LOH",0
6057,"P56_batch2","DCT",0
6058,"P56_batch2","LOH",0.133333333333333
6059,"P56_batch2","LOH",0.0333333333333333
6060,"P56_batch2","IC",0.0333333333333333
6061,"P56_batch2","PT",0.133333333333333
6062,"P56_batch2","PT",0.0666666666666667
6063,"P56_batch2","stroma2",0.5
6064,"P56_batch2","Endo",0.4
6065,"P56_batch2","Endo",0.0666666666666667
6066,"P56_batch2","PT2",0
6067,"P56_batch2","PT",0.4
6068,"P56_batch2","PT",0.2
6069,"P56_batch2","PT",0
6070,"P56_batch2","PT",0.333333333333333
6071,"P56_batch2","PT",0
6072,"P56_batch2","LOH",0.1
6073,"P56_batch2","PT",0
6074,"P56_batch2","PT",0.0666666666666667
6075,"P56_batch2","DCT",0.9
6076,"P56_batch2","LOH",0
6077,"P56_batch2","DCT",0.1
6078,"P56_batch2","PT",0.0333333333333333
6079,"P56_batch2","PT2",0.1
6080,"P56_batch2","Endo",0.166666666666667
6081,"P56_batch2","PT2",0
6082,"P56_batch2","DCT",0
6083,"P56_batch2","PT",0.0333333333333333
6084,"P56_batch2","PT",0.0333333333333333
6085,"P56_batch2","CNT",0.0333333333333333
6086,"P56_batch2","PT",0.0333333333333333
6087,"P56_batch2","PT",0.3
6088,"P56_batch2","DCT",0
6089,"P56_batch2","PT",0
6090,"P56_batch2","PT2",0.2
6091,"P56_batch2","PT2",0
6092,"P56_batch2","LOH",0
6093,"P56_batch2","PT",0.0666666666666667
6094,"P56_batch2","CNT",0
6095,"P56_batch2","PT",0.133333333333333
6096,"P56_batch2","stroma1",0.333333333333333
6097,"P56_batch2","IC",0.0333333333333333
6098,"P56_batch2","PT2",0.633333333333333
6099,"P56_batch2","LOH",0.0333333333333333
6100,"P56_batch2","PT2",0
6101,"P56_batch2","PT",0.966666666666667
6102,"P56_batch2","PT",0.2
6103,"P56_batch2","PT",0.0666666666666667
6104,"P56_batch2","PT2",0.8
6105,"P56_batch2","IC",0.833333333333333
6106,"P56_batch2","PT",0.0333333333333333
6107,"P56_batch2","DCT",0.9
6108,"P56_batch2","LOH",0
6109,"P56_batch2","PT2",0
6110,"P56_batch2","stroma2",0.6
6111,"P56_batch2","PT",0.0666666666666667
6112,"P56_batch2","PT",0.0333333333333333
6113,"P56_batch2","PT",0.266666666666667
6114,"P56_batch2","PC",0.3
6115,"P56_batch2","CNT",0.133333333333333
6116,"P56_batch2","Endo",0.2
6117,"P56_batch2","PT",0.5
6118,"P56_batch2","IC",0
6119,"P56_batch2","LOH",0.5
6120,"P56_batch2","PT",0.0333333333333333
6121,"P56_batch2","LOH",0.133333333333333
6122,"P56_batch2","LOH",0.1
6123,"P56_batch2","stroma2",0.966666666666667
6124,"P56_batch2","PT",0.233333333333333
6125,"P56_batch2","PT2",0.8
6126,"P56_batch2","NP_LOH",0.666666666666667
6127,"P56_batch2","PT_out",0.233333333333333
6128,"P56_batch2","PT2",0.3
6129,"P56_batch2","CNT",0.6
6130,"P56_batch2","stroma1",0.633333333333333
6131,"P56_batch2","LOH",0.4
6132,"P56_batch2","stroma1",0.933333333333333
6133,"P56_batch2","PT",0.733333333333333
6134,"P56_batch2","LOH",0.933333333333333
6135,"P56_batch2","LOH",0.233333333333333
6136,"P56_batch2","CNT",0
6137,"P56_batch2","LOH",0.0333333333333333
6138,"P56_batch2","PT",0.0666666666666667
6139,"P56_batch2","PT",0.133333333333333
6140,"P56_batch2","stroma2",0.166666666666667
6141,"P56_batch2","PT",0
6142,"P56_batch2","PT2",0.133333333333333
6143,"P56_batch2","PT",0.466666666666667
6144,"P56_batch2","PT",0.533333333333333
6145,"P56_batch2","LOH",0.1
6146,"P56_batch2","PT",0.233333333333333
6147,"P56_batch2","PT",0.0333333333333333
6148,"P56_batch2","PT",0.0333333333333333
6149,"P56_batch2","PT",0
6150,"P56_batch2","Endo",0.166666666666667
6151,"P56_batch2","PT",0.6
6152,"P56_batch2","PT_out",0
6153,"P56_batch2","PT",0.1
6154,"P56_batch2","PT",0.4
6155,"P56_batch2","LOH",0
6156,"P56_batch2","LOH",0.1
6157,"P56_batch2","stroma2",0.266666666666667
6158,"P56_batch2","PT",0
6159,"P56_batch2","PT",0.0333333333333333
6160,"P56_batch2","PT",0.0333333333333333
6161,"P56_batch2","PT",0.633333333333333
6162,"P56_batch2","LOH",0
6163,"P56_batch2","PT",0.0666666666666667
6164,"P56_batch2","PT",0.133333333333333
6165,"P56_batch2","DCT",0.3
6166,"P56_batch2","PT",0.0666666666666667
6167,"P56_batch2","LOH",0.433333333333333
6168,"P56_batch2","stroma2",0.633333333333333
6169,"P56_batch2","PT",0.4
6170,"P56_batch2","PT2",0
6171,"P56_batch2","LOH",0
6172,"P56_batch2","IC",0
6173,"P56_batch2","stroma2",0.0333333333333333
6174,"P56_batch2","PT",0
6175,"P56_batch2","IC",0.166666666666667
6176,"P56_batch2","CNT",0
6177,"P56_batch2","PT2",0
6178,"P56_batch2","PT",0
6179,"P56_batch2","DCT",0
6180,"P56_batch2","stroma2",0.566666666666667
6181,"P56_batch2","PT",0.1
6182,"P56_batch2","PT",0.0333333333333333
6183,"P56_batch2","PT",0.9
6184,"P56_batch2","DCT",0
6185,"P56_batch2","LOH",0
6186,"P56_batch2","PT",0.0333333333333333
6187,"P56_batch2","PT",0.366666666666667
6188,"P56_batch2","PT",0.333333333333333
6189,"P56_batch2","PC",0.0666666666666667
6190,"P56_batch2","PT",0.333333333333333
6191,"P56_batch2","PT",0.133333333333333
6192,"P56_batch2","PT",0.666666666666667
6193,"P56_batch2","DCT",0
6194,"P56_batch2","PC",0.866666666666667
6195,"P56_batch2","PC",0.233333333333333
6196,"P56_batch2","LOH",0.0333333333333333
6197,"P56_batch2","PT2",0.333333333333333
6198,"P56_batch2","PT",0.0666666666666667
6199,"P56_batch2","PT",0
6200,"P56_batch2","PT2",0.0666666666666667
6201,"P56_batch2","PT",0.133333333333333
6202,"P56_batch2","PT",0
6203,"P56_batch2","PT2",0
6204,"P56_batch2","Endo",0.133333333333333
6205,"P56_batch2","PT2",0.0333333333333333
6206,"P56_batch2","CNT",0.0333333333333333
6207,"P56_batch2","PT",0
6208,"P56_batch2","PT",0.166666666666667
6209,"P56_batch2","Endo",0
6210,"P56_batch2","PT",0
6211,"P56_batch2","LOH",0.666666666666667
6212,"P56_batch2","DCT",0
6213,"P56_batch2","PT",0.0666666666666667
6214,"P56_batch2","PT2",0
6215,"P56_batch2","LOH",0.2
6216,"P56_batch2","PT",0.6
6217,"P56_batch2","PT",0
6218,"P56_batch2","PT",0.0666666666666667
6219,"P56_batch2","PT",0.433333333333333
6220,"P56_batch2","PT2",0.133333333333333
6221,"P56_batch2","PT",0.0666666666666667
6222,"P56_batch2","PT2",0
6223,"P56_batch2","PT2",0.266666666666667
6224,"P56_batch2","PT",0.0333333333333333
6225,"P56_batch2","LOH",0.0333333333333333
6226,"P56_batch2","PT",0.0333333333333333
6227,"P56_batch2","LOH",0.0333333333333333
6228,"P56_batch2","Endo",0.133333333333333
6229,"P56_batch2","PT",0.3
6230,"P56_batch2","LOH",0.166666666666667
6231,"P56_batch2","PT",0.533333333333333
6232,"P56_batch2","LOH",0.2
6233,"P56_batch2","NP",0.133333333333333
6234,"P56_batch2","LOH",0.0333333333333333
6235,"P56_batch2","PT",0.3
6236,"P56_batch2","PT",0.0666666666666667
6237,"P56_batch2","PT2",0.0666666666666667
6238,"P56_batch2","Endo",0.5
6239,"P56_batch2","PT2",0
6240,"P56_batch2","Podo",0.733333333333333
6241,"P56_batch2","PT2",0.833333333333333
6242,"P56_batch2","LOH",0.0666666666666667
6243,"P56_batch2","PC",0
6244,"P56_batch2","LOH",0
6245,"P56_batch2","PT_out",0.5
6246,"P56_batch2","LOH",0
6247,"P56_batch2","stroma2",0.733333333333333
6248,"P56_batch2","DCT",0
6249,"P56_batch2","CNT",0.366666666666667
6250,"P56_batch2","stroma2",0.766666666666667
6251,"P56_batch2","CNT",0
6252,"P56_batch2","PT",0.166666666666667
6253,"P56_batch2","PT",0.0333333333333333
6254,"P56_batch2","DCT",0
6255,"P56_batch2","PT",0
6256,"P56_batch2","PT",0
6257,"P56_batch2","CNT",0
6258,"P56_batch2","DCT",0.0333333333333333
6259,"P56_batch2","stroma2",0.833333333333333
6260,"P56_batch2","LOH",0.933333333333333
6261,"P56_batch2","PT2",0.666666666666667
6262,"P56_batch2","PT",0.366666666666667
6263,"P56_batch2","PT",0.466666666666667
6264,"P56_batch2","PT",0.266666666666667
6265,"P56_batch2","PT",0.0666666666666667
6266,"P56_batch2","Endo",0.0333333333333333
6267,"P56_batch2","PT",0.7
6268,"P56_batch2","DCT",0.433333333333333
6269,"P56_batch2","PT",0.466666666666667
6270,"P56_batch2","PT2",0
6271,"P56_batch2","PT",0
6272,"P56_batch2","LOH",0
6273,"P56_batch2","PT",0.3
6274,"P56_batch2","PT",0.333333333333333
6275,"P56_batch2","PT",0.333333333333333
6276,"P56_batch2","Endo",0.266666666666667
6277,"P56_batch2","Podo",0.6
6278,"P56_batch2","DCT",0
6279,"P56_batch2","IC",0.233333333333333
6280,"P56_batch2","PT2",0
6281,"P56_batch2","PT",0.0666666666666667
6282,"P56_batch2","LOH",0.3
6283,"P56_batch2","PT2",0.166666666666667
6284,"P56_batch2","PT",0.133333333333333
6285,"P56_batch2","PT2",0.166666666666667
6286,"P56_batch2","CNT",0.1
6287,"P56_batch2","LOH",0.633333333333333
6288,"P56_batch2","PT_out",0.666666666666667
6289,"P56_batch2","CNT",0
6290,"P56_batch2","DCT",0.133333333333333
6291,"P56_batch2","CNT",0.2
6292,"P56_batch2","stroma2",0.433333333333333
6293,"P56_batch2","PT2",0.0666666666666667
6294,"P56_batch2","immune",0.833333333333333
6295,"P56_batch2","PC",0.633333333333333
6296,"P56_batch2","IC",0.8
6297,"P56_batch2","Endo",0.366666666666667
6298,"P56_batch2","PT2",0.666666666666667
6299,"P56_batch2","CNT",0.0333333333333333
6300,"P56_batch2","PT",0.266666666666667
6301,"P56_batch2","PT2",0
6302,"P56_batch2","Endo",0.166666666666667
6303,"P56_batch2","LOH",0
6304,"P56_batch2","PT2",0.333333333333333
6305,"P56_batch2","PT",0
6306,"P56_batch2","PC",0.0666666666666667
6307,"P56_batch2","LOH",0.0333333333333333
6308,"P56_batch2","LOH",0.2
6309,"P56_batch2","PT",0
6310,"P56_batch2","DCT",0
6311,"P56_batch2","Endo",0.3
6312,"P56_batch2","PT",0.3
6313,"P56_batch2","LOH",0.1
6314,"P56_batch2","LOH",0.0333333333333333
6315,"P56_batch2","DCT",0.0333333333333333
6316,"P56_batch2","PT",0.3
6317,"P56_batch2","PT",0.533333333333333
6318,"P56_batch2","PT2",0.0333333333333333
6319,"P56_batch2","PT",0.133333333333333
6320,"P56_batch2","NP",0.433333333333333
6321,"P56_batch2","NP_LOH",0.4
6322,"P56_batch2","PT",0.1
6323,"P56_batch2","PT",0.0333333333333333
6324,"P56_batch2","PT",0.633333333333333
6325,"P56_batch2","stroma1",0.333333333333333
6326,"P56_batch2","PT",0.133333333333333
6327,"P56_batch2","PT",0.9
6328,"P56_batch2","PC",0.133333333333333
6329,"P56_batch2","PT",0.0333333333333333
6330,"P56_batch2","stroma2",0.366666666666667
6331,"P56_batch2","stroma2",0.9
6332,"P56_batch2","PT",0.0333333333333333
6333,"P56_batch2","PT",0.133333333333333
6334,"P56_batch2","PT2",0
6335,"P56_batch2","PT_out",0.533333333333333
6336,"P56_batch2","PT_out",0.3
6337,"P56_batch2","DCT",0
6338,"P56_batch2","immune",0.233333333333333
6339,"P56_batch2","PT",0.366666666666667
6340,"P56_batch2","LOH",0.533333333333333
6341,"P56_batch2","PT2",0
6342,"P56_batch2","PT",0
6343,"P56_batch2","NP_LOH",0.733333333333333
6344,"P56_batch2","PT",0.266666666666667
6345,"P56_batch2","PT",0.0333333333333333
6346,"P56_batch2","PT",0.4
6347,"P56_batch2","stroma2",0.3
6348,"P56_batch2","LOH",0.5
6349,"P56_batch2","PT",0.333333333333333
6350,"P56_batch2","stroma2",0.0666666666666667
6351,"P56_batch2","PT2",0
6352,"P56_batch2","PT2",0.1
6353,"P56_batch2","DCT",0.0333333333333333
6354,"P56_batch2","DCT",0.533333333333333
6355,"P56_batch2","LOH",0.333333333333333
6356,"P56_batch2","PT2",0
6357,"P56_batch2","PT2",0
6358,"P56_batch2","DCT",0
6359,"P56_batch2","PT",0.0666666666666667
6360,"P56_batch2","PC",0.2
6361,"P56_batch2","PT",0.766666666666667
6362,"P56_batch2","PT2",0
6363,"P56_batch2","DCT",0
6364,"P56_batch2","PT",0.633333333333333
6365,"P56_batch2","Endo",0.5
6366,"P56_batch2","PT2",0.766666666666667
6367,"P56_batch2","LOH",0
6368,"P56_batch2","PT",0.366666666666667
6369,"P56_batch2","DCT",0.0666666666666667
6370,"P56_batch2","CNT",0
6371,"P56_batch2","PT",0
6372,"P56_batch2","Endo",0.3
6373,"P56_batch2","PT",0.0333333333333333
6374,"P56_batch2","PT",0.0666666666666667
6375,"P56_batch2","stroma2",0.566666666666667
6376,"P56_batch2","stroma2",0.5
6377,"P56_batch2","PT",0.3
6378,"P56_batch2","DCT",0
6379,"P56_batch2","PT2",0.166666666666667
6380,"P56_batch2","PT",0.433333333333333
6381,"P56_batch2","PT",0.566666666666667
6382,"P56_batch2","LOH",0
6383,"P56_batch2","IC",0.0333333333333333
6384,"P56_batch2","PT",0
6385,"P56_batch2","DCT",0
6386,"P56_batch2","Endo",0.4
6387,"P56_batch2","PT",0.433333333333333
6388,"P56_batch2","LOH",0
6389,"P56_batch2","PT",0.0666666666666667
6390,"P56_batch2","Endo",0.566666666666667
6391,"P56_batch2","immune",0.133333333333333
6392,"P56_batch2","CNT",0
6393,"P56_batch2","PT",0.166666666666667
6394,"P56_batch2","PT2",0
6395,"P56_batch2","PT",0.4
6396,"P56_batch2","LOH",0.0333333333333333
6397,"P56_batch2","Endo",0.866666666666667
21188,"P56_batch1","LOH",0.333333333333333
21189,"P56_batch1","PT",0
21190,"P56_batch1","PT2",0.0333333333333333
21191,"P56_batch1","PT",0.0333333333333333
21192,"P56_batch1","PT2",0.133333333333333
21193,"P56_batch1","stroma2",0.166666666666667
21194,"P56_batch1","LOH",0.0666666666666667
21195,"P56_batch1","Endo",0.133333333333333
21196,"P56_batch1","PT2",0.2
21197,"P56_batch1","PT2",0.0333333333333333
21198,"P56_batch1","PT",0.0666666666666667
21199,"P56_batch1","PT",0.233333333333333
21200,"P56_batch1","PT",0.0333333333333333
21201,"P56_batch1","PT",0
21202,"P56_batch1","PT",0.0666666666666667
21203,"P56_batch1","PT",0.0666666666666667
21204,"P56_batch1","DCT",0.1
21205,"P56_batch1","PT",0.3
21206,"P56_batch1","PT",0.0666666666666667
21207,"P56_batch1","Podo",0
21208,"P56_batch1","CNT",0.1
21209,"P56_batch1","PT2",0.1
21210,"P56_batch1","PT",0.1
21211,"P56_batch1","Endo",0.1
21212,"P56_batch1","Endo",0.133333333333333
21213,"P56_batch1","PT",0.0666666666666667
21214,"P56_batch1","IC",0
21215,"P56_batch1","stroma1",0.0333333333333333
21216,"P56_batch1","PT",0.1
21217,"P56_batch1","PT",0.466666666666667
21218,"P56_batch1","Endo",0.1
21219,"P56_batch1","PT2",0.1
21220,"P56_batch1","PT",0
21221,"P56_batch1","PT",0.166666666666667
21222,"P56_batch1","PT_out",0.133333333333333
21223,"P56_batch1","PT",0.0333333333333333
21224,"P56_batch1","PT",0.2
21225,"P56_batch1","PT",0.0333333333333333
21226,"P56_batch1","LOH",0.0666666666666667
21227,"P56_batch1","LOH",0.0333333333333333
21228,"P56_batch1","PT",0.0333333333333333
21229,"P56_batch1","DCT",0
21230,"P56_batch1","LOH",0
21231,"P56_batch1","CNT",0.0666666666666667
21232,"P56_batch1","LOH",0.333333333333333
21233,"P56_batch1","PT",0.0333333333333333
21234,"P56_batch1","Endo",0.0666666666666667
21235,"P56_batch1","stroma2",0.0333333333333333
21236,"P56_batch1","PT",0.0666666666666667
21237,"P56_batch1","stroma2",0.133333333333333
21238,"P56_batch1","PT2",0.133333333333333
21239,"P56_batch1","CNT",0
21240,"P56_batch1","PT",0
21241,"P56_batch1","Podo",0.0333333333333333
21242,"P56_batch1","PC",0.166666666666667
21243,"P56_batch1","LOH",0
21244,"P56_batch1","PT",0.0333333333333333
21245,"P56_batch1","CNT",0
21246,"P56_batch1","LOH",0.0333333333333333
21247,"P56_batch1","Endo",0.4
21248,"P56_batch1","IC",0.2
21249,"P56_batch1","PT",0.166666666666667
21250,"P56_batch1","PT",0.0333333333333333
21251,"P56_batch1","PT",0.1
21252,"P56_batch1","Endo",0.3
21253,"P56_batch1","LOH",0
21254,"P56_batch1","PT2",0.0333333333333333
21255,"P56_batch1","stroma2",0.0666666666666667
21256,"P56_batch1","PT",0.3
21257,"P56_batch1","stroma2",0.2
21258,"P56_batch1","Endo",0.133333333333333
21259,"P56_batch1","PT",0.0666666666666667
21260,"P56_batch1","stroma2",0.1
21261,"P56_batch1","PT",0.2
21262,"P56_batch1","PT2",0.233333333333333
21263,"P56_batch1","LOH",0.166666666666667
21264,"P56_batch1","LOH",0.366666666666667
21265,"P56_batch1","LOH",0.0666666666666667
21266,"P56_batch1","PT",0.666666666666667
21267,"P56_batch1","PT",0.0333333333333333
21268,"P56_batch1","stroma2",0.133333333333333
21269,"P56_batch1","PT2",0.133333333333333
21270,"P56_batch1","PC",0.0333333333333333
21271,"P56_batch1","PT",0
21272,"P56_batch1","Podo",0.2
21273,"P56_batch1","PT",0.2
21274,"P56_batch1","PT",0.133333333333333
21275,"P56_batch1","LOH",0.0333333333333333
21276,"P56_batch1","PT",0
21277,"P56_batch1","PT",0.0666666666666667
21278,"P56_batch1","stroma2",0.466666666666667
21279,"P56_batch1","PT",0.133333333333333
21280,"P56_batch1","DCT",0.0333333333333333
21281,"P56_batch1","Endo",0.0333333333333333
21282,"P56_batch1","PT",0.1
21283,"P56_batch1","PT",0.0333333333333333
21284,"P56_batch1","LOH",0.0333333333333333
21285,"P56_batch1","PT",0
21286,"P56_batch1","PT2",0.2
21287,"P56_batch1","LOH",0.0333333333333333
21288,"P56_batch1","CNT",0.0666666666666667
21289,"P56_batch1","PT",0.0666666666666667
21290,"P56_batch1","LOH",0
21291,"P56_batch1","stroma2",0.366666666666667
21292,"P56_batch1","NP",0.0666666666666667
21293,"P56_batch1","PT2",0.466666666666667
21294,"P56_batch1","LOH",0.0666666666666667
21295,"P56_batch1","CNT",0
21296,"P56_batch1","LOH",0.0333333333333333
21297,"P56_batch1","DCT",0.1
21298,"P56_batch1","PT",0.166666666666667
21299,"P56_batch1","PC",0.0333333333333333
21300,"P56_batch1","Podo",0.1
21301,"P56_batch1","PT",0.1
21302,"P56_batch1","stroma2",0.233333333333333
21303,"P56_batch1","stroma2",0
21304,"P56_batch1","LOH",0.0333333333333333
21305,"P56_batch1","PT2",0.1
21306,"P56_batch1","LOH",0.533333333333333
21307,"P56_batch1","PT",0
21308,"P56_batch1","LOH",0.666666666666667
21309,"P56_batch1","PT2",0
21310,"P56_batch1","PT",0.4
21311,"P56_batch1","stroma2",0.2
21312,"P56_batch1","PT",0
21313,"P56_batch1","PT",0
21314,"P56_batch1","PT",0.0666666666666667
21315,"P56_batch1","PT",0.2
21316,"P56_batch1","PT",0.0333333333333333
21317,"P56_batch1","IC",0.1
21318,"P56_batch1","PT_out",0.0333333333333333
21319,"P56_batch1","CNT",0
21320,"P56_batch1","PT2",0.133333333333333
21321,"P56_batch1","PT2",0.0666666666666667
21322,"P56_batch1","NP",0.733333333333333
21323,"P56_batch1","PT",0.266666666666667
21324,"P56_batch1","PT",0.0333333333333333
21325,"P56_batch1","stroma1",0.0666666666666667
21326,"P56_batch1","PT",0
21327,"P56_batch1","DCT",0
21328,"P56_batch1","PC",0.1
21329,"P56_batch1","Endo",0.1
21330,"P56_batch1","PT",0
21331,"P56_batch1","LOH",0
21332,"P56_batch1","NP",0.266666666666667
21333,"P56_batch1","PT",0.266666666666667
21334,"P56_batch1","LOH",0.0333333333333333
21335,"P56_batch1","PT",0.0333333333333333
21336,"P56_batch1","LOH",0
21337,"P56_batch1","IC",0
21338,"P56_batch1","PT",0.1
21339,"P56_batch1","PT",0.0333333333333333
21340,"P56_batch1","PT",0.0333333333333333
21341,"P56_batch1","PT",0
21342,"P56_batch1","CNT",0.0666666666666667
21343,"P56_batch1","PT",0.0666666666666667
21344,"P56_batch1","stroma2",0.2
21345,"P56_batch1","Endo",0.266666666666667
21346,"P56_batch1","stroma2",0.1
21347,"P56_batch1","PT",0.266666666666667
21348,"P56_batch1","LOH",0.1
21349,"P56_batch1","PT2",0
21350,"P56_batch1","PT2",0.2
21351,"P56_batch1","LOH",0.0333333333333333
21352,"P56_batch1","PT",0
21353,"P56_batch1","Endo",0.166666666666667
21354,"P56_batch1","PC",0.1
21355,"P56_batch1","PT2",0.2
21356,"P56_batch1","PT2",0.2
21357,"P56_batch1","PC",0
21358,"P56_batch1","PT",0
21359,"P56_batch1","PT",0
21360,"P56_batch1","PT",0.0333333333333333
21361,"P56_batch1","PC",0.166666666666667
21362,"P56_batch1","DCT",0.0333333333333333
21363,"P56_batch1","LOH",0.0333333333333333
21364,"P56_batch1","Endo",0.1
21365,"P56_batch1","PT",0
21366,"P56_batch1","Endo",0.0666666666666667
21367,"P56_batch1","DCT",0.0666666666666667
21368,"P56_batch1","PT",0.0333333333333333
21369,"P56_batch1","PT",0.0333333333333333
21370,"P56_batch1","stroma1",0.0666666666666667
21371,"P56_batch1","NP",0.166666666666667
21372,"P56_batch1","Endo",0.1
21373,"P56_batch1","NP",0.1
21374,"P56_batch1","PT2",0
21375,"P56_batch1","PT",0.1
21376,"P56_batch1","PT2",0.2
21377,"P56_batch1","PT",0.0666666666666667
21378,"P56_batch1","PT",0.2
21379,"P56_batch1","Endo",0.2
21380,"P56_batch1","CNT",0.1
21381,"P56_batch1","PT",0.133333333333333
21382,"P56_batch1","LOH",0.0333333333333333
21383,"P56_batch1","stroma2",0.0333333333333333
21384,"P56_batch1","LOH",0.166666666666667
21385,"P56_batch1","stroma2",0.266666666666667
21386,"P56_batch1","immune",0.5
21387,"P56_batch1","Endo",0.133333333333333
21388,"P56_batch1","LOH",0.0333333333333333
21389,"P56_batch1","LOH",0
21390,"P56_batch1","DCT",0.133333333333333
21391,"P56_batch1","IC",0.0333333333333333
21392,"P56_batch1","PT",0.0333333333333333
21393,"P56_batch1","PT",0.0333333333333333
21394,"P56_batch1","LOH",0
21395,"P56_batch1","PT",0.0333333333333333
21396,"P56_batch1","CNT",0.133333333333333
21397,"P56_batch1","Endo",0
21398,"P56_batch1","Endo",0.1
21399,"P56_batch1","Endo",0.133333333333333
21400,"P56_batch1","Endo",0.133333333333333
21401,"P56_batch1","PT2",0.0666666666666667
21402,"P56_batch1","stroma2",0.0666666666666667
21403,"P56_batch1","PT",0.3
21404,"P56_batch1","PT",0.0666666666666667
21405,"P56_batch1","stroma2",0.0333333333333333
21406,"P56_batch1","DCT",0.1
21407,"P56_batch1","LOH",0
21408,"P56_batch1","PT_out",0.0666666666666667
21409,"P56_batch1","PT",0
21410,"P56_batch1","LOH",0.0333333333333333
21411,"P56_batch1","PC",0.2
21412,"P56_batch1","PT2",0.6
21413,"P56_batch1","PT",0.0666666666666667
21414,"P56_batch1","CNT",0.5
21415,"P56_batch1","CNT",0
21416,"P56_batch1","PT_out",0.1
21417,"P56_batch1","PT",0.733333333333333
21418,"P56_batch1","PT",0.133333333333333
21419,"P56_batch1","PT",0.166666666666667
21420,"P56_batch1","NP_LOH",0.0666666666666667
21421,"P56_batch1","stroma1",0.1
21422,"P56_batch1","PT",0.0666666666666667
21423,"P56_batch1","PT",0.0333333333333333
21424,"P56_batch1","PT",0
21425,"P56_batch1","IC",0.0333333333333333
21426,"P56_batch1","CNT",0.1
21427,"P56_batch1","PT",0.1
21428,"P56_batch1","LOH",0.0666666666666667
21429,"P56_batch1","PT",0.0333333333333333
21430,"P56_batch1","PT",0.133333333333333
21431,"P56_batch1","PT",0.0666666666666667
21432,"P56_batch1","LOH",0.0333333333333333
21433,"P56_batch1","PT",0.1
21434,"P56_batch1","LOH",0.0333333333333333
21435,"P56_batch1","PT2",0.2
21436,"P56_batch1","PT",0
21437,"P56_batch1","PT",0.366666666666667
21438,"P56_batch1","PT",0.133333333333333
21439,"P56_batch1","stroma2",0.2
21440,"P56_batch1","Endo",0.1
21441,"P56_batch1","LOH",0.0333333333333333
21442,"P56_batch1","IC",0.0666666666666667
21443,"P56_batch1","PT",0
21444,"P56_batch1","PT",0.0666666666666667
21445,"P56_batch1","PT2",0.0666666666666667
21446,"P56_batch1","LOH",0
21447,"P56_batch1","Endo",0.166666666666667
21448,"P56_batch1","PT",0.0666666666666667
21449,"P56_batch1","PC",0.0666666666666667
21450,"P56_batch1","PT",0.533333333333333
21451,"P56_batch1","PC",0.1
21452,"P56_batch1","stroma1",0.1
21453,"P56_batch1","LOH",0.0666666666666667
21454,"P56_batch1","stroma2",0.366666666666667
21455,"P56_batch1","PC",0.0666666666666667
21456,"P56_batch1","LOH",0
21457,"P56_batch1","NP_LOH",0.266666666666667
21458,"P56_batch1","LOH",0
21459,"P56_batch1","CNT",0
21460,"P56_batch1","LOH",0.1
21461,"P56_batch1","PT",0
21462,"P56_batch1","LOH",0.133333333333333
21463,"P56_batch1","stroma2",0.2
21464,"P56_batch1","stroma2",0.2
21465,"P56_batch1","PC",0.166666666666667
21466,"P56_batch1","PT",0.1
21467,"P56_batch1","LOH",0
21468,"P56_batch1","PT",0.0666666666666667
21469,"P56_batch1","PT",0.0333333333333333
21470,"P56_batch1","LOH",0.0333333333333333
21471,"P56_batch1","PT",0
21472,"P56_batch1","CNT",0
21473,"P56_batch1","PT",0
21474,"P56_batch1","LOH",0.1
21475,"P56_batch1","IC",0.0666666666666667
21476,"P56_batch1","PT2",0.0333333333333333
21477,"P56_batch1","PT",0.0666666666666667
21478,"P56_batch1","PT2",0.0666666666666667
21479,"P56_batch1","Endo",0.366666666666667
21480,"P56_batch1","IC",0.0333333333333333
21481,"P56_batch1","PT",0.433333333333333
21482,"P56_batch1","Endo",0.166666666666667
21483,"P56_batch1","LOH",0
21484,"P56_batch1","PT",0.133333333333333
21485,"P56_batch1","PT",0.0666666666666667
21486,"P56_batch1","Podo",0.133333333333333
21487,"P56_batch1","PT",0.0666666666666667
21488,"P56_batch1","DCT",0.0333333333333333
21489,"P56_batch1","PT2",0.0333333333333333
21490,"P56_batch1","PT",0.266666666666667
21491,"P56_batch1","PT",0.433333333333333
21492,"P56_batch1","CNT",0
21493,"P56_batch1","LOH",0.1
21494,"P56_batch1","Endo",0.0333333333333333
21495,"P56_batch1","PT",0
21496,"P56_batch1","LOH",0.0333333333333333
21497,"P56_batch1","Endo",0.133333333333333
21498,"P56_batch1","LOH",0
21499,"P56_batch1","PT",0.466666666666667
21500,"P56_batch1","PT2",0.2
21501,"P56_batch1","Endo",0.0666666666666667
21502,"P56_batch1","PT2",0.0333333333333333
21503,"P56_batch1","PT2",0.133333333333333
21504,"P56_batch1","Endo",0.0333333333333333
21505,"P56_batch1","PT",0.1
21506,"P56_batch1","PT",0
21507,"P56_batch1","PT",0.266666666666667
21508,"P56_batch1","PT",0.266666666666667
21509,"P56_batch1","LOH",0.1
21510,"P56_batch1","NP_LOH",0.166666666666667
21511,"P56_batch1","PC",0.2
21512,"P56_batch1","Endo",0.366666666666667
21513,"P56_batch1","CNT",0.0333333333333333
21514,"P56_batch1","PT",0.0666666666666667
21515,"P56_batch1","PC",0.0333333333333333
21516,"P56_batch1","Podo",0
21517,"P56_batch1","NP",0.166666666666667
21518,"P56_batch1","PT2",0.166666666666667
21519,"P56_batch1","PC",0.0333333333333333
21520,"P56_batch1","Endo",0.2
21521,"P56_batch1","Endo",0
21522,"P56_batch1","stroma1",0.0333333333333333
21523,"P56_batch1","PT",0.0333333333333333
21524,"P56_batch1","PT2",0.233333333333333
21525,"P56_batch1","PT",0
21526,"P56_batch1","PT",0.0333333333333333
21527,"P56_batch1","Podo",0
21528,"P56_batch1","PT",0.233333333333333
21529,"P56_batch1","stroma2",0.0333333333333333
21530,"P56_batch1","Podo",0
21531,"P56_batch1","PT",0.133333333333333
21532,"P56_batch1","PT",0.1
21533,"P56_batch1","PT",0
21534,"P56_batch1","DCT",0.0333333333333333
21535,"P56_batch1","PT",0.0333333333333333
21536,"P56_batch1","NP_LOH",0.133333333333333
21537,"P56_batch1","PT",0.7
21538,"P56_batch1","PT",0.333333333333333
21539,"P56_batch1","PT2",0.266666666666667
21540,"P56_batch1","PT",0.0666666666666667
21541,"P56_batch1","LOH",0
21542,"P56_batch1","stroma2",0.1
21543,"P56_batch1","PT",0.0666666666666667
21544,"P56_batch1","stroma2",0.0666666666666667
21545,"P56_batch1","LOH",0.166666666666667
21546,"P56_batch1","Endo",0.133333333333333
21547,"P56_batch1","stroma2",0.166666666666667
21548,"P56_batch1","PT2",0.5
21549,"P56_batch1","LOH",0.2
21550,"P56_batch1","PT",0.0333333333333333
21551,"P56_batch1","LOH",0.0333333333333333
21552,"P56_batch1","PT",0.366666666666667
21553,"P56_batch1","PT",0.1
21554,"P56_batch1","stroma1",0.0333333333333333
21555,"P56_batch1","Endo",0.1
21556,"P56_batch1","PT",0.633333333333333
21557,"P56_batch1","PC",0.3
21558,"P56_batch1","PC",0
21559,"P56_batch1","PT",0.0666666666666667
21560,"P56_batch1","IC",0.0666666666666667
21561,"P56_batch1","PT",0.266666666666667
21562,"P56_batch1","PT",0.0333333333333333
21563,"P56_batch1","PT2",0.0333333333333333
21564,"P56_batch1","PT",0.4
21565,"P56_batch1","Endo",0.233333333333333
21566,"P56_batch1","PC",0.0333333333333333
21567,"P56_batch1","PT",0.266666666666667
21568,"P56_batch1","PT",0.0666666666666667
21569,"P56_batch1","stroma2",0.0333333333333333
21570,"P56_batch1","NP",0
21571,"P56_batch1","LOH",0.0333333333333333
21572,"P56_batch1","LOH",0
21573,"P56_batch1","Podo",0.333333333333333
21574,"P56_batch1","Endo",0.133333333333333
21575,"P56_batch1","NP",0.133333333333333
21576,"P56_batch1","stroma2",0.0333333333333333
21577,"P56_batch1","PT",0.3
21578,"P56_batch1","Endo",0.5
21579,"P56_batch1","IC",0
21580,"P56_batch1","PT",0.0666666666666667
21581,"P56_batch1","LOH",0.0333333333333333
21582,"P56_batch1","LOH",0.0333333333333333
21583,"P56_batch1","NP",0.2
21584,"P56_batch1","PT",0.166666666666667
21585,"P56_batch1","PC",0.1
21586,"P56_batch1","PT",0.266666666666667
21587,"P56_batch1","PT2",0.433333333333333
21588,"P56_batch1","Endo",0.133333333333333
21589,"P56_batch1","stroma2",0.2
21590,"P56_batch1","PC",0.0333333333333333
21591,"P56_batch1","Endo",0
21592,"P56_batch1","Endo",0.333333333333333
21593,"P56_batch1","PT",0.133333333333333
21594,"P56_batch1","PT",0.0333333333333333
21595,"P56_batch1","PT",0.0666666666666667
21596,"P56_batch1","PT",0.0666666666666667
21597,"P56_batch1","Endo",0.0666666666666667
21598,"P56_batch1","stroma2",0.1
21599,"P56_batch1","PT",0.0666666666666667
21600,"P56_batch1","PC",0.0666666666666667
21601,"P56_batch1","stroma1",0.433333333333333
21602,"P56_batch1","PC",0.133333333333333
21603,"P56_batch1","Endo",0.266666666666667
21604,"P56_batch1","PT2",0.0666666666666667
21605,"P56_batch1","PT2",0
21606,"P56_batch1","stroma2",0.166666666666667
21607,"P56_batch1","DCT",0.0666666666666667
21608,"P56_batch1","NP",0
21609,"P56_batch1","LOH",0
21610,"P56_batch1","PT",0.0333333333333333
21611,"P56_batch1","LOH",0.0666666666666667
21612,"P56_batch1","PT2",0.0333333333333333
21613,"P56_batch1","Endo",0.0333333333333333
21614,"P56_batch1","CNT",0
21615,"P56_batch1","LOH",0
21616,"P56_batch1","PT",0.0666666666666667
21617,"P56_batch1","PT",0.0333333333333333
21618,"P56_batch1","PT",0.0666666666666667
21619,"P56_batch1","PT",0
21620,"P56_batch1","LOH",0.0666666666666667
21621,"P56_batch1","DCT",0.0333333333333333
21622,"P56_batch1","stroma2",0.233333333333333
21623,"P56_batch1","PT_out",0
21624,"P56_batch1","PT2",0.0666666666666667
21625,"P56_batch1","LOH",0.0333333333333333
21626,"P56_batch1","PT",0.6
21627,"P56_batch1","LOH",0.766666666666667
21628,"P56_batch1","PT",0.3
21629,"P56_batch1","LOH",0
21630,"P56_batch1","PT2",0.1
21631,"P56_batch1","IC",0.1
21632,"P56_batch1","LOH",0
21633,"P56_batch1","NP",0.2
21634,"P56_batch1","stroma2",0.166666666666667
21635,"P56_batch1","PT",0.0333333333333333
21636,"P56_batch1","PT",0.1
21637,"P56_batch1","PT",0.833333333333333
21638,"P56_batch1","PT",0.1
21639,"P56_batch1","LOH",0.0333333333333333
21640,"P56_batch1","PT",0.0333333333333333
21641,"P56_batch1","IC",0.0333333333333333
21642,"P56_batch1","Podo",0.1
21643,"P56_batch1","immune",0.1
21644,"P56_batch1","PT",0.0333333333333333
21645,"P56_batch1","LOH",0.2
21646,"P56_batch1","PT",0
21647,"P56_batch1","Endo",0.0666666666666667
21648,"P56_batch1","Endo",0.233333333333333
21649,"P56_batch1","Endo",0.1
21650,"P56_batch1","PT",0.0666666666666667
21651,"P56_batch1","PT",0.1
21652,"P56_batch1","Endo",0.0666666666666667
21653,"P56_batch1","CNT",0.266666666666667
21654,"P56_batch1","stroma2",0.133333333333333
21655,"P56_batch1","LOH",0.333333333333333
21656,"P56_batch1","NP",0.0666666666666667
21657,"P56_batch1","PT",0.233333333333333
21658,"P56_batch1","PC",0
21659,"P56_batch1","PT",0.266666666666667
21660,"P56_batch1","PT",0.0333333333333333
21661,"P56_batch1","PT2",0.2
21662,"P56_batch1","PT",0.0333333333333333
21663,"P56_batch1","PT",0.2
21664,"P56_batch1","PT",0
21665,"P56_batch1","CNT",0.133333333333333
21666,"P56_batch1","NP_LOH",0.0333333333333333
21667,"P56_batch1","PT",0.266666666666667
21668,"P56_batch1","PT2",0.933333333333333
21669,"P56_batch1","PT2",0.133333333333333
21670,"P56_batch1","stroma2",0.0333333333333333
21671,"P56_batch1","PT2",0
21672,"P56_batch1","Endo",0.0666666666666667
21673,"P56_batch1","PT",0.0333333333333333
21674,"P56_batch1","IC",0.1
21675,"P56_batch1","PT",0.166666666666667
21676,"P56_batch1","DCT",0
21677,"P56_batch1","PT",0
21678,"P56_batch1","CNT",0.0666666666666667
21679,"P56_batch1","DCT",0
21680,"P56_batch1","Endo",0.133333333333333
21681,"P56_batch1","PT",0.0666666666666667
21682,"P56_batch1","PC",0.433333333333333
21683,"P56_batch1","LOH",0.0666666666666667
21684,"P56_batch1","PT",0.0666666666666667
21685,"P56_batch1","stroma2",0.166666666666667
21686,"P56_batch1","PT_out",0.0333333333333333
21687,"P56_batch1","Endo",0.366666666666667
21688,"P56_batch1","PT",0.0333333333333333
21689,"P56_batch1","immune",0.166666666666667
21690,"P56_batch1","LOH",0
21691,"P56_batch1","LOH",0.0666666666666667
21692,"P56_batch1","PT",0.2
21693,"P56_batch1","PT",0.566666666666667
21694,"P56_batch1","Endo",0.0666666666666667
21695,"P56_batch1","Endo",0.366666666666667
21696,"P56_batch1","stroma2",0.1
21697,"P56_batch1","PT",0.666666666666667
21698,"P56_batch1","PT",0.1
21699,"P56_batch1","DCT",0.1
21700,"P56_batch1","IC",0.0333333333333333
21701,"P56_batch1","PT",0.0333333333333333
21702,"P56_batch1","PT",0.4
21703,"P56_batch1","PT",0
21704,"P56_batch1","PT",0.133333333333333
21705,"P56_batch1","CNT",0.0666666666666667
21706,"P56_batch1","LOH",0
21707,"P56_batch1","Endo",0.0666666666666667
21708,"P56_batch1","LOH",0.1
21709,"P56_batch1","PT",0.0666666666666667
21710,"P56_batch1","PT",0.133333333333333
21711,"P56_batch1","Podo",0.0333333333333333
21712,"P56_batch1","PT",0.0666666666666667
21713,"P56_batch1","PT",0
21714,"P56_batch1","CNT",0.0333333333333333
21715,"P56_batch1","stroma1",0.0333333333333333
21716,"P56_batch1","stroma2",0.0666666666666667
21717,"P56_batch1","stroma2",0.133333333333333
21718,"P56_batch1","PT",0.0333333333333333
21719,"P56_batch1","PT",0.133333333333333
21720,"P56_batch1","PT",0
21721,"P56_batch1","PT",0.1
21722,"P56_batch1","PT",0.366666666666667
21723,"P56_batch1","Endo",0.2
21724,"P56_batch1","DCT",0.1
21725,"P56_batch1","immune",0.2
21726,"P56_batch1","LOH",0
21727,"P56_batch1","Endo",0
21728,"P56_batch1","PT",0
21729,"P56_batch1","PT",0.1
21730,"P56_batch1","Endo",0.1
21731,"P56_batch1","CNT",0
21732,"P56_batch1","PT2",0.233333333333333
21733,"P56_batch1","DCT",0
21734,"P56_batch1","PT",0.0666666666666667
21735,"P56_batch1","LOH",0
21736,"P56_batch1","DCT",0.333333333333333
21737,"P56_batch1","DCT",0.1
21738,"P56_batch1","PT",0.1
21739,"P56_batch1","Endo",0.166666666666667
21740,"P56_batch1","LOH",0
21741,"P56_batch1","Endo",0.0333333333333333
21742,"P56_batch1","PT",0
21743,"P56_batch1","IC",0.1
21744,"P56_batch1","Endo",0.5
21745,"P56_batch1","Endo",0.166666666666667
21746,"P56_batch1","PT",0.133333333333333
21747,"P56_batch1","LOH",0.0666666666666667
21748,"P56_batch1","PT",0
21749,"P56_batch1","Podo",0.166666666666667
21750,"P56_batch1","PT",0.0333333333333333
21751,"P56_batch1","stroma2",0
21752,"P56_batch1","PT",0.0333333333333333
21753,"P56_batch1","NP",0.133333333333333
21754,"P56_batch1","PT",0.0333333333333333
21755,"P56_batch1","LOH",0
21756,"P56_batch1","stroma1",0.0333333333333333
21757,"P56_batch1","PT",0.0333333333333333
21758,"P56_batch1","PT",0.4
21759,"P56_batch1","PT2",0.2
21760,"P56_batch1","stroma1",0
21761,"P56_batch1","stroma2",0.233333333333333
21762,"P56_batch1","Endo",0.1
21763,"P56_batch1","LOH",0.0666666666666667
21764,"P56_batch1","PT",0.2
21765,"P56_batch1","Endo",0.0666666666666667
21766,"P56_batch1","PT",0.0333333333333333
21767,"P56_batch1","PT2",0.0333333333333333
21768,"P56_batch1","PT",0.0666666666666667
21769,"P56_batch1","PT",0.133333333333333
21770,"P56_batch1","PT2",0.0333333333333333
21771,"P56_batch1","stroma2",0.1
21772,"P56_batch1","Podo",0.233333333333333
21773,"P56_batch1","PT",0.0666666666666667
21774,"P56_batch1","LOH",0.166666666666667
21775,"P56_batch1","PT",0.0666666666666667
21776,"P56_batch1","NP_LOH",0.133333333333333
21777,"P56_batch1","LOH",0.1
21778,"P56_batch1","NP_LOH",0.133333333333333
21779,"P56_batch1","stroma2",0.166666666666667
21780,"P56_batch1","PT",0.166666666666667
21781,"P56_batch1","CNT",0.0333333333333333
21782,"P56_batch1","PT",0.133333333333333
21783,"P56_batch1","PT",0.0666666666666667
21784,"P56_batch1","DCT",0
21785,"P56_batch1","Endo",0.0666666666666667
21786,"P56_batch1","stroma2",0.566666666666667
21787,"P56_batch1","Endo",0.4
21788,"P56_batch1","LOH",0.0666666666666667
21789,"P56_batch1","LOH",0.133333333333333
21790,"P56_batch1","PT",0.2
21791,"P56_batch1","PT2",0.366666666666667
21792,"P56_batch1","LOH",0.2
21793,"P56_batch1","PT",0.333333333333333
21794,"P56_batch1","PT",0.1
21795,"P56_batch1","Endo",0.366666666666667
21796,"P56_batch1","PT",0.0333333333333333
21797,"P56_batch1","PT",0.1
21798,"P56_batch1","DCT",0
21799,"P56_batch1","CNT",0.1
21800,"P56_batch1","PT",0.366666666666667
21801,"P56_batch1","PT",0.933333333333333
21802,"P56_batch1","stroma2",0.166666666666667
21803,"P56_batch1","LOH",0.0666666666666667
21804,"P56_batch1","PT2",0.166666666666667
21805,"P56_batch1","PT_out",0.1
21806,"P56_batch1","Podo",0.0333333333333333
21807,"P56_batch1","Podo",0.133333333333333
21808,"P56_batch1","PT2",0.1
21809,"P56_batch1","PT",0.533333333333333
21810,"P56_batch1","PT",0.133333333333333
21811,"P56_batch1","PT",0.233333333333333
21812,"P56_batch1","PT",0.2
21813,"P56_batch1","PT",0.0333333333333333
21814,"P56_batch1","Podo",0.266666666666667
21815,"P56_batch1","Endo",0.2
21816,"P56_batch1","stroma1",0.133333333333333
21817,"P56_batch1","PT",0.133333333333333
21818,"P56_batch1","NP_LOH",0.133333333333333
21819,"P56_batch1","LOH",0
21820,"P56_batch1","PT_out",0.366666666666667
21821,"P56_batch1","PC",0
21822,"P56_batch1","PT",0.1
21823,"P56_batch1","LOH",0.0666666666666667
21824,"P56_batch1","PT",0.5
21825,"P56_batch1","PT",0.2
21826,"P56_batch1","PT",0.866666666666667
21827,"P56_batch1","IC",0.1
21828,"P56_batch1","PT",0.0333333333333333
21829,"P56_batch1","PT",0.2
21830,"P56_batch1","PT",0.1
21831,"P56_batch1","PT2",0.266666666666667
21832,"P56_batch1","PT",0.1
21833,"P56_batch1","LOH",0.0333333333333333
21834,"P56_batch1","PT",0.666666666666667
21835,"P56_batch1","CNT",0
21836,"P56_batch1","Endo",0.2
21837,"P56_batch1","LOH",0.1
21838,"P56_batch1","PT",0.1
21839,"P56_batch1","PT",0.133333333333333
21840,"P56_batch1","PT2",0.166666666666667
21841,"P56_batch1","DCT",0.3
21842,"P56_batch1","PT",0.2
21843,"P56_batch1","PC",0.0333333333333333
21844,"P56_batch1","Podo",0.0333333333333333
21845,"P56_batch1","Endo",0.166666666666667
21846,"P56_batch1","stroma2",0.0666666666666667
21847,"P56_batch1","stroma2",0.166666666666667
21848,"P56_batch1","PT",0.0333333333333333
21849,"P56_batch1","PT",0.0333333333333333
21850,"P56_batch1","PT",0.833333333333333
21851,"P56_batch1","PT",0.0666666666666667
21852,"P56_batch1","PT",0.233333333333333
21853,"P56_batch1","PC",0.166666666666667
21854,"P56_batch1","PT",0.633333333333333
21855,"P56_batch1","stroma2",0.533333333333333
21856,"P56_batch1","PT",0
21857,"P56_batch1","IC",0.333333333333333
21858,"P56_batch1","PT2",0.0666666666666667
21859,"P56_batch1","DCT",0.0333333333333333
21860,"P56_batch1","PT",0.0333333333333333
21861,"P56_batch1","Endo",0.0333333333333333
21862,"P56_batch1","stroma2",0.133333333333333
21863,"P56_batch1","PT",0
21864,"P56_batch1","Endo",0.133333333333333
21865,"P56_batch1","LOH",0.0333333333333333
21866,"P56_batch1","PT2",0.233333333333333
21867,"P56_batch1","LOH",0.0333333333333333
21868,"P56_batch1","Endo",0.1
21869,"P56_batch1","PT2",0.2
21870,"P56_batch1","LOH",0.0666666666666667
21871,"P56_batch1","PC",0.133333333333333
21872,"P56_batch1","Endo",0.0333333333333333
21873,"P56_batch1","PT",0.233333333333333
21874,"P56_batch1","LOH",0.233333333333333
21875,"P56_batch1","LOH",0.0333333333333333
21876,"P56_batch1","LOH",0.666666666666667
21877,"P56_batch1","NP_LOH",0.1
21878,"P56_batch1","stroma2",0.133333333333333
21879,"P56_batch1","PT",0.0666666666666667
21880,"P56_batch1","PT",0.0333333333333333
21881,"P56_batch1","stroma2",0.0666666666666667
21882,"P56_batch1","LOH",0
21883,"P56_batch1","Endo",0.133333333333333
21884,"P56_batch1","PT",0
21885,"P56_batch1","CNT",0.0666666666666667
21886,"P56_batch1","PT2",0.133333333333333
21887,"P56_batch1","PC",0
21888,"P56_batch1","stroma2",0.0666666666666667
21889,"P56_batch1","PT",0.0333333333333333
21890,"P56_batch1","PT_out",0.0666666666666667
21891,"P56_batch1","PT",0
21892,"P56_batch1","PT2",0.466666666666667
21893,"P56_batch1","PT2",0.0333333333333333
21894,"P56_batch1","CNT",0.0333333333333333
21895,"P56_batch1","Endo",0.3
21896,"P56_batch1","Endo",0.0333333333333333
21897,"P56_batch1","PT2",0.133333333333333
21898,"P56_batch1","PC",0.0666666666666667
21899,"P56_batch1","Endo",0.0666666666666667
21900,"P56_batch1","CNT",0.0333333333333333
21901,"P56_batch1","stroma2",0.1
21902,"P56_batch1","LOH",0
21903,"P56_batch1","stroma2",0.133333333333333
21904,"P56_batch1","PT2",0.0666666666666667
21905,"P56_batch1","LOH",0.1
21906,"P56_batch1","NP_LOH",0.0666666666666667
21907,"P56_batch1","stroma2",0.0333333333333333
21908,"P56_batch1","LOH",0.1
21909,"P56_batch1","LOH",0.1
21910,"P56_batch1","IC",0.133333333333333
21911,"P56_batch1","CNT",0.0333333333333333
21912,"P56_batch1","PT2",0
21913,"P56_batch1","LOH",0.0333333333333333
21914,"P56_batch1","PT",0.133333333333333
21915,"P56_batch1","LOH",0.0333333333333333
21916,"P56_batch1","PT2",0.1
21917,"P56_batch1","Endo",0
21918,"P56_batch1","PT",0
21919,"P56_batch1","LOH",0.666666666666667
21920,"P56_batch1","IC",0.166666666666667
21921,"P56_batch1","PC",0.0333333333333333
21922,"P56_batch1","Endo",0.0666666666666667
21923,"P56_batch1","PC",0.0666666666666667
21924,"P56_batch1","Endo",0.133333333333333
21925,"P56_batch1","stroma2",0.133333333333333
21926,"P56_batch1","LOH",0.0333333333333333
21927,"P56_batch1","PT",0.0333333333333333
21928,"P56_batch1","Endo",0.4
21929,"P56_batch1","stroma1",0.133333333333333
21930,"P56_batch1","stroma2",0.233333333333333
21931,"P56_batch1","PT_out",0.0333333333333333
21932,"P56_batch1","NP_LOH",0.0666666666666667
21933,"P56_batch1","PT2",0.133333333333333
21934,"P56_batch1","Endo",0.233333333333333
21935,"P56_batch1","PC",0.166666666666667
21936,"P56_batch1","stroma2",0.2
21937,"P56_batch1","PT",0.0333333333333333
21938,"P56_batch1","stroma2",0.2
21939,"P56_batch1","Podo",0.0333333333333333
21940,"P56_batch1","PT_out",0
21941,"P56_batch1","PT",0.0333333333333333
21942,"P56_batch1","IC",0.0333333333333333
21943,"P56_batch1","PT",0.2
21944,"P56_batch1","PT",0
21945,"P56_batch1","IC",0.1
21946,"P56_batch1","LOH",0
21947,"P56_batch1","PT",0
21948,"P56_batch1","LOH",0
21949,"P56_batch1","PC",0.0666666666666667
21950,"P56_batch1","Endo",0.133333333333333
21951,"P56_batch1","IC",0.0333333333333333
21952,"P56_batch1","LOH",0.0333333333333333
21953,"P56_batch1","LOH",0
21954,"P56_batch1","stroma2",0.1
21955,"P56_batch1","LOH",0.0333333333333333
21956,"P56_batch1","IC",0.1
21957,"P56_batch1","PT",0
21958,"P56_batch1","Podo",0
21959,"P56_batch1","PT2",0
21960,"P56_batch1","CNT",0.2
21961,"P56_batch1","PT",0.0666666666666667
21962,"P56_batch1","stroma2",0.0666666666666667
21963,"P56_batch1","PT2",0.2
21964,"P56_batch1","PT",0.166666666666667
21965,"P56_batch1","PT",0.233333333333333
21966,"P56_batch1","PT",0
21967,"P56_batch1","Endo",0.0666666666666667
21968,"P56_batch1","PT",0
21969,"P56_batch1","NP",0.1
21970,"P56_batch1","LOH",0.0666666666666667
21971,"P56_batch1","CNT",0.133333333333333
21972,"P56_batch1","stroma2",0.166666666666667
21973,"P56_batch1","PC",0.0333333333333333
21974,"P56_batch1","immune",0.166666666666667
21975,"P56_batch1","PT_out",0.1
21976,"P56_batch1","PT",0
21977,"P56_batch1","CNT",0
21978,"P56_batch1","PT",0
21979,"P56_batch1","LOH",0.0333333333333333
21980,"P56_batch1","PT",0
21981,"P56_batch1","PT",0.0333333333333333
21982,"P56_batch1","immune",0.2
21983,"P56_batch1","stroma2",0.233333333333333
21984,"P56_batch1","IC",0.1
21985,"P56_batch1","Endo",0.5
21986,"P56_batch1","PT",0.0666666666666667
21987,"P56_batch1","LOH",0.433333333333333
21988,"P56_batch1","PT",0.1
21989,"P56_batch1","LOH",0.0666666666666667
21990,"P56_batch1","PT",0.133333333333333
21991,"P56_batch1","PT",0.166666666666667
21992,"P56_batch1","LOH",0
21993,"P56_batch1","LOH",0
21994,"P56_batch1","NP_LOH",0.233333333333333
21995,"P56_batch1","IC",0.1
21996,"P56_batch1","NP",0.1
21997,"P56_batch1","PT",0
21998,"P56_batch1","PT2",0.333333333333333
21999,"P56_batch1","Endo",0.133333333333333
22000,"P56_batch1","PT",0.0666666666666667
22001,"P56_batch1","PT",0
22002,"P56_batch1","Endo",0.0333333333333333
22003,"P56_batch1","PT2",0.0333333333333333
22004,"P56_batch1","NP",0
22005,"P56_batch1","PT",0
22006,"P56_batch1","Endo",0.133333333333333
22007,"P56_batch1","PT",0.0333333333333333
22008,"P56_batch1","IC",0.0666666666666667
22009,"P56_batch1","Endo",0.1
22010,"P56_batch1","LOH",0.533333333333333
22011,"P56_batch1","PT",0
22012,"P56_batch1","LOH",0
22013,"P56_batch1","PC",0.0666666666666667
22014,"P56_batch1","stroma2",0.166666666666667
22015,"P56_batch1","PT",0.233333333333333
22016,"P56_batch1","LOH",0
22017,"P56_batch1","PT",0.266666666666667
22018,"P56_batch1","PT2",0.166666666666667
22019,"P56_batch1","PT",0.166666666666667
22020,"P56_batch1","stroma1",0.1
22021,"P56_batch1","PT",0.0333333333333333
22022,"P56_batch1","PT2",0.2
22023,"P56_batch1","CNT",0.0333333333333333
22024,"P56_batch1","PC",0.2
22025,"P56_batch1","PT",0.0666666666666667
22026,"P56_batch1","NP",0.0333333333333333
22027,"P56_batch1","DCT",0.0666666666666667
22028,"P56_batch1","PT2",0.0666666666666667
22029,"P56_batch1","PT",0
22030,"P56_batch1","PT",0.0333333333333333
22031,"P56_batch1","LOH",0
22032,"P56_batch1","Podo",0.0333333333333333
22033,"P56_batch1","PT",0.0333333333333333
22034,"P56_batch1","NP",0.133333333333333
22035,"P56_batch1","Podo",0.0333333333333333
22036,"P56_batch1","PT",0.0333333333333333
22037,"P56_batch1","PT2",0.0333333333333333
22038,"P56_batch1","DCT",0
22039,"P56_batch1","PT",0.166666666666667
22040,"P56_batch1","PT",0.133333333333333
22041,"P56_batch1","IC",0.1
22042,"P56_batch1","PT",0
22043,"P56_batch1","PT2",0.5
22044,"P56_batch1","PT",0.133333333333333
22045,"P56_batch1","LOH",0
22046,"P56_batch1","PT",0.0333333333333333
22047,"P56_batch1","PT",0.0666666666666667
22048,"P56_batch1","LOH",0
22049,"P56_batch1","IC",0
22050,"P56_batch1","PT",0
22051,"P56_batch1","PT_out",0.0333333333333333
22052,"P56_batch1","PT2",0.0333333333333333
22053,"P56_batch1","DCT",0
22054,"P56_batch1","CNT",0.1
22055,"P56_batch1","PT",0
22056,"P56_batch1","PT",0.0333333333333333
22057,"P56_batch1","Endo",0.2
22058,"P56_batch1","PT",0.566666666666667
22059,"P56_batch1","PT",0.0666666666666667
22060,"P56_batch1","LOH",0.0666666666666667
22061,"P56_batch1","Podo",0.0333333333333333
22062,"P56_batch1","LOH",0.1
22063,"P56_batch1","stroma2",0
22064,"P56_batch1","PT2",0.1
22065,"P56_batch1","PT",0.133333333333333
22066,"P56_batch1","CNT",0.0333333333333333
22067,"P56_batch1","Endo",0.366666666666667
22068,"P56_batch1","Endo",0
22069,"P56_batch1","LOH",0
22070,"P56_batch1","immune",0.3
22071,"P56_batch1","PT",0.0666666666666667
22072,"P56_batch1","PT2",0.0666666666666667
22073,"P56_batch1","PT",0.4
22074,"P56_batch1","LOH",0.1
22075,"P56_batch1","PT",0.0666666666666667
22076,"P56_batch1","PT",0
22077,"P56_batch1","Endo",0.433333333333333
22078,"P56_batch1","CNT",0
22079,"P56_batch1","PT",0.433333333333333
22080,"P56_batch1","PT",0
22081,"P56_batch1","LOH",0
22082,"P56_batch1","LOH",0.0333333333333333
22083,"P56_batch1","IC",0.233333333333333
22084,"P56_batch1","PT",0.0666666666666667
22085,"P56_batch1","PT2",0.0333333333333333
22086,"P56_batch1","PT",0.233333333333333
22087,"P56_batch1","CNT",0.0333333333333333
22088,"P56_batch1","PT",0
22089,"P56_batch1","PT",0.3
22090,"P56_batch1","LOH",0.333333333333333
22091,"P56_batch1","Podo",0.166666666666667
22092,"P56_batch1","IC",0.0333333333333333
22093,"P56_batch1","PT",0
22094,"P56_batch1","PT",0.1
22095,"P56_batch1","CNT",0.0333333333333333
22096,"P56_batch1","PT",0
22097,"P56_batch1","PT",0.0333333333333333
22098,"P56_batch1","PT",0.166666666666667
22099,"P56_batch1","Endo",0.133333333333333
22100,"P56_batch1","Endo",0.133333333333333
22101,"P56_batch1","PT",0.166666666666667
22102,"P56_batch1","PT2",0.166666666666667
22103,"P56_batch1","LOH",0
22104,"P56_batch1","LOH",0.166666666666667
22105,"P56_batch1","PT",0.0666666666666667
22106,"P56_batch1","PT",0.2
22107,"P56_batch1","Endo",0.3
22108,"P56_batch1","PT",0
22109,"P56_batch1","PT",0.1
22110,"P56_batch1","PT",0.1
22111,"P56_batch1","immune",0.166666666666667
22112,"P56_batch1","PT",0.133333333333333
22113,"P56_batch1","PT",0.1
22114,"P56_batch1","stroma1",0.1
22115,"P56_batch1","LOH",0.0333333333333333
22116,"P56_batch1","LOH",0.0666666666666667
22117,"P56_batch1","PT",0.0333333333333333
22118,"P56_batch1","immune",0.366666666666667
22119,"P56_batch1","Endo",0.3
22120,"P56_batch1","LOH",0.0333333333333333
22121,"P56_batch1","CNT",0.0333333333333333
22122,"P56_batch1","PT",0
22123,"P56_batch1","PC",0.1
22124,"P56_batch1","NP_LOH",0.0666666666666667
22125,"P56_batch1","LOH",0.0333333333333333
22126,"P56_batch1","PT",0.0666666666666667
22127,"P56_batch1","Endo",0.233333333333333
22128,"P56_batch1","PT",0
22129,"P56_batch1","PC",0.1
22130,"P56_batch1","PT2",0.166666666666667
22131,"P56_batch1","stroma2",0.1
22132,"P56_batch1","Endo",0
22133,"P56_batch1","PC",0
22134,"P56_batch1","Podo",0.1
22135,"P56_batch1","PT",0.0666666666666667
22136,"P56_batch1","LOH",0.0333333333333333
22137,"P56_batch1","PT",0.633333333333333
22138,"P56_batch1","CNT",0.133333333333333
22139,"P56_batch1","CNT",0.0666666666666667
22140,"P56_batch1","PT",0.1
22141,"P56_batch1","PC",0
22142,"P56_batch1","CNT",0.2
22143,"P56_batch1","stroma2",0.1
22144,"P56_batch1","PT2",0.433333333333333
22145,"P56_batch1","LOH",0.1
22146,"P56_batch1","NP",0.133333333333333
22147,"P56_batch1","PT2",0.0333333333333333
22148,"P56_batch1","NP",0.333333333333333
22149,"P56_batch1","CNT",0.1
22150,"P56_batch1","stroma2",0.0333333333333333
22151,"P56_batch1","PT",0.2
22152,"P56_batch1","stroma1",0.133333333333333
22153,"P56_batch1","Endo",0.1
22154,"P56_batch1","PT2",0.0666666666666667
22155,"P56_batch1","PT",0.1
22156,"P56_batch1","IC",0.266666666666667
22157,"P56_batch1","PT",0.0333333333333333
22158,"P56_batch1","PT_out",0.0333333333333333
22159,"P56_batch1","PT",0.0666666666666667
22160,"P56_batch1","PT2",0.566666666666667
22161,"P56_batch1","Endo",0.133333333333333
22162,"P56_batch1","PT",0
22163,"P56_batch1","PT2",0
22164,"P56_batch1","PC",0.0333333333333333
22165,"P56_batch1","LOH",0.1
22166,"P56_batch1","PT",0.1
22167,"P56_batch1","PT",0.233333333333333
22168,"P56_batch1","PT2",0.233333333333333
22169,"P56_batch1","LOH",0.0333333333333333
22170,"P56_batch1","Endo",0.2
22171,"P56_batch1","LOH",0.0333333333333333
22172,"P56_batch1","PT",0.0666666666666667
22173,"P56_batch1","IC",0.0333333333333333
22174,"P56_batch1","NP",0.0666666666666667
22175,"P56_batch1","PC",0.1
22176,"P56_batch1","PT",0
22177,"P56_batch1","IC",0
22178,"P56_batch1","IC",0.0333333333333333
22179,"P56_batch1","PT",0
22180,"P56_batch1","PT2",0
22181,"P56_batch1","stroma2",0.133333333333333
22182,"P56_batch1","stroma1",0.2
22183,"P56_batch1","PT2",0.133333333333333
22184,"P56_batch1","PT",0
22185,"P56_batch1","Endo",0.366666666666667
22186,"P56_batch1","LOH",0.1
22187,"P56_batch1","PT",0.4
22188,"P56_batch1","PC",0.2
22189,"P56_batch1","LOH",0
22190,"P56_batch1","PT2",0.133333333333333
22191,"P56_batch1","PT",0.1
22192,"P56_batch1","PT",0.2
22193,"P56_batch1","PT",0.0333333333333333
22194,"P56_batch1","PT",0.466666666666667
22195,"P56_batch1","LOH",0.0333333333333333
22196,"P56_batch1","PT",0.1
22197,"P56_batch1","PT",0.166666666666667
22198,"P56_batch1","DCT",0
22199,"P56_batch1","PT",0.133333333333333
22200,"P56_batch1","CNT",0.0333333333333333
22201,"P56_batch1","PT",0
22202,"P56_batch1","PT",0.2
22203,"P56_batch1","stroma2",0.0333333333333333
22204,"P56_batch1","LOH",0.0666666666666667
22205,"P56_batch1","DCT",0
22206,"P56_batch1","Podo",0.133333333333333
22207,"P56_batch1","PT",0.1
22208,"P56_batch1","PT",0.133333333333333
22209,"P56_batch1","PT",0.166666666666667
22210,"P56_batch1","LOH",0.0333333333333333
22211,"P56_batch1","LOH",0
22212,"P56_batch1","PT2",0.133333333333333
22213,"P56_batch1","PT",0
22214,"P56_batch1","Podo",0.166666666666667
22215,"P56_batch1","CNT",0.1
22216,"P56_batch1","CNT",0
22217,"P56_batch1","LOH",0.1
22218,"P56_batch1","PT2",0.0333333333333333
22219,"P56_batch1","PT",0.0333333333333333
22220,"P56_batch1","PT",0.566666666666667
22221,"P56_batch1","PT",0.0333333333333333
22222,"P56_batch1","Endo",0.233333333333333
22223,"P56_batch1","PC",0.166666666666667
22224,"P56_batch1","LOH",0.433333333333333
22225,"P56_batch1","PT",0.0333333333333333
22226,"P56_batch1","LOH",0.0333333333333333
22227,"P56_batch1","CNT",0.0666666666666667
22228,"P56_batch1","DCT",0
22229,"P56_batch1","LOH",0.133333333333333
22230,"P56_batch1","stroma2",0.233333333333333
22231,"P56_batch1","PT",0.133333333333333
22232,"P56_batch1","LOH",0.1
22233,"P56_batch1","CNT",0.133333333333333
22234,"P56_batch1","CNT",0.0333333333333333
22235,"P56_batch1","CNT",0
22236,"P56_batch1","LOH",0
22237,"P56_batch1","PT",0
22238,"P56_batch1","PC",0
22239,"P56_batch1","PC",0
22240,"P56_batch1","LOH",0.0666666666666667
22241,"P56_batch1","PT",0.0666666666666667
22242,"P56_batch1","Endo",0.0333333333333333
22243,"P56_batch1","LOH",0.0666666666666667
22244,"P56_batch1","NP",0.166666666666667
22245,"P56_batch1","Endo",0
22246,"P56_batch1","DCT",0
22247,"P56_batch1","LOH",0.0666666666666667
22248,"P56_batch1","LOH",0.0666666666666667
22249,"P56_batch1","CNT",0
22250,"P56_batch1","LOH",0.0666666666666667
22251,"P56_batch1","PT",0
22252,"P56_batch1","PT2",0.0666666666666667
22253,"P56_batch1","IC",0.0333333333333333
22254,"P56_batch1","Endo",0.166666666666667
22255,"P56_batch1","PT2",0.133333333333333
22256,"P56_batch1","PT",0.166666666666667
22257,"P56_batch1","LOH",0
22258,"P56_batch1","PT",0.0333333333333333
22259,"P56_batch1","PC",0.7
22260,"P56_batch1","LOH",0
22261,"P56_batch1","PT",0.966666666666667
22262,"P56_batch1","PT",0.0666666666666667
22263,"P56_batch1","PT",0.1
22264,"P56_batch1","PT",0
22265,"P56_batch1","PT",0
22266,"P56_batch1","PT",0.0666666666666667
22267,"P56_batch1","PT",0.0333333333333333
22268,"P56_batch1","PT",0.8
22269,"P56_batch1","PT",0.0666666666666667
22270,"P56_batch1","PT",0.133333333333333
22271,"P56_batch1","PT2",0.266666666666667
22272,"P56_batch1","PT2",0.166666666666667
22273,"P56_batch1","LOH",0
22274,"P56_batch1","PT",0.0666666666666667
22275,"P56_batch1","stroma2",0.466666666666667
22276,"P56_batch1","Podo",0
22277,"P56_batch1","PT",0.1
22278,"P56_batch1","CNT",0.0666666666666667
22279,"P56_batch1","Endo",0.2
22280,"P56_batch1","stroma2",0.1
22281,"P56_batch1","stroma2",0
22282,"P56_batch1","Endo",0.466666666666667
22283,"P56_batch1","NP",0.2
22284,"P56_batch1","DCT",0.1
22285,"P56_batch1","PT",0.0333333333333333
22286,"P56_batch1","PT",0.166666666666667
22287,"P56_batch1","Podo",0.0666666666666667
22288,"P56_batch1","PT",0.0333333333333333
22289,"P56_batch1","IC",0.2
22290,"P56_batch1","PT2",0.0333333333333333
22291,"P56_batch1","PT",0.966666666666667
22292,"P56_batch1","Endo",0
22293,"P56_batch1","DCT",0.0333333333333333
22294,"P56_batch1","PT",0.1
22295,"P56_batch1","Endo",0.233333333333333
22296,"P56_batch1","CNT",0.0666666666666667
22297,"P56_batch1","PT",0
22298,"P56_batch1","LOH",0.0333333333333333
22299,"P56_batch1","PT",0.1
22300,"P56_batch1","PT",0.166666666666667
22301,"P56_batch1","LOH",0.0666666666666667
22302,"P56_batch1","PT",0.1
22303,"P56_batch1","PC",0.0333333333333333
22304,"P56_batch1","PT",0.0666666666666667
22305,"P56_batch1","stroma2",0.1
22306,"P56_batch1","Endo",0.0333333333333333
22307,"P56_batch1","PT",0
22308,"P56_batch1","PT",0.133333333333333
22309,"P56_batch1","LOH",0.0666666666666667
22310,"P56_batch1","PT",0.0333333333333333
22311,"P56_batch1","DCT",0.466666666666667
22312,"P56_batch1","Endo",0.0666666666666667
22313,"P56_batch1","PT",0.0666666666666667
22314,"P56_batch1","PT",0.233333333333333
22315,"P56_batch1","PT",0.1
22316,"P56_batch1","PT",0.0333333333333333
22317,"P56_batch1","Endo",0.0666666666666667
22318,"P56_batch1","IC",0.0333333333333333
22319,"P56_batch1","Endo",0
22320,"P56_batch1","DCT",0.166666666666667
22321,"P56_batch1","CNT",0
22322,"P56_batch1","PT",0.233333333333333
22323,"P56_batch1","PT2",0
22324,"P56_batch1","PT",0.1
22325,"P56_batch1","PT",0.1
22326,"P56_batch1","DCT",0.0666666666666667
22327,"P56_batch1","LOH",0.0333333333333333
22328,"P56_batch1","IC",0.0333333333333333
22329,"P56_batch1","immune",0.2
22330,"P56_batch1","PT",0.0333333333333333
22331,"P56_batch1","PT2",0.2
22332,"P56_batch1","PT",0
22333,"P56_batch1","DCT",0.133333333333333
22334,"P56_batch1","PT",0.0333333333333333
22335,"P56_batch1","DCT",0.0666666666666667
22336,"P56_batch1","stroma2",0.0666666666666667
22337,"P56_batch1","Endo",0.633333333333333
22338,"P56_batch1","LOH",0
22339,"P56_batch1","PT",0.3
22340,"P56_batch1","PT",0
22341,"P56_batch1","CNT",0.1
22342,"P56_batch1","LOH",0.0333333333333333
22343,"P56_batch1","CNT",0.0666666666666667
22344,"P56_batch1","DCT",0.1
22345,"P56_batch1","PT2",0.166666666666667
22346,"P56_batch1","PT2",0.233333333333333
22347,"P56_batch1","PT2",0.0666666666666667
22348,"P56_batch1","PT",0.133333333333333
22349,"P56_batch1","IC",0.0666666666666667
22350,"P56_batch1","PT",0.1
22351,"P56_batch1","PT",0.0333333333333333
22352,"P56_batch1","LOH",0.0666666666666667
22353,"P56_batch1","PT2",0.0333333333333333
22354,"P56_batch1","PT",0.0333333333333333
22355,"P56_batch1","PT",0
22356,"P56_batch1","stroma2",0.233333333333333
22357,"P56_batch1","PT",0.0666666666666667
22358,"P56_batch1","PC",0.0666666666666667
22359,"P56_batch1","NP",0.0333333333333333
22360,"P56_batch1","Endo",0
22361,"P56_batch1","PC",0.1
22362,"P56_batch1","PC",0.0666666666666667
22363,"P56_batch1","CNT",0.0666666666666667
22364,"P56_batch1","Endo",0.233333333333333
22365,"P56_batch1","Podo",0.0666666666666667
22366,"P56_batch1","PT",0.0333333333333333
22367,"P56_batch1","stroma2",0.233333333333333
22368,"P56_batch1","PT",0.1
22369,"P56_batch1","Podo",0.0666666666666667
22370,"P56_batch1","PT",0
22371,"P56_batch1","PC",0.0333333333333333
22372,"P56_batch1","LOH",0.0666666666666667
22373,"P56_batch1","immune",0.0666666666666667
22374,"P56_batch1","NP_LOH",0.1
22375,"P56_batch1","PT",0.166666666666667
22376,"P56_batch1","LOH",0.1
22377,"P56_batch1","Endo",0
22378,"P56_batch1","Endo",0.333333333333333
22379,"P56_batch1","PT",0
22380,"P56_batch1","stroma1",0.1
22381,"P56_batch1","LOH",0
22382,"P56_batch1","PT",0.1
22383,"P56_batch1","IC",0.133333333333333
22384,"P56_batch1","LOH",0.0666666666666667
22385,"P56_batch1","PT",0.133333333333333
22386,"P56_batch1","PC",0.0333333333333333
22387,"P56_batch1","PT_out",0.0666666666666667
22388,"P56_batch1","LOH",0.0333333333333333
22389,"P56_batch1","stroma1",0.0333333333333333
22390,"P56_batch1","stroma1",0.1
22391,"P56_batch1","LOH",0
22392,"P56_batch1","PT",0.0333333333333333
22393,"P56_batch1","Endo",0.266666666666667
22394,"P56_batch1","stroma2",0.233333333333333
22395,"P56_batch1","PT_out",0.1
22396,"P56_batch1","LOH",0
22397,"P56_batch1","CNT",0.0666666666666667
22398,"P56_batch1","PT2",0.166666666666667
22399,"P56_batch1","LOH",0
22400,"P56_batch1","PT",0.1
22401,"P56_batch1","PT",0.0666666666666667
22402,"P56_batch1","PT",0.0666666666666667
22403,"P56_batch1","PT",0.0333333333333333
22404,"P56_batch1","PC",0.0666666666666667
22405,"P56_batch1","LOH",0.0333333333333333
22406,"P56_batch1","PC",0.0666666666666667
22407,"P56_batch1","PT",0
22408,"P56_batch1","stroma2",0
22409,"P56_batch1","PC",0.1
22410,"P56_batch1","PT",0
22411,"P56_batch1","DCT",0
22412,"P56_batch1","Endo",0.4
22413,"P56_batch1","PT",0.0666666666666667
22414,"P56_batch1","PC",0.0666666666666667
22415,"P56_batch1","PT",0.0333333333333333
22416,"P56_batch1","stroma2",0.266666666666667
22417,"P56_batch1","PT",0.133333333333333
22418,"P56_batch1","DCT",0.0333333333333333
22419,"P56_batch1","PT",0.0666666666666667
22420,"P56_batch1","PT",0.133333333333333
22421,"P56_batch1","PC",0.1
22422,"P56_batch1","Endo",0.233333333333333
22423,"P56_batch1","Endo",0.0666666666666667
22424,"P56_batch1","LOH",0.1
22425,"P56_batch1","stroma2",0.1
22426,"P56_batch1","LOH",0
22427,"P56_batch1","PT",0.0666666666666667
22428,"P56_batch1","Podo",0.0666666666666667
22429,"P56_batch1","PT",0.933333333333333
22430,"P56_batch1","PT",0
22431,"P56_batch1","PT",0.233333333333333
22432,"P56_batch1","PT_out",0.1
22433,"P56_batch1","NP",0.266666666666667
22434,"P56_batch1","stroma2",0.233333333333333
22435,"P56_batch1","LOH",0.0333333333333333
22436,"P56_batch1","PT",0.0333333333333333
22437,"P56_batch1","PT",0.1
22438,"P56_batch1","PT",0.0666666666666667
22439,"P56_batch1","PT2",0
22440,"P56_batch1","PT",0.1
22441,"P56_batch1","PT",0.0333333333333333
22442,"P56_batch1","PT_out",0.133333333333333
22443,"P56_batch1","LOH",0.0333333333333333
22444,"P56_batch1","Endo",0.433333333333333
22445,"P56_batch1","Endo",0.0333333333333333
22446,"P56_batch1","stroma2",0.133333333333333
22447,"P56_batch1","LOH",0.6
22448,"P56_batch1","PT",0.0666666666666667
22449,"P56_batch1","stroma2",0.1
22450,"P56_batch1","LOH",0.1
22451,"P56_batch1","PT",0.133333333333333
22452,"P56_batch1","DCT",0.0333333333333333
22453,"P56_batch1","DCT",0
22454,"P56_batch1","DCT",0.0666666666666667
22455,"P56_batch1","NP_LOH",0.0333333333333333
22456,"P56_batch1","PT2",0.1
22457,"P56_batch1","immune",0
22458,"P56_batch1","PC",0.133333333333333
22459,"P56_batch1","PT",0
22460,"P56_batch1","PT_out",0.0333333333333333
22461,"P56_batch1","NP",0.166666666666667
22462,"P56_batch1","PT",0.0666666666666667
22463,"P56_batch1","Endo",0.133333333333333
22464,"P56_batch1","PT",0.233333333333333
22465,"P56_batch1","stroma2",0.1
22466,"P56_batch1","stroma1",0.2
22467,"P56_batch1","PT",0.533333333333333
22468,"P56_batch1","PT",0.166666666666667
22469,"P56_batch1","Endo",0.133333333333333
22470,"P56_batch1","PT",0.1
22471,"P56_batch1","PT",0.0666666666666667
22472,"P56_batch1","PT",0.0333333333333333
22473,"P56_batch1","PT",0.0666666666666667
22474,"P56_batch1","PT",0
22475,"P56_batch1","Endo",0.233333333333333
22476,"P56_batch1","LOH",0.1
22477,"P56_batch1","PT",0.1
22478,"P56_batch1","LOH",0
22479,"P56_batch1","PT",0.433333333333333
22480,"P56_batch1","stroma2",0.2
22481,"P56_batch1","PT",0.0333333333333333
22482,"P56_batch1","LOH",0.666666666666667
22483,"P56_batch1","DCT",0.2
22484,"P56_batch1","PT",0.0333333333333333
22485,"P56_batch1","LOH",0.1
22486,"P56_batch1","PT",0
22487,"P56_batch1","IC",0
22488,"P56_batch1","stroma2",0.166666666666667
22489,"P56_batch1","PT2",0.0666666666666667
22490,"P56_batch1","PT",0.266666666666667
22491,"P56_batch1","PT",0
22492,"P56_batch1","PT",0.533333333333333
22493,"P56_batch1","Endo",0.133333333333333
22494,"P56_batch1","PT",0
22495,"P56_batch1","LOH",0.133333333333333
22496,"P56_batch1","PT2",0.133333333333333
22497,"P56_batch1","PT",0.0333333333333333
22498,"P56_batch1","Endo",0.466666666666667
22499,"P56_batch1","PC",0.0666666666666667
22500,"P56_batch1","PT",0
22501,"P56_batch1","LOH",0.0666666666666667
22502,"P56_batch1","Endo",0.2
22503,"P56_batch1","PT",0.133333333333333
22504,"P56_batch1","PT",0.0666666666666667
22505,"P56_batch1","PT2",0.333333333333333
22506,"P56_batch1","PT",0.266666666666667
22507,"P56_batch1","CNT",0.0666666666666667
22508,"P56_batch1","LOH",0
22509,"P56_batch1","LOH",0.366666666666667
22510,"P56_batch1","IC",0.0666666666666667
22511,"P56_batch1","stroma2",0.0666666666666667
22512,"P56_batch1","CNT",0.0333333333333333
22513,"P56_batch1","LOH",0
22514,"P56_batch1","PT2",0.0333333333333333
22515,"P56_batch1","PT",0.533333333333333
22516,"P56_batch1","immune",0.2
22517,"P56_batch1","PC",0.0333333333333333
22518,"P56_batch1","Endo",0.0666666666666667
22519,"P56_batch1","PT",0.1
22520,"P56_batch1","PT",0.7
22521,"P56_batch1","Endo",0.633333333333333
22522,"P56_batch1","PT",0.1
22523,"P56_batch1","PT",0.0666666666666667
22524,"P56_batch1","stroma2",0.133333333333333
22525,"P56_batch1","stroma1",0.1
22526,"P56_batch1","Endo",0.466666666666667
22527,"P56_batch1","IC",0
22528,"P56_batch1","PT",0.0333333333333333
22529,"P56_batch1","PT",0
22530,"P56_batch1","PT",0
22531,"P56_batch1","CNT",0.1
22532,"P56_batch1","PT",0.9
22533,"P56_batch1","LOH",0.0333333333333333
22534,"P56_batch1","PT2",0.0666666666666667
22535,"P56_batch1","PT",0.0666666666666667
22536,"P56_batch1","immune",0.233333333333333
22537,"P56_batch1","DCT",0.0666666666666667
22538,"P56_batch1","PC",0.1
22539,"P56_batch1","LOH",0.0333333333333333
22540,"P56_batch1","CNT",0.133333333333333
22541,"P56_batch1","CNT",0.0333333333333333
22542,"P56_batch1","LOH",0.3
22543,"P56_batch1","PT",0.133333333333333
22544,"P56_batch1","LOH",0.0333333333333333
22545,"P56_batch1","NP",0
22546,"P56_batch1","Endo",0.133333333333333
22547,"P56_batch1","stroma2",0.233333333333333
22548,"P56_batch1","PT",0.1
22549,"P56_batch1","PT2",0.233333333333333
22550,"P56_batch1","PT",0.433333333333333
22551,"P56_batch1","PT",0.733333333333333
22552,"P56_batch1","PT",0.133333333333333
22553,"P56_batch1","stroma2",0.266666666666667
22554,"P56_batch1","PT",0.3
22555,"P56_batch1","Endo",0.366666666666667
22556,"P56_batch1","PC",0.0666666666666667
22557,"P56_batch1","PT",0.6
22558,"P56_batch1","stroma2",0.2
22559,"P56_batch1","PT2",0.7
22560,"P56_batch1","PT",0.1
22561,"P56_batch1","PC",0.2
22562,"P56_batch1","PT",0.0666666666666667
22563,"P56_batch1","LOH",0
22564,"P56_batch1","PT_out",0.1
22565,"P56_batch1","LOH",0.0333333333333333
22566,"P56_batch1","PT",0.166666666666667
22567,"P56_batch1","stroma2",0.233333333333333
22568,"P56_batch1","Endo",0.133333333333333
22569,"P56_batch1","LOH",0.0333333333333333
22570,"P56_batch1","CNT",0.0666666666666667
22571,"P56_batch1","PT2",0.0333333333333333
22572,"P56_batch1","stroma1",0
22573,"P56_batch1","IC",0.0333333333333333
22574,"P56_batch1","LOH",0.1
22575,"P56_batch1","PT",0.2
22576,"P56_batch1","PT2",0.633333333333333
22577,"P56_batch1","PT2",0.1
22578,"P56_batch1","NP_LOH",0.1
22579,"P56_batch1","PC",0.366666666666667
22580,"P56_batch1","immune",0
22581,"P56_batch1","PT",0.0666666666666667
22582,"P56_batch1","LOH",0.0333333333333333
22583,"P56_batch1","PT",0.1
22584,"P56_batch1","NP_LOH",0.166666666666667
22585,"P56_batch1","LOH",0.0666666666666667
22586,"P56_batch1","PT2",0.233333333333333
22587,"P56_batch1","PT",0.0333333333333333
22588,"P56_batch1","LOH",0.1
22589,"P56_batch1","LOH",0
22590,"P56_batch1","PT2",0.133333333333333
22591,"P56_batch1","Endo",0.1
22592,"P56_batch1","PT",0.266666666666667
22593,"P56_batch1","PT2",0.0333333333333333
22594,"P56_batch1","stroma2",0.533333333333333
22595,"P56_batch1","PT",0.2
22596,"P56_batch1","stroma2",0.366666666666667
22597,"P56_batch1","PT",0
22598,"P56_batch1","DCT",0.0333333333333333
22599,"P56_batch1","Endo",0.0666666666666667
22600,"P56_batch1","CNT",0
22601,"P56_batch1","PT",0.0333333333333333
22602,"P56_batch1","PT2",0.833333333333333
22603,"P56_batch1","PC",0.3
22604,"P56_batch1","stroma2",0.233333333333333
22605,"P56_batch1","PT2",0.3
22606,"P56_batch1","PT2",0.0666666666666667
22607,"P56_batch1","PT",0
22608,"P56_batch1","immune",0
22609,"P56_batch1","PT2",0.1
22610,"P56_batch1","PT_out",0.2
22611,"P56_batch1","PT",0.1
22612,"P56_batch1","LOH",0.133333333333333
22613,"P56_batch1","stroma2",0
22614,"P56_batch1","stroma2",0.366666666666667
22615,"P56_batch1","PT",0.0333333333333333
22616,"P56_batch1","PT",0.0333333333333333
22617,"P56_batch1","LOH",0
22618,"P56_batch1","LOH",0
22619,"P56_batch1","stroma2",0.233333333333333
22620,"P56_batch1","LOH",0
22621,"P56_batch1","PT",0.133333333333333
22622,"P56_batch1","PC",0.1
22623,"P56_batch1","PT",0.0333333333333333
22624,"P56_batch1","Podo",0.1
22625,"P56_batch1","PT",0.0666666666666667
22626,"P56_batch1","LOH",0
22627,"P56_batch1","PC",0.1
22628,"P56_batch1","PT2",0
22629,"P56_batch1","PT",0.0333333333333333
22630,"P56_batch1","PT",0.533333333333333
22631,"P56_batch1","PT",0.0666666666666667
22632,"P56_batch1","LOH",0.0333333333333333
22633,"P56_batch1","DCT",0.2
22634,"P56_batch1","stroma2",0.3
22635,"P56_batch1","DCT",0
22636,"P56_batch1","PT",0
22637,"P56_batch1","CNT",0
22638,"P56_batch1","Endo",0.0333333333333333
22639,"P56_batch1","PT",0.166666666666667
22640,"P56_batch1","PT",0
22641,"P56_batch1","PT",0.333333333333333
22642,"P56_batch1","PT",0.0333333333333333
22643,"P56_batch1","PT",0
22644,"P56_batch1","IC",0.1
22645,"P56_batch1","PT_out",0.3
22646,"P56_batch1","DCT",0.0333333333333333
22647,"P56_batch1","LOH",0.0666666666666667
22648,"P56_batch1","NP",0.0333333333333333
22649,"P56_batch1","stroma2",0.233333333333333
22650,"P56_batch1","stroma2",0.166666666666667
22651,"P56_batch1","PT",0.8
22652,"P56_batch1","PT2",0.1
22653,"P56_batch1","PT2",0.2
22654,"P56_batch1","LOH",0.0666666666666667
22655,"P56_batch1","PT",0.1
22656,"P56_batch1","IC",0.2
22657,"P56_batch1","PT",0.0666666666666667
22658,"P56_batch1","DCT",0.0666666666666667
22659,"P56_batch1","PC",0.0333333333333333
22660,"P56_batch1","LOH",0.133333333333333
22661,"P56_batch1","PT",0.233333333333333
22662,"P56_batch1","PT",0.1
22663,"P56_batch1","PT",0.0333333333333333
22664,"P56_batch1","PT_out",0.0666666666666667
22665,"P56_batch1","LOH",0.0333333333333333
22666,"P56_batch1","IC",0.0666666666666667
22667,"P56_batch1","LOH",0
22668,"P56_batch1","PT",0
22669,"P56_batch1","PT",0.0666666666666667
22670,"P56_batch1","LOH",0.2
22671,"P56_batch1","Endo",0.1
22672,"P56_batch1","PT",0.233333333333333
22673,"P56_batch1","NP_LOH",0.0333333333333333
22674,"P56_batch1","PC",0.533333333333333
22675,"P56_batch1","LOH",0.0333333333333333
22676,"P56_batch1","PT",0.466666666666667
22677,"P56_batch1","immune",0.133333333333333
22678,"P56_batch1","Endo",0.2
22679,"P56_batch1","immune",0.0666666666666667
22680,"P56_batch1","stroma2",0.333333333333333
22681,"P56_batch1","NP",0.0333333333333333
22682,"P56_batch1","PT",0.0333333333333333
22683,"P56_batch1","PT",0.0333333333333333
22684,"P56_batch1","PT",0.1
22685,"P56_batch1","Endo",0.0333333333333333
22686,"P56_batch1","LOH",0.233333333333333
22687,"P56_batch1","PT",0.133333333333333
22688,"P56_batch1","PT2",0.0333333333333333
22689,"P56_batch1","NP_LOH",0.2
22690,"P56_batch1","LOH",0
22691,"P56_batch1","stroma2",0.0333333333333333
22692,"P56_batch1","PT",0.133333333333333
22693,"P56_batch1","PC",0.0666666666666667
22694,"P56_batch1","Endo",0.166666666666667
22695,"P56_batch1","PT2",0.0333333333333333
22696,"P56_batch1","PT",0
22697,"P56_batch1","stroma2",0.1
22698,"P56_batch1","PT2",0.633333333333333
22699,"P56_batch1","PT",0.0666666666666667
22700,"P56_batch1","stroma2",0.1
22701,"P56_batch1","PC",0.1
22702,"P56_batch1","NP_LOH",0
22703,"P56_batch1","PT",0.4
22704,"P56_batch1","PT",0.1
22705,"P56_batch1","PC",0.0333333333333333
22706,"P56_batch1","LOH",0.0333333333333333
22707,"P56_batch1","stroma2",0.0666666666666667
22708,"P56_batch1","Podo",0.0666666666666667
22709,"P56_batch1","CNT",0.0333333333333333
22710,"P56_batch1","PT",0.0333333333333333
22711,"P56_batch1","PT",0.133333333333333
22712,"P56_batch1","DCT",0.0333333333333333
22713,"P56_batch1","PT",0.0333333333333333
22714,"P56_batch1","PT",0.1
22715,"P56_batch1","PT2",0.1
22716,"P56_batch1","Endo",0.0333333333333333
22717,"P56_batch1","PT",0.666666666666667
22718,"P56_batch1","NP_LOH",0.1
22719,"P56_batch1","Endo",0
22720,"P56_batch1","PT2",0
22721,"P56_batch1","PT",0.133333333333333
22722,"P56_batch1","DCT",0.1
22723,"P56_batch1","stroma2",0.0666666666666667
22724,"P56_batch1","LOH",0.0333333333333333
22725,"P56_batch1","LOH",0.0333333333333333
22726,"P56_batch1","PT",0.1
22727,"P56_batch1","PT",0.1
22728,"P56_batch1","LOH",0
22729,"P56_batch1","PT",0.2
22730,"P56_batch1","PT2",0.1
22731,"P56_batch1","PT",0.1
22732,"P56_batch1","PT",0.1
22733,"P56_batch1","PC",0
22734,"P56_batch1","PT",0.466666666666667
22735,"P56_batch1","PC",0.0333333333333333
22736,"P56_batch1","CNT",0.5
22737,"P56_batch1","PT_out",0.2
22738,"P56_batch1","PT",0.133333333333333
22739,"P56_batch1","PT",0.566666666666667
22740,"P56_batch1","stroma2",0.133333333333333
22741,"P56_batch1","PT",0.1
22742,"P56_batch1","DCT",0.1
22743,"P56_batch1","DCT",0.133333333333333
22744,"P56_batch1","PT",0.233333333333333
22745,"P56_batch1","PT",0
22746,"P56_batch1","LOH",0.133333333333333
22747,"P56_batch1","PT",0.0333333333333333
22748,"P56_batch1","NP",0.0333333333333333
22749,"P56_batch1","PT",0.0666666666666667
22750,"P56_batch1","stroma2",0.4
22751,"P56_batch1","Endo",0.3
22752,"P56_batch1","PT2",0.133333333333333
22753,"P56_batch1","CNT",0.0333333333333333
22754,"P56_batch1","LOH",0.1
22755,"P56_batch1","NP",0.133333333333333
22756,"P56_batch1","PT",0.3
22757,"P56_batch1","PT",0.0666666666666667
22758,"P56_batch1","stroma2",0.166666666666667
22759,"P56_batch1","PT2",0.3
22760,"P56_batch1","PT",0.0666666666666667
22761,"P56_batch1","PT_out",0.0666666666666667
22762,"P56_batch1","PT",0.0666666666666667
22763,"P56_batch1","PT2",0.1
22764,"P56_batch1","PT",0.0333333333333333
22765,"P56_batch1","PT",0.633333333333333
22766,"P56_batch1","IC",0.1
22767,"P56_batch1","PT",0.2
22768,"P56_batch1","LOH",0.0666666666666667
22769,"P56_batch1","Podo",0.4
22770,"P56_batch1","IC",0.166666666666667
22771,"P56_batch1","PT",0.1
22772,"P56_batch1","PT",0.1
22773,"P56_batch1","DCT",0.0333333333333333
22774,"P56_batch1","PT",0.8
22775,"P56_batch1","PT",0.566666666666667
22776,"P56_batch1","PT",0.0333333333333333
22777,"P56_batch1","stroma2",0.0666666666666667
22778,"P56_batch1","PT",0.1
22779,"P56_batch1","CNT",0.0333333333333333
22780,"P56_batch1","LOH",0
22781,"P56_batch1","Podo",0.166666666666667
22782,"P56_batch1","PT2",0.1
22783,"P56_batch1","PT",0.6
22784,"P56_batch1","PT2",0
22785,"P56_batch1","IC",0.0666666666666667
22786,"P56_batch1","Endo",0.133333333333333
22787,"P56_batch1","CNT",0
22788,"P56_batch1","LOH",0.0666666666666667
22789,"P56_batch1","LOH",0.1
22790,"P56_batch1","PT",0.166666666666667
22791,"P56_batch1","stroma2",0.333333333333333
22792,"P56_batch1","DCT",0.1
22793,"P56_batch1","DCT",0.2
22794,"P56_batch1","PT2",0.2
22795,"P56_batch1","stroma2",0.4
22796,"P56_batch1","stroma2",0.0666666666666667
22797,"P56_batch1","PC",0
22798,"P56_batch1","PT",0
22799,"P56_batch1","PT",0.266666666666667
22800,"P56_batch1","Endo",0.1
22801,"P56_batch1","CNT",0
22802,"P56_batch1","Endo",0.133333333333333
22803,"P56_batch1","NP_LOH",0
22804,"P56_batch1","LOH",0
22805,"P56_batch1","LOH",0
22806,"P56_batch1","PT",0
22807,"P56_batch1","LOH",0
22808,"P56_batch1","PT",0.1
22809,"P56_batch1","Podo",0
22810,"P56_batch1","PT",0.0333333333333333
22811,"P56_batch1","PT2",0.1
22812,"P56_batch1","LOH",0
22813,"P56_batch1","Podo",0.166666666666667
22814,"P56_batch1","NP_LOH",0.0666666666666667
22815,"P56_batch1","PT2",0.133333333333333
22816,"P56_batch1","PT",0.0333333333333333
22817,"P56_batch1","PT",0.166666666666667
22818,"P56_batch1","IC",0.1
22819,"P56_batch1","PT2",0.0333333333333333
22820,"P56_batch1","stroma1",0.0666666666666667
22821,"P56_batch1","stroma2",0.433333333333333
22822,"P56_batch1","stroma2",0.133333333333333
22823,"P56_batch1","LOH",0.0666666666666667
22824,"P56_batch1","LOH",0
22825,"P56_batch1","PT",0
22826,"P56_batch1","PT",0.0666666666666667
22827,"P56_batch1","stroma1",0.0333333333333333
22828,"P56_batch1","PT",0.0666666666666667
22829,"P56_batch1","stroma1",0.2
22830,"P56_batch1","DCT",0.266666666666667
22831,"P56_batch1","CNT",0.4
22832,"P56_batch1","PC",0.5
22833,"P56_batch1","PT",0.0333333333333333
22834,"P56_batch1","PT2",0.0666666666666667
22835,"P56_batch1","DCT",0.166666666666667
22836,"P56_batch1","LOH",0
22837,"P56_batch1","DCT",0.166666666666667
22838,"P56_batch1","PT",0
22839,"P56_batch1","PT",0.0333333333333333
22840,"P56_batch1","IC",0.0333333333333333
22841,"P56_batch1","IC",0.166666666666667
22842,"P56_batch1","CNT",0.0666666666666667
22843,"P56_batch1","PT",0.0666666666666667
22844,"P56_batch1","PT",0.0333333333333333
22845,"P56_batch1","LOH",0.0333333333333333
22846,"P56_batch1","stroma2",0.333333333333333
22847,"P56_batch1","PT",0.133333333333333
22848,"P56_batch1","PT2",0.366666666666667
22849,"P56_batch1","PT",0.0666666666666667
22850,"P56_batch1","LOH",0.0666666666666667
22851,"P56_batch1","PT_out",0.0333333333333333
22852,"P56_batch1","PT",0
22853,"P56_batch1","LOH",0.133333333333333
22854,"P56_batch1","Endo",0.3
22855,"P56_batch1","PT",0.1
22856,"P56_batch1","PT",0.0666666666666667
22857,"P56_batch1","PT",0.166666666666667
22858,"P56_batch1","IC",0.0333333333333333
22859,"P56_batch1","PT",0.0333333333333333
22860,"P56_batch1","CNT",0.0333333333333333
22861,"P56_batch1","LOH",0.1
22862,"P56_batch1","PC",0
22863,"P56_batch1","Endo",0.833333333333333
22864,"P56_batch1","PT",0.0666666666666667
22865,"P56_batch1","PT2",0.233333333333333
22866,"P56_batch1","DCT",0
22867,"P56_batch1","PC",0
22868,"P56_batch1","PC",0.133333333333333
22869,"P56_batch1","LOH",0.0333333333333333
22870,"P56_batch1","stroma1",0.266666666666667
22871,"P56_batch1","DCT",0.0666666666666667
22872,"P56_batch1","DCT",0
22873,"P56_batch1","PC",0.233333333333333
22874,"P56_batch1","PT",0.333333333333333
22875,"P56_batch1","Endo",0.166666666666667
22876,"P56_batch1","PT",0
22877,"P56_batch1","PT",0.0333333333333333
22878,"P56_batch1","PT2",0.0666666666666667
22879,"P56_batch1","stroma1",0.0333333333333333
22880,"P56_batch1","PT",0
22881,"P56_batch1","LOH",0.433333333333333
22882,"P56_batch1","PT",0.133333333333333
22883,"P56_batch1","PT",0.133333333333333
22884,"P56_batch1","NP",0.166666666666667
22885,"P56_batch1","LOH",0
22886,"P56_batch1","DCT",0.466666666666667
22887,"P56_batch1","PT",0.266666666666667
22888,"P56_batch1","PT",0.266666666666667
22889,"P56_batch1","PT",0.0333333333333333
22890,"P56_batch1","CNT",0.133333333333333
22891,"P56_batch1","PT",0.166666666666667
22892,"P56_batch1","DCT",0
22893,"P56_batch1","PT",0.0333333333333333
22894,"P56_batch1","Endo",0.0333333333333333
22895,"P56_batch1","immune",0.2
22896,"P56_batch1","PT_out",0.0666666666666667
22897,"P56_batch1","CNT",0.0666666666666667
22898,"P56_batch1","PT",0.0666666666666667
22899,"P56_batch1","Podo",0.0666666666666667
22900,"P56_batch1","PT_out",0
22901,"P56_batch1","PT2",0.1
22902,"P56_batch1","Endo",0
22903,"P56_batch1","Podo",0.0666666666666667
22904,"P56_batch1","PT",0.2
22905,"P56_batch1","PT",0.366666666666667
22906,"P56_batch1","PT",0.0333333333333333
22907,"P56_batch1","NP_LOH",0.0333333333333333
22908,"P56_batch1","LOH",0
22909,"P56_batch1","stroma2",0.1
22910,"P56_batch1","Endo",0.233333333333333
22911,"P56_batch1","PT",0.1
22912,"P56_batch1","IC",0.133333333333333
22913,"P56_batch1","Endo",0.0333333333333333
22914,"P56_batch1","PT",0.833333333333333
22915,"P56_batch1","LOH",0.0333333333333333
22916,"P56_batch1","PT",0.0666666666666667
22917,"P56_batch1","PT",0.0666666666666667
22918,"P56_batch1","CNT",0
22919,"P56_batch1","PT2",0.1
22920,"P56_batch1","PT2",0.1
22921,"P56_batch1","PC",0.0333333333333333
22922,"P56_batch1","Endo",0.333333333333333
22923,"P56_batch1","stroma2",0.166666666666667
22924,"P56_batch1","PT",0.3
22925,"P56_batch1","Podo",0.133333333333333
22926,"P56_batch1","PT2",0.0333333333333333
22927,"P56_batch1","stroma1",0.1
22928,"P56_batch1","PT",0.1
22929,"P56_batch1","PT",0
22930,"P56_batch1","LOH",0.0333333333333333
22931,"P56_batch1","PT",0
22932,"P56_batch1","PT",0.166666666666667
22933,"P56_batch1","stroma1",0.266666666666667
22934,"P56_batch1","CNT",0.0333333333333333
22935,"P56_batch1","PT",0.0333333333333333
22936,"P56_batch1","IC",0.0666666666666667
22937,"P56_batch1","PT",0
22938,"P56_batch1","PT2",0.866666666666667
22939,"P56_batch1","CNT",0
22940,"P56_batch1","PT",0.0666666666666667
22941,"P56_batch1","PT",0
22942,"P56_batch1","PT",0
22943,"P56_batch1","PC",0.8
22944,"P56_batch1","PT2",0.0333333333333333
22945,"P56_batch1","PT",0.0666666666666667
22946,"P56_batch1","PT2",0.466666666666667
22947,"P56_batch1","DCT",0.1
22948,"P56_batch1","PT",0.5
22949,"P56_batch1","LOH",0
22950,"P56_batch1","stroma1",0.2
22951,"P56_batch1","CNT",0.0333333333333333
22952,"P56_batch1","PT2",0
22953,"P56_batch1","stroma2",0.0666666666666667
22954,"P56_batch1","DCT",0.933333333333333
22955,"P56_batch1","PT2",0.2
22956,"P56_batch1","CNT",0.0666666666666667
22957,"P56_batch1","PT",0.3
22958,"P56_batch1","PT",0.133333333333333
22959,"P56_batch1","PT",0.166666666666667
22960,"P56_batch1","Endo",0.166666666666667
22961,"P56_batch1","immune",0.0333333333333333
22962,"P56_batch1","PT",0.0333333333333333
22963,"P56_batch1","NP",0
22964,"P56_batch1","LOH",0.0333333333333333
22965,"P56_batch1","PT",0
22966,"P56_batch1","LOH",0.0333333333333333
22967,"P56_batch1","PT2",0.0666666666666667
22968,"P56_batch1","Endo",0.0666666666666667
22969,"P56_batch1","PT",0
22970,"P56_batch1","LOH",0
22971,"P56_batch1","PT",0
22972,"P56_batch1","LOH",0.0333333333333333
22973,"P56_batch1","PC",0.166666666666667
22974,"P56_batch1","immune",0.4
22975,"P56_batch1","PT",0.433333333333333
22976,"P56_batch1","PT",0.0666666666666667
22977,"P56_batch1","LOH",0.1
22978,"P56_batch1","LOH",0.2
22979,"P56_batch1","LOH",0.0666666666666667
22980,"P56_batch1","PT",0.1
22981,"P56_batch1","PT_out",0.0333333333333333
22982,"P56_batch1","PT",0.3
22983,"P56_batch1","PT",0.2
22984,"P56_batch1","PT",0.3
22985,"P56_batch1","PT2",0.0333333333333333
22986,"P56_batch1","PT2",0.0666666666666667
22987,"P56_batch1","stroma2",0.266666666666667
22988,"P56_batch1","LOH",0.0666666666666667
22989,"P56_batch1","PT",0.0333333333333333
22990,"P56_batch1","PT",0.1
22991,"P56_batch1","stroma2",0.0666666666666667
22992,"P56_batch1","PT2",0.1
22993,"P56_batch1","Podo",0.0333333333333333
22994,"P56_batch1","PC",0.0666666666666667
22995,"P56_batch1","LOH",0.0333333333333333
22996,"P56_batch1","PT",0.2
22997,"P56_batch1","LOH",0.233333333333333
22998,"P56_batch1","immune",0.1
22999,"P56_batch1","stroma2",0
23000,"P56_batch1","Endo",0.2
23001,"P56_batch1","stroma2",0.0333333333333333
23002,"P56_batch1","PT",0.0333333333333333
23003,"P56_batch1","PT",0.166666666666667
23004,"P56_batch1","PT2",0.0666666666666667
23005,"P56_batch1","LOH",0.433333333333333
23006,"P56_batch1","DCT",0
23007,"P56_batch1","DCT",0.0666666666666667
23008,"P56_batch1","Endo",0
23009,"P56_batch1","PC",0.0333333333333333
23010,"P56_batch1","PT",0.233333333333333
23011,"P56_batch1","PT2",0.4
23012,"P56_batch1","PT",0.466666666666667
23013,"P56_batch1","Endo",0.1
23014,"P56_batch1","PT",0.133333333333333
23015,"P56_batch1","Podo",0.133333333333333
23016,"P56_batch1","PC",0.0666666666666667
23017,"P56_batch1","Endo",0.133333333333333
23018,"P56_batch1","stroma2",0.266666666666667
23019,"P56_batch1","LOH",0
23020,"P56_batch1","LOH",0.0333333333333333
23021,"P56_batch1","stroma2",0.0333333333333333
23022,"P56_batch1","CNT",0.233333333333333
23023,"P56_batch1","PT",0.0333333333333333
23024,"P56_batch1","LOH",0.0333333333333333
23025,"P56_batch1","immune",0.333333333333333
23026,"P56_batch1","LOH",0
23027,"P56_batch1","PT",0.233333333333333
23028,"P56_batch1","PT",0.0333333333333333
23029,"P56_batch1","Endo",0.266666666666667
23030,"P56_batch1","DCT",0
23031,"P56_batch1","DCT",0.133333333333333
23032,"P56_batch1","PT",0.0333333333333333
23033,"P56_batch1","PT",0.1
23034,"P56_batch1","PT",0
23035,"P56_batch1","immune",0.1
23036,"P56_batch1","LOH",0
23037,"P56_batch1","PT",0.1
23038,"P56_batch1","Endo",0.0666666666666667
23039,"P56_batch1","LOH",0.3
23040,"P56_batch1","stroma2",0.0666666666666667
23041,"P56_batch1","PT2",0.266666666666667
23042,"P56_batch1","PT",0
23043,"P56_batch1","LOH",0.633333333333333
23044,"P56_batch1","PT",0.0333333333333333
23045,"P56_batch1","PT",0
23046,"P56_batch1","PT",0.0666666666666667
23047,"P56_batch1","stroma2",0.0666666666666667
23048,"P56_batch1","PT",0.2
23049,"P56_batch1","Endo",0.1
23050,"P56_batch1","stroma2",0.0666666666666667
23051,"P56_batch1","LOH",0
23052,"P56_batch1","PT",0
23053,"P56_batch1","NP",0.1
23054,"P56_batch1","NP",0.0333333333333333
23055,"P56_batch1","PT",0.133333333333333
23056,"P56_batch1","PT",0.0333333333333333
23057,"P56_batch1","Endo",0.133333333333333
23058,"P56_batch1","CNT",0
23059,"P56_batch1","stroma1",0.1
23060,"P56_batch1","PT",0.0666666666666667
23061,"P56_batch1","PT",0.233333333333333
23062,"P56_batch1","PT",0.0666666666666667
23063,"P56_batch1","PC",0.166666666666667
23064,"P56_batch1","Podo",0.2
23065,"P56_batch1","PT2",0.466666666666667
23066,"P56_batch1","PT",0.0333333333333333
23067,"P56_batch1","NP",0
23068,"P56_batch1","PT",0.0333333333333333
23069,"P56_batch1","PT",0.0333333333333333
23070,"P56_batch1","CNT",0.0666666666666667
23071,"P56_batch1","stroma2",0.233333333333333
23072,"P56_batch1","PT2",0.1
23073,"P56_batch1","IC",0.233333333333333
23074,"P56_batch1","PT2",0.133333333333333
23075,"P56_batch1","PT",0.0666666666666667
23076,"P56_batch1","stroma2",0
23077,"P56_batch1","DCT",0.0666666666666667
23078,"P56_batch1","CNT",0.166666666666667
23079,"P56_batch1","PT",0.0666666666666667
23080,"P56_batch1","PT",0.0333333333333333
23081,"P56_batch1","LOH",0.0333333333333333
23082,"P56_batch1","DCT",0.266666666666667
23083,"P56_batch1","PT2",0
23084,"P56_batch1","PT",0.0333333333333333
23085,"P56_batch1","LOH",0
23086,"P56_batch1","PT",0
23087,"P56_batch1","CNT",0.0666666666666667
23088,"P56_batch1","LOH",0.2
23089,"P56_batch1","PT2",0.0333333333333333
23090,"P56_batch1","Endo",0.766666666666667
23091,"P56_batch1","PT",0.0666666666666667
23092,"P56_batch1","Podo",0.0333333333333333
23093,"P56_batch1","PT",0.4
23094,"P56_batch1","PT2",0.466666666666667
23095,"P56_batch1","PT",0.366666666666667
23096,"P56_batch1","PC",0.0333333333333333
23097,"P56_batch1","PT",1
23098,"P56_batch1","LOH",0.133333333333333
23099,"P56_batch1","PT_out",0.0333333333333333
23100,"P56_batch1","PT",0.0333333333333333
23101,"P56_batch1","PT",0.0666666666666667
23102,"P56_batch1","CNT",0
23103,"P56_batch1","LOH",0
23104,"P56_batch1","PT",0
23105,"P56_batch1","PT",0.266666666666667
23106,"P56_batch1","stroma2",0.1
23107,"P56_batch1","IC",0.1
23108,"P56_batch1","PT",0.3
23109,"P56_batch1","PT",0.0666666666666667
23110,"P56_batch1","PT",0.5
23111,"P56_batch1","DCT",0
23112,"P56_batch1","LOH",0
23113,"P56_batch1","LOH",0.0333333333333333
23114,"P56_batch1","NP_LOH",0.2
23115,"P56_batch1","CNT",0.0333333333333333
23116,"P56_batch1","PT",0.6
23117,"P56_batch1","PT",0.1
23118,"P56_batch1","CNT",0.1
23119,"P56_batch1","PT",0.5
23120,"P56_batch1","immune",0.166666666666667
23121,"P56_batch1","PT2",0.0666666666666667
23122,"P56_batch1","LOH",0.1
23123,"P56_batch1","PT2",0.533333333333333
23124,"P56_batch1","Endo",0.1
23125,"P56_batch1","PT2",0.0333333333333333
23126,"P56_batch1","Endo",0.133333333333333
23127,"P56_batch1","PT",0.0333333333333333
23128,"P56_batch1","PT2",0.0666666666666667
23129,"P56_batch1","LOH",0
23130,"P56_batch1","PT",0.4
23131,"P56_batch1","Podo",0.1
23132,"P56_batch1","DCT",0.0666666666666667
23133,"P56_batch1","LOH",0
23134,"P56_batch1","PT",0.0333333333333333
23135,"P56_batch1","PT2",0.133333333333333
23136,"P56_batch1","PT",0.0333333333333333
23137,"P56_batch1","LOH",0.4
23138,"P56_batch1","DCT",0.0666666666666667
23139,"P56_batch1","PT",0.2
23140,"P56_batch1","PT",0.1
23141,"P56_batch1","PT",0.166666666666667
23142,"P56_batch1","Endo",0.5
23143,"P56_batch1","PT",0.1
23144,"P56_batch1","PT_out",0
23145,"P56_batch1","LOH",0
23146,"P56_batch1","stroma2",0.0333333333333333
23147,"P56_batch1","PT",0.166666666666667
23148,"P56_batch1","PT",0.0333333333333333
23149,"P56_batch1","LOH",0
23150,"P56_batch1","Endo",0.2
23151,"P56_batch1","PT",0.0333333333333333
23152,"P56_batch1","PT",0.233333333333333
23153,"P56_batch1","PT",0.1
23154,"P56_batch1","PT",0.0333333333333333
23155,"P56_batch1","LOH",0.0666666666666667
23156,"P56_batch1","PT",0.1
23157,"P56_batch1","stroma2",0.0333333333333333
23158,"P56_batch1","LOH",0.0666666666666667
23159,"P56_batch1","PT",0.0333333333333333
23160,"P56_batch1","PT",0.1
23161,"P56_batch1","IC",0.433333333333333
23162,"P56_batch1","stroma2",0.2
23163,"P56_batch1","PT",0.566666666666667
23164,"P56_batch1","PT",0.1
23165,"P56_batch1","PT2",0.733333333333333
23166,"P56_batch1","stroma1",0.0333333333333333
23167,"P56_batch1","Endo",0
23168,"P56_batch1","Endo",0.166666666666667
23169,"P56_batch1","LOH",0.0333333333333333
23170,"P56_batch1","LOH",0.1
23171,"P56_batch1","CNT",0
23172,"P56_batch1","LOH",0.0333333333333333
23173,"P56_batch1","LOH",0.133333333333333
23174,"P56_batch1","LOH",0
23175,"P56_batch1","CNT",0.0666666666666667
23176,"P56_batch1","PT",0.0333333333333333
23177,"P56_batch1","IC",0.0666666666666667
23178,"P56_batch1","PT",0.0333333333333333
23179,"P56_batch1","PT",0.133333333333333
23180,"P56_batch1","PT_out",0.133333333333333
23181,"P56_batch1","LOH",0.4
23182,"P56_batch1","PT",0.0666666666666667
23183,"P56_batch1","PT",0.133333333333333
23184,"P56_batch1","DCT",0.0333333333333333
23185,"P56_batch1","IC",0.1
23186,"P56_batch1","PC",0.1
23187,"P56_batch1","Endo",0.133333333333333
23188,"P56_batch1","Endo",0.133333333333333
23189,"P56_batch1","LOH",0
23190,"P56_batch1","LOH",0.0333333333333333
23191,"P56_batch1","PT2",0.1
23192,"P56_batch1","Endo",0.133333333333333
23193,"P56_batch1","LOH",0.0333333333333333
23194,"P56_batch1","DCT",0.0333333333333333
23195,"P56_batch1","PT2",0.133333333333333
23196,"P56_batch1","PT",0.0666666666666667
23197,"P56_batch1","Endo",0.333333333333333
23198,"P56_batch1","LOH",0.0333333333333333
23199,"P56_batch1","Endo",0.0333333333333333
23200,"P56_batch1","DCT",0.1
23201,"P56_batch1","PT2",0.0666666666666667
23202,"P56_batch1","PT",0.2
23203,"P56_batch1","LOH",0.0666666666666667
23204,"P56_batch1","PT",0.0333333333333333
23205,"P56_batch1","LOH",0.0666666666666667
23206,"P56_batch1","PT",0.166666666666667
23207,"P56_batch1","stroma2",0.166666666666667
23208,"P56_batch1","IC",0.0666666666666667
23209,"P56_batch1","PT2",0.133333333333333
23210,"P56_batch1","PT",0.0333333333333333
23211,"P56_batch1","Endo",0.133333333333333
23212,"P56_batch1","LOH",0.133333333333333
23213,"P56_batch1","immune",0.5
23214,"P56_batch1","LOH",0.266666666666667
23215,"P56_batch1","DCT",0.0333333333333333
23216,"P56_batch1","LOH",0
23217,"P56_batch1","PT",0.966666666666667
23218,"P56_batch1","Endo",0.2
23219,"P56_batch1","stroma2",0.1
23220,"P56_batch1","PT",0.0666666666666667
23221,"P56_batch1","PT",0.1
23222,"P56_batch1","stroma2",0.0666666666666667
23223,"P56_batch1","PT2",0
23224,"P56_batch1","PT",0.0333333333333333
23225,"P56_batch1","PT",0.3
23226,"P56_batch1","PT2",0.1
23227,"P56_batch1","PT2",0.7
23228,"P56_batch1","IC",0.366666666666667
23229,"P56_batch1","Endo",0.2
23230,"P56_batch1","CNT",0.133333333333333
23231,"P56_batch1","PT2",0.0666666666666667
23232,"P56_batch1","PT",0.4
23233,"P56_batch1","LOH",0.0333333333333333
23234,"P56_batch1","PT2",0.133333333333333
23235,"P56_batch1","NP",0.6
23236,"P56_batch1","Podo",0.0333333333333333
23237,"P56_batch1","DCT",0.1
23238,"P56_batch1","PT",0.1
23239,"P56_batch1","stroma2",0.0666666666666667
23240,"P56_batch1","IC",0.0333333333333333
23241,"P56_batch1","LOH",0
23242,"P56_batch1","LOH",0
23243,"P56_batch1","PT2",0.2
23244,"P56_batch1","PT",0
23245,"P56_batch1","PT",0
23246,"P56_batch1","LOH",0.0666666666666667
23247,"P56_batch1","PT",0.0333333333333333
23248,"P56_batch1","DCT",0.0666666666666667
23249,"P56_batch1","CNT",0.1
23250,"P56_batch1","PT2",0.1
23251,"P56_batch1","PT",0.0333333333333333
23252,"P56_batch1","Endo",0.266666666666667
23253,"P56_batch1","PT",0.0666666666666667
23254,"P56_batch1","PT",0.0666666666666667
23255,"P56_batch1","LOH",0
23256,"P56_batch1","PT",0.0666666666666667
23257,"P56_batch1","PT2",0.0666666666666667
23258,"P56_batch1","CNT",0.133333333333333
23259,"P56_batch1","Endo",0.366666666666667
23260,"P56_batch1","PT_out",0.0666666666666667
23261,"P56_batch1","PT",0.0333333333333333
23262,"P56_batch1","PC",0.0333333333333333
23263,"P56_batch1","PT",0.0333333333333333
23264,"P56_batch1","stroma2",0.2
23265,"P56_batch1","PC",0.0333333333333333
23266,"P56_batch1","PT",0
23267,"P56_batch1","Endo",0.2
23268,"P56_batch1","DCT",0
23269,"P56_batch1","CNT",0
23270,"P56_batch1","PT",0.0666666666666667
23271,"P56_batch1","Endo",0.2
23272,"P56_batch1","DCT",0
23273,"P56_batch1","PT",0.2
23274,"P56_batch1","PT2",0.0333333333333333
23275,"P56_batch1","NP_LOH",0.1
23276,"P56_batch1","Endo",0.133333333333333
23277,"P56_batch1","PT",0.0666666666666667
23278,"P56_batch1","stroma2",0.0666666666666667
23279,"P56_batch1","NP_LOH",0.0333333333333333
23280,"P56_batch1","IC",0.2
23281,"P56_batch1","PT",0.0666666666666667
23282,"P56_batch1","Endo",0.3
23283,"P56_batch1","stroma2",0.0666666666666667
23284,"P56_batch1","PT",0
23285,"P56_batch1","PT",0.0666666666666667
23286,"P56_batch1","PT",0.0666666666666667
23287,"P56_batch1","PT",0.2
23288,"P56_batch1","PT",0
23289,"P56_batch1","stroma1",0
23290,"P56_batch1","DCT",0.133333333333333
23291,"P56_batch1","PT",0.166666666666667
23292,"P56_batch1","PT2",0.1
23293,"P56_batch1","LOH",0.0333333333333333
23294,"P56_batch1","stroma1",0.0333333333333333
23295,"P56_batch1","stroma2",0.2
23296,"P56_batch1","LOH",0.133333333333333
23297,"P56_batch1","PT",0.266666666666667
23298,"P56_batch1","stroma2",0.1
23299,"P56_batch1","PT",0.0333333333333333
23300,"P56_batch1","stroma2",0.266666666666667
23301,"P56_batch1","Podo",0
23302,"P56_batch1","IC",0.0333333333333333
23303,"P56_batch1","PC",0.2
23304,"P56_batch1","immune",0.233333333333333
23305,"P56_batch1","PT2",0
23306,"P56_batch1","PT",0.1
23307,"P56_batch1","PT2",0.0666666666666667
23308,"P56_batch1","DCT",0
23309,"P56_batch1","CNT",0.3
23310,"P56_batch1","stroma2",0
23311,"P56_batch1","PT2",0
23312,"P56_batch1","Endo",0.566666666666667
23313,"P56_batch1","PT",0.133333333333333
23314,"P56_batch1","PT2",0.0333333333333333
23315,"P56_batch1","PT",0.466666666666667
23316,"P56_batch1","PT",0.4
23317,"P56_batch1","CNT",0.266666666666667
23318,"P56_batch1","LOH",0
23319,"P56_batch1","PT2",0.2
23320,"P56_batch1","Endo",0.1
23321,"P56_batch1","stroma1",0.366666666666667
23322,"P56_batch1","PT",0.2
23323,"P56_batch1","PT",0.233333333333333
23324,"P56_batch1","Endo",0.1
23325,"P56_batch1","PT",0.3
23326,"P56_batch1","PT",0.6
23327,"P56_batch1","Endo",0.2
23328,"P56_batch1","PT",0.166666666666667
23329,"P56_batch1","stroma2",0.233333333333333
23330,"P56_batch1","PT",0
23331,"P56_batch1","PT",0.1
23332,"P56_batch1","PT2",0.0333333333333333
23333,"P56_batch1","PT",0.0666666666666667
23334,"P56_batch1","PT2",0
23335,"P56_batch1","PT2",0.0666666666666667
23336,"P56_batch1","PT",0.0333333333333333
23337,"P56_batch1","PT2",0.5
23338,"P56_batch1","LOH",0.1
23339,"P56_batch1","PT",0.0333333333333333
23340,"P56_batch1","PC",0.1
23341,"P56_batch1","immune",0.733333333333333
23342,"P56_batch1","LOH",0.433333333333333
23343,"P56_batch1","PT",0.1
23344,"P56_batch1","LOH",0.0333333333333333
23345,"P56_batch1","CNT",0
23346,"P56_batch1","stroma2",0.2
23347,"P56_batch1","LOH",0.0333333333333333
23348,"P56_batch1","stroma2",0.1
23349,"P56_batch1","LOH",0.966666666666667
23350,"P56_batch1","stroma2",0.233333333333333
23351,"P56_batch1","IC",0.0333333333333333
23352,"P56_batch1","PT",0.566666666666667
23353,"P56_batch1","IC",0.233333333333333
23354,"P56_batch1","stroma2",0.166666666666667
23355,"P56_batch1","PT",0.133333333333333
23356,"P56_batch1","PT",0.166666666666667
23357,"P56_batch1","PT2",0.133333333333333
23358,"P56_batch1","PT2",0.0666666666666667
23359,"P56_batch1","PT",0.4
23360,"P56_batch1","PT",0.0333333333333333
23361,"P56_batch1","LOH",0.0333333333333333
23362,"P56_batch1","LOH",0.0666666666666667
23363,"P56_batch1","PT2",0.1
23364,"P56_batch1","PT2",0.0666666666666667
23365,"P56_batch1","PT2",0.166666666666667
23366,"P56_batch1","PT",0.133333333333333
23367,"P56_batch1","LOH",0
23368,"P56_batch1","PT",0.0333333333333333
23369,"P56_batch1","Endo",0.166666666666667
23370,"P56_batch1","PT",0.266666666666667
23371,"P56_batch1","PT",0
23372,"P56_batch1","PT",0.0333333333333333
23373,"P56_batch1","PT",0.0333333333333333
23374,"P56_batch1","PT",0.433333333333333
23375,"P56_batch1","LOH",0.0333333333333333
23376,"P56_batch1","Endo",0.4
23377,"P56_batch1","LOH",0
23378,"P56_batch1","LOH",0.433333333333333
23379,"P56_batch1","PT",0
23380,"P56_batch1","Endo",0.0333333333333333
23381,"P56_batch1","LOH",0
23382,"P56_batch1","LOH",0
23383,"P56_batch1","IC",0.0666666666666667
23384,"P56_batch1","PT",0.266666666666667
23385,"P56_batch1","Endo",0.0333333333333333
23386,"P56_batch1","PT2",0.233333333333333
23387,"P56_batch1","PC",0.1
23388,"P56_batch1","LOH",0.1
23389,"P56_batch1","DCT",0.766666666666667
23390,"P56_batch1","PT",0.0333333333333333
23391,"P56_batch1","PT",0
23392,"P56_batch1","Endo",0.0333333333333333
23393,"P56_batch1","PC",0.166666666666667
23394,"P56_batch1","DCT",0.0333333333333333
23395,"P56_batch1","PT",0.0666666666666667
23396,"P56_batch1","PT",0.1
23397,"P56_batch1","PT",0.133333333333333
23398,"P56_batch1","PT",0.4
23399,"P56_batch1","PT",0
23400,"P56_batch1","PT",0.0666666666666667
23401,"P56_batch1","PT",0.133333333333333
23402,"P56_batch1","DCT",0.466666666666667
23403,"P56_batch1","Endo",0.4
23404,"P56_batch1","PT",0.0666666666666667
23405,"P56_batch1","NP_LOH",0.0333333333333333
23406,"P56_batch1","PT",0.1
23407,"P56_batch1","LOH",0.1
23408,"P56_batch1","PT",0
23409,"P56_batch1","PT",0.0333333333333333
23410,"P56_batch1","stroma2",0.4
23411,"P56_batch1","LOH",0
23412,"P56_batch1","LOH",0.0666666666666667
23413,"P56_batch1","LOH",0.1
23414,"P56_batch1","PT",0.333333333333333
23415,"P56_batch1","Podo",0
23416,"P56_batch1","stroma2",0.0333333333333333
23417,"P56_batch1","Endo",0.133333333333333
23418,"P56_batch1","PT",0.2
23419,"P56_batch1","PT",0.1
23420,"P56_batch1","DCT",0.1
23421,"P56_batch1","LOH",0.166666666666667
23422,"P56_batch1","PT",0.133333333333333
23423,"P56_batch1","PT",0
23424,"P56_batch1","PT",0.733333333333333
23425,"P56_batch1","PT",0
23426,"P56_batch1","LOH",0.0666666666666667
23427,"P56_batch1","PT",0.0333333333333333
23428,"P56_batch1","Endo",0.0333333333333333
23429,"P56_batch1","Endo",0.233333333333333
23430,"P56_batch1","LOH",0
23431,"P56_batch1","PT",0.0666666666666667
23432,"P56_batch1","PT",0.0333333333333333
23433,"P56_batch1","LOH",0
23434,"P56_batch1","Endo",0.0666666666666667
23435,"P56_batch1","LOH",0.0333333333333333
23436,"P56_batch1","PC",0.0666666666666667
23437,"P56_batch1","CNT",0.0333333333333333
23438,"P56_batch1","stroma2",0.0666666666666667
23439,"P56_batch1","PT2",0.166666666666667
23440,"P56_batch1","IC",0.233333333333333
23441,"P56_batch1","Podo",0.266666666666667
23442,"P56_batch1","PT",0.133333333333333
23443,"P56_batch1","LOH",0.1
23444,"P56_batch1","PT",0.166666666666667
23445,"P56_batch1","IC",0.0333333333333333
23446,"P56_batch1","stroma2",0.166666666666667
23447,"P56_batch1","PT",0.0666666666666667
23448,"P56_batch1","DCT",0
23449,"P56_batch1","PT",0.0333333333333333
23450,"P56_batch1","PT",0.0666666666666667
23451,"P56_batch1","immune",0
23452,"P56_batch1","IC",0.1
23453,"P56_batch1","LOH",0
23454,"P56_batch1","stroma2",0.133333333333333
23455,"P56_batch1","LOH",0.133333333333333
23456,"P56_batch1","Podo",0.166666666666667
23457,"P56_batch1","PT",0.666666666666667
23458,"P56_batch1","LOH",0.1
23459,"P56_batch1","PT",0.666666666666667
23460,"P56_batch1","PT",0.233333333333333
23461,"P56_batch1","DCT",0
23462,"P56_batch1","PT",0
23463,"P56_batch1","Endo",0.466666666666667
23464,"P56_batch1","PT",0.5
23465,"P56_batch1","PT2",0.266666666666667
23466,"P56_batch1","stroma2",0.0666666666666667
23467,"P56_batch1","PT2",0.133333333333333
23468,"P56_batch1","PT",0.233333333333333
23469,"P56_batch1","immune",0
23470,"P56_batch1","PT",0.166666666666667
23471,"P56_batch1","PT",0.0666666666666667
23472,"P56_batch1","Endo",0.0333333333333333
23473,"P56_batch1","PT",0.0333333333333333
23474,"P56_batch1","NP_LOH",0.133333333333333
23475,"P56_batch1","PT",0.8
23476,"P56_batch1","IC",0.0666666666666667
23477,"P56_batch1","LOH",0.0333333333333333
23478,"P56_batch1","PT",0.1
23479,"P56_batch1","PT",0.333333333333333
23480,"P56_batch1","LOH",0.0666666666666667
23481,"P56_batch1","PT",0.566666666666667
23482,"P56_batch1","CNT",0.0666666666666667
23483,"P56_batch1","Endo",0
23484,"P56_batch1","PT",0
23485,"P56_batch1","LOH",0
23486,"P56_batch1","PT2",0
23487,"P56_batch1","stroma2",0.0333333333333333
23488,"P56_batch1","stroma2",0
23489,"P56_batch1","DCT",0
23490,"P56_batch1","PT",0.0333333333333333
23491,"P56_batch1","Endo",0.333333333333333
23492,"P56_batch1","PT",0.3
23493,"P56_batch1","PT2",0.233333333333333
23494,"P56_batch1","NP_LOH",0.133333333333333
23495,"P56_batch1","PT",0.3
23496,"P56_batch1","NP",0.0666666666666667
23497,"P56_batch1","PC",0.2
23498,"P56_batch1","DCT",0
23499,"P56_batch1","LOH",0.0333333333333333
23500,"P56_batch1","stroma2",0.266666666666667
23501,"P56_batch1","PT",0.1
23502,"P56_batch1","PT2",0.0666666666666667
23503,"P56_batch1","PC",0.166666666666667
23504,"P56_batch1","LOH",0.0333333333333333
23505,"P56_batch1","stroma2",0.0666666666666667
23506,"P56_batch1","PT",0.133333333333333
23507,"P56_batch1","PT",0.0666666666666667
23508,"P56_batch1","CNT",0.1
23509,"P56_batch1","DCT",0
23510,"P56_batch1","LOH",0
23511,"P56_batch1","PT",0.0333333333333333
23512,"P56_batch1","CNT",0.2
23513,"P56_batch1","LOH",0.0666666666666667
23514,"P56_batch1","Endo",0.266666666666667
23515,"P56_batch1","LOH",0.166666666666667
23516,"P56_batch1","PT",0
23517,"P56_batch1","LOH",0.0333333333333333
23518,"P56_batch1","immune",0.0666666666666667
23519,"P56_batch1","PT",0.0333333333333333
23520,"P56_batch1","LOH",0.1
23521,"P56_batch1","PT",0
23522,"P56_batch1","stroma2",0.0666666666666667
23523,"P56_batch1","Endo",0.133333333333333
23524,"P56_batch1","Endo",0.0333333333333333
23525,"P56_batch1","PC",0
23526,"P56_batch1","PT",0.366666666666667
23527,"P56_batch1","stroma2",0.333333333333333
23528,"P56_batch1","NP_LOH",0.366666666666667
23529,"P56_batch1","PC",0.0666666666666667
23530,"P56_batch1","LOH",0.233333333333333
23531,"P56_batch1","stroma1",0.0333333333333333
23532,"P56_batch1","LOH",0.0333333333333333
23533,"P56_batch1","stroma2",0.233333333333333
23534,"P56_batch1","PT2",0.133333333333333
23535,"P56_batch1","CNT",0.0333333333333333
23536,"P56_batch1","PT_out",0
23537,"P56_batch1","PT",0.0333333333333333
23538,"P56_batch1","Endo",0.366666666666667
23539,"P56_batch1","LOH",0
23540,"P56_batch1","LOH",0.1
23541,"P56_batch1","PT",0.133333333333333
23542,"P56_batch1","PT",0.0666666666666667
23543,"P56_batch1","PT",0.0333333333333333
23544,"P56_batch1","PT",0
23545,"P56_batch1","LOH",0.0333333333333333
23546,"P56_batch1","Endo",0.0333333333333333
23547,"P56_batch1","LOH",0.333333333333333
23548,"P56_batch1","PT",0.1
23549,"P56_batch1","NP",0.233333333333333
23550,"P56_batch1","stroma2",0.0333333333333333
23551,"P56_batch1","stroma2",0.0666666666666667
23552,"P56_batch1","Endo",0.266666666666667
23553,"P56_batch1","PC",0.166666666666667
23554,"P56_batch1","LOH",0.133333333333333
23555,"P56_batch1","PT",0.0666666666666667
23556,"P56_batch1","Endo",0.166666666666667
23557,"P56_batch1","LOH",0.0666666666666667
23558,"P56_batch1","PT",0.233333333333333
23559,"P56_batch1","PT2",0.633333333333333
23560,"P56_batch1","PT",0.0666666666666667
23561,"P56_batch1","IC",0
23562,"P56_batch1","LOH",0
23563,"P56_batch1","DCT",0.0666666666666667
23564,"P56_batch1","PT2",0.166666666666667
23565,"P56_batch1","CNT",0.0333333333333333
23566,"P56_batch1","PT",0.1
23567,"P56_batch1","Podo",0.0333333333333333
23568,"P56_batch1","stroma2",0.0333333333333333
23569,"P56_batch1","PT",0.566666666666667
23570,"P56_batch1","DCT",0.2
23571,"P56_batch1","Podo",0.4
23572,"P56_batch1","LOH",0
23573,"P56_batch1","PT",0.466666666666667
23574,"P56_batch1","LOH",0.166666666666667
23575,"P56_batch1","PT",0.0333333333333333
23576,"P56_batch1","Endo",0.166666666666667
23577,"P56_batch1","Endo",0.466666666666667
23578,"P56_batch1","Endo",0.166666666666667
23579,"P56_batch1","PT",0
23580,"P56_batch1","PT",0.0666666666666667
23581,"P56_batch1","PT",0.133333333333333
23582,"P56_batch1","LOH",0.0333333333333333
23583,"P56_batch1","PT",0
23584,"P56_batch1","PT2",0.2
23585,"P56_batch1","PT",0.3
23586,"P56_batch1","stroma2",0.0666666666666667
23587,"P56_batch1","PT2",0.333333333333333
23588,"P56_batch1","Endo",0.333333333333333
23589,"P56_batch1","IC",0.233333333333333
23590,"P56_batch1","PT",0.0666666666666667
23591,"P56_batch1","DCT",0.166666666666667
23592,"P56_batch1","PT2",0.0333333333333333
23593,"P56_batch1","PT",0.633333333333333
23594,"P56_batch1","LOH",0.0666666666666667
23595,"P56_batch1","PT",0.0333333333333333
23596,"P56_batch1","Podo",0.0333333333333333
23597,"P56_batch1","Endo",0.133333333333333
23598,"P56_batch1","IC",0.133333333333333
23599,"P56_batch1","PT",0.2
23600,"P56_batch1","PT",0
23601,"P56_batch1","PT",0.2
23602,"P56_batch1","LOH",0.0333333333333333
23603,"P56_batch1","PT",0.133333333333333
23604,"P56_batch1","PT",0.266666666666667
23605,"P56_batch1","IC",0.333333333333333
23606,"P56_batch1","Endo",0.433333333333333
23607,"P56_batch1","PT",0
23608,"P56_batch1","LOH",0.133333333333333
23609,"P56_batch1","PT",0
23610,"P56_batch1","stroma2",0.5
23611,"P56_batch1","LOH",0.133333333333333
23612,"P56_batch1","stroma2",0.333333333333333
23613,"P56_batch1","PC",0
23614,"P56_batch1","PT",0.133333333333333
23615,"P56_batch1","stroma2",0
23616,"P56_batch1","LOH",0
23617,"P56_batch1","LOH",0.1
23618,"P56_batch1","PT",0.0333333333333333
23619,"P56_batch1","LOH",0.4
23620,"P56_batch1","DCT",0.0666666666666667
23621,"P56_batch1","LOH",0.0666666666666667
23622,"P56_batch1","stroma2",0.0666666666666667
23623,"P56_batch1","Endo",0.133333333333333
23624,"P56_batch1","PT",0.233333333333333
23625,"P56_batch1","PT",0.0666666666666667
23626,"P56_batch1","PT",0.133333333333333
23627,"P56_batch1","DCT",0
23628,"P56_batch1","PT",0
23629,"P56_batch1","LOH",0.0666666666666667
23630,"P56_batch1","PT",0.133333333333333
23631,"P56_batch1","PT",0.1
23632,"P56_batch1","Endo",0.0333333333333333
23633,"P56_batch1","PT",0
23634,"P56_batch1","immune",0.166666666666667
23635,"P56_batch1","stroma2",0.166666666666667
23636,"P56_batch1","PT2",0.1
23637,"P56_batch1","PT",0.266666666666667
23638,"P56_batch1","DCT",0.566666666666667
23639,"P56_batch1","LOH",0.1
23640,"P56_batch1","PT",0.0333333333333333
23641,"P56_batch1","LOH",0
23642,"P56_batch1","stroma2",0.166666666666667
23643,"P56_batch1","LOH",0.0333333333333333
23644,"P56_batch1","PT",0.166666666666667
23645,"P56_batch1","PT2",0.0333333333333333
23646,"P56_batch1","Podo",0
23647,"P56_batch1","IC",0.1
23648,"P56_batch1","CNT",0.166666666666667
23649,"P56_batch1","PT",0.733333333333333
23650,"P56_batch1","PT",0
23651,"P56_batch1","LOH",0.0333333333333333
23652,"P56_batch1","Endo",0.0333333333333333
23653,"P56_batch1","PT2",0.4
23654,"P56_batch1","PT2",0.0666666666666667
23655,"P56_batch1","PT",0.133333333333333
23656,"P56_batch1","PT",0.3
23657,"P56_batch1","PT2",0.166666666666667
23658,"P56_batch1","Podo",0.0333333333333333
23659,"P56_batch1","Endo",0.233333333333333
23660,"P56_batch1","stroma2",0.166666666666667
23661,"P56_batch1","PT",0.0666666666666667
23662,"P56_batch1","CNT",0.133333333333333
23663,"P56_batch1","PT",0.0333333333333333
23664,"P56_batch1","PT",0.166666666666667
23665,"P56_batch1","NP_LOH",0.0666666666666667
23666,"P56_batch1","PT",0.0666666666666667
23667,"P56_batch1","LOH",0
23668,"P56_batch1","LOH",0.633333333333333
23669,"P56_batch1","LOH",0
23670,"P56_batch1","PT",0.0333333333333333
23671,"P56_batch1","LOH",0
23672,"P56_batch1","Endo",0.3
23673,"P56_batch1","IC",0.0333333333333333
23674,"P56_batch1","PT2",0.0333333333333333
23675,"P56_batch1","PT",0.1
23676,"P56_batch1","IC",0.133333333333333
23677,"P56_batch1","PT",0.533333333333333
23678,"P56_batch1","PT",0.0333333333333333
23679,"P56_batch1","PC",0.1
23680,"P56_batch1","stroma1",0.0666666666666667
23681,"P56_batch1","Podo",0.166666666666667
23682,"P56_batch1","stroma2",0.133333333333333
23683,"P56_batch1","LOH",0
23684,"P56_batch1","IC",0.133333333333333
23685,"P56_batch1","PT",0.233333333333333
23686,"P56_batch1","PT",0
23687,"P56_batch1","Endo",0.166666666666667
23688,"P56_batch1","Endo",0.1
23689,"P56_batch1","Endo",0.2
23690,"P56_batch1","stroma1",0.366666666666667
23691,"P56_batch1","CNT",0.1
23692,"P56_batch1","stroma2",0.233333333333333
23693,"P56_batch1","PT",0.3
23694,"P56_batch1","DCT",0.0666666666666667
23695,"P56_batch1","PT",0.366666666666667
23696,"P56_batch1","stroma2",0.1
23697,"P56_batch1","PT2",0
23698,"P56_batch1","Endo",0
23699,"P56_batch1","PT",0.1
23700,"P56_batch1","PT",0
23701,"P56_batch1","IC",0.166666666666667
23702,"P56_batch1","PT",0
23703,"P56_batch1","DCT",0.0333333333333333
23704,"P56_batch1","LOH",0.0666666666666667
23705,"P56_batch1","Endo",0.133333333333333
23706,"P56_batch1","PT",0.566666666666667
23707,"P56_batch1","stroma2",0.0666666666666667
23708,"P56_batch1","PT_out",0.0333333333333333
23709,"P56_batch1","Podo",0.0666666666666667
23710,"P56_batch1","PT",0
23711,"P56_batch1","LOH",0.0666666666666667
23712,"P56_batch1","PT_out",0.0333333333333333
23713,"P56_batch1","PT",0.0333333333333333
23714,"P56_batch1","Endo",0.0666666666666667
23715,"P56_batch1","PT",0.2
23716,"P56_batch1","PT2",0.333333333333333
23717,"P56_batch1","PT2",0.133333333333333
23718,"P56_batch1","Endo",0.266666666666667
23719,"P56_batch1","PT2",0.266666666666667
23720,"P56_batch1","Podo",0.1
23721,"P56_batch1","LOH",0.1
23722,"P56_batch1","PT",0.0666666666666667
23723,"P56_batch1","Endo",0.3
23724,"P56_batch1","PC",0.0333333333333333
23725,"P56_batch1","PT",0.166666666666667
23726,"P56_batch1","IC",0.0666666666666667
23727,"P56_batch1","Endo",0.133333333333333
23728,"P56_batch1","Podo",0.0333333333333333
23729,"P56_batch1","PT",0
23730,"P56_batch1","Endo",0.0666666666666667
23731,"P56_batch1","Endo",0.0333333333333333
23732,"P56_batch1","PT",0
23733,"P56_batch1","Endo",0.1
23734,"P56_batch1","PT",0.0666666666666667
23735,"P56_batch1","LOH",0.0333333333333333
23736,"P56_batch1","stroma1",0.166666666666667
23737,"P56_batch1","PT",0.1
23738,"P56_batch1","PT",0.133333333333333
23739,"P56_batch1","PT",0.166666666666667
23740,"P56_batch1","PT",0.0666666666666667
23741,"P56_batch1","PT",0.466666666666667
23742,"P56_batch1","LOH",0.0666666666666667
23743,"P56_batch1","LOH",0
23744,"P56_batch1","PC",0
23745,"P56_batch1","stroma2",0.166666666666667
23746,"P56_batch1","LOH",0.133333333333333
23747,"P56_batch1","LOH",0.0333333333333333
23748,"P56_batch1","LOH",0.1
23749,"P56_batch1","PT",0.0666666666666667
23750,"P56_batch1","CNT",0.0333333333333333
23751,"P56_batch1","Endo",0.0333333333333333
23752,"P56_batch1","immune",0.0333333333333333
23753,"P56_batch1","PT",0.0666666666666667
23754,"P56_batch1","Endo",0
23755,"P56_batch1","LOH",0.0333333333333333
23756,"P56_batch1","IC",0.0333333333333333
23757,"P56_batch1","Endo",0.266666666666667
23758,"P56_batch1","Endo",0.0333333333333333
23759,"P56_batch1","LOH",0
23760,"P56_batch1","Podo",0.0333333333333333
23761,"P56_batch1","Endo",0.0666666666666667
23762,"P56_batch1","LOH",0.0666666666666667
23763,"P56_batch1","PT2",0.0666666666666667
23764,"P56_batch1","NP",0.133333333333333
23765,"P56_batch1","PT",0.1
23766,"P56_batch1","PT2",0.166666666666667
23767,"P56_batch1","stroma2",0.2
23768,"P56_batch1","PC",0.1
23769,"P56_batch1","LOH",0.1
23770,"P56_batch1","stroma2",0.466666666666667
23771,"P56_batch1","PT",0
23772,"P56_batch1","Podo",0.1
23773,"P56_batch1","PT",0
23774,"P56_batch1","PT",0
23775,"P56_batch1","CNT",0.233333333333333
23776,"P56_batch1","CNT",0
23777,"P56_batch1","NP_LOH",0.133333333333333
23778,"P56_batch1","IC",0.133333333333333
23779,"P56_batch1","CNT",0.5
23780,"P56_batch1","PT",0
23781,"P56_batch1","NP_LOH",0.0333333333333333
23782,"P56_batch1","stroma2",0.0333333333333333
23783,"P56_batch1","PT",0
23784,"P56_batch1","NP",0.266666666666667
23785,"P56_batch1","PT",0.1
23786,"P56_batch1","Endo",0.133333333333333
23787,"P56_batch1","Endo",0.133333333333333
23788,"P56_batch1","stroma2",0.0666666666666667
23789,"P56_batch1","PT",0.1
23790,"P56_batch1","DCT",0
23791,"P56_batch1","PT2",0.233333333333333
23792,"P56_batch1","stroma2",0.0333333333333333
23793,"P56_batch1","stroma2",0.133333333333333
23794,"P56_batch1","PT_out",0
23795,"P56_batch1","PT",0.0333333333333333
23796,"P56_batch1","PT",0.1
23797,"P56_batch1","PT",0.133333333333333
23798,"P56_batch1","stroma1",0.266666666666667
23799,"P56_batch1","PT2",0
23800,"P56_batch1","PT2",0.333333333333333
23801,"P56_batch1","PT2",0.0666666666666667
23802,"P56_batch1","CNT",0
23803,"P56_batch1","PT",0.0666666666666667
23804,"P56_batch1","PT",0
23805,"P56_batch1","PT",0.166666666666667
23806,"P56_batch1","PT",0.0333333333333333
23807,"P56_batch1","PT",0.0333333333333333
23808,"P56_batch1","LOH",0.1
23809,"P56_batch1","Endo",0.2
23810,"P56_batch1","Endo",0.166666666666667
23811,"P56_batch1","PT2",0.0666666666666667
23812,"P56_batch1","Endo",0
23813,"P56_batch1","PC",0.733333333333333
23814,"P56_batch1","DCT",0.0666666666666667
23815,"P56_batch1","PT2",0.133333333333333
23816,"P56_batch1","PT_out",0.0666666666666667
23817,"P56_batch1","PT",0.0333333333333333
23818,"P56_batch1","stroma2",0.3
23819,"P56_batch1","PT",0.0333333333333333
23820,"P56_batch1","CNT",0
23821,"P56_batch1","stroma2",0.0666666666666667
23822,"P56_batch1","stroma2",0.3
23823,"P56_batch1","Endo",0.0333333333333333
23824,"P56_batch1","PC",0
23825,"P56_batch1","DCT",0.0333333333333333
23826,"P56_batch1","PT2",0.1
23827,"P56_batch1","PT",0.0666666666666667
23828,"P56_batch1","CNT",0.0333333333333333
23829,"P56_batch1","PT2",0.133333333333333
23830,"P56_batch1","PT_out",0.133333333333333
23831,"P56_batch1","PT",0.0333333333333333
23832,"P56_batch1","PT",0.166666666666667
23833,"P56_batch1","LOH",0.1
23834,"P56_batch1","Endo",0.0666666666666667
23835,"P56_batch1","PT",0.3
23836,"P56_batch1","CNT",0.0333333333333333
23837,"P56_batch1","LOH",0.1
23838,"P56_batch1","LOH",0.166666666666667
23839,"P56_batch1","PT",0.0666666666666667
23840,"P56_batch1","Podo",0.1
23841,"P56_batch1","LOH",0.0333333333333333
23842,"P56_batch1","PT",0
23843,"P56_batch1","DCT",0.0666666666666667
23844,"P56_batch1","LOH",0.233333333333333
23845,"P56_batch1","PT",0.0333333333333333
23846,"P56_batch1","Endo",0.166666666666667
23847,"P56_batch1","PT",0.1
23848,"P56_batch1","immune",0.0333333333333333
23849,"P56_batch1","Podo",0.0666666666666667
23850,"P56_batch1","LOH",0.0666666666666667
23851,"P56_batch1","Endo",0
23852,"P56_batch1","IC",0.133333333333333
23853,"P56_batch1","PT2",0.0333333333333333
23854,"P56_batch1","PT",0.666666666666667
23855,"P56_batch1","PT2",0.1
23856,"P56_batch1","LOH",0.0666666666666667
23857,"P56_batch1","PT",0.0333333333333333
23858,"P56_batch1","PT",0.333333333333333
23859,"P56_batch1","PT",0.0333333333333333
23860,"P56_batch1","PT",0.133333333333333
23861,"P56_batch1","PT",0.0333333333333333
23862,"P56_batch1","PT",0.0333333333333333
23863,"P56_batch1","LOH",0.0333333333333333
23864,"P56_batch1","DCT",0.433333333333333
23865,"P56_batch1","PT",0.133333333333333
23866,"P56_batch1","IC",0.0666666666666667
23867,"P56_batch1","CNT",0
23868,"P56_batch1","Endo",0.466666666666667
23869,"P56_batch1","Endo",0.1
23870,"P56_batch1","immune",0.5
23871,"P56_batch1","Endo",0.0666666666666667
23872,"P56_batch1","PT",0.0666666666666667
23873,"P56_batch1","PT",0
23874,"P56_batch1","LOH",0.0666666666666667
23875,"P56_batch1","stroma2",0.4
23876,"P56_batch1","PT",0.1
23877,"P56_batch1","PT",0.766666666666667
23878,"P56_batch1","LOH",0.0333333333333333
23879,"P56_batch1","NP_LOH",0.433333333333333
23880,"P56_batch1","DCT",0
23881,"P56_batch1","DCT",0.0333333333333333
23882,"P56_batch1","PT",0
23883,"P56_batch1","LOH",0
23884,"P56_batch1","stroma1",0.233333333333333
23885,"P56_batch1","PT2",0.0666666666666667
23886,"P56_batch1","LOH",0
23887,"P56_batch1","IC",0.1
23888,"P56_batch1","stroma1",0.0333333333333333
23889,"P56_batch1","PT",0.233333333333333
23890,"P56_batch1","LOH",0.0333333333333333
23891,"P56_batch1","PT",0.0666666666666667
23892,"P56_batch1","PT",0.266666666666667
23893,"P56_batch1","PT",0.2
23894,"P56_batch1","stroma2",0.3
23895,"P56_batch1","LOH",0.1
23896,"P56_batch1","PT",0.0333333333333333
23897,"P56_batch1","Endo",0.333333333333333
23898,"P56_batch1","PT",0.166666666666667
23899,"P56_batch1","DCT",0.0333333333333333
23900,"P56_batch1","PT",0
23901,"P56_batch1","PT2",0.0666666666666667
23902,"P56_batch1","PT",0.1
23903,"P56_batch1","PT",0.0333333333333333
23904,"P56_batch1","PT2",0.0666666666666667
23905,"P56_batch1","LOH",0
23906,"P56_batch1","immune",0.133333333333333
23907,"P56_batch1","LOH",0.0333333333333333
23908,"P56_batch1","PT",0
23909,"P56_batch1","LOH",0.0666666666666667
23910,"P56_batch1","PT",0
23911,"P56_batch1","PT2",0.0666666666666667
23912,"P56_batch1","PT",0.166666666666667
23913,"P56_batch1","CNT",0.0666666666666667
23914,"P56_batch1","LOH",0.0666666666666667
23915,"P56_batch1","Endo",0.133333333333333
23916,"P56_batch1","PT",0.0333333333333333
23917,"P56_batch1","LOH",0.0333333333333333
23918,"P56_batch1","IC",0.166666666666667
23919,"P56_batch1","stroma2",0.0333333333333333
23920,"P56_batch1","LOH",0.1
23921,"P56_batch1","LOH",0.2
23922,"P56_batch1","Endo",0.433333333333333
23923,"P56_batch1","PT",0.2
23924,"P56_batch1","stroma1",0.1
23925,"P56_batch1","LOH",0
23926,"P56_batch1","PT2",0
23927,"P56_batch1","Endo",0.5
23928,"P56_batch1","stroma1",0.166666666666667
23929,"P56_batch1","PT",0.0666666666666667
23930,"P56_batch1","Endo",0.0333333333333333
23931,"P56_batch1","LOH",0.1
23932,"P56_batch1","stroma2",0.2
23933,"P56_batch1","CNT",0.133333333333333
23934,"P56_batch1","LOH",0.0333333333333333
23935,"P56_batch1","PT2",0.0333333333333333
23936,"P56_batch1","stroma2",0.3
23937,"P56_batch1","PC",0.0333333333333333
23938,"P56_batch1","PT",0
23939,"P56_batch1","CNT",0.0666666666666667
23940,"P56_batch1","PT",0.0666666666666667
23941,"P56_batch1","PC",0.0666666666666667
23942,"P56_batch1","PT",0.1
23943,"P56_batch1","PT",0.3
23944,"P56_batch1","PT",0.4
23945,"P56_batch1","DCT",0
23946,"P56_batch1","Endo",0.2
23947,"P56_batch1","PT",0.0333333333333333
23948,"P56_batch1","Endo",0.133333333333333
23949,"P56_batch1","PT",0.466666666666667
23950,"P56_batch1","PT",0.366666666666667
23951,"P56_batch1","Endo",0.1
23952,"P56_batch1","LOH",0.1
23953,"P56_batch1","stroma2",0.166666666666667
23954,"P56_batch1","PT",0.0666666666666667
23955,"P56_batch1","PT2",0.133333333333333
23956,"P56_batch1","stroma1",0.0666666666666667
23957,"P56_batch1","PT2",0
23958,"P56_batch1","Endo",0.166666666666667
23959,"P56_batch1","stroma2",0.0666666666666667
23960,"P56_batch1","Endo",0.366666666666667
23961,"P56_batch1","PT",0.133333333333333
23962,"P56_batch1","LOH",0.0333333333333333
23963,"P56_batch1","stroma2",0.333333333333333
23964,"P56_batch1","PT",0.0333333333333333
23965,"P56_batch1","PT",0.1
23966,"P56_batch1","NP",0
23967,"P56_batch1","PT",0.533333333333333
23968,"P56_batch1","CNT",0.0333333333333333
23969,"P56_batch1","PT",0.0666666666666667
23970,"P56_batch1","stroma2",0.2
23971,"P56_batch1","PC",0.0666666666666667
23972,"P56_batch1","LOH",0.0666666666666667
23973,"P56_batch1","LOH",0.0333333333333333
23974,"P56_batch1","PT",0.1
23975,"P56_batch1","stroma2",0.0666666666666667
23976,"P56_batch1","PT",0.133333333333333
23977,"P56_batch1","PT",0.166666666666667
23978,"P56_batch1","PT",0.0666666666666667
23979,"P56_batch1","stroma2",0.0666666666666667
23980,"P56_batch1","PT",0.1
23981,"P56_batch1","stroma1",0.133333333333333
23982,"P56_batch1","PT2",0.0666666666666667
23983,"P56_batch1","PT",0.0333333333333333
23984,"P56_batch1","DCT",0.133333333333333
23985,"P56_batch1","PT",0.133333333333333
23986,"P56_batch1","PT",0
23987,"P56_batch1","Endo",0.1
23988,"P56_batch1","NP_LOH",0.133333333333333
23989,"P56_batch1","Endo",0
23990,"P56_batch1","Endo",0.0666666666666667
23991,"P56_batch1","CNT",0.3
23992,"P56_batch1","PT",0.133333333333333
23993,"P56_batch1","LOH",0.3
23994,"P56_batch1","IC",0.1
23995,"P56_batch1","PT2",0.533333333333333
23996,"P56_batch1","PT",0.133333333333333
23997,"P56_batch1","stroma1",0.133333333333333
23998,"P56_batch1","Endo",0.2
23999,"P56_batch1","CNT",0.3
24000,"P56_batch1","LOH",0.266666666666667
24001,"P56_batch1","DCT",0.0333333333333333
24002,"P56_batch1","NP_LOH",0
24003,"P56_batch1","PT",0.0333333333333333
24004,"P56_batch1","LOH",0.0333333333333333
24005,"P56_batch1","Endo",0.2
24006,"P56_batch1","PT",0
24007,"P56_batch1","PT2",0
24008,"P56_batch1","LOH",0.0333333333333333
24009,"P56_batch1","CNT",0
24010,"P56_batch1","PT",0.733333333333333
24011,"P56_batch1","NP_LOH",0.233333333333333
24012,"P56_batch1","PC",0.0333333333333333
24013,"P56_batch1","Endo",0.366666666666667
24014,"P56_batch1","CNT",0.166666666666667
24015,"P56_batch1","LOH",0
24016,"P56_batch1","Endo",0.0333333333333333
24017,"P56_batch1","PT",0.0666666666666667
24018,"P56_batch1","PT_out",0.0333333333333333
24019,"P56_batch1","PT",0.0666666666666667
24020,"P56_batch1","PC",0.0666666666666667
24021,"P56_batch1","NP",0.1
24022,"P56_batch1","PC",0.3
24023,"P56_batch1","Endo",0.0666666666666667
24024,"P56_batch1","Endo",0.166666666666667
24025,"P56_batch1","Endo",0.0666666666666667
24026,"P56_batch1","PT",0.0333333333333333
24027,"P56_batch1","LOH",0.0666666666666667
24028,"P56_batch1","stroma2",0.0333333333333333
24029,"P56_batch1","PT",0
24030,"P56_batch1","PT",0.0666666666666667
24031,"P56_batch1","Endo",0.333333333333333
24032,"P56_batch1","PT",0.366666666666667
24033,"P56_batch1","DCT",0.266666666666667
24034,"P56_batch1","PT",0
24035,"P56_batch1","Endo",0.2
24036,"P56_batch1","IC",0.133333333333333
24037,"P56_batch1","Endo",0.366666666666667
24038,"P56_batch1","stroma2",0.1
24039,"P56_batch1","LOH",0.0333333333333333
24040,"P56_batch1","LOH",0.1
24041,"P56_batch1","stroma2",0.2
24042,"P56_batch1","PT2",0.266666666666667
24043,"P56_batch1","PT2",0
24044,"P56_batch1","PT2",0.6
24045,"P56_batch1","Podo",0.1
24046,"P56_batch1","PC",0.0666666666666667
24047,"P56_batch1","LOH",0.1
24048,"P56_batch1","PT_out",0.0333333333333333
24049,"P56_batch1","NP_LOH",0.0666666666666667
24050,"P56_batch1","stroma2",0.2
24051,"P56_batch1","PT",0.133333333333333
24052,"P56_batch1","Endo",0.5
24053,"P56_batch1","Endo",0.3
24054,"P56_batch1","PT",0.133333333333333
24055,"P56_batch1","LOH",0.0333333333333333
24056,"P56_batch1","PT",0
24057,"P56_batch1","PT",0.2
24058,"P56_batch1","stroma2",0.0333333333333333
24059,"P56_batch1","PT",0.133333333333333
24060,"P56_batch1","PT2",0.2
24061,"P56_batch1","stroma2",0.0333333333333333
24062,"P56_batch1","PT",0.0666666666666667
24063,"P56_batch1","PC",0.0333333333333333
24064,"P56_batch1","PT",0.166666666666667
24065,"P56_batch1","LOH",0
24066,"P56_batch1","PT",0.366666666666667
24067,"P56_batch1","PT2",0.166666666666667
24068,"P56_batch1","PT",0.2
24069,"P56_batch1","LOH",0
24070,"P56_batch1","DCT",0
24071,"P56_batch1","Endo",0.0333333333333333
24072,"P56_batch1","PT2",0.4
24073,"P56_batch1","PT",0.0666666666666667
24074,"P56_batch1","Endo",0.333333333333333
24075,"P56_batch1","PT2",0.133333333333333
24076,"P56_batch1","Endo",0
24077,"P56_batch1","DCT",0
24078,"P56_batch1","PT",0.1
24079,"P56_batch1","PT2",0.166666666666667
24080,"P56_batch1","DCT",0.0333333333333333
24081,"P56_batch1","PT",0
24082,"P56_batch1","PT2",0
24083,"P56_batch1","LOH",0.0333333333333333
24084,"P56_batch1","NP_LOH",0.0666666666666667
24085,"P56_batch1","IC",0.0666666666666667
24086,"P56_batch1","CNT",0
24087,"P56_batch1","PT2",0.133333333333333
24088,"P56_batch1","stroma2",0.133333333333333
24089,"P56_batch1","PT",0.466666666666667
24090,"P56_batch1","PT",0.233333333333333
24091,"P56_batch1","Endo",0.1
24092,"P56_batch1","PT",0.0666666666666667
24093,"P56_batch1","LOH",0
24094,"P56_batch1","PC",0
24095,"P56_batch1","LOH",0.0333333333333333
24096,"P56_batch1","PT",0
24097,"P56_batch1","PT",0.0666666666666667
24098,"P56_batch1","Endo",0.1
24099,"P56_batch1","LOH",0.0666666666666667
24100,"P56_batch1","PT2",0.1
24101,"P56_batch1","PT",0.0666666666666667
24102,"P56_batch1","stroma2",0.0333333333333333
24103,"P56_batch1","LOH",0.0333333333333333
24104,"P56_batch1","LOH",0.1
24105,"P56_batch1","DCT",0
24106,"P56_batch1","LOH",0.0333333333333333
24107,"P56_batch1","PT",0.1
24108,"P56_batch1","LOH",0
24109,"P56_batch1","CNT",0.166666666666667
24110,"P56_batch1","CNT",0.1
24111,"P56_batch1","PT",0.166666666666667
24112,"P56_batch1","PT",0.1
24113,"P56_batch1","PT",0
24114,"P56_batch1","Endo",0.466666666666667
24115,"P56_batch1","PC",0.0333333333333333
24116,"P56_batch1","LOH",0.0333333333333333
24117,"P56_batch1","immune",0.0333333333333333
24118,"P56_batch1","PT",0.0666666666666667
24119,"P56_batch1","LOH",0.0666666666666667
24120,"P56_batch1","PT",0.0333333333333333
24121,"P56_batch1","PT",0.0333333333333333
24122,"P56_batch1","PT",0.233333333333333
24123,"P56_batch1","IC",0
24124,"P56_batch1","stroma2",0.0666666666666667
24125,"P56_batch1","PT_out",0.0333333333333333
24126,"P56_batch1","LOH",0.133333333333333
24127,"P56_batch1","PT2",0.133333333333333
24128,"P56_batch1","stroma2",0.233333333333333
24129,"P56_batch1","PT",0.133333333333333
24130,"P56_batch1","Podo",0.0666666666666667
24131,"P56_batch1","immune",0.233333333333333
24132,"P56_batch1","PT",0.0666666666666667
24133,"P56_batch1","PT",0.266666666666667
24134,"P56_batch1","PT",0.3
24135,"P56_batch1","Endo",0.0666666666666667
24136,"P56_batch1","CNT",0.133333333333333
24137,"P56_batch1","Endo",0.433333333333333
24138,"P56_batch1","PT2",0.166666666666667
24139,"P56_batch1","PT2",0.0666666666666667
24140,"P56_batch1","PT2",0
24141,"P56_batch1","PT2",0.5
24142,"P56_batch1","stroma2",0.0666666666666667
24143,"P56_batch1","PT2",0.0666666666666667
24144,"P56_batch1","PT",0.1
24145,"P56_batch1","CNT",0.0333333333333333
24146,"P56_batch1","PT",0.0333333333333333
24147,"P56_batch1","Endo",0.1
24148,"P56_batch1","PT",0.1
24149,"P56_batch1","LOH",0.0333333333333333
24150,"P56_batch1","PT",0.0666666666666667
24151,"P56_batch1","LOH",0
24152,"P56_batch1","PT",0.266666666666667
24153,"P56_batch1","PT2",0.1
24154,"P56_batch1","PT",0.0666666666666667
24155,"P56_batch1","stroma2",0.0333333333333333
24156,"P56_batch1","PT",0
24157,"P56_batch1","PT",0.0333333333333333
24158,"P56_batch1","PT",0.1
24159,"P56_batch1","LOH",0.1
24160,"P56_batch1","PT",0
24161,"P56_batch1","immune",0.266666666666667
24162,"P56_batch1","LOH",0
24163,"P56_batch1","PT",0.0666666666666667
24164,"P56_batch1","PT",0.1
24165,"P56_batch1","stroma2",0.266666666666667
24166,"P56_batch1","IC",0.0333333333333333
24167,"P56_batch1","Endo",0.0333333333333333
24168,"P56_batch1","PT",0.133333333333333
24169,"P56_batch1","PT",0
24170,"P56_batch1","LOH",0.1
24171,"P56_batch1","LOH",0.0333333333333333
24172,"P56_batch1","LOH",0
24173,"P56_batch1","PT",0.0666666666666667
24174,"P56_batch1","stroma1",0.1
24175,"P56_batch1","LOH",0
24176,"P56_batch1","CNT",0
24177,"P56_batch1","Endo",0.4
24178,"P56_batch1","IC",0.333333333333333
24179,"P56_batch1","CNT",0.166666666666667
24180,"P56_batch1","PT",0.1
24181,"P56_batch1","PT",0.1
24182,"P56_batch1","PT",0
24183,"P56_batch1","PT",0.0666666666666667
24184,"P56_batch1","stroma2",0.0666666666666667
24185,"P56_batch1","PT",0.1
24186,"P56_batch1","PT",0.1
24187,"P56_batch1","PT",0.0333333333333333
24188,"P56_batch1","LOH",0
24189,"P56_batch1","PT2",0.366666666666667
24190,"P56_batch1","PT",0.0333333333333333
24191,"P56_batch1","CNT",0.1
24192,"P56_batch1","LOH",0.233333333333333
24193,"P56_batch1","Endo",0.2
24194,"P56_batch1","Podo",0.0333333333333333
24195,"P56_batch1","DCT",0.0666666666666667
24196,"P56_batch1","CNT",0
24197,"P56_batch1","PT",0.133333333333333
24198,"P56_batch1","PC",0.0666666666666667
24199,"P56_batch1","PT",0.9
24200,"P56_batch1","Endo",0.0666666666666667
24201,"P56_batch1","PT_out",0.2
24202,"P56_batch1","immune",0.3
24203,"P56_batch1","LOH",0
24204,"P56_batch1","NP_LOH",0.133333333333333
24205,"P56_batch1","PT2",0.166666666666667
24206,"P56_batch1","stroma2",0.2
24207,"P56_batch1","PT",0.0333333333333333
24208,"P56_batch1","PT",0
24209,"P56_batch1","Podo",0.0666666666666667
24210,"P56_batch1","PT",0.366666666666667
24211,"P56_batch1","stroma2",0.666666666666667
24212,"P56_batch1","PT",0.1
24213,"P56_batch1","PT",0.166666666666667
24214,"P56_batch1","PT",0.0333333333333333
24215,"P56_batch1","LOH",0
24216,"P56_batch1","PT",0.133333333333333
24217,"P56_batch1","LOH",0.133333333333333
24218,"P56_batch1","PT",0.266666666666667
24219,"P56_batch1","stroma2",0.0666666666666667
24220,"P56_batch1","PT",0.166666666666667
24221,"P56_batch1","PT",0.166666666666667
24222,"P56_batch1","PT2",0
24223,"P56_batch1","PT",0.266666666666667
24224,"P56_batch1","PT",0.0333333333333333
24225,"P56_batch1","stroma2",0.2
24226,"P56_batch1","stroma1",0.0333333333333333
24227,"P56_batch1","PT2",0.0666666666666667
24228,"P56_batch1","PT",0.166666666666667
24229,"P56_batch1","CNT",0.0333333333333333
24230,"P56_batch1","PT",0.133333333333333
24231,"P56_batch1","DCT",0
24232,"P56_batch1","stroma2",0.433333333333333
24233,"P56_batch1","Podo",0.166666666666667
24234,"P56_batch1","PT",0.0666666666666667
24235,"P56_batch1","PT",0.1
24236,"P56_batch1","Endo",0.0333333333333333
24237,"P56_batch1","stroma2",0
24238,"P56_batch1","LOH",0.266666666666667
24239,"P56_batch1","PT",0.166666666666667
24240,"P56_batch1","stroma2",0.133333333333333
24241,"P56_batch1","PT",0.2
24242,"P56_batch1","DCT",0
24243,"P56_batch1","PT",0
24244,"P56_batch1","LOH",0
24245,"P56_batch1","PT",0
24246,"P56_batch1","PT2",0.166666666666667
24247,"P56_batch1","stroma2",0.1
24248,"P56_batch1","PT",0
24249,"P56_batch1","PT",0.0666666666666667
24250,"P56_batch1","CNT",0
24251,"P56_batch1","PT2",0.133333333333333
24252,"P56_batch1","Endo",0.0666666666666667
24253,"P56_batch1","stroma2",0.4
24254,"P56_batch1","Endo",0
24255,"P56_batch1","PT",0.0333333333333333
24256,"P56_batch1","PT",0.233333333333333
24257,"P56_batch1","stroma2",0.133333333333333
24258,"P56_batch1","IC",0.2
24259,"P56_batch1","PT",0.0666666666666667
24260,"P56_batch1","CNT",0
24261,"P56_batch1","PT",0.0333333333333333
24262,"P56_batch1","stroma2",0.0666666666666667
24263,"P56_batch1","PT",0.1
24264,"P56_batch1","stroma2",0.1
24265,"P56_batch1","PT2",0.166666666666667
24266,"P56_batch1","stroma2",0.266666666666667
24267,"P56_batch1","PT",0.0333333333333333
24268,"P56_batch1","LOH",0.866666666666667
24269,"P56_batch1","PT",0
24270,"P56_batch1","PT2",0.3
24271,"P56_batch1","PT",0.166666666666667
24272,"P56_batch1","PT",0.266666666666667
24273,"P56_batch1","PC",0.1
24274,"P56_batch1","LOH",0.0666666666666667
24275,"P56_batch1","DCT",0.0333333333333333
24276,"P56_batch1","stroma2",0.1
24277,"P56_batch1","DCT",0.0666666666666667
24278,"P56_batch1","PT",0.0666666666666667
24279,"P56_batch1","PT",0.0333333333333333
24280,"P56_batch1","LOH",0
24281,"P56_batch1","LOH",0
24282,"P56_batch1","LOH",0
24283,"P56_batch1","PT",0.0333333333333333
24284,"P56_batch1","PT",0.1
24285,"P56_batch1","PT2",0.4
24286,"P56_batch1","PT",0.0333333333333333
24287,"P56_batch1","PT2",0.9
24288,"P56_batch1","LOH",0.0333333333333333
24289,"P56_batch1","PT",0.0333333333333333
24290,"P56_batch1","PT",0.1
24291,"P56_batch1","LOH",0.133333333333333
24292,"P56_batch1","Endo",0.0666666666666667
24293,"P56_batch1","NP",0.0333333333333333
24294,"P56_batch1","LOH",0
24295,"P56_batch1","Endo",0.133333333333333
24296,"P56_batch1","LOH",0
24297,"P56_batch1","PT",0
24298,"P56_batch1","DCT",0
24299,"P56_batch1","immune",0.0333333333333333
24300,"P56_batch1","LOH",0
24301,"P56_batch1","PC",0.0666666666666667
24302,"P56_batch1","PT",0.0666666666666667
24303,"P56_batch1","DCT",0
24304,"P56_batch1","PT",0.1
24305,"P56_batch1","PT",0.0666666666666667
24306,"P56_batch1","PT",0.1
24307,"P56_batch1","Endo",0.133333333333333
24308,"P56_batch1","Endo",0.0333333333333333
24309,"P56_batch1","stroma2",0.0666666666666667
24310,"P56_batch1","Endo",0
24311,"P56_batch1","PT",0.3
24312,"P56_batch1","Endo",0.133333333333333
24313,"P56_batch1","PT2",0.566666666666667
24314,"P56_batch1","LOH",0.0333333333333333
24315,"P56_batch1","PT",0
24316,"P56_batch1","PT2",0.0333333333333333
24317,"P56_batch1","IC",0.0666666666666667
24318,"P56_batch1","LOH",0.0333333333333333
24319,"P56_batch1","PT",0
24320,"P56_batch1","Podo",0.0333333333333333
24321,"P56_batch1","PT",0.0333333333333333
24322,"P56_batch1","PT2",0.0666666666666667
24323,"P56_batch1","PT",0.0333333333333333
24324,"P56_batch1","DCT",0.0333333333333333
24325,"P56_batch1","Endo",0.166666666666667
24326,"P56_batch1","PT",0.133333333333333
24327,"P56_batch1","stroma2",0.433333333333333
24328,"P56_batch1","PT",0
24329,"P56_batch1","PT",0.0333333333333333
24330,"P56_batch1","IC",0.0666666666666667
24331,"P56_batch1","stroma2",0.2
24332,"P56_batch1","stroma2",0.166666666666667
24333,"P56_batch1","LOH",0.0666666666666667
24334,"P56_batch1","Podo",0
24335,"P56_batch1","LOH",0.0666666666666667
24336,"P56_batch1","PT",0.0333333333333333
24337,"P56_batch1","Endo",0.266666666666667
24338,"P56_batch1","CNT",0.2
24339,"P56_batch1","PT2",0.233333333333333
24340,"P56_batch1","Endo",0.1
24341,"P56_batch1","PT",0.166666666666667
24342,"P56_batch1","LOH",0.0333333333333333
24343,"P56_batch1","PT",0
24344,"P56_batch1","PT",0.0333333333333333
24345,"P56_batch1","PC",0
24346,"P56_batch1","PT2",0.0333333333333333
24347,"P56_batch1","DCT",0
24348,"P56_batch1","PT",0.4
24349,"P56_batch1","NP",0.0333333333333333
24350,"P56_batch1","stroma2",0.0333333333333333
24351,"P56_batch1","stroma2",0.0666666666666667
24352,"P56_batch1","Endo",0.0666666666666667
24353,"P56_batch1","LOH",0.0666666666666667
24354,"P56_batch1","PT",0
24355,"P56_batch1","PT",0.233333333333333
24356,"P56_batch1","PT_out",0.133333333333333
24357,"P56_batch1","PT",0.233333333333333
24358,"P56_batch1","DCT",0.0333333333333333
24359,"P56_batch1","CNT",0
24360,"P56_batch1","LOH",0
24361,"P56_batch1","PT_out",0.0333333333333333
24362,"P56_batch1","PT2",0.133333333333333
24363,"P56_batch1","immune",0.533333333333333
24364,"P56_batch1","Endo",0.2
24365,"P56_batch1","CNT",0
24366,"P56_batch1","CNT",0.2
24367,"P56_batch1","PT2",0.166666666666667
24368,"P56_batch1","NP_LOH",0.0333333333333333
24369,"P56_batch1","Endo",0.3
24370,"P56_batch1","LOH",0.0333333333333333
24371,"P56_batch1","CNT",0.466666666666667
24372,"P56_batch1","stroma2",0.133333333333333
24373,"P56_batch1","PT",0.1
24374,"P56_batch1","PT",0.1
24375,"P56_batch1","PT",0.3
24376,"P56_batch1","PT",0.4
24377,"P56_batch1","PT",0
24378,"P56_batch1","PT2",0.0333333333333333
24379,"P56_batch1","PT",0.166666666666667
24380,"P56_batch1","stroma1",0
24381,"P56_batch1","Endo",0.133333333333333
24382,"P56_batch1","DCT",0.0666666666666667
24383,"P56_batch1","stroma1",0.1
24384,"P56_batch1","PT",0
24385,"P56_batch1","stroma2",0.133333333333333
24386,"P56_batch1","PT",0.0666666666666667
24387,"P56_batch1","IC",0
24388,"P56_batch1","PT",0.133333333333333
24389,"P56_batch1","stroma2",0.1
24390,"P56_batch1","NP",0.133333333333333
24391,"P56_batch1","PT",0.1
24392,"P56_batch1","LOH",0
24393,"P56_batch1","LOH",0
24394,"P56_batch1","stroma2",0.0333333333333333
24395,"P56_batch1","PT",0
24396,"P56_batch1","stroma2",0.2
24397,"P56_batch1","Endo",0.633333333333333
24398,"P56_batch1","LOH",0.133333333333333
24399,"P56_batch1","PT",0.0333333333333333
24400,"P56_batch1","Endo",0
24401,"P56_batch1","PC",0.166666666666667
24402,"P56_batch1","CNT",0.1
24403,"P56_batch1","PT",0.166666666666667
24404,"P56_batch1","DCT",0
24405,"P56_batch1","CNT",0.2
24406,"P56_batch1","PT",0
24407,"P56_batch1","PT",1
24408,"P56_batch1","PT",0.0666666666666667
24409,"P56_batch1","stroma2",0.133333333333333
24410,"P56_batch1","stroma1",0.133333333333333
24411,"P56_batch1","PT",0.0333333333333333
24412,"P56_batch1","stroma2",0.0333333333333333
24413,"P56_batch1","PT2",0.466666666666667
24414,"P56_batch1","PT2",0.0333333333333333
24415,"P56_batch1","stroma2",0.0333333333333333
24416,"P56_batch1","LOH",0
24417,"P56_batch1","IC",0
24418,"P56_batch1","PT2",0.266666666666667
24419,"P56_batch1","CNT",0
24420,"P56_batch1","CNT",0.133333333333333
24421,"P56_batch1","stroma2",0.1
24422,"P56_batch1","PT",0
24423,"P56_batch1","PT",0.1
24424,"P56_batch1","PT",0.2
24425,"P56_batch1","PT",0
24426,"P56_batch1","stroma1",0.0666666666666667
24427,"P56_batch1","LOH",0.2
24428,"P56_batch1","PT2",0.366666666666667
24429,"P56_batch1","PT2",0.1
24430,"P56_batch1","PT2",0.0666666666666667
24431,"P56_batch1","PT",0
24432,"P56_batch1","Endo",0.1
24433,"P56_batch1","PT",0.2
24434,"P56_batch1","Endo",0.1
24435,"P56_batch1","LOH",0.166666666666667
24436,"P56_batch1","Endo",0.0333333333333333
24437,"P56_batch1","PT",0.0333333333333333
24438,"P56_batch1","PT",0.0333333333333333
24439,"P56_batch1","PC",0.0333333333333333
24440,"P56_batch1","stroma1",0.133333333333333
24441,"P56_batch1","immune",0.3
24442,"P56_batch1","DCT",0.0333333333333333
24443,"P56_batch1","PT2",0.0666666666666667
24444,"P56_batch1","PT2",0.1
24445,"P56_batch1","stroma2",0.0666666666666667
24446,"P56_batch1","stroma2",0.233333333333333
24447,"P56_batch1","PT",0.1
24448,"P56_batch1","PT",0.2
24449,"P56_batch1","PT",0.633333333333333
24450,"P56_batch1","PT",0.1
24451,"P56_batch1","LOH",0
24452,"P56_batch1","stroma2",0
24453,"P56_batch1","PT_out",0.0333333333333333
24454,"P56_batch1","LOH",0
24455,"P56_batch1","LOH",0
24456,"P56_batch1","PC",0.1
24457,"P56_batch1","PT",0
24458,"P56_batch1","Endo",0.333333333333333
24459,"P56_batch1","PT",0.1
24460,"P56_batch1","LOH",0
24461,"P56_batch1","PT2",0.133333333333333
24462,"P56_batch1","stroma2",0.0666666666666667
24463,"P56_batch1","PT_out",0
24464,"P56_batch1","PT_out",0.0333333333333333
24465,"P56_batch1","CNT",0.166666666666667
24466,"P56_batch1","LOH",0.0333333333333333
24467,"P56_batch1","LOH",0.0333333333333333
24468,"P56_batch1","PT",0
24469,"P56_batch1","stroma2",0.233333333333333
24470,"P56_batch1","PT2",0.1
24471,"P56_batch1","stroma2",0.1
24472,"P56_batch1","PT",0.0666666666666667
24473,"P56_batch1","CNT",0.1
24474,"P56_batch1","LOH",0
24475,"P56_batch1","stroma2",0.133333333333333
24476,"P56_batch1","PT",0
24477,"P56_batch1","LOH",0
24478,"P56_batch1","PT",0
24479,"P56_batch1","Endo",0
24480,"P56_batch1","LOH",0
24481,"P56_batch1","PT",0
24482,"P56_batch1","PT2",0.0333333333333333
24483,"P56_batch1","LOH",0.0333333333333333
24484,"P56_batch1","LOH",0
24485,"P56_batch1","stroma1",0.266666666666667
24486,"P56_batch1","PT2",0.366666666666667
24487,"P56_batch1","PT",0.0666666666666667
24488,"P56_batch1","PT_out",0.0333333333333333
24489,"P56_batch1","NP_LOH",0.0333333333333333
24490,"P56_batch1","PT_out",0
24491,"P56_batch1","PT",0.0666666666666667
24492,"P56_batch1","Podo",0
24493,"P56_batch1","PT",0.666666666666667
24494,"P56_batch1","immune",0.133333333333333
24495,"P56_batch1","LOH",0.133333333333333
24496,"P56_batch1","Endo",0.166666666666667
24497,"P56_batch1","PT",0.133333333333333
24498,"P56_batch1","Endo",0.166666666666667
24499,"P56_batch1","IC",0.233333333333333
24500,"P56_batch1","PT",0.0333333333333333
24501,"P56_batch1","PT2",0.133333333333333
24502,"P56_batch1","DCT",0
24503,"P56_batch1","stroma2",0.133333333333333
24504,"P56_batch1","LOH",0
24505,"P56_batch1","PT",0.166666666666667
24506,"P56_batch1","PT",0.0333333333333333
24507,"P56_batch1","PT2",0.0333333333333333
24508,"P56_batch1","DCT",0.1
24509,"P56_batch1","Endo",0.2
24510,"P56_batch1","PT2",0.2
24511,"P56_batch1","PT",0.0333333333333333
24512,"P56_batch1","stroma2",0.2
24513,"P56_batch1","PT",0.1
24514,"P56_batch1","PT",0.0333333333333333
24515,"P56_batch1","LOH",0
24516,"P56_batch1","stroma2",0.0333333333333333
24517,"P56_batch1","stroma2",0.0333333333333333
24518,"P56_batch1","PT_out",0.0666666666666667
24519,"P56_batch1","PC",0.1
24520,"P56_batch1","Endo",0.1
24521,"P56_batch1","LOH",0.0666666666666667
24522,"P56_batch1","PT",0
24523,"P56_batch1","DCT",0
24524,"P56_batch1","DCT",0.0333333333333333
24525,"P56_batch1","PT",0.0333333333333333
24526,"P56_batch1","Endo",0.3
24527,"P56_batch1","PC",0.0333333333333333
24528,"P56_batch1","NP",0.0333333333333333
24529,"P56_batch1","PT_out",0.0666666666666667
24530,"P56_batch1","PC",0.133333333333333
24531,"P56_batch1","PC",0.0666666666666667
24532,"P56_batch1","PT",0.3
24533,"P56_batch1","Endo",0.166666666666667
24534,"P56_batch1","PT",0.1
24535,"P56_batch1","Endo",0.0333333333333333
24536,"P56_batch1","CNT",0.1
24537,"P56_batch1","CNT",0.1
24538,"P56_batch1","CNT",0.1
24539,"P56_batch1","PT_out",0
24540,"P56_batch1","PT",0.0666666666666667
24541,"P56_batch1","PT2",0.666666666666667
24542,"P56_batch1","PT",0.2
24543,"P56_batch1","PT",0.4
24544,"P56_batch1","DCT",0.2
24545,"P56_batch1","LOH",0.0333333333333333
24546,"P56_batch1","PT",0.0333333333333333
24547,"P56_batch1","PT",0.166666666666667
24548,"P56_batch1","Endo",0.366666666666667
24549,"P56_batch1","PT",0.333333333333333
24550,"P56_batch1","PT",0.0666666666666667
24551,"P56_batch1","PT",0
24552,"P56_batch1","LOH",0.1
24553,"P56_batch1","PT",0
24554,"P56_batch1","PT2",0.0333333333333333
24555,"P56_batch1","Endo",0.3
24556,"P56_batch1","Endo",0.0666666666666667
24557,"P56_batch1","PT",0.0333333333333333
24558,"P56_batch1","PT",0.166666666666667
24559,"P56_batch1","stroma1",0.0666666666666667
24560,"P56_batch1","stroma2",0.1
24561,"P56_batch1","PT",0.0333333333333333
24562,"P56_batch1","DCT",0
24563,"P56_batch1","PT_out",0.1
24564,"P56_batch1","PT2",0.1
24565,"P56_batch1","IC",0.0333333333333333
24566,"P56_batch1","PT",0.0333333333333333
24567,"P56_batch1","DCT",0.0333333333333333
24568,"P56_batch1","PT",0.166666666666667
24569,"P56_batch1","Endo",0.133333333333333
24570,"P56_batch1","stroma2",0.166666666666667
24571,"P56_batch1","LOH",0
24572,"P56_batch1","LOH",0.0333333333333333
24573,"P56_batch1","Endo",0
24574,"P56_batch1","PT",0.2
24575,"P56_batch1","PT",0.0666666666666667
24576,"P56_batch1","Endo",0.233333333333333
24577,"P56_batch1","PT",0.133333333333333
24578,"P56_batch1","stroma2",0.266666666666667
24579,"P56_batch1","PT2",0
24580,"P56_batch1","stroma2",0.133333333333333
24581,"P56_batch1","Endo",0.0666666666666667
24582,"P56_batch1","Endo",0.166666666666667
24583,"P56_batch1","LOH",0.0333333333333333
24584,"P56_batch1","CNT",0.0333333333333333
24585,"P56_batch1","PT_out",0.0333333333333333
24586,"P56_batch1","PT",0.0666666666666667
24587,"P56_batch1","PT",0.0666666666666667
24588,"P56_batch1","NP",0.333333333333333
24589,"P56_batch1","stroma2",0.3
24590,"P56_batch1","PT2",0.0666666666666667
24591,"P56_batch1","stroma2",0.533333333333333
24592,"P56_batch1","Endo",0.0666666666666667
24593,"P56_batch1","stroma2",0.133333333333333
24594,"P56_batch1","PT",0
24595,"P56_batch1","LOH",0.0333333333333333
24596,"P56_batch1","CNT",0
24597,"P56_batch1","PT",0.0333333333333333
24598,"P56_batch1","stroma2",0.133333333333333
24599,"P56_batch1","DCT",0.0666666666666667
24600,"P56_batch1","LOH",0
24601,"P56_batch1","stroma2",0.1
24602,"P56_batch1","PT",0.0666666666666667
24603,"P56_batch1","PT",0.266666666666667
24604,"P56_batch1","PT2",0
24605,"P56_batch1","PT",0
24606,"P56_batch1","PT",0.0333333333333333
24607,"P56_batch1","CNT",0.0333333333333333
24608,"P56_batch1","Endo",0.0666666666666667
24609,"P56_batch1","PT2",0.0666666666666667
24610,"P56_batch1","Endo",0.0333333333333333
24611,"P56_batch1","DCT",0
24612,"P56_batch1","PT",0.133333333333333
24613,"P56_batch1","LOH",0
24614,"P56_batch1","PT",0.2
24615,"P56_batch1","PT2",0.0333333333333333
24616,"P56_batch1","PT",0.0333333333333333
24617,"P56_batch1","IC",0
24618,"P56_batch1","LOH",0
24619,"P56_batch1","PT",0
24620,"P56_batch1","stroma2",0.2
24621,"P56_batch1","PT",0.0333333333333333
24622,"P56_batch1","LOH",0.0666666666666667
24623,"P56_batch1","PT",0.233333333333333
24624,"P56_batch1","stroma2",0.233333333333333
24625,"P56_batch1","PT",0
24626,"P56_batch1","LOH",0.0333333333333333
24627,"P56_batch1","PT",0
24628,"P56_batch1","PT",0.0333333333333333
24629,"P56_batch1","PT",0
24630,"P56_batch1","PT",0.133333333333333
24631,"P56_batch1","PC",0.1
24632,"P56_batch1","LOH",0
24633,"P56_batch1","PT",0.166666666666667
24634,"P56_batch1","CNT",0.0666666666666667
24635,"P56_batch1","stroma2",0
24636,"P56_batch1","stroma2",0.0666666666666667
24637,"P56_batch1","LOH",0.0666666666666667
24638,"P56_batch1","Endo",0.0666666666666667
24639,"P56_batch1","Endo",0.0333333333333333
24640,"P56_batch1","PT",0.0333333333333333
24641,"P56_batch1","LOH",0.0333333333333333
24642,"P56_batch1","NP",0.0333333333333333
24643,"P56_batch1","stroma2",0.166666666666667
24644,"P56_batch1","NP_LOH",0.1
24645,"P56_batch1","Endo",0.0333333333333333
24646,"P56_batch1","Endo",0
24647,"P56_batch1","stroma2",0.1
24648,"P56_batch1","PT",0.0333333333333333
24649,"P56_batch1","LOH",0
24650,"P56_batch1","PT",0.133333333333333
24651,"P56_batch1","LOH",0.0333333333333333
24652,"P56_batch1","LOH",0
24653,"P56_batch1","PT2",0.0666666666666667
24654,"P56_batch1","PT2",0.1
24655,"P56_batch1","LOH",0.0333333333333333
24656,"P56_batch1","immune",0.1
24657,"P56_batch1","PT",0.1
24658,"P56_batch1","LOH",0.1
24659,"P56_batch1","Endo",0.166666666666667
24660,"P56_batch1","PC",0.166666666666667
24661,"P56_batch1","PT",0.0333333333333333
24662,"P56_batch1","Endo",0.6
24663,"P56_batch1","DCT",0
24664,"P56_batch1","PT",0.1
24665,"P56_batch1","stroma2",0.433333333333333
24666,"P56_batch1","LOH",0
24667,"P56_batch1","PT",0.1
24668,"P56_batch1","PT",0.0666666666666667
24669,"P56_batch1","Endo",0.166666666666667
24670,"P56_batch1","Endo",0.133333333333333
24671,"P56_batch1","PT",0
24672,"P56_batch1","PT2",0.133333333333333
24673,"P56_batch1","PT",0.0666666666666667
24674,"P56_batch1","PT",0.0666666666666667
24675,"P56_batch1","NP",0
24676,"P56_batch1","DCT",0.1
24677,"P56_batch1","PT2",0.266666666666667
24678,"P56_batch1","PT",0.0666666666666667
24679,"P56_batch1","PT",0.0666666666666667
24680,"P56_batch1","PT",0.166666666666667
24681,"P56_batch1","PT",0.0666666666666667
24682,"P56_batch1","PT",0.0333333333333333
24683,"P56_batch1","Endo",0.133333333333333
24684,"P56_batch1","Endo",0.3
24685,"P56_batch1","PT",0.0333333333333333
24686,"P56_batch1","PT2",0.1
24687,"P56_batch1","stroma2",0.166666666666667
24688,"P56_batch1","Endo",0.0333333333333333
24689,"P56_batch1","PT",0.233333333333333
24690,"P56_batch1","NP",0
24691,"P56_batch1","PT",0.0666666666666667
24692,"P56_batch1","LOH",0
24693,"P56_batch1","PT",0.1
24694,"P56_batch1","stroma2",0.1
24695,"P56_batch1","stroma2",0.0666666666666667
24696,"P56_batch1","PT2",0.0666666666666667
24697,"P56_batch1","LOH",0.1
24698,"P56_batch1","LOH",0.0333333333333333
24699,"P56_batch1","PT",0.233333333333333
24700,"P56_batch1","PT",0
24701,"P56_batch1","PT",0
24702,"P56_batch1","stroma2",0.366666666666667
24703,"P56_batch1","PT2",0.0333333333333333
24704,"P56_batch1","Podo",0.133333333333333
24705,"P56_batch1","NP_LOH",0.133333333333333
24706,"P56_batch1","PT",0.5
24707,"P56_batch1","PT2",0.2
24708,"P56_batch1","PT",0.1
24709,"P56_batch1","PT2",0.9
24710,"P56_batch1","PC",0.0666666666666667
24711,"P56_batch1","PT",0.0333333333333333
24712,"P56_batch1","PC",0.766666666666667
24713,"P56_batch1","stroma2",0.133333333333333
24714,"P56_batch1","NP_LOH",0.0666666666666667
24715,"P56_batch1","CNT",0
24716,"P56_batch1","CNT",0.0333333333333333
24717,"P56_batch1","LOH",0.233333333333333
24718,"P56_batch1","IC",0.1
24719,"P56_batch1","LOH",0
24720,"P56_batch1","Podo",0.0666666666666667
24721,"P56_batch1","PT",0
24722,"P56_batch1","stroma2",0.2
24723,"P56_batch1","NP_LOH",0.1
24724,"P56_batch1","LOH",0.0666666666666667
24725,"P56_batch1","Endo",0.1
24726,"P56_batch1","DCT",0.0333333333333333
24727,"P56_batch1","Endo",0.166666666666667
24728,"P56_batch1","IC",0.166666666666667
24729,"P56_batch1","PT",0.1
24730,"P56_batch1","IC",0.0666666666666667
24731,"P56_batch1","IC",0.1
24732,"P56_batch1","PT",0.1
24733,"P56_batch1","PT",0.0333333333333333
24734,"P56_batch1","Endo",0.0333333333333333
24735,"P56_batch1","DCT",0.0333333333333333
24736,"P56_batch1","PT",0.0333333333333333
24737,"P56_batch1","PT",0.0333333333333333
24738,"P56_batch1","PT",0.0333333333333333
24739,"P56_batch1","PT",0.766666666666667
24740,"P56_batch1","PT2",0.133333333333333
24741,"P56_batch1","DCT",0
24742,"P56_batch1","Podo",0.2
24743,"P56_batch1","Endo",0
24744,"P56_batch1","NP_LOH",0.0333333333333333
24745,"P56_batch1","NP",0.233333333333333
24746,"P56_batch1","Endo",0.133333333333333
24747,"P56_batch1","NP",0.1
24748,"P56_batch1","PT",0.0666666666666667
24749,"P56_batch1","Endo",0.533333333333333
24750,"P56_batch1","DCT",0.0333333333333333
24751,"P56_batch1","PC",0
24752,"P56_batch1","PT2",0.0666666666666667
24753,"P56_batch1","LOH",0
24754,"P56_batch1","PT",0
24755,"P56_batch1","PT",0
24756,"P56_batch1","LOH",0
24757,"P56_batch1","PT",0.0333333333333333
24758,"P56_batch1","PT",0.0333333333333333
24759,"P56_batch1","PT",0.0666666666666667
24760,"P56_batch1","Podo",0.0333333333333333
24761,"P56_batch1","PT2",0
24762,"P56_batch1","PT2",0.166666666666667
24763,"P56_batch1","LOH",0
24764,"P56_batch1","PC",0.0333333333333333
24765,"P56_batch1","PT",0.0333333333333333
24766,"P56_batch1","Endo",0.0333333333333333
24767,"P56_batch1","LOH",0
24768,"P56_batch1","CNT",0.166666666666667
24769,"P56_batch1","Podo",0.1
24770,"P56_batch1","CNT",0.166666666666667
24771,"P56_batch1","CNT",0.0333333333333333
24772,"P56_batch1","stroma2",0.133333333333333
24773,"P56_batch1","Endo",0.433333333333333
24774,"P56_batch1","PT2",0.166666666666667
24775,"P56_batch1","PT",0.0666666666666667
24776,"P56_batch1","LOH",0
24777,"P56_batch1","IC",0
24778,"P56_batch1","PT2",0.166666666666667
24779,"P56_batch1","CNT",0
24780,"P56_batch1","LOH",0.1
24781,"P56_batch1","PC",0.0666666666666667
24782,"P56_batch1","PT2",0.4
24783,"P56_batch1","Endo",0.333333333333333
24784,"P56_batch1","PT",0.133333333333333
24785,"P56_batch1","LOH",0.0333333333333333
24786,"P56_batch1","DCT",0
24787,"P56_batch1","stroma2",0.1
24788,"P56_batch1","PT",0.166666666666667
24789,"P56_batch1","PC",0
24790,"P56_batch1","LOH",0.0666666666666667
24791,"P56_batch1","PT2",0.0666666666666667
24792,"P56_batch1","PT_out",0.133333333333333
24793,"P56_batch1","PT2",0.166666666666667
24794,"P56_batch1","stroma2",0.133333333333333
24795,"P56_batch1","PC",0.0666666666666667
24796,"P56_batch1","PT",0.3
24797,"P56_batch1","stroma2",0.6
24798,"P56_batch1","PT",0.0666666666666667
24799,"P56_batch1","stroma2",0.133333333333333
24800,"P56_batch1","LOH",0
24801,"P56_batch1","LOH",0
24802,"P56_batch1","LOH",0.0333333333333333
24803,"P56_batch1","PT",0.0333333333333333
24804,"P56_batch1","LOH",0.0333333333333333
24805,"P56_batch1","Endo",0
24806,"P56_batch1","LOH",0
24807,"P56_batch1","PT",0.1
24808,"P56_batch1","PT",0.1
24809,"P56_batch1","Podo",0.0666666666666667
24810,"P56_batch1","LOH",0
24811,"P56_batch1","DCT",0.0666666666666667
24812,"P56_batch1","PT2",0.2
24813,"P56_batch1","CNT",0
24814,"P56_batch1","IC",0.133333333333333
24815,"P56_batch1","PT2",0.2
24816,"P56_batch1","PT",0.0333333333333333
24817,"P56_batch1","PT",0.0666666666666667
24818,"P56_batch1","PT",0.0333333333333333
24819,"P56_batch1","Endo",0.0333333333333333
24820,"P56_batch1","DCT",0.0333333333333333
24821,"P56_batch1","PT",0.0666666666666667
24822,"P56_batch1","PT",0.0666666666666667
24823,"P56_batch1","stroma2",0.2
24824,"P56_batch1","Endo",0.533333333333333
24825,"P56_batch1","PT",0
24826,"P56_batch1","Endo",0.0666666666666667
24827,"P56_batch1","LOH",0.0333333333333333
24828,"P56_batch1","PT",0.133333333333333
24829,"P56_batch1","PT",0.266666666666667
24830,"P56_batch1","PT",0.133333333333333
24831,"P56_batch1","PT",0.0333333333333333
24832,"P56_batch1","PT",0
24833,"P56_batch1","CNT",0
24834,"P56_batch1","Endo",0.0666666666666667
24835,"P56_batch1","PT2",0.0666666666666667
24836,"P56_batch1","LOH",0
24837,"P56_batch1","PT",0.0666666666666667
24838,"P56_batch1","Podo",0.0333333333333333
24839,"P56_batch1","PT",0
24840,"P56_batch1","stroma2",0.2
24841,"P56_batch1","DCT",0.0666666666666667
24842,"P56_batch1","PT",0.0333333333333333
24843,"P56_batch1","PT",0.133333333333333
24844,"P56_batch1","DCT",0.0333333333333333
24845,"P56_batch1","stroma2",0.133333333333333
24846,"P56_batch1","LOH",0
24847,"P56_batch1","PT2",0.266666666666667
24848,"P56_batch1","Endo",0.133333333333333
24849,"P56_batch1","stroma2",0.2
24850,"P56_batch1","PT2",0
24851,"P56_batch1","PT",0.133333333333333
24852,"P56_batch1","Podo",0
24853,"P56_batch1","immune",0.1
24854,"P56_batch1","PT",0
24855,"P56_batch1","PT",0.1
24856,"P56_batch1","stroma1",0.0333333333333333
24857,"P56_batch1","Endo",0.3
24858,"P56_batch1","LOH",0
24859,"P56_batch1","PT2",0.0333333333333333
24860,"P56_batch1","PT",0.0333333333333333
24861,"P56_batch1","LOH",0.233333333333333
24862,"P56_batch1","LOH",0
24863,"P56_batch1","LOH",0.0666666666666667
24864,"P56_batch1","PT",0.333333333333333
24865,"P56_batch1","PT",0.0666666666666667
24866,"P56_batch1","Endo",0.0666666666666667
24867,"P56_batch1","Endo",0.233333333333333
24868,"P56_batch1","PT",0.3
24869,"P56_batch1","PT",0.333333333333333
24870,"P56_batch1","stroma2",0.0666666666666667
24871,"P56_batch1","LOH",0
24872,"P56_batch1","PT",0.8
24873,"P56_batch1","PT",0.266666666666667
24874,"P56_batch1","stroma1",0.133333333333333
24875,"P56_batch1","LOH",0.0333333333333333
24876,"P56_batch1","PT",0.266666666666667
24877,"P56_batch1","LOH",0.0666666666666667
24878,"P56_batch1","PT",0.0666666666666667
24879,"P56_batch1","PT",0.1
24880,"P56_batch1","PT2",0.6
24881,"P56_batch1","stroma2",0.0333333333333333
24882,"P56_batch1","Podo",0.0333333333333333
24883,"P56_batch1","PT2",0.0333333333333333
24884,"P56_batch1","PT",0.0333333333333333
24885,"P56_batch1","LOH",0
24886,"P56_batch1","LOH",0
24887,"P56_batch1","LOH",0
24888,"P56_batch1","stroma2",0.0333333333333333
24889,"P56_batch1","Endo",0.0666666666666667
24890,"P56_batch1","NP_LOH",0.1
24891,"P56_batch1","NP",0.0333333333333333
24892,"P56_batch1","LOH",0.0333333333333333
24893,"P56_batch1","Podo",0.0666666666666667
24894,"P56_batch1","DCT",0.0333333333333333
24895,"P56_batch1","PT",0
24896,"P56_batch1","PT",0.466666666666667
24897,"P56_batch1","PT2",0.1
24898,"P56_batch1","PT",0.0666666666666667
24899,"P56_batch1","stroma2",0.0666666666666667
24900,"P56_batch1","PT",0
24901,"P56_batch1","Endo",0.266666666666667
24902,"P56_batch1","Endo",0.4
24903,"P56_batch1","PT",0.0666666666666667
24904,"P56_batch1","DCT",0
24905,"P56_batch1","PT",0.3
24906,"P56_batch1","PT",0.633333333333333
24907,"P56_batch1","DCT",0.133333333333333
24908,"P56_batch1","LOH",0.133333333333333
24909,"P56_batch1","stroma2",0.166666666666667
24910,"P56_batch1","Podo",0.0666666666666667
24911,"P56_batch1","PT",0.6
24912,"P56_batch1","PT",0.2
24913,"P56_batch1","LOH",0.0666666666666667
24914,"P56_batch1","stroma2",0.266666666666667
24915,"P56_batch1","DCT",0.0333333333333333
24916,"P56_batch1","PT2",0.166666666666667
24917,"P56_batch1","PT",0.266666666666667
24918,"P56_batch1","stroma2",0.1
24919,"P56_batch1","LOH",0.1
24920,"P56_batch1","PT2",0.566666666666667
24921,"P56_batch1","DCT",0.0666666666666667
24922,"P56_batch1","PT",0.3
24923,"P56_batch1","PT",0.4
24924,"P56_batch1","PT",0.0333333333333333
24925,"P56_batch1","PT",0.0666666666666667
24926,"P56_batch1","PT",0.166666666666667
24927,"P56_batch1","PT2",0.266666666666667
24928,"P56_batch1","LOH",0.1
24929,"P56_batch1","PT",0.333333333333333
24930,"P56_batch1","IC",0.166666666666667
24931,"P56_batch1","PT",0.133333333333333
24932,"P56_batch1","LOH",0.0333333333333333
24933,"P56_batch1","PT",0.0666666666666667
24934,"P56_batch1","PT",0.1
24935,"P56_batch1","PT",0.133333333333333
24936,"P56_batch1","PC",0.1
24937,"P56_batch1","PT",0.266666666666667
24938,"P56_batch1","PT",0.0333333333333333
24939,"P56_batch1","PT",0.266666666666667
24940,"P56_batch1","CNT",0.133333333333333
24941,"P56_batch1","PT2",0.0333333333333333
24942,"P56_batch1","PT2",0.0333333333333333
24943,"P56_batch1","LOH",0.133333333333333
24944,"P56_batch1","stroma2",0.1
24945,"P56_batch1","stroma2",0.266666666666667
24946,"P56_batch1","Endo",0.133333333333333
24947,"P56_batch1","PT2",0.166666666666667
24948,"P56_batch1","PT",0.133333333333333
24949,"P56_batch1","stroma2",0.0666666666666667
24950,"P56_batch1","PT2",0.133333333333333
24951,"P56_batch1","Endo",0.433333333333333
24952,"P56_batch1","PC",0.133333333333333
24953,"P56_batch1","DCT",0.0666666666666667
24954,"P56_batch1","DCT",0.0333333333333333
24955,"P56_batch1","Podo",0.3
24956,"P56_batch1","PT_out",0.0333333333333333
24957,"P56_batch1","LOH",0
24958,"P56_batch1","Podo",0.0666666666666667
24959,"P56_batch1","stroma2",0.166666666666667
24960,"P56_batch1","DCT",0.0333333333333333
24961,"P56_batch1","PT2",0
24962,"P56_batch1","PT",0.133333333333333
24963,"P56_batch1","PT",0
24964,"P56_batch1","Endo",0.266666666666667
24965,"P56_batch1","CNT",0.1
24966,"P56_batch1","PT",0.1
24967,"P56_batch1","NP",0.133333333333333
24968,"P56_batch1","PT",0.233333333333333
24969,"P56_batch1","NP",0.233333333333333
24970,"P56_batch1","PT",0.1
24971,"P56_batch1","stroma2",0.133333333333333
24972,"P56_batch1","PT",0.133333333333333
24973,"P56_batch1","PT",0.0333333333333333
24974,"P56_batch1","DCT",0.0333333333333333
24975,"P56_batch1","PT2",0.133333333333333
24976,"P56_batch1","PT",0.0333333333333333
24977,"P56_batch1","NP_LOH",0.0333333333333333
24978,"P56_batch1","PC",0.1
24979,"P56_batch1","stroma1",0.166666666666667
24980,"P56_batch1","CNT",0.133333333333333
24981,"P56_batch1","LOH",0.0666666666666667
24982,"P56_batch1","Endo",0.1
24983,"P56_batch1","CNT",0.566666666666667
24984,"P56_batch1","PT",0.0333333333333333
24985,"P56_batch1","PT",0.0666666666666667
24986,"P56_batch1","stroma2",0.1
24987,"P56_batch1","Endo",0.1
24988,"P56_batch1","PT",0.1
24989,"P56_batch1","CNT",0.133333333333333
24990,"P56_batch1","NP_LOH",0.0333333333333333
24991,"P56_batch1","PT",0.2
24992,"P56_batch1","Endo",0.0666666666666667
24993,"P56_batch1","PT",0.233333333333333
24994,"P56_batch1","PT2",0.0333333333333333
24995,"P56_batch1","IC",0.133333333333333
24996,"P56_batch1","Endo",0
24997,"P56_batch1","PT",0
24998,"P56_batch1","PT",0.0666666666666667
24999,"P56_batch1","LOH",0.1
25000,"P56_batch1","CNT",0.133333333333333
25001,"P56_batch1","PT",0.2
25002,"P56_batch1","PT2",0.133333333333333
25003,"P56_batch1","NP_LOH",0.0666666666666667
25004,"P56_batch1","PC",0.0333333333333333
25005,"P56_batch1","PT",0.0666666666666667
25006,"P56_batch1","PT",0.1
25007,"P56_batch1","PT",0.4
25008,"P56_batch1","PT",0.0666666666666667
25009,"P56_batch1","PC",0.0666666666666667
25010,"P56_batch1","PT_out",0
25011,"P56_batch1","CNT",0.1
25012,"P56_batch1","PT",0.3
25013,"P56_batch1","LOH",0.266666666666667
25014,"P56_batch1","PT",0
25015,"P56_batch1","Endo",0.0666666666666667
25016,"P56_batch1","stroma1",0.0666666666666667
25017,"P56_batch1","PT2",0.166666666666667
25018,"P56_batch1","Podo",0.0333333333333333
25019,"P56_batch1","PT2",0.0666666666666667
25020,"P56_batch1","PT",0.0666666666666667
25021,"P56_batch1","DCT",0.0333333333333333
25022,"P56_batch1","LOH",0.133333333333333
25023,"P56_batch1","Endo",0.1
25024,"P56_batch1","PT",0
25025,"P56_batch1","Endo",0.266666666666667
25026,"P56_batch1","CNT",0.0333333333333333
25027,"P56_batch1","PT2",0.366666666666667
25028,"P56_batch1","DCT",0.0333333333333333
25029,"P56_batch1","DCT",0.0333333333333333
25030,"P56_batch1","PT2",0.133333333333333
25031,"P56_batch1","PT",0.0666666666666667
25032,"P56_batch1","NP_LOH",0.166666666666667
25033,"P56_batch1","PT",0.0666666666666667
25034,"P56_batch1","NP",0.1
25035,"P56_batch1","PT",0.366666666666667
25036,"P56_batch1","PT",0.2
25037,"P56_batch1","CNT",0.0333333333333333
25038,"P56_batch1","PC",0.0666666666666667
25039,"P56_batch1","CNT",0.0666666666666667
25040,"P56_batch1","Endo",0.0666666666666667
25041,"P56_batch1","LOH",0.0666666666666667
25042,"P56_batch1","LOH",0.166666666666667
25043,"P56_batch1","CNT",0.533333333333333
25044,"P56_batch1","LOH",0.5
25045,"P56_batch1","DCT",0.0333333333333333
25046,"P56_batch1","Endo",0.0666666666666667
25047,"P56_batch1","NP_LOH",0.1
25048,"P56_batch1","PT2",0.166666666666667
25049,"P56_batch1","PT",0
25050,"P56_batch1","stroma2",0.366666666666667
25051,"P56_batch1","PC",0
25052,"P56_batch1","PT",0
25053,"P56_batch1","LOH",0
25054,"P56_batch1","IC",0.266666666666667
25055,"P56_batch1","PC",0
25056,"P56_batch1","LOH",0.0666666666666667
25057,"P56_batch1","Endo",0.4
25058,"P56_batch1","CNT",0.0333333333333333
25059,"P56_batch1","PT",0.366666666666667
25060,"P56_batch1","Endo",0.466666666666667
25061,"P56_batch1","PC",0.2
25062,"P56_batch1","CNT",0
25063,"P56_batch1","PT",0.3
25064,"P56_batch1","PT",0
25065,"P56_batch1","CNT",0.133333333333333
25066,"P56_batch1","CNT",0
25067,"P56_batch1","PC",0.0666666666666667
25068,"P56_batch1","PT",0.166666666666667
25069,"P56_batch1","Endo",0.4
25070,"P56_batch1","Endo",0.366666666666667
25071,"P56_batch1","LOH",0.233333333333333
25072,"P56_batch1","PT2",0.133333333333333
25073,"P56_batch1","PT",0
25074,"P56_batch1","PT",0.2
25075,"P56_batch1","LOH",0
25076,"P56_batch1","stroma2",0.1
25077,"P56_batch1","PT",0.3
25078,"P56_batch1","PT",0.133333333333333
25079,"P56_batch1","Endo",0.0666666666666667
25080,"P56_batch1","Podo",0.233333333333333
25081,"P56_batch1","PT",0
25082,"P56_batch1","stroma2",0.233333333333333
25083,"P56_batch1","Endo",0.233333333333333
25084,"P56_batch1","Endo",0.2
25085,"P56_batch1","PT",0.233333333333333
25086,"P56_batch1","PT_out",0.1
25087,"P56_batch1","LOH",0
25088,"P56_batch1","Endo",0.233333333333333
25089,"P56_batch1","PT2",0.1
25090,"P56_batch1","PT",0
25091,"P56_batch1","PT",0.0666666666666667
25092,"P56_batch1","PT_out",0.0666666666666667
25093,"P56_batch1","PT_out",0.0333333333333333
25094,"P56_batch1","PT",0.133333333333333
25095,"P56_batch1","CNT",0
25096,"P56_batch1","PT",0.0666666666666667
25097,"P56_batch1","PT",0
25098,"P56_batch1","PT_out",0.0666666666666667
25099,"P56_batch1","LOH",0
25100,"P56_batch1","PT",0.8
25101,"P56_batch1","PT",0.0333333333333333
25102,"P56_batch1","PT",0.0666666666666667
25103,"P56_batch1","PT",0.0666666666666667
25104,"P56_batch1","PT2",0.0333333333333333
25105,"P56_batch1","PT2",0.133333333333333
25106,"P56_batch1","stroma2",0.266666666666667
25107,"P56_batch1","PT",0.0333333333333333
25108,"P56_batch1","LOH",0.0333333333333333
25109,"P56_batch1","stroma2",0.1
25110,"P56_batch1","stroma2",0.2
25111,"P56_batch1","stroma2",0.133333333333333
25112,"P56_batch1","PT",0
25113,"P56_batch1","PT",0.0666666666666667
25114,"P56_batch1","LOH",0.266666666666667
25115,"P56_batch1","PT",0.0666666666666667
25116,"P56_batch1","PT",0.1
25117,"P56_batch1","PT",0
25118,"P56_batch1","stroma2",0.1
25119,"P56_batch1","immune",0.0666666666666667
25120,"P56_batch1","LOH",0
25121,"P56_batch1","Endo",0.233333333333333
25122,"P56_batch1","LOH",0.133333333333333
25123,"P56_batch1","DCT",0
25124,"P56_batch1","PT2",0.366666666666667
25125,"P56_batch1","PT",0.2
25126,"P56_batch1","stroma2",0.1
25127,"P56_batch1","PT",0
25128,"P56_batch1","PT",0.2
25129,"P56_batch1","LOH",0
25130,"P56_batch1","DCT",0.0666666666666667
25131,"P56_batch1","LOH",0.0333333333333333
25132,"P56_batch1","LOH",0.166666666666667
25133,"P56_batch1","PT",0.0666666666666667
25134,"P56_batch1","LOH",0.0666666666666667
25135,"P56_batch1","PT",0.166666666666667
25136,"P56_batch1","Endo",0.233333333333333
25137,"P56_batch1","stroma1",0.0333333333333333
25138,"P56_batch1","PT",0
25139,"P56_batch1","PT",0.266666666666667
25140,"P56_batch1","PT",0.0333333333333333
25141,"P56_batch1","PC",0.0666666666666667
25142,"P56_batch1","PT",0
25143,"P56_batch1","PT",0.1
25144,"P56_batch1","stroma2",0.2
25145,"P56_batch1","Endo",0
25146,"P56_batch1","PT",0
25147,"P56_batch1","Endo",0.433333333333333
25148,"P56_batch1","PT",0.0666666666666667
25149,"P56_batch1","PT",0
25150,"P56_batch1","LOH",0
25151,"P56_batch1","stroma2",0.166666666666667
25152,"P56_batch1","stroma1",0.233333333333333
25153,"P56_batch1","PT2",0.133333333333333
25154,"P56_batch1","stroma2",0.166666666666667
25155,"P56_batch1","Endo",0.1
25156,"P56_batch1","CNT",0.333333333333333
25157,"P56_batch1","stroma2",0.133333333333333
25158,"P56_batch1","stroma2",0.4
25159,"P56_batch1","LOH",0.0333333333333333
25160,"P56_batch1","stroma1",0.1
25161,"P56_batch1","PT",0.633333333333333
25162,"P56_batch1","Endo",0.166666666666667
25163,"P56_batch1","PT",0.0333333333333333
25164,"P56_batch1","PT",0.0666666666666667
25165,"P56_batch1","PT",0.1
25166,"P56_batch1","PT",0.0333333333333333
25167,"P56_batch1","LOH",0
25168,"P56_batch1","PC",0.0333333333333333
25169,"P56_batch1","LOH",0.0333333333333333
25170,"P56_batch1","LOH",0.3
25171,"P56_batch1","PC",0.1
25172,"P56_batch1","CNT",0.0333333333333333
25173,"P56_batch1","Endo",0.0666666666666667
25174,"P56_batch1","Endo",0.266666666666667
25175,"P56_batch1","LOH",0.0666666666666667
25176,"P56_batch1","PT",0.633333333333333
25177,"P56_batch1","IC",0
25178,"P56_batch1","PT",0.0666666666666667
25179,"P56_batch1","PT2",0
25180,"P56_batch1","PT",0.266666666666667
25181,"P56_batch1","Endo",0.0666666666666667
25182,"P56_batch1","stroma2",0.333333333333333
25183,"P56_batch1","Podo",0.0333333333333333
25184,"P56_batch1","PT2",0.0333333333333333
25185,"P56_batch1","PT",0.0333333333333333
25186,"P56_batch1","PC",0
25187,"P56_batch1","DCT",0.0333333333333333
25188,"P56_batch1","NP",0.133333333333333
25189,"P56_batch1","LOH",0.0666666666666667
25190,"P56_batch1","IC",0
25191,"P56_batch1","PT",0.866666666666667
25192,"P56_batch1","PC",0.166666666666667
25193,"P56_batch1","PT",0.133333333333333
25194,"P56_batch1","IC",0.6
25195,"P56_batch1","PT",0.166666666666667
25196,"P56_batch1","Endo",0.666666666666667
25197,"P56_batch1","LOH",0.0333333333333333
25198,"P56_batch1","Podo",0.233333333333333
25199,"P56_batch1","PT",0.0666666666666667
25200,"P56_batch1","PT",0.0333333333333333
25201,"P56_batch1","LOH",0
25202,"P56_batch1","Endo",0.133333333333333
25203,"P56_batch1","LOH",0.0333333333333333
25204,"P56_batch1","PT2",0.1
25205,"P56_batch1","PT2",0.0333333333333333
25206,"P56_batch1","PT",0
25207,"P56_batch1","Endo",0.3
25208,"P56_batch1","LOH",0.233333333333333
25209,"P56_batch1","DCT",0.0333333333333333
25210,"P56_batch1","IC",0
25211,"P56_batch1","CNT",0.1
25212,"P56_batch1","PT",0
25213,"P56_batch1","PT_out",0.0333333333333333
25214,"P56_batch1","DCT",0.1
25215,"P56_batch1","PT",0
25216,"P56_batch1","LOH",0.0666666666666667
25217,"P56_batch1","LOH",0.0666666666666667
25218,"P56_batch1","PC",0.1
25219,"P56_batch1","CNT",0.0666666666666667
25220,"P56_batch1","PT2",0
25221,"P56_batch1","PT2",0.233333333333333
25222,"P56_batch1","NP",0.1
25223,"P56_batch1","IC",0.333333333333333
25224,"P56_batch1","LOH",0.0666666666666667
25225,"P56_batch1","PT",0
25226,"P56_batch1","PC",0
25227,"P56_batch1","CNT",0
25228,"P56_batch1","PT",0.166666666666667
25229,"P56_batch1","Endo",0.233333333333333
25230,"P56_batch1","PT",0.133333333333333
25231,"P56_batch1","LOH",0.0333333333333333
25232,"P56_batch1","PC",0.0666666666666667
25233,"P56_batch1","PC",0.0333333333333333
25234,"P56_batch1","Endo",0.266666666666667
25235,"P56_batch1","stroma2",0.0666666666666667
25236,"P56_batch1","LOH",0.0333333333333333
25237,"P56_batch1","Endo",0.166666666666667
25238,"P56_batch1","LOH",0.4
25239,"P56_batch1","stroma2",0.0333333333333333
25240,"P56_batch1","PT2",0.433333333333333
25241,"P56_batch1","Endo",0.366666666666667
25242,"P56_batch1","Endo",0.0666666666666667
25243,"P56_batch1","LOH",0
25244,"P56_batch1","DCT",0.0666666666666667
25245,"P56_batch1","PT2",0.0666666666666667
25246,"P56_batch1","PT",0.1
25247,"P56_batch1","PT",0.0333333333333333
25248,"P56_batch1","PT",0.0333333333333333
25249,"P56_batch1","PT",0.0333333333333333
25250,"P56_batch1","LOH",0
25251,"P56_batch1","stroma2",0.0333333333333333
25252,"P56_batch1","PT",0
25253,"P56_batch1","DCT",0.1
25254,"P56_batch1","DCT",0
25255,"P56_batch1","PT",0.1
25256,"P56_batch1","LOH",0.0333333333333333
25257,"P56_batch1","LOH",0.0333333333333333
25258,"P56_batch1","LOH",0.0333333333333333
25259,"P56_batch1","PT",0.1
25260,"P56_batch1","PT",0.166666666666667
25261,"P56_batch1","LOH",0
25262,"P56_batch1","PT",0.0666666666666667
25263,"P56_batch1","CNT",0.266666666666667
25264,"P56_batch1","Podo",0
25265,"P56_batch1","PT2",0.0333333333333333
25266,"P56_batch1","PT",0.233333333333333
25267,"P56_batch1","PT",0.1
25268,"P56_batch1","Endo",0.233333333333333
25269,"P56_batch1","PT2",0.133333333333333
25270,"P56_batch1","stroma2",0.166666666666667
25271,"P56_batch1","Endo",0.1
25272,"P56_batch1","PT_out",0.266666666666667
25273,"P56_batch1","DCT",0.133333333333333
25274,"P56_batch1","PT2",0
25275,"P56_batch1","LOH",0
25276,"P56_batch1","IC",0.1
25277,"P56_batch1","DCT",0
25278,"P56_batch1","PT",0.0666666666666667
25279,"P56_batch1","Endo",0
25280,"P56_batch1","DCT",0
25281,"P56_batch1","Endo",0.0666666666666667
25282,"P56_batch1","LOH",0.366666666666667
25283,"P56_batch1","PT",0.6
25284,"P56_batch1","PT",0.0666666666666667
25285,"P56_batch1","PT",0.2
25286,"P56_batch1","NP",0.166666666666667
25287,"P56_batch1","Endo",0.4
25288,"P56_batch1","stroma2",0.0333333333333333
25289,"P56_batch1","Podo",0.333333333333333
25290,"P56_batch1","Endo",0.133333333333333
25291,"P56_batch1","PT",0
25292,"P56_batch1","CNT",0.0666666666666667
25293,"P56_batch1","PT",0.1
25294,"P56_batch1","CNT",0.0333333333333333
25295,"P56_batch1","IC",0.3
25296,"P56_batch1","PT",0
25297,"P56_batch1","PT",0.0666666666666667
25298,"P56_batch1","DCT",0.1
25299,"P56_batch1","PT",0.0666666666666667
25300,"P56_batch1","stroma2",0.0333333333333333
25301,"P56_batch1","PT",0.233333333333333
25302,"P56_batch1","DCT",0.0333333333333333
25303,"P56_batch1","PT",0.0333333333333333
25304,"P56_batch1","PT",0
25305,"P56_batch1","PT_out",0
25306,"P56_batch1","stroma2",0.0666666666666667
25307,"P56_batch1","PT",0
25308,"P56_batch1","PC",0.133333333333333
25309,"P56_batch1","PT",0.233333333333333
25310,"P56_batch1","PT2",0.933333333333333
25311,"P56_batch1","NP_LOH",0.0666666666666667
25312,"P56_batch1","PT",0
25313,"P56_batch1","Endo",0.0666666666666667
25314,"P56_batch1","IC",0
25315,"P56_batch1","PT",0.666666666666667
25316,"P56_batch1","CNT",0.0333333333333333
25317,"P56_batch1","PT_out",0.0333333333333333
25318,"P56_batch1","stroma2",0.0666666666666667
25319,"P56_batch1","PT",0.2
25320,"P56_batch1","LOH",0
25321,"P56_batch1","Podo",0.0333333333333333
25322,"P56_batch1","PC",0.0333333333333333
25323,"P56_batch1","NP_LOH",0.0666666666666667
25324,"P56_batch1","stroma2",0.233333333333333
25325,"P56_batch1","PT",0
25326,"P56_batch1","PT",0.2
25327,"P56_batch1","PT",0.133333333333333
25328,"P56_batch1","stroma2",0.0333333333333333
25329,"P56_batch1","Endo",0.333333333333333
25330,"P56_batch1","PT",0.1
25331,"P56_batch1","PT",0.0333333333333333
25332,"P56_batch1","IC",0.0333333333333333
25333,"P56_batch1","stroma2",0.166666666666667
25334,"P56_batch1","PT",0.0333333333333333
25335,"P56_batch1","PT",0.2
25336,"P56_batch1","Endo",0.133333333333333
25337,"P56_batch1","LOH",0.0333333333333333
25338,"P56_batch1","Endo",0
25339,"P56_batch1","PT",0.0666666666666667
25340,"P56_batch1","PT",0.0333333333333333
25341,"P56_batch1","stroma2",0.133333333333333
25342,"P56_batch1","stroma2",0.166666666666667
25343,"P56_batch1","stroma2",0.2
25344,"P56_batch1","DCT",0.0333333333333333
25345,"P56_batch1","Endo",0.3
25346,"P56_batch1","PT2",0.566666666666667
25347,"P56_batch1","DCT",0.466666666666667
25348,"P56_batch1","Podo",0.0333333333333333
25349,"P56_batch1","Endo",0.233333333333333
25350,"P56_batch1","LOH",0
25351,"P56_batch1","IC",0.133333333333333
25352,"P56_batch1","PT2",0.233333333333333
25353,"P56_batch1","PT",0.0333333333333333
25354,"P56_batch1","CNT",0
25355,"P56_batch1","stroma2",0.2
25356,"P56_batch1","PT",0
25357,"P56_batch1","stroma2",0.166666666666667
25358,"P56_batch1","DCT",0
25359,"P56_batch1","LOH",0.233333333333333
25360,"P56_batch1","Endo",0.1
25361,"P56_batch1","Endo",0.366666666666667
25362,"P56_batch1","immune",0.133333333333333
25363,"P56_batch1","stroma2",0.233333333333333
25364,"P56_batch1","PT",0.1
25365,"P56_batch1","stroma2",0.266666666666667
25366,"P56_batch1","LOH",0.0666666666666667
25367,"P56_batch1","LOH",0
25368,"P56_batch1","LOH",0.0333333333333333
25369,"P56_batch1","PT2",0
25370,"P56_batch1","stroma2",0.233333333333333
25371,"P56_batch1","DCT",0.0666666666666667
25372,"P56_batch1","Endo",0.4
25373,"P56_batch1","stroma2",0.233333333333333
25374,"P56_batch1","stroma2",0
25375,"P56_batch1","PT",0.2
25376,"P56_batch1","PT2",0.166666666666667
25377,"P56_batch1","LOH",0
25378,"P56_batch1","PT",0.0666666666666667
25379,"P56_batch1","Endo",0
25380,"P56_batch1","CNT",0
25381,"P56_batch1","LOH",0
25382,"P56_batch1","NP",0.0333333333333333
25383,"P56_batch1","DCT",0.0333333333333333
25384,"P56_batch1","Endo",0.0333333333333333
25385,"P56_batch1","IC",0
25386,"P56_batch1","LOH",0.0666666666666667
25387,"P56_batch1","PT",0.133333333333333
25388,"P56_batch1","stroma2",0.1
25389,"P56_batch1","PT",0.0666666666666667
25390,"P56_batch1","PT",0.1
25391,"P56_batch1","PT",0.233333333333333
25392,"P56_batch1","PT",0.0666666666666667
25393,"P56_batch1","LOH",0.1
25394,"P56_batch1","DCT",0.0666666666666667
25395,"P56_batch1","IC",0.0333333333333333
25396,"P56_batch1","PT",0.0666666666666667
25397,"P56_batch1","PT",0.0333333333333333
25398,"P56_batch1","PT2",0
25399,"P56_batch1","stroma2",0.0666666666666667
25400,"P56_batch1","PT",0.1
25401,"P56_batch1","PT",0.366666666666667
25402,"P56_batch1","PT",0.466666666666667
25403,"P56_batch1","stroma2",0
25404,"P56_batch1","PT",0.133333333333333
25405,"P56_batch1","PT2",0.133333333333333
25406,"P56_batch1","LOH",0
25407,"P56_batch1","NP_LOH",0.0333333333333333
25408,"P56_batch1","Endo",0.1
25409,"P56_batch1","PC",0.5
25410,"P56_batch1","DCT",0
25411,"P56_batch1","PT",0.9
25412,"P56_batch1","PT",0.0333333333333333
25413,"P56_batch1","PT",0.1
25414,"P56_batch1","immune",0.233333333333333
25415,"P56_batch1","Endo",0.466666666666667
25416,"P56_batch1","PT",0.0666666666666667
25417,"P56_batch1","PT",0.133333333333333
25418,"P56_batch1","PT2",0.166666666666667
25419,"P56_batch1","stroma2",0.1
25420,"P56_batch1","Podo",0
25421,"P56_batch1","PC",0.0333333333333333
25422,"P56_batch1","PT",0.0333333333333333
25423,"P56_batch1","PT",0.0333333333333333
25424,"P56_batch1","PC",0.0666666666666667
25425,"P56_batch1","CNT",0
25426,"P56_batch1","PC",0.266666666666667
25427,"P56_batch1","PT",0.0666666666666667
25428,"P56_batch1","DCT",0.133333333333333
25429,"P56_batch1","PT",0.666666666666667
25430,"P56_batch1","PT",0.1
25431,"P56_batch1","PT",0.0333333333333333
25432,"P56_batch1","IC",0.1
25433,"P56_batch1","PT",0.1
25434,"P56_batch1","stroma2",0.4
25435,"P56_batch1","LOH",0.466666666666667
25436,"P56_batch1","LOH",0
25437,"P56_batch1","PT",0.466666666666667
25438,"P56_batch1","LOH",0.0333333333333333
25439,"P56_batch1","LOH",0
25440,"P56_batch1","PT",0.0333333333333333
25441,"P56_batch1","LOH",0.133333333333333
25442,"P56_batch1","LOH",0.166666666666667
25443,"P56_batch1","PT",0
25444,"P56_batch1","PT",0.1
25445,"P56_batch1","PT",0
25446,"P56_batch1","PT",0.0333333333333333
25447,"P56_batch1","PC",0
25448,"P56_batch1","IC",0.1
25449,"P56_batch1","PT",0.0666666666666667
25450,"P56_batch1","DCT",0.0666666666666667
25451,"P56_batch1","PT",0.0666666666666667
25452,"P56_batch1","PT2",0
25453,"P56_batch1","immune",0.1
25454,"P56_batch1","PT2",0
25455,"P56_batch1","PT2",0.1
25456,"P56_batch1","PT",0.0666666666666667
25457,"P56_batch1","PC",0.133333333333333
25458,"P56_batch1","PT",0.266666666666667
25459,"P56_batch1","PT",0.0333333333333333
25460,"P56_batch1","CNT",0.0333333333333333
25461,"P56_batch1","PT",0
25462,"P56_batch1","CNT",0.0666666666666667
25463,"P56_batch1","PT2",0.2
25464,"P56_batch1","PT",0.0666666666666667
25465,"P56_batch1","LOH",0
25466,"P56_batch1","CNT",0.0666666666666667
25467,"P56_batch1","LOH",0.8
25468,"P56_batch1","PT",0.5
25469,"P56_batch1","LOH",0.166666666666667
25470,"P56_batch1","DCT",0.7
25471,"P56_batch1","LOH",0
25472,"P56_batch1","LOH",0
25473,"P56_batch1","PT",0
25474,"P56_batch1","CNT",0.0333333333333333
25475,"P56_batch1","LOH",0.0333333333333333
25476,"P56_batch1","LOH",0.166666666666667
25477,"P56_batch1","LOH",0.0666666666666667
25478,"P56_batch1","PT2",0.0333333333333333
25479,"P56_batch1","DCT",0
25480,"P56_batch1","stroma2",0.133333333333333
25481,"P56_batch1","NP",0.0333333333333333
25482,"P56_batch1","PT_out",0.133333333333333
25483,"P56_batch1","PT2",0.0333333333333333
25484,"P56_batch1","Endo",0.0666666666666667
25485,"P56_batch1","PT",0.0666666666666667
25486,"P56_batch1","DCT",0.1
25487,"P56_batch1","PT2",0.133333333333333
25488,"P56_batch1","PT2",0.133333333333333
25489,"P56_batch1","DCT",0
25490,"P56_batch1","PT",0.0333333333333333
25491,"P56_batch1","PT",0
25492,"P56_batch1","Endo",0.133333333333333
25493,"P56_batch1","PT2",0.2
25494,"P56_batch1","PT2",0.0666666666666667
25495,"P56_batch1","LOH",0.0333333333333333
25496,"P56_batch1","LOH",0.0333333333333333
25497,"P56_batch1","PT",0.0666666666666667
25498,"P56_batch1","PT",0.0333333333333333
25499,"P56_batch1","LOH",0.0666666666666667
25500,"P56_batch1","PT2",0.266666666666667
25501,"P56_batch1","PT",0.1
25502,"P56_batch1","LOH",0.0333333333333333
25503,"P56_batch1","Podo",0.266666666666667
25504,"P56_batch1","PT",0.0333333333333333
25505,"P56_batch1","LOH",0.0666666666666667
25506,"P56_batch1","NP_LOH",0
25507,"P56_batch1","immune",0.2
25508,"P56_batch1","LOH",0
25509,"P56_batch1","PT",0.133333333333333
25510,"P56_batch1","DCT",0.166666666666667
25511,"P56_batch1","LOH",0
25512,"P56_batch1","DCT",0.0666666666666667
25513,"P56_batch1","LOH",0.1
25514,"P56_batch1","PT2",0.1
25515,"P56_batch1","PT",0.0333333333333333
25516,"P56_batch1","PT2",0.1
25517,"P56_batch1","stroma2",0.2
25518,"P56_batch1","LOH",0
25519,"P56_batch1","PT",0
25520,"P56_batch1","Endo",0.766666666666667
25521,"P56_batch1","Podo",0
25522,"P56_batch1","PC",0.1
25523,"P56_batch1","PT",0.133333333333333
25524,"P56_batch1","stroma2",0.533333333333333
25525,"P56_batch1","LOH",0.0333333333333333
25526,"P56_batch1","PT",0
25527,"P56_batch1","PT",0.2
25528,"P56_batch1","PT",0
25529,"P56_batch1","PT",0.4
25530,"P56_batch1","LOH",0.1
25531,"P56_batch1","NP",0.0666666666666667
25532,"P56_batch1","PC",0.166666666666667
25533,"P56_batch1","stroma2",0.233333333333333
25534,"P56_batch1","stroma2",0
25535,"P56_batch1","PT2",0.766666666666667
25536,"P56_batch1","LOH",0.1
25537,"P56_batch1","PC",0.0333333333333333
25538,"P56_batch1","NP",0.0333333333333333
25539,"P56_batch1","PT_out",0
25540,"P56_batch1","PT",0.0666666666666667
25541,"P56_batch1","PT",0.0333333333333333
25542,"P56_batch1","PT",0
25543,"P56_batch1","LOH",0
25544,"P56_batch1","LOH",0.0666666666666667
25545,"P56_batch1","PT",0.0333333333333333
25546,"P56_batch1","LOH",0.0666666666666667
25547,"P56_batch1","PT2",0.0333333333333333
25548,"P56_batch1","PT",0.133333333333333
25549,"P56_batch1","PT",0.366666666666667
25550,"P56_batch1","LOH",0
25551,"P56_batch1","IC",0.466666666666667
25552,"P56_batch1","PT2",0.1
25553,"P56_batch1","PT",0.0333333333333333
25554,"P56_batch1","Endo",0.1
25555,"P56_batch1","PT2",0
25556,"P56_batch1","LOH",0.0666666666666667
25557,"P56_batch1","PT",0.0666666666666667
25558,"P56_batch1","PT",0
25559,"P56_batch1","LOH",0.0666666666666667
25560,"P56_batch1","PT",0.2
25561,"P56_batch1","Endo",0.1
25562,"P56_batch1","PT2",0.1
25563,"P56_batch1","PT2",0.1
25564,"P56_batch1","Endo",0.1
25565,"P56_batch1","PT",0.533333333333333
25566,"P56_batch1","PT2",0.0666666666666667
25567,"P56_batch1","Endo",0.166666666666667
25568,"P56_batch1","stroma2",0.0666666666666667
25569,"P56_batch1","IC",0
25570,"P56_batch1","NP_LOH",0
25571,"P56_batch1","PT2",0.0333333333333333
25572,"P56_batch1","Endo",0.2
25573,"P56_batch1","Endo",0.266666666666667
25574,"P56_batch1","PT",0.0333333333333333
25575,"P56_batch1","LOH",0.233333333333333
25576,"P56_batch1","Endo",0.1
25577,"P56_batch1","Podo",0.233333333333333
25578,"P56_batch1","IC",0.0333333333333333
25579,"P56_batch1","PT",0
25580,"P56_batch1","NP_LOH",0.0333333333333333
25581,"P56_batch1","PT",0.366666666666667
25582,"P56_batch1","PT",0.366666666666667
25583,"P56_batch1","Podo",0.0333333333333333
25584,"P56_batch1","PT",0.2
25585,"P56_batch1","PT",0
25586,"P56_batch1","PC",0.0333333333333333
25587,"P56_batch1","Endo",0.3
25588,"P56_batch1","PT_out",0.233333333333333
25589,"P56_batch1","CNT",0.0666666666666667
25590,"P56_batch1","DCT",0.0666666666666667
25591,"P56_batch1","PC",0.0333333333333333
25592,"P56_batch1","stroma2",0.333333333333333
25593,"P56_batch1","PT",0
25594,"P56_batch1","Endo",0.2
25595,"P56_batch1","PT2",0.0666666666666667
25596,"P56_batch1","PT",0.0666666666666667
25597,"P56_batch1","Endo",0.0333333333333333
25598,"P56_batch1","LOH",0.0333333333333333
25599,"P56_batch1","PT",0.0333333333333333
25600,"P56_batch1","LOH",0.0666666666666667
25601,"P56_batch1","PT",0.0333333333333333
25602,"P56_batch1","PT",0
25603,"P56_batch1","stroma1",0.333333333333333
25604,"P56_batch1","PT2",0.1
25605,"P56_batch1","Podo",0.0666666666666667
25606,"P56_batch1","NP_LOH",0.0333333333333333
25607,"P56_batch1","PT",0
25608,"P56_batch1","stroma2",0.166666666666667
25609,"P56_batch1","PT",0.1
25610,"P56_batch1","LOH",0
25611,"P56_batch1","PT",0.166666666666667
25612,"P56_batch1","PT",0.5
25613,"P56_batch1","PT",0.0333333333333333
25614,"P56_batch1","Podo",0.1
25615,"P56_batch1","PT",0.0666666666666667
25616,"P56_batch1","LOH",0
25617,"P56_batch1","Endo",0.166666666666667
25618,"P56_batch1","PT2",0.0333333333333333
25619,"P56_batch1","PT2",0.0333333333333333
25620,"P56_batch1","PT2",0.133333333333333
25621,"P56_batch1","stroma2",0.133333333333333
25622,"P56_batch1","PT",0.0666666666666667
25623,"P56_batch1","PC",0.0333333333333333
25624,"P56_batch1","Endo",0.3
25625,"P56_batch1","PT",0.133333333333333
25626,"P56_batch1","Endo",0.133333333333333
25627,"P56_batch1","LOH",0
25628,"P56_batch1","PT",0.5
25629,"P56_batch1","PT2",0.1
25630,"P56_batch1","PT",0.2
25631,"P56_batch1","PT",0.0333333333333333
25632,"P56_batch1","stroma2",0.1
25633,"P56_batch1","LOH",0.0666666666666667
25634,"P56_batch1","NP_LOH",0.133333333333333
25635,"P56_batch1","LOH",0.0333333333333333
25636,"P56_batch1","PT",0.0333333333333333
25637,"P56_batch1","LOH",0
25638,"P56_batch1","LOH",0.1
25639,"P56_batch1","IC",0
25640,"P56_batch1","PC",0.0333333333333333
25641,"P56_batch1","stroma2",0.1
25642,"P56_batch1","Endo",0
25643,"P56_batch1","Endo",0.3
25644,"P56_batch1","PT",0.166666666666667
25645,"P56_batch1","LOH",0
25646,"P56_batch1","LOH",0
25647,"P56_batch1","PT",0
25648,"P56_batch1","CNT",0.0333333333333333
25649,"P56_batch1","stroma2",0.4
25650,"P56_batch1","PT2",0.0666666666666667
25651,"P56_batch1","PT",0.3
25652,"P56_batch1","PC",0.266666666666667
25653,"P56_batch1","LOH",0
25654,"P56_batch1","PT",0.0333333333333333
25655,"P56_batch1","DCT",0.0666666666666667
25656,"P56_batch1","PT",0.266666666666667
25657,"P56_batch1","Endo",0.5
25658,"P56_batch1","LOH",0.0333333333333333
25659,"P56_batch1","PT",0.133333333333333
25660,"P56_batch1","PT2",0.0333333333333333
25661,"P56_batch1","PT",0.133333333333333
25662,"P56_batch1","DCT",0.0333333333333333
25663,"P56_batch1","PT2",0.0666666666666667
25664,"P56_batch1","IC",0.1
25665,"P56_batch1","DCT",0
25666,"P56_batch1","Endo",0.133333333333333
25667,"P56_batch1","PT",0.0333333333333333
25668,"P56_batch1","stroma2",0.266666666666667
25669,"P56_batch1","PT2",0.233333333333333
25670,"P56_batch1","PT",0.0333333333333333
25671,"P56_batch1","LOH",0.0666666666666667
25672,"P56_batch1","PC",0.1
25673,"P56_batch1","PT",0.666666666666667
25674,"P56_batch1","stroma1",0.133333333333333
25675,"P56_batch1","Endo",0.0333333333333333
25676,"P56_batch1","PT",0.0333333333333333
25677,"P56_batch1","PT",0.0666666666666667
25678,"P56_batch1","PT",0.166666666666667
25679,"P56_batch1","stroma2",0.0666666666666667
25680,"P56_batch1","Endo",0.2
25681,"P56_batch1","PT",0.333333333333333
25682,"P56_batch1","PT",0.466666666666667
25683,"P56_batch1","PT",0.133333333333333
25684,"P56_batch1","PT2",0.1
25685,"P56_batch1","IC",0.0666666666666667
25686,"P56_batch1","PT",0.233333333333333
25687,"P56_batch1","PT",0.0333333333333333
25688,"P56_batch1","LOH",0
25689,"P56_batch1","PT",0
25690,"P56_batch1","PT",0.0666666666666667
25691,"P56_batch1","PT",0.266666666666667
25692,"P56_batch1","immune",0.366666666666667
25693,"P56_batch1","PT",0.366666666666667
25694,"P56_batch1","PT",0.2
25695,"P56_batch1","IC",0.0333333333333333
25696,"P56_batch1","PT",0.266666666666667
25697,"P56_batch1","PT",0.1
25698,"P56_batch1","IC",0
25699,"P56_batch1","PT2",0.466666666666667
25700,"P56_batch1","PT",0.133333333333333
25701,"P56_batch1","PT2",0
25702,"P56_batch1","PT2",0.233333333333333
25703,"P56_batch1","PT",0.233333333333333
25704,"P56_batch1","stroma2",0.266666666666667
25705,"P56_batch1","Endo",0.0333333333333333
25706,"P56_batch1","PT",0.233333333333333
25707,"P56_batch1","LOH",0
25708,"P56_batch1","stroma2",0.1
25709,"P56_batch1","IC",0.133333333333333
25710,"P56_batch1","Endo",0.4
25711,"P56_batch1","PT",0.4
25712,"P56_batch1","Endo",0.1
25713,"P56_batch1","PT",0.166666666666667
25714,"P56_batch1","LOH",0.166666666666667
25715,"P56_batch1","PT",0.0666666666666667
25716,"P56_batch1","PT2",0.266666666666667
25717,"P56_batch1","PT",0.0666666666666667
25718,"P56_batch1","stroma1",0.266666666666667
25719,"P56_batch1","LOH",0.0333333333333333
25720,"P56_batch1","CNT",0
25721,"P56_batch1","PT2",0.133333333333333
25722,"P56_batch1","LOH",0.233333333333333
25723,"P56_batch1","LOH",0.166666666666667
25724,"P56_batch1","Endo",0.2
25725,"P56_batch1","stroma2",0.133333333333333
25726,"P56_batch1","IC",0.233333333333333
25727,"P56_batch1","PT2",0.0666666666666667
25728,"P56_batch1","PT",0.1
25729,"P56_batch1","PT2",0.0666666666666667
25730,"P56_batch1","PT",0.0333333333333333
25731,"P56_batch1","Podo",0.1
25732,"P56_batch1","PT",0.266666666666667
25733,"P56_batch1","LOH",0.0333333333333333
25734,"P56_batch1","CNT",0.0333333333333333
25735,"P56_batch1","PT2",0.133333333333333
25736,"P56_batch1","PT",0.0333333333333333
25737,"P56_batch1","PT",0.133333333333333
25738,"P56_batch1","PT2",0.0666666666666667
25739,"P56_batch1","PT",0.0666666666666667
25740,"P56_batch1","PT",0.0666666666666667
25741,"P56_batch1","PT",0
25742,"P56_batch1","DCT",0
25743,"P56_batch1","Podo",0.0333333333333333
25744,"P56_batch1","PT2",0.166666666666667
25745,"P56_batch1","PT",0.0666666666666667
25746,"P56_batch1","Endo",0.0666666666666667
25747,"P56_batch1","DCT",0
25748,"P56_batch1","LOH",0.0333333333333333
25749,"P56_batch1","PT",0.5
25750,"P56_batch1","PT",0.1
25751,"P56_batch1","PT",0
25752,"P56_batch1","CNT",0
25753,"P56_batch1","PT",0.366666666666667
25754,"P56_batch1","LOH",0.0333333333333333
25755,"P56_batch1","PT",0
25756,"P56_batch1","PT2",0.166666666666667
25757,"P56_batch1","LOH",0
25758,"P56_batch1","Podo",0.0666666666666667
25759,"P56_batch1","PT",0.0666666666666667
25760,"P56_batch1","PT",0.1
25761,"P56_batch1","PT_out",0.1
25762,"P56_batch1","LOH",0
25763,"P56_batch1","PT",0.0666666666666667
25764,"P56_batch1","Endo",0.533333333333333
25765,"P56_batch1","Podo",0.2
25766,"P56_batch1","IC",0.5
25767,"P56_batch1","PT",0.133333333333333
25768,"P56_batch1","PT2",0.0333333333333333
25769,"P56_batch1","LOH",0
25770,"P56_batch1","PT",0
25771,"P56_batch1","immune",0.1
25772,"P56_batch1","Endo",0.1
25773,"P56_batch1","PT",0.1
25774,"P56_batch1","PT2",0
25775,"P56_batch1","DCT",0.1
25776,"P56_batch1","PT",0.1
25777,"P56_batch1","PT",0
25778,"P56_batch1","LOH",0.0666666666666667
25779,"P56_batch1","PT",0.0333333333333333
25780,"P56_batch1","PT",0.1
25781,"P56_batch1","PT2",0
25782,"P56_batch1","PT2",0.133333333333333
25783,"P56_batch1","Endo",0.2
25784,"P56_batch1","PT",0.133333333333333
25785,"P56_batch1","PT",0.1
25786,"P56_batch1","PC",0.0333333333333333
25787,"P56_batch1","LOH",0
25788,"P56_batch1","PT2",0.333333333333333
25789,"P56_batch1","PT",0.733333333333333
25790,"P56_batch1","CNT",0.0333333333333333
25791,"P56_batch1","LOH",0
25792,"P56_batch1","PC",0.133333333333333
25793,"P56_batch1","LOH",0.1
25794,"P56_batch1","PT",0
25795,"P56_batch1","LOH",0.0666666666666667
25796,"P56_batch1","LOH",0
25797,"P56_batch1","PT",0.1
25798,"P56_batch1","PT",0.0333333333333333
25799,"P56_batch1","PT",0
25800,"P56_batch1","Endo",0.0333333333333333
25801,"P56_batch1","PT2",0.133333333333333
25802,"P56_batch1","PT",0.0666666666666667
25803,"P56_batch1","PT",0.0333333333333333
25804,"P56_batch1","PT",0.0333333333333333
25805,"P56_batch1","stroma2",0.266666666666667
25806,"P56_batch1","Podo",0.1
25807,"P56_batch1","LOH",0
25808,"P56_batch1","PT",0
25809,"P56_batch1","PT",0.1
25810,"P56_batch1","PT2",0.1
25811,"P56_batch1","PT",0.0333333333333333
25812,"P56_batch1","LOH",0.1
25813,"P56_batch1","IC",0.2
25814,"P56_batch1","Endo",0.0333333333333333
25815,"P56_batch1","stroma2",0.0333333333333333
25816,"P56_batch1","CNT",0.0333333333333333
25817,"P56_batch1","stroma1",0.1
25818,"P56_batch1","stroma2",0.1
25819,"P56_batch1","PT",0.0666666666666667
25820,"P56_batch1","PT",0
25821,"P56_batch1","PT2",0.1
25822,"P56_batch1","IC",0.166666666666667
25823,"P56_batch1","PT2",0.266666666666667
25824,"P56_batch1","stroma2",0.4
25825,"P56_batch1","PT",0.133333333333333
25826,"P56_batch1","NP",0.0333333333333333
25827,"P56_batch1","Podo",0.1
25828,"P56_batch1","PC",0.233333333333333
25829,"P56_batch1","PT",0.0333333333333333
25830,"P56_batch1","LOH",0
25831,"P56_batch1","PT2",0.333333333333333
25832,"P56_batch1","PT",0.166666666666667
25833,"P56_batch1","PT2",0.166666666666667
25834,"P56_batch1","PT",0.0666666666666667
25835,"P56_batch1","LOH",0.0333333333333333
25836,"P56_batch1","CNT",0
25837,"P56_batch1","PT",0.0333333333333333
25838,"P56_batch1","LOH",0.0333333333333333
25839,"P56_batch1","stroma2",0.2
25840,"P56_batch1","DCT",0.233333333333333
25841,"P56_batch1","PT",0.0666666666666667
25842,"P56_batch1","IC",0.166666666666667
25843,"P56_batch1","LOH",0.0333333333333333
25844,"P56_batch1","stroma2",0.233333333333333
25845,"P56_batch1","PT",0.0333333333333333
25846,"P56_batch1","PT",0.0333333333333333
25847,"P56_batch1","Endo",0.0666666666666667
25848,"P56_batch1","LOH",0
25849,"P56_batch1","PT",0
25850,"P56_batch1","stroma2",0.266666666666667
25851,"P56_batch1","PT2",0.333333333333333
25852,"P56_batch1","PT2",0.166666666666667
25853,"P56_batch1","stroma1",0.2
25854,"P56_batch1","PT",0.1
25855,"P56_batch1","LOH",0
25856,"P56_batch1","PT_out",0.1
25857,"P56_batch1","PT2",0.6
25858,"P56_batch1","PT_out",0.166666666666667
25859,"P56_batch1","IC",0.0666666666666667
25860,"P56_batch1","PT",0.0333333333333333
25861,"P56_batch1","PT",0.0666666666666667
25862,"P56_batch1","PT",0.0333333333333333
25863,"P56_batch1","LOH",0.0666666666666667
25864,"P56_batch1","PT",0.0333333333333333
25865,"P56_batch1","LOH",0.1
25866,"P56_batch1","PT",0.0333333333333333
25867,"P56_batch1","PT",0
25868,"P56_batch1","DCT",0.333333333333333
25869,"P56_batch1","PT2",0.233333333333333
25870,"P56_batch1","PT",0.133333333333333
25871,"P56_batch1","DCT",0.0666666666666667
25872,"P56_batch1","PT",0.1
25873,"P56_batch1","PT",0.433333333333333
25874,"P56_batch1","LOH",0.0333333333333333
25875,"P56_batch1","IC",0.0333333333333333
25876,"P56_batch1","PT2",0
25877,"P56_batch1","PT",0.0666666666666667
25878,"P56_batch1","PT2",0.133333333333333
25879,"P56_batch1","PT2",0.1
25880,"P56_batch1","PC",0.0666666666666667
25881,"P56_batch1","NP",0.1
25882,"P56_batch1","PT_out",0.1
25883,"P56_batch1","PT",0
25884,"P56_batch1","LOH",0.1
25885,"P56_batch1","LOH",0
25886,"P56_batch1","LOH",0
25887,"P56_batch1","PC",0.233333333333333
25888,"P56_batch1","LOH",0.166666666666667
25889,"P56_batch1","PT",0
25890,"P56_batch1","PC",0.266666666666667
25891,"P56_batch1","PT",0.4
25892,"P56_batch1","Podo",0.0666666666666667
25893,"P56_batch1","PT",0.0333333333333333
25894,"P56_batch1","PT",0.1
25895,"P56_batch1","LOH",0.0666666666666667
25896,"P56_batch1","Podo",0.133333333333333
25897,"P56_batch1","LOH",0.233333333333333
25898,"P56_batch1","CNT",0.0333333333333333
25899,"P56_batch1","Podo",0.1
25900,"P56_batch1","PT",0.766666666666667
25901,"P56_batch1","PT",0.1
25902,"P56_batch1","stroma2",0.1
25903,"P56_batch1","PT",0.0333333333333333
25904,"P56_batch1","PT",0.0666666666666667
25905,"P56_batch1","PC",0.1
25906,"P56_batch1","CNT",0
25907,"P56_batch1","PT",0.1
25908,"P56_batch1","PT",0.0666666666666667
25909,"P56_batch1","NP_LOH",0.1
25910,"P56_batch1","Endo",0.166666666666667
25911,"P56_batch1","Endo",0.1
25912,"P56_batch1","stroma2",0.166666666666667
25913,"P56_batch1","PT2",0.0666666666666667
25914,"P56_batch1","LOH",0.0333333333333333
25915,"P56_batch1","PT2",0.233333333333333
25916,"P56_batch1","LOH",0.1
25917,"P56_batch1","PC",0.233333333333333
25918,"P56_batch1","Endo",0.433333333333333
25919,"P56_batch1","DCT",0.0333333333333333
25920,"P56_batch1","PT",0
25921,"P56_batch1","PT",0.233333333333333
25922,"P56_batch1","PT2",0.966666666666667
25923,"P56_batch1","Podo",0.133333333333333
25924,"P56_batch1","PT_out",0.0666666666666667
25925,"P56_batch1","PT2",0.0666666666666667
25926,"P56_batch1","Endo",0.0666666666666667
25927,"P56_batch1","PT",0.1
25928,"P56_batch1","PT",0.0333333333333333
25929,"P56_batch1","LOH",0.0666666666666667
25930,"P56_batch1","PT",0.1
25931,"P56_batch1","LOH",0.0666666666666667
25932,"P56_batch1","PT",0.333333333333333
25933,"P56_batch1","PT",0.466666666666667
25934,"P56_batch1","PT",0.133333333333333
25935,"P56_batch1","PC",0.0666666666666667
25936,"P56_batch1","PT",0.1
25937,"P56_batch1","PT",0
25938,"P56_batch1","PT_out",0
25939,"P56_batch1","PT2",0.0333333333333333
25940,"P56_batch1","CNT",0.0333333333333333
25941,"P56_batch1","Endo",0.2
25942,"P56_batch1","PT2",0.133333333333333
25943,"P56_batch1","PT2",0.366666666666667
25944,"P56_batch1","stroma2",0.133333333333333
25945,"P56_batch1","CNT",0.0333333333333333
25946,"P56_batch1","PT",0.0666666666666667
25947,"P56_batch1","stroma2",0.166666666666667
25948,"P56_batch1","CNT",0
25949,"P56_batch1","DCT",0.0666666666666667
25950,"P56_batch1","PT",0.333333333333333
25951,"P56_batch1","PT",0
25952,"P56_batch1","PT",0.0666666666666667
25953,"P56_batch1","PT2",0
25954,"P56_batch1","DCT",0.0333333333333333
25955,"P56_batch1","PT2",0.133333333333333
25956,"P56_batch1","IC",0.1
25957,"P56_batch1","PT",0.0333333333333333
25958,"P56_batch1","Endo",0.0333333333333333
25959,"P56_batch1","PT",0.0333333333333333
25960,"P56_batch1","IC",0
25961,"P56_batch1","PT",0
25962,"P56_batch1","PT",0
25963,"P56_batch1","PT2",0.2
25964,"P56_batch1","LOH",0.1
25965,"P56_batch1","DCT",0.1
25966,"P56_batch1","PT",0.1
25967,"P56_batch1","PT",0.0333333333333333
25968,"P56_batch1","Endo",0.233333333333333
25969,"P56_batch1","Endo",0.2
25970,"P56_batch1","Endo",0.1
25971,"P56_batch1","PT",0.0333333333333333
25972,"P56_batch1","PT2",0
25973,"P56_batch1","PT",0.233333333333333
25974,"P56_batch1","Endo",0.0666666666666667
25975,"P56_batch1","PT",0.0333333333333333
25976,"P56_batch1","LOH",0.0333333333333333
25977,"P56_batch1","Podo",0.0666666666666667
25978,"P56_batch1","PT",0.0666666666666667
25979,"P56_batch1","PT",0.0333333333333333
25980,"P56_batch1","stroma2",0.0666666666666667
25981,"P56_batch1","PT",0.133333333333333
25982,"P56_batch1","stroma2",0.333333333333333
25983,"P56_batch1","PT",0.0333333333333333
25984,"P56_batch1","stroma2",0.333333333333333
25985,"P56_batch1","PC",0.333333333333333
25986,"P56_batch1","IC",0.0333333333333333
25987,"P56_batch1","PT",0.133333333333333
25988,"P56_batch1","LOH",0.133333333333333
25989,"P56_batch1","LOH",0
25990,"P56_batch1","Endo",0.2
25991,"P56_batch1","LOH",0
25992,"P56_batch1","LOH",0.0666666666666667
25993,"P56_batch1","PT2",0.166666666666667
25994,"P56_batch1","stroma1",0.233333333333333
25995,"P56_batch1","PT",0.166666666666667
25996,"P56_batch1","immune",0.4
25997,"P56_batch1","PT",0.0333333333333333
25998,"P56_batch1","PT",0.233333333333333
25999,"P56_batch1","LOH",0.233333333333333
26000,"P56_batch1","NP_LOH",0.0333333333333333
26001,"P56_batch1","PT2",0
26002,"P56_batch1","Endo",0.233333333333333
26003,"P56_batch1","CNT",0.0333333333333333
26004,"P56_batch1","PT2",0.1
26005,"P56_batch1","PT2",0.2
26006,"P56_batch1","PC",0.1
26007,"P56_batch1","Endo",0.0333333333333333
26008,"P56_batch1","IC",0.0333333333333333
26009,"P56_batch1","PT",0
26010,"P56_batch1","stroma2",0.233333333333333
26011,"P56_batch1","PT",0.1
26012,"P56_batch1","Endo",0.133333333333333
26013,"P56_batch1","stroma2",0.1
26014,"P56_batch1","PT",0
26015,"P56_batch1","PT",0.1
26016,"P56_batch1","LOH",0.0333333333333333
26017,"P56_batch1","LOH",0.133333333333333
26018,"P56_batch1","IC",0.0666666666666667
26019,"P56_batch1","PT",0
26020,"P56_batch1","PT2",0.0333333333333333
26021,"P56_batch1","PC",0.2
26022,"P56_batch1","stroma1",0.1
26023,"P56_batch1","PT",0.1
26024,"P56_batch1","PT",0
26025,"P56_batch1","PT",0.0666666666666667
26026,"P56_batch1","PT",0.233333333333333
26027,"P56_batch1","PT",0.133333333333333
26028,"P56_batch1","PT2",0
26029,"P56_batch1","PT2",0.6
26030,"P56_batch1","PT",0
26031,"P56_batch1","PT",0.133333333333333
26032,"P56_batch1","PT",0.0333333333333333
26033,"P56_batch1","PT",0.0333333333333333
26034,"P56_batch1","Endo",0.266666666666667
26035,"P56_batch1","Endo",0.6
26036,"P56_batch1","PT2",0.266666666666667
26037,"P56_batch1","PT",0
26038,"P56_batch1","PT2",0.0333333333333333
26039,"P56_batch1","PT",0.333333333333333
26040,"P56_batch1","Podo",0.1
26041,"P56_batch1","PC",0.0666666666666667
26042,"P56_batch1","Endo",0
26043,"P56_batch1","PT",0.0333333333333333
26044,"P56_batch1","stroma2",0.0333333333333333
26045,"P56_batch1","Endo",0.266666666666667
26046,"P56_batch1","PT2",0.266666666666667
26047,"P56_batch1","Endo",0.0333333333333333
26048,"P56_batch1","PT2",0
26049,"P56_batch1","Endo",0.2
26050,"P56_batch1","PT2",0
26051,"P56_batch1","PT",0.1
26052,"P56_batch1","PT",0
26053,"P56_batch1","PT",0.133333333333333
26054,"P56_batch1","PT",0
26055,"P56_batch1","Endo",0.233333333333333
26056,"P56_batch1","LOH",0
26057,"P56_batch1","PT",0.233333333333333
26058,"P56_batch1","Endo",0.233333333333333
26059,"P56_batch1","DCT",0.0666666666666667
26060,"P56_batch1","PT",0.1
26061,"P56_batch1","stroma2",0.0666666666666667
26062,"P56_batch1","CNT",0.0333333333333333
26063,"P56_batch1","PT2",0.0333333333333333
26064,"P56_batch1","LOH",0
26065,"P56_batch1","PT",0
26066,"P56_batch1","PT",0
26067,"P56_batch1","LOH",0
26068,"P56_batch1","PT",0
26069,"P56_batch1","LOH",0.0333333333333333
26070,"P56_batch1","CNT",0.0333333333333333
26071,"P56_batch1","DCT",0.166666666666667
26072,"P56_batch1","Endo",0.0333333333333333
26073,"P56_batch1","Endo",0.133333333333333
26074,"P56_batch1","CNT",0.0333333333333333
26075,"P56_batch1","PT",0.2
26076,"P56_batch1","PT",0.0333333333333333
26077,"P56_batch1","Endo",0.1
26078,"P56_batch1","stroma2",0.3
26079,"P56_batch1","PT",0.466666666666667
26080,"P56_batch1","LOH",0.0666666666666667
26081,"P56_batch1","stroma2",0.0666666666666667
26082,"P56_batch1","LOH",0
26083,"P56_batch1","PT_out",0.0666666666666667
26084,"P56_batch1","LOH",0
26085,"P56_batch1","LOH",0.0333333333333333
26086,"P56_batch1","stroma2",0.133333333333333
26087,"P56_batch1","PT",0.3
26088,"P56_batch1","PT",0.2
26089,"P56_batch1","LOH",0.433333333333333
26090,"P56_batch1","PT",0.0333333333333333
26091,"P56_batch1","PT",0
26092,"P56_batch1","PT",0.0666666666666667
26093,"P56_batch1","immune",0.133333333333333
26094,"P56_batch1","LOH",0.0333333333333333
26095,"P56_batch1","LOH",0.1
26096,"P56_batch1","PT",0.0333333333333333
26097,"P56_batch1","LOH",0
26098,"P56_batch1","PT",0.133333333333333
26099,"P56_batch1","Endo",0.333333333333333
26100,"P56_batch1","PT",0.333333333333333
26101,"P56_batch1","Endo",0.2
26102,"P56_batch1","PT",0.1
26103,"P56_batch1","IC",0.0333333333333333
26104,"P56_batch1","PT",0.3
26105,"P56_batch1","PT",0.0333333333333333
26106,"P56_batch1","Endo",0.3
26107,"P56_batch1","PT",0
26108,"P56_batch1","PT",0
26109,"P56_batch1","CNT",0
26110,"P56_batch1","PT",0.333333333333333
26111,"P56_batch1","PT",0.166666666666667
26112,"P56_batch1","PT2",0.233333333333333
26113,"P56_batch1","PT2",0.0666666666666667
26114,"P56_batch1","PC",0.0333333333333333
26115,"P56_batch1","IC",0.0333333333333333
26116,"P56_batch1","IC",0.633333333333333
26117,"P56_batch1","PT2",0.1
26118,"P56_batch1","PT_out",0.1
26119,"P56_batch1","PC",0.133333333333333
26120,"P56_batch1","PT",0.0666666666666667
26121,"P56_batch1","LOH",0
26122,"P56_batch1","PT2",0.666666666666667
26123,"P56_batch1","stroma2",0.166666666666667
26124,"P56_batch1","LOH",0
26125,"P56_batch1","stroma2",0.166666666666667
26126,"P56_batch1","Endo",0.0666666666666667
26127,"P56_batch1","PT",0.166666666666667
26128,"P56_batch1","PT",0.0666666666666667
26129,"P56_batch1","immune",0.133333333333333
26130,"P56_batch1","PT",0.0333333333333333
26131,"P56_batch1","Endo",0.0666666666666667
26132,"P56_batch1","LOH",0.0666666666666667
26133,"P56_batch1","PT",0.333333333333333
26134,"P56_batch1","stroma2",0.133333333333333
26135,"P56_batch1","PT2",0.133333333333333
26136,"P56_batch1","DCT",0.1
26137,"P56_batch1","PT",0.133333333333333
26138,"P56_batch1","PT",0
26139,"P56_batch1","LOH",0.233333333333333
26140,"P56_batch1","stroma2",0.133333333333333
26141,"P56_batch1","IC",0.0666666666666667
26142,"P56_batch1","DCT",0
26143,"P56_batch1","PT",0.0666666666666667
26144,"P56_batch1","CNT",0.1
26145,"P56_batch1","LOH",0
26146,"P56_batch1","DCT",0
26147,"P56_batch1","PT2",0.233333333333333
26148,"P56_batch1","Endo",0.0333333333333333
26149,"P56_batch1","PT",0.0666666666666667
26150,"P56_batch1","PT2",0.0666666666666667
26151,"P56_batch1","LOH",0
26152,"P56_batch1","stroma2",0.4
26153,"P56_batch1","PT_out",0
26154,"P56_batch1","PT",0.0666666666666667
26155,"P56_batch1","PT",0.466666666666667
26156,"P56_batch1","CNT",0.3
26157,"P56_batch1","stroma2",0.133333333333333
26158,"P56_batch1","PC",0.0333333333333333
26159,"P56_batch1","LOH",0.0666666666666667
26160,"P56_batch1","PT2",0.2
26161,"P56_batch1","PT2",0
26162,"P56_batch1","PC",0.133333333333333
26163,"P56_batch1","PT",0.133333333333333
26164,"P56_batch1","NP",0.0666666666666667
26165,"P56_batch1","Podo",0.333333333333333
26166,"P56_batch1","Endo",0.433333333333333
26167,"P56_batch1","Endo",0.4
26168,"P56_batch1","PT2",0.0666666666666667
26169,"P56_batch1","PT",0.3
26170,"P56_batch1","Endo",0.366666666666667
26171,"P56_batch1","DCT",0.0333333333333333
26172,"P56_batch1","Endo",0.0666666666666667
26173,"P56_batch1","Endo",0.166666666666667
26174,"P56_batch1","Podo",0.2
26175,"P56_batch1","PT",0.1
26176,"P56_batch1","Endo",0.1
26177,"P56_batch1","LOH",0
26178,"P56_batch1","PT",0.0333333333333333
26179,"P56_batch1","CNT",0.266666666666667
26180,"P56_batch1","Endo",0.166666666666667
26181,"P56_batch1","stroma1",0.233333333333333
26182,"P56_batch1","PC",0.0333333333333333
26183,"P56_batch1","PT",0.2
26184,"P56_batch1","DCT",0.233333333333333
26185,"P56_batch1","PT",1
26186,"P56_batch1","PT2",0.2
26187,"P56_batch1","Podo",0.0333333333333333
26188,"P56_batch1","CNT",0.166666666666667
26189,"P56_batch1","PT",0.0333333333333333
26190,"P56_batch1","PT",0.133333333333333
26191,"P56_batch1","LOH",0.0333333333333333
26192,"P56_batch1","PT",0.0333333333333333
26193,"P56_batch1","PT",0.0333333333333333
26194,"P56_batch1","PT",0.0666666666666667
26195,"P56_batch1","PT",0
26196,"P56_batch1","IC",0.0333333333333333
26197,"P56_batch1","Endo",0.433333333333333
26198,"P56_batch1","Endo",0.0333333333333333
26199,"P56_batch1","LOH",0
26200,"P56_batch1","DCT",0
26201,"P56_batch1","LOH",0.1
26202,"P56_batch1","PT2",0.0333333333333333
26203,"P56_batch1","DCT",0.0666666666666667
26204,"P56_batch1","DCT",0.0666666666666667
26205,"P56_batch1","PT",0.0666666666666667
26206,"P56_batch1","PT",0.0333333333333333
26207,"P56_batch1","PC",0.133333333333333
26208,"P56_batch1","PT",0.1
26209,"P56_batch1","Endo",0.366666666666667
26210,"P56_batch1","PT",0.1
26211,"P56_batch1","LOH",0.0666666666666667
26212,"P56_batch1","stroma2",0.1
26213,"P56_batch1","stroma1",0.133333333333333
26214,"P56_batch1","PT",0.0333333333333333
26215,"P56_batch1","PT2",0.333333333333333
26216,"P56_batch1","PT",0.0333333333333333
26217,"P56_batch1","LOH",0
26218,"P56_batch1","PT2",0
26219,"P56_batch1","PT2",0.0333333333333333
26220,"P56_batch1","PT2",0.233333333333333
26221,"P56_batch1","DCT",0.0666666666666667
26222,"P56_batch1","LOH",0.0333333333333333
26223,"P56_batch1","LOH",0
26224,"P56_batch1","stroma2",0.533333333333333
26225,"P56_batch1","PT",0.4
26226,"P56_batch1","Endo",0.0333333333333333
26227,"P56_batch1","LOH",0.1
26228,"P56_batch1","PT",0.0333333333333333
26229,"P56_batch1","PT",0.133333333333333
26230,"P56_batch1","LOH",0.0666666666666667
26231,"P56_batch1","PT",0.1
26232,"P56_batch1","PT",0
26233,"P56_batch1","PT",0.0333333333333333
26234,"P56_batch1","PT",0.166666666666667
26235,"P56_batch1","DCT",0.0333333333333333
26236,"P56_batch1","PC",0.0666666666666667
26237,"P56_batch1","IC",0.166666666666667
26238,"P56_batch1","Endo",0.133333333333333
26239,"P56_batch1","PT2",0.0666666666666667
26240,"P56_batch1","PT",0
26241,"P56_batch1","LOH",0.266666666666667
26242,"P56_batch1","LOH",0.1
26243,"P56_batch1","LOH",0.0333333333333333
26244,"P56_batch1","immune",0.166666666666667
26245,"P56_batch1","stroma2",0.1
26246,"P56_batch1","PT",0.5
26247,"P56_batch1","PT",0.466666666666667
26248,"P56_batch1","PT",0.2
26249,"P56_batch1","stroma2",0.0333333333333333
26250,"P56_batch1","PC",0.333333333333333
26251,"P56_batch1","PT",0.1
26252,"P56_batch1","LOH",0
26253,"P56_batch1","IC",0.0333333333333333
26254,"P56_batch1","PT",0.1
26255,"P56_batch1","DCT",0.0333333333333333
26256,"P56_batch1","PT",0.0666666666666667
26257,"P56_batch1","immune",0.0666666666666667
26258,"P56_batch1","PT",0
26259,"P56_batch1","CNT",0
26260,"P56_batch1","PT",0
26261,"P56_batch1","LOH",0
26262,"P56_batch1","PT",0.1
26263,"P56_batch1","PT",0.0333333333333333
26264,"P56_batch1","PT2",0.2
26265,"P56_batch1","LOH",0.166666666666667
26266,"P56_batch1","DCT",0.0333333333333333
26267,"P56_batch1","immune",0.2
26268,"P56_batch1","PC",0.0333333333333333
26269,"P56_batch1","Podo",0.0666666666666667
26270,"P56_batch1","Endo",0.0333333333333333
26271,"P56_batch1","LOH",0
26272,"P56_batch1","Endo",0.3
26273,"P56_batch1","IC",0.0666666666666667
26274,"P56_batch1","LOH",0.0666666666666667
26275,"P56_batch1","PT",0.0333333333333333
26276,"P56_batch1","stroma2",0.366666666666667
26277,"P56_batch1","PT",0.133333333333333
26278,"P56_batch1","PT",0
26279,"P56_batch1","IC",0.0333333333333333
26280,"P56_batch1","Endo",0.0666666666666667
26281,"P56_batch1","PC",0.1
26282,"P56_batch1","PT",0.0666666666666667
26283,"P56_batch1","IC",0.4
26284,"P56_batch1","PT",0.266666666666667
26285,"P56_batch1","PT",0.233333333333333
26286,"P56_batch1","Endo",0.266666666666667
26287,"P56_batch1","Podo",0.0666666666666667
26288,"P56_batch1","LOH",0.566666666666667
26289,"P56_batch1","IC",0.133333333333333
26290,"P56_batch1","PT2",0.2
26291,"P56_batch1","PT",0.0666666666666667
26292,"P56_batch1","CNT",0.0333333333333333
26293,"P56_batch1","Podo",0.1
26294,"P56_batch1","PT",0.2
26295,"P56_batch1","IC",0
26296,"P56_batch1","PT",0.166666666666667
26297,"P56_batch1","Endo",0.333333333333333
26298,"P56_batch1","PT",0.133333333333333
26299,"P56_batch1","PT",0.0333333333333333
26300,"P56_batch1","LOH",0.0333333333333333
26301,"P56_batch1","PT",0.0666666666666667
26302,"P56_batch1","IC",0.266666666666667
26303,"P56_batch1","stroma2",0.233333333333333
26304,"P56_batch1","PT",0
26305,"P56_batch1","PT",0.266666666666667
26306,"P56_batch1","PT2",0.0333333333333333
26307,"P56_batch1","DCT",0
26308,"P56_batch1","PT2",0.366666666666667
26309,"P56_batch1","PC",0.0333333333333333
26310,"P56_batch1","PT",0.133333333333333
26311,"P56_batch1","PT",0.0666666666666667
26312,"P56_batch1","PT",0.0666666666666667
26313,"P56_batch1","CNT",0.1
26314,"P56_batch1","NP_LOH",0.133333333333333
26315,"P56_batch1","LOH",0
26316,"P56_batch1","DCT",0.0666666666666667
26317,"P56_batch1","Endo",0.6
26318,"P56_batch1","NP_LOH",0.133333333333333
26319,"P56_batch1","PT",0.133333333333333
26320,"P56_batch1","PT2",0.0333333333333333
26321,"P56_batch1","PT2",0.0666666666666667
26322,"P56_batch1","PT",0.0333333333333333
26323,"P56_batch1","LOH",0.0666666666666667
26324,"P56_batch1","Endo",0.0333333333333333
26325,"P56_batch1","DCT",0.1
26326,"P56_batch1","Endo",0.1
26327,"P56_batch1","PT",0.133333333333333
26328,"P56_batch1","LOH",0.0333333333333333
26329,"P56_batch1","PT",0
26330,"P56_batch1","PT",0.0333333333333333
26331,"P56_batch1","PT",0.133333333333333
26332,"P56_batch1","PT",0.166666666666667
26333,"P56_batch1","LOH",0.1
26334,"P56_batch1","PT",0.0333333333333333
26335,"P56_batch1","PT",0.0666666666666667
26336,"P56_batch1","LOH",0
26337,"P56_batch1","CNT",0
26338,"P56_batch1","PT",0.8
26339,"P56_batch1","LOH",0.333333333333333
26340,"P56_batch1","PC",0
26341,"P56_batch1","LOH",0.0333333333333333
26342,"P56_batch1","PT",0
26343,"P56_batch1","stroma2",0.233333333333333
26344,"P56_batch1","PT",0
26345,"P56_batch1","Podo",0.166666666666667
26346,"P56_batch1","PT",0.8
26347,"P56_batch1","LOH",0.1
26348,"P56_batch1","stroma1",0.266666666666667
26349,"P56_batch1","stroma2",0.1
26350,"P56_batch1","PT2",0
26351,"P56_batch1","PT",0.0666666666666667
26352,"P56_batch1","PT",0
26353,"P56_batch1","stroma2",0.166666666666667
26354,"P56_batch1","PT2",0.1
26355,"P56_batch1","Endo",0.0666666666666667
26356,"P56_batch1","Endo",0.1
26357,"P56_batch1","IC",0.0333333333333333
26358,"P56_batch1","Endo",0
26359,"P56_batch1","PT",0.1
26360,"P56_batch1","PT2",0
26361,"P56_batch1","Endo",0.166666666666667
26362,"P56_batch1","LOH",0.0333333333333333
26363,"P56_batch1","PT",0.266666666666667
26364,"P56_batch1","PT",0.2
26365,"P56_batch1","PT2",0.833333333333333
26366,"P56_batch1","PT",0.0666666666666667
26367,"P56_batch1","PT",0.5
26368,"P56_batch1","stroma1",0.2
26369,"P56_batch1","PT_out",0.0333333333333333
26370,"P56_batch1","PT",0
26371,"P56_batch1","PT",0.1
26372,"P56_batch1","Endo",0.1
26373,"P56_batch1","Endo",0.333333333333333
26374,"P56_batch1","DCT",0
26375,"P56_batch1","Endo",0.0666666666666667
26376,"P56_batch1","PT2",0.0666666666666667
26377,"P56_batch1","PT",0.0333333333333333
26378,"P56_batch1","DCT",0.0333333333333333
26379,"P56_batch1","stroma2",0.233333333333333
26380,"P56_batch1","stroma2",0.3
26381,"P56_batch1","PT",0.0666666666666667
26382,"P56_batch1","PT",0
26383,"P56_batch1","PT",0.0333333333333333
26384,"P56_batch1","Endo",0.0666666666666667
26385,"P56_batch1","PC",0.0666666666666667
26386,"P56_batch1","PT",0.233333333333333
26387,"P56_batch1","PT",0
26388,"P56_batch1","PT",0
26389,"P56_batch1","PT",0.1
26390,"P56_batch1","PT2",0.366666666666667
26391,"P56_batch1","PC",0.166666666666667
26392,"P56_batch1","stroma2",0.133333333333333
26393,"P56_batch1","Endo",0.0333333333333333
26394,"P56_batch1","PT",0
26395,"P56_batch1","CNT",0.166666666666667
26396,"P56_batch1","PT",0.0333333333333333
26397,"P56_batch1","PT",0.0333333333333333
26398,"P56_batch1","LOH",0.0666666666666667
26399,"P56_batch1","Endo",0.333333333333333
26400,"P56_batch1","PT",0.166666666666667
26401,"P56_batch1","DCT",0
26402,"P56_batch1","CNT",0.0666666666666667
26403,"P56_batch1","stroma1",0.1
26404,"P56_batch1","PT2",0.0333333333333333
26405,"P56_batch1","PT2",0.133333333333333
26406,"P56_batch1","CNT",0
26407,"P56_batch1","Endo",0.133333333333333
26408,"P56_batch1","PT2",0.266666666666667
26409,"P56_batch1","LOH",0.0333333333333333
26410,"P56_batch1","PT",0.533333333333333
26411,"P56_batch1","DCT",0.2
26412,"P56_batch1","stroma1",0.0333333333333333
26413,"P56_batch1","immune",0.1
26414,"P56_batch1","CNT",0
26415,"P56_batch1","stroma2",0.0333333333333333
26416,"P56_batch1","PC",0.1
26417,"P56_batch1","Endo",0.0333333333333333
26418,"P56_batch1","PT",0.0666666666666667
26419,"P56_batch1","LOH",0
26420,"P56_batch1","PT",0.0333333333333333
26421,"P56_batch1","LOH",0.266666666666667
26422,"P56_batch1","PT",0.0333333333333333
26423,"P56_batch1","DCT",0.0333333333333333
26424,"P56_batch1","stroma1",0.266666666666667
26425,"P56_batch1","NP",0.0333333333333333
26426,"P56_batch1","PT",0
26427,"P56_batch1","LOH",0.3
26428,"P56_batch1","LOH",0
26429,"P56_batch1","Podo",0.2
26430,"P56_batch1","LOH",0.0333333333333333
26431,"P56_batch1","stroma2",0.133333333333333
26432,"P56_batch1","CNT",0.0333333333333333
26433,"P56_batch1","PT",0.1
26434,"P56_batch1","PT",0.133333333333333
26435,"P56_batch1","PT",0.133333333333333
26436,"P56_batch1","PT",0
26437,"P56_batch1","PT2",0.2
26438,"P56_batch1","PT",0.1
26439,"P56_batch1","PT",0.166666666666667
26440,"P56_batch1","PT",0
26441,"P56_batch1","LOH",0.0333333333333333
26442,"P56_batch1","stroma2",0.666666666666667
26443,"P56_batch1","NP",0.1
26444,"P56_batch1","PT",0.0666666666666667
26445,"P56_batch1","PT",0.6
26446,"P56_batch1","IC",0.2
26447,"P56_batch1","PC",0.133333333333333
26448,"P56_batch1","LOH",0.0666666666666667
26449,"P56_batch1","Endo",0
26450,"P56_batch1","LOH",0.233333333333333
26451,"P56_batch1","PT",0.166666666666667
26452,"P56_batch1","CNT",0
26453,"P56_batch1","Endo",0.2
26454,"P56_batch1","Endo",0.1
26455,"P56_batch1","stroma1",0.166666666666667
26456,"P56_batch1","LOH",0.0333333333333333
26457,"P56_batch1","PT",0
26458,"P56_batch1","PT",0.1
26459,"P56_batch1","Podo",0.133333333333333
26460,"P56_batch1","immune",0.633333333333333
26461,"P56_batch1","PT",0.0666666666666667
26462,"P56_batch1","CNT",0
26463,"P56_batch1","stroma2",0.1
26464,"P56_batch1","PT2",0.1
26465,"P56_batch1","PT",0
26466,"P56_batch1","LOH",0
26467,"P56_batch1","PT",0
26468,"P56_batch1","Endo",0.566666666666667
26469,"P56_batch1","PT2",0.133333333333333
26470,"P56_batch1","PT",0.566666666666667
26471,"P56_batch1","IC",0.133333333333333
26472,"P56_batch1","stroma2",0.233333333333333
26473,"P56_batch1","PT",0.666666666666667
26474,"P56_batch1","stroma1",0.133333333333333
26475,"P56_batch1","LOH",0.0333333333333333
26476,"P56_batch1","LOH",0
26477,"P56_batch1","PT",0.0666666666666667
26478,"P56_batch1","PT",0
26479,"P56_batch1","PC",0.166666666666667
26480,"P56_batch1","LOH",0.0333333333333333
26481,"P56_batch1","stroma2",0.0333333333333333
26482,"P56_batch1","PT2",0.166666666666667
26483,"P56_batch1","LOH",0
26484,"P56_batch1","PC",0.0333333333333333
26485,"P56_batch1","PT_out",0.1
26486,"P56_batch1","stroma1",0.133333333333333
26487,"P56_batch1","PC",0.166666666666667
26488,"P56_batch1","PT2",0.433333333333333
26489,"P56_batch1","PT",0.1
26490,"P56_batch1","CNT",0.0333333333333333
26491,"P56_batch1","Endo",0.0333333333333333
26492,"P56_batch1","PT",0.1
26493,"P56_batch1","LOH",0.0666666666666667
26494,"P56_batch1","PT",0.1
26495,"P56_batch1","LOH",0.0666666666666667
26496,"P56_batch1","CNT",0.1
26497,"P56_batch1","PT",0.0333333333333333
26498,"P56_batch1","PT",0.0666666666666667
26499,"P56_batch1","stroma1",0.1
26500,"P56_batch1","PT",0
26501,"P56_batch1","Endo",0.3
26502,"P56_batch1","Endo",0.0333333333333333
26503,"P56_batch1","stroma2",0.0666666666666667
26504,"P56_batch1","PT",0
26505,"P56_batch1","Endo",0.266666666666667
26506,"P56_batch1","Endo",0
26507,"P56_batch1","PT",0.433333333333333
26508,"P56_batch1","LOH",0.1
26509,"P56_batch1","LOH",0.0666666666666667
26510,"P56_batch1","DCT",0
26511,"P56_batch1","PT",0.0333333333333333
26512,"P56_batch1","Endo",0.133333333333333
26513,"P56_batch1","DCT",0.0333333333333333
26514,"P56_batch1","PT",0.133333333333333
26515,"P56_batch1","CNT",0.0333333333333333
26516,"P56_batch1","LOH",0.1
26517,"P56_batch1","CNT",0.166666666666667
26518,"P56_batch1","CNT",0.0333333333333333
26519,"P56_batch1","PT",0.0333333333333333
26520,"P56_batch1","DCT",0
26521,"P56_batch1","PT",0.0333333333333333
26522,"P56_batch1","CNT",0.0333333333333333
26523,"P56_batch1","Endo",0.166666666666667
26524,"P56_batch1","PT",0.0333333333333333
26525,"P56_batch1","PT2",0
26526,"P56_batch1","Endo",0.133333333333333
26527,"P56_batch1","PT",0.2
26528,"P56_batch1","CNT",0.0666666666666667
26529,"P56_batch1","LOH",0
26530,"P56_batch1","stroma2",0.0333333333333333
26531,"P56_batch1","Endo",0.1
26532,"P56_batch1","Endo",0.1
26533,"P56_batch1","PT",0.333333333333333
26534,"P56_batch1","PT2",0.133333333333333
26535,"P56_batch1","PT2",0.133333333333333
26536,"P56_batch1","PT",0.1
26537,"P56_batch1","IC",0.0666666666666667
26538,"P56_batch1","Endo",0.0333333333333333
26539,"P56_batch1","PT",0.0666666666666667
26540,"P56_batch1","Endo",0.133333333333333
26541,"P56_batch1","PT",0.233333333333333
26542,"P56_batch1","stroma2",0.266666666666667
26543,"P56_batch1","PT",0.133333333333333
26544,"P56_batch1","LOH",0
26545,"P56_batch1","PT",0.0333333333333333
26546,"P56_batch1","LOH",0.0333333333333333
26547,"P56_batch1","stroma2",0.0666666666666667
26548,"P56_batch1","PT",0.533333333333333
26549,"P56_batch1","PT",0.133333333333333
26550,"P56_batch1","LOH",0.1
26551,"P56_batch1","immune",0.3
26552,"P56_batch1","PT",0
26553,"P56_batch1","PT_out",0.266666666666667
26554,"P56_batch1","stroma2",0
26555,"P56_batch1","LOH",0.0333333333333333
26556,"P56_batch1","PC",0.233333333333333
26557,"P56_batch1","LOH",0.0333333333333333
26558,"P56_batch1","PC",0.0333333333333333
26559,"P56_batch1","PT",0.366666666666667
26560,"P56_batch1","PT",0.133333333333333
26561,"P56_batch1","LOH",0.0333333333333333
26562,"P56_batch1","LOH",0.533333333333333
26563,"P56_batch1","PT",0.0333333333333333
26564,"P56_batch1","Podo",0.0333333333333333
26565,"P56_batch1","PT2",0.1
26566,"P56_batch1","stroma2",0.0333333333333333
26567,"P56_batch1","CNT",0.1
26568,"P56_batch1","Endo",0.233333333333333
26569,"P56_batch1","Podo",0.266666666666667
26570,"P56_batch1","LOH",0.0333333333333333
26571,"P56_batch1","stroma2",0.133333333333333
26572,"P56_batch1","Endo",0.1
26573,"P56_batch1","PT2",0.0333333333333333
26574,"P56_batch1","PT",0.133333333333333
26575,"P56_batch1","Endo",0.133333333333333
26576,"P56_batch1","PT2",0.0333333333333333
26577,"P56_batch1","PT2",0.0333333333333333
26578,"P56_batch1","DCT",0
26579,"P56_batch1","PT2",0.0666666666666667
26580,"P56_batch1","LOH",0.0333333333333333
26581,"P56_batch1","DCT",0
26582,"P56_batch1","PT2",0.5
26583,"P56_batch1","PT",0.0333333333333333
26584,"P56_batch1","PT2",0.0666666666666667
26585,"P56_batch1","PT",0.0666666666666667
26586,"P56_batch1","PT_out",0
26587,"P56_batch1","PT2",0.1
26588,"P56_batch1","LOH",0
26589,"P56_batch1","Endo",0.0333333333333333
26590,"P56_batch1","stroma2",0
26591,"P56_batch1","LOH",0.166666666666667
26592,"P56_batch1","LOH",0.2
26593,"P56_batch1","PT2",0.3
26594,"P56_batch1","Endo",0.266666666666667
26595,"P56_batch1","PT",0.0666666666666667
26596,"P56_batch1","PC",0.433333333333333
26597,"P56_batch1","PT2",0.1
26598,"P56_batch1","PT",0.0333333333333333
26599,"P56_batch1","PT",0.0333333333333333
26600,"P56_batch1","PT",0.2
26601,"P56_batch1","PT",0
26602,"P56_batch1","Endo",0.1
26603,"P56_batch1","PT2",0.166666666666667
26604,"P56_batch1","PT2",0.166666666666667
26605,"P56_batch1","Endo",0.3
26606,"P56_batch1","DCT",0.0333333333333333
26607,"P56_batch1","LOH",0.0666666666666667
26608,"P56_batch1","stroma2",0.333333333333333
26609,"P56_batch1","PT",0.0666666666666667
26610,"P56_batch1","PT",0.633333333333333
26611,"P56_batch1","CNT",0.133333333333333
26612,"P56_batch1","CNT",0.0666666666666667
26613,"P56_batch1","LOH",0
26614,"P56_batch1","LOH",0
26615,"P56_batch1","DCT",0.0333333333333333
26616,"P56_batch1","PT",0.1
26617,"P56_batch1","PT",0.0333333333333333
26618,"P56_batch1","LOH",0.0666666666666667
26619,"P56_batch1","NP_LOH",0.0333333333333333
26620,"P56_batch1","LOH",0
26621,"P56_batch1","DCT",0
26622,"P56_batch1","PT",0
26623,"P56_batch1","Endo",0.133333333333333
26624,"P56_batch1","Podo",0.333333333333333
26625,"P56_batch1","PT",0.1
26626,"P56_batch1","LOH",0
26627,"P56_batch1","LOH",0
26628,"P56_batch1","Endo",0.0333333333333333
26629,"P56_batch1","PT2",0
26630,"P56_batch1","IC",0.0333333333333333
26631,"P56_batch1","PC",0.0666666666666667
26632,"P56_batch1","NP_LOH",0.0333333333333333
26633,"P56_batch1","PT",0.0333333333333333
26634,"P56_batch1","stroma2",0.166666666666667
26635,"P56_batch1","PT",0.0333333333333333
26636,"P56_batch1","PT2",0.2
26637,"P56_batch1","PT2",0.333333333333333
26638,"P56_batch1","PT2",0.1
26639,"P56_batch1","LOH",0.0333333333333333
26640,"P56_batch1","stroma2",0.0666666666666667
26641,"P56_batch1","stroma2",0.133333333333333
26642,"P56_batch1","PT_out",0.0666666666666667
26643,"P56_batch1","LOH",0
26644,"P56_batch1","stroma1",0.166666666666667
26645,"P56_batch1","Endo",0.0666666666666667
26646,"P56_batch1","Endo",0.7
26647,"P56_batch1","PT2",0.133333333333333
26648,"P56_batch1","PT2",0.0333333333333333
26649,"P56_batch1","stroma2",0.133333333333333
26650,"P56_batch1","LOH",0.1
26651,"P56_batch1","Endo",0.433333333333333
26652,"P56_batch1","PT2",0.833333333333333
26653,"P56_batch1","IC",0.0666666666666667
26654,"P56_batch1","PT",0.2
26655,"P56_batch1","LOH",0.0666666666666667
26656,"P56_batch1","PT",0.0666666666666667
26657,"P56_batch1","PT",0.233333333333333
26658,"P56_batch1","Endo",0.0333333333333333
26659,"P56_batch1","PT2",0.166666666666667
26660,"P56_batch1","immune",0.166666666666667
26661,"P56_batch1","LOH",0.1
26662,"P56_batch1","PT2",0.133333333333333
26663,"P56_batch1","PT",0.0333333333333333
26664,"P56_batch1","PT",0.1
26665,"P56_batch1","PT2",0.0666666666666667
26666,"P56_batch1","PT",0.0333333333333333
26667,"P56_batch1","LOH",0.0333333333333333
26668,"P56_batch1","PT2",0.0333333333333333
26669,"P56_batch1","stroma2",0.0333333333333333
26670,"P56_batch1","PT2",0.1
26671,"P56_batch1","PT",0
26672,"P56_batch1","PT",0.0333333333333333
26673,"P56_batch1","CNT",0
26674,"P56_batch1","PC",0.233333333333333
26675,"P56_batch1","Podo",0.133333333333333
26676,"P56_batch1","stroma2",0.2
26677,"P56_batch1","NP",0.0666666666666667
26678,"P56_batch1","Endo",0.133333333333333
26679,"P56_batch1","DCT",0
26680,"P56_batch1","LOH",0.0333333333333333
26681,"P56_batch1","PT",0
26682,"P56_batch1","PT",0.0333333333333333
26683,"P56_batch1","PT",0
26684,"P56_batch1","Endo",0.3
26685,"P56_batch1","stroma2",0.133333333333333
26686,"P56_batch1","PT",0.0333333333333333
26687,"P56_batch1","PT",0.0666666666666667
26688,"P56_batch1","PT",0.3
26689,"P56_batch1","PT",0.233333333333333
26690,"P56_batch1","LOH",0.0666666666666667
26691,"P56_batch1","LOH",0.0333333333333333
26692,"P56_batch1","stroma1",0.133333333333333
26693,"P56_batch1","Endo",0.166666666666667
26694,"P56_batch1","stroma2",0.166666666666667
26695,"P56_batch1","NP_LOH",0.4
26696,"P56_batch1","PT2",0.666666666666667
26697,"P56_batch1","Endo",0.0666666666666667
26698,"P56_batch1","IC",0.0333333333333333
26699,"P56_batch1","IC",0.1
26700,"P56_batch1","PT",0.2
26701,"P56_batch1","LOH",0.333333333333333
26702,"P56_batch1","PT",0.0333333333333333
26703,"P56_batch1","PC",0
26704,"P56_batch1","LOH",0.0333333333333333
26705,"P56_batch1","PT",0.333333333333333
26706,"P56_batch1","PT",0.2
26707,"P56_batch1","PT",0.0333333333333333
26708,"P56_batch1","PT",0.0333333333333333
26709,"P56_batch1","Podo",0
26710,"P56_batch1","DCT",0
26711,"P56_batch1","PT",0.133333333333333
26712,"P56_batch1","PT",0.8
26713,"P56_batch1","PT",0.1
26714,"P56_batch1","PT",0.1
26715,"P56_batch1","LOH",0.1
26716,"P56_batch1","PT",0.133333333333333
26717,"P56_batch1","PC",0.0333333333333333
26718,"P56_batch1","stroma1",0.166666666666667
26719,"P56_batch1","IC",0
26720,"P56_batch1","PT",0.2
26721,"P56_batch1","IC",0.4
26722,"P56_batch1","PC",0.0666666666666667
26723,"P56_batch1","PT",0.1
26724,"P56_batch1","DCT",0.3
26725,"P56_batch1","Endo",0.1
26726,"P56_batch1","PT",0.0333333333333333
26727,"P56_batch1","PT",0.0666666666666667
26728,"P56_batch1","LOH",0.0666666666666667
26729,"P56_batch1","PT",0.166666666666667
26730,"P56_batch1","PT",0.0333333333333333
26731,"P56_batch1","PT",0.133333333333333
26732,"P56_batch1","PT",0.1
26733,"P56_batch1","immune",0.133333333333333
26734,"P56_batch1","IC",0.1
26735,"P56_batch1","PC",0.0666666666666667
26736,"P56_batch1","PT",0
26737,"P56_batch1","PT",0.1
26738,"P56_batch1","LOH",0.0666666666666667
26739,"P56_batch1","PT",0.0333333333333333
26740,"P56_batch1","PT2",0.1
26741,"P56_batch1","CNT",0.0666666666666667
26742,"P56_batch1","PT",0.3
26743,"P56_batch1","PT",0.133333333333333
26744,"P56_batch1","PT",0.1
26745,"P56_batch1","PT",0.1
26746,"P56_batch1","PC",0.1
26747,"P56_batch1","PT",0.0333333333333333
26748,"P56_batch1","DCT",0.0666666666666667
26749,"P56_batch1","PC",0.1
26750,"P56_batch1","PT",0.0666666666666667
26751,"P56_batch1","PT",0
26752,"P56_batch1","Endo",0
26753,"P56_batch1","stroma2",0.133333333333333
26754,"P56_batch1","Endo",0.266666666666667
26755,"P56_batch1","LOH",0.0333333333333333
26756,"P56_batch1","PT2",0.166666666666667
26757,"P56_batch1","DCT",0
26758,"P56_batch1","DCT",0.166666666666667
26759,"P56_batch1","DCT",0.1
26760,"P56_batch1","PT",0.0333333333333333
26761,"P56_batch1","PT",0.1
26762,"P56_batch1","PT",0.0333333333333333
26763,"P56_batch1","PT",0.633333333333333
26764,"P56_batch1","LOH",0.0666666666666667
26765,"P56_batch1","LOH",0.233333333333333
26766,"P56_batch1","PT",0.1
26767,"P56_batch1","Endo",0.166666666666667
26768,"P56_batch1","Endo",0.4
26769,"P56_batch1","stroma2",0.0666666666666667
26770,"P56_batch1","PT2",0.3
26771,"P56_batch1","stroma1",0.133333333333333
26772,"P56_batch1","immune",0.233333333333333
26773,"P56_batch1","stroma2",0.3
26774,"P56_batch1","PT",0.366666666666667
26775,"P56_batch1","PT2",0.0666666666666667
26776,"P56_batch1","LOH",0.266666666666667
26777,"P56_batch1","stroma2",0
26778,"P56_batch1","Endo",0.0666666666666667
26779,"P56_batch1","DCT",0
26780,"P56_batch1","PT",0
26781,"P56_batch1","Endo",0.233333333333333
26782,"P56_batch1","Endo",0.633333333333333
26783,"P56_batch1","PT",0.0333333333333333
26784,"P56_batch1","DCT",0.166666666666667
26785,"P56_batch1","PT2",0.0333333333333333
26786,"P56_batch1","LOH",0.1
26787,"P56_batch1","PT",0.0666666666666667
26788,"P56_batch1","LOH",0.0333333333333333
26789,"P56_batch1","PT",0.1
26790,"P56_batch1","LOH",0.0666666666666667
26791,"P56_batch1","PT",0.0333333333333333
26792,"P56_batch1","PT",0.0333333333333333
26793,"P56_batch1","NP_LOH",0.0333333333333333
26794,"P56_batch1","IC",0.6
26795,"P56_batch1","DCT",0
26796,"P56_batch1","stroma2",0.233333333333333
26797,"P56_batch1","PT2",0.3
26798,"P56_batch1","PT",0.1
26799,"P56_batch1","PT2",0.1
26800,"P56_batch1","PT2",0.2
26801,"P56_batch1","Endo",0.0666666666666667
26802,"P56_batch1","PT",0
26803,"P56_batch1","stroma2",0.0333333333333333
26804,"P56_batch1","Endo",0.3
26805,"P56_batch1","LOH",0
26806,"P56_batch1","LOH",0
26807,"P56_batch1","CNT",0
26808,"P56_batch1","PT",0.0666666666666667
26809,"P56_batch1","Endo",0.133333333333333
26810,"P56_batch1","Podo",0
26811,"P56_batch1","NP",0.133333333333333
26812,"P56_batch1","LOH",0
26813,"P56_batch1","PT2",0.133333333333333
26814,"P56_batch1","PT",0.0666666666666667
26815,"P56_batch1","PC",0
26816,"P56_batch1","PT2",0.133333333333333
26817,"P56_batch1","Endo",0
26818,"P56_batch1","LOH",0
26819,"P56_batch1","Endo",0.566666666666667
26820,"P56_batch1","PT2",0.133333333333333
26821,"P56_batch1","PT",0.0333333333333333
26822,"P56_batch1","IC",0
26823,"P56_batch1","PT",0.0666666666666667
26824,"P56_batch1","NP_LOH",0.2
26825,"P56_batch1","Endo",0.433333333333333
26826,"P56_batch1","stroma2",0.0666666666666667
26827,"P56_batch1","LOH",0.1
26828,"P56_batch1","CNT",0.0333333333333333
26829,"P56_batch1","PT",0
26830,"P56_batch1","LOH",0.0333333333333333
26831,"P56_batch1","IC",0
26832,"P56_batch1","LOH",0.133333333333333
26833,"P56_batch1","PT",0.2
26834,"P56_batch1","PT",0
26835,"P56_batch1","LOH",0.0333333333333333
26836,"P56_batch1","PT",0.0333333333333333
26837,"P56_batch1","PT2",0.2
26838,"P56_batch1","PT",0.0333333333333333
26839,"P56_batch1","DCT",0.0333333333333333
26840,"P56_batch1","Endo",0.133333333333333
26841,"P56_batch1","PT",0.1
26842,"P56_batch1","PT",0.0666666666666667
26843,"P56_batch1","PT",0.1
26844,"P56_batch1","PT2",0.1
26845,"P56_batch1","PT",0.0333333333333333
26846,"P56_batch1","PT",0.133333333333333
26847,"P56_batch1","immune",0.0333333333333333
26848,"P56_batch1","LOH",0.1
26849,"P56_batch1","PT2",0.633333333333333
26850,"P56_batch1","PT",0.2
26851,"P56_batch1","Endo",0.533333333333333
26852,"P56_batch1","stroma1",0.166666666666667
26853,"P56_batch1","IC",0
26854,"P56_batch1","PT",0
26855,"P56_batch1","IC",0.3
26856,"P56_batch1","PT_out",0
26857,"P56_batch1","Endo",0
26858,"P56_batch1","PT2",0.1
26859,"P56_batch1","PT2",0.0666666666666667
26860,"P56_batch1","PT",0.1
26861,"P56_batch1","LOH",0.0666666666666667
26862,"P56_batch1","NP_LOH",0.0666666666666667
26863,"P56_batch1","PT",0.166666666666667
26864,"P56_batch1","CNT",0.166666666666667
26865,"P56_batch1","PT",0.2
26866,"P56_batch1","PT",0.133333333333333
26867,"P56_batch1","Podo",0
26868,"P56_batch1","Endo",0.266666666666667
26869,"P56_batch1","PT",0.0333333333333333
26870,"P56_batch1","PT",0
26871,"P56_batch1","LOH",0.1
26872,"P56_batch1","PT2",0.233333333333333
26873,"P56_batch1","PT",0
26874,"P56_batch1","PT_out",0.0666666666666667
26875,"P56_batch1","stroma2",0.233333333333333
26876,"P56_batch1","LOH",0.133333333333333
26877,"P56_batch1","Podo",0.0666666666666667
26878,"P56_batch1","PT",0.0333333333333333
26879,"P56_batch1","Endo",0.0666666666666667
26880,"P56_batch1","stroma2",0.266666666666667
26881,"P56_batch1","stroma2",0.166666666666667
26882,"P56_batch1","IC",0.1
26883,"P56_batch1","Endo",0.0333333333333333
26884,"P56_batch1","PT2",0.0333333333333333
26885,"P56_batch1","Endo",0.166666666666667
26886,"P56_batch1","PT",0.166666666666667
26887,"P56_batch1","PT",0.2
26888,"P56_batch1","PT",0.133333333333333
26889,"P56_batch1","NP_LOH",0.0333333333333333
26890,"P56_batch1","PT",0.0666666666666667
26891,"P56_batch1","PT",0.433333333333333
26892,"P56_batch1","PT",0.0666666666666667
26893,"P56_batch1","PT_out",0.0666666666666667
26894,"P56_batch1","PT",0.1
26895,"P56_batch1","NP",0
26896,"P56_batch1","DCT",0.0333333333333333
26897,"P56_batch1","Endo",0.333333333333333
26898,"P56_batch1","PT",0.266666666666667
26899,"P56_batch1","PT",0.0666666666666667
26900,"P56_batch1","CNT",0
26901,"P56_batch1","stroma1",0.333333333333333
26902,"P56_batch1","LOH",0.133333333333333
26903,"P56_batch1","PT",0.0333333333333333
26904,"P56_batch1","CNT",0
26905,"P56_batch1","CNT",0
26906,"P56_batch1","LOH",0.0333333333333333
26907,"P56_batch1","Endo",0.266666666666667
26908,"P56_batch1","PT",0
26909,"P56_batch1","PT2",0.466666666666667
26910,"P56_batch1","CNT",0
26911,"P56_batch1","stroma2",0.166666666666667
26912,"P56_batch1","PT",0
26913,"P56_batch1","PC",0.0666666666666667
26914,"P56_batch1","IC",0.0666666666666667
26915,"P56_batch1","LOH",0.0666666666666667
26916,"P56_batch1","LOH",0.133333333333333
26917,"P56_batch1","PT",0.133333333333333
26918,"P56_batch1","PT",0.733333333333333
26919,"P56_batch1","stroma1",0.1
26920,"P56_batch1","PT",0.3
26921,"P56_batch1","PT",0.433333333333333
26922,"P56_batch1","stroma2",0.233333333333333
26923,"P56_batch1","Endo",0.133333333333333
26924,"P56_batch1","IC",0.133333333333333
26925,"P56_batch1","PT",0
26926,"P56_batch1","Podo",0.0666666666666667
26927,"P56_batch1","PT2",0.1
26928,"P56_batch1","PT",0.333333333333333
26929,"P56_batch1","IC",0.0666666666666667
26930,"P56_batch1","PT2",0.166666666666667
26931,"P56_batch1","NP_LOH",0.3
26932,"P56_batch1","PT2",0.133333333333333
26933,"P56_batch1","Endo",0.133333333333333
26934,"P56_batch1","PT",0.166666666666667
26935,"P56_batch1","LOH",0.1
26936,"P56_batch1","PT",0.0666666666666667
26937,"P56_batch1","NP",0
26938,"P56_batch1","NP_LOH",0.1
26939,"P56_batch1","stroma1",0.1
26940,"P56_batch1","LOH",0.233333333333333
26941,"P56_batch1","stroma2",0.166666666666667
26942,"P56_batch1","LOH",0.0666666666666667
26943,"P56_batch1","LOH",0.333333333333333
26944,"P56_batch1","PT",0.0666666666666667
26945,"P56_batch1","DCT",0.0333333333333333
26946,"P56_batch1","DCT",0.133333333333333
26947,"P56_batch1","PC",0.0333333333333333
26948,"P56_batch1","DCT",0.0666666666666667
26949,"P56_batch1","DCT",0
26950,"P56_batch1","PC",0
26951,"P56_batch1","NP_LOH",0.133333333333333
26952,"P56_batch1","PT",0.0333333333333333
26953,"P56_batch1","LOH",0.1
26954,"P56_batch1","PT",0.0666666666666667
26955,"P56_batch1","DCT",0.733333333333333
26956,"P56_batch1","PT",0.3
26957,"P56_batch1","Endo",0.133333333333333
26958,"P56_batch1","PT",0.1
26959,"P56_batch1","PC",0.166666666666667
26960,"P56_batch1","stroma1",0.0333333333333333
26961,"P56_batch1","LOH",0.0333333333333333
26962,"P56_batch1","stroma2",0.233333333333333
26963,"P56_batch1","PT",0.0666666666666667
26964,"P56_batch1","PT",0.3
26965,"P56_batch1","PT",0.1
26966,"P56_batch1","PT2",0.1
26967,"P56_batch1","PT",0.0333333333333333
26968,"P56_batch1","LOH",0.1
26969,"P56_batch1","LOH",0.133333333333333
26970,"P56_batch1","NP",0.466666666666667
26971,"P56_batch1","LOH",0
26972,"P56_batch1","PT",0.0333333333333333
26973,"P56_batch1","LOH",0
26974,"P56_batch1","LOH",0.0333333333333333
26975,"P56_batch1","PT",0.0333333333333333
26976,"P56_batch1","PT2",0.0666666666666667
26977,"P56_batch1","PT",0.633333333333333
26978,"P56_batch1","Endo",0.2
26979,"P56_batch1","PT",0
26980,"P56_batch1","DCT",0.0666666666666667
26981,"P56_batch1","Endo",0.2
26982,"P56_batch1","LOH",0.0666666666666667
26983,"P56_batch1","PT",0.0666666666666667
26984,"P56_batch1","LOH",0.133333333333333
26985,"P56_batch1","PT",0
26986,"P56_batch1","PT",0.1
26987,"P56_batch1","Endo",0.466666666666667
26988,"P56_batch1","Endo",0.166666666666667
26989,"P56_batch1","stroma2",0.533333333333333
26990,"P56_batch1","CNT",0
26991,"P56_batch1","LOH",0.0333333333333333
26992,"P56_batch1","PT",0.1
26993,"P56_batch1","Endo",0.466666666666667
26994,"P56_batch1","PT",0
26995,"P56_batch1","Endo",0.2
26996,"P56_batch1","DCT",0.133333333333333
26997,"P56_batch1","LOH",0
26998,"P56_batch1","PT",0.8
26999,"P56_batch1","PT",0.0333333333333333
27000,"P56_batch1","Podo",0.0333333333333333
27001,"P56_batch1","PT",0.2
27002,"P56_batch1","PT",0.0666666666666667
27003,"P56_batch1","PT2",0.0666666666666667
27004,"P56_batch1","Endo",0.366666666666667
27005,"P56_batch1","PT",0
27006,"P56_batch1","Endo",0.133333333333333
27007,"P56_batch1","PT",0.9
27008,"P56_batch1","PT2",0.133333333333333
27009,"P56_batch1","PT",0.0333333333333333
27010,"P56_batch1","PC",0.133333333333333
27011,"P56_batch1","Endo",0.0333333333333333
27012,"P56_batch1","Endo",0.0333333333333333
27013,"P56_batch1","immune",0.3
27014,"P56_batch1","PT",0.133333333333333
27015,"P56_batch1","Endo",0.0333333333333333
27016,"P56_batch1","stroma2",0.166666666666667
27017,"P56_batch1","LOH",0.1
27018,"P56_batch1","PT",0.166666666666667
27019,"P56_batch1","PT",0.0333333333333333
27020,"P56_batch1","PT",0
27021,"P56_batch1","PT2",0.1
27022,"P56_batch1","stroma2",0
27023,"P56_batch1","LOH",0
27024,"P56_batch1","PT",0
27025,"P56_batch1","PT",0.1
27026,"P56_batch1","PT",0.0333333333333333
27027,"P56_batch1","PT",0.0666666666666667
27028,"P56_batch1","PT2",0.0333333333333333
27029,"P56_batch1","PT",0.233333333333333
27030,"P56_batch1","LOH",0.0666666666666667
27031,"P56_batch1","PT2",0.133333333333333
27032,"P56_batch1","PT",0.3
27033,"P56_batch1","PT",0.0333333333333333
27034,"P56_batch1","IC",0
27035,"P56_batch1","DCT",0.133333333333333
27036,"P56_batch1","Endo",0.1
27037,"P56_batch1","LOH",0
27038,"P56_batch1","IC",0.166666666666667
27039,"P56_batch1","PT",0
27040,"P56_batch1","PT",0.0333333333333333
27041,"P56_batch1","DCT",0.0666666666666667
27042,"P56_batch1","Endo",0.1
27043,"P56_batch1","PT",0.133333333333333
27044,"P56_batch1","LOH",0.266666666666667
27045,"P56_batch1","PT",0
27046,"P56_batch1","stroma2",0.133333333333333
27047,"P56_batch1","LOH",0.0333333333333333
27048,"P56_batch1","LOH",0
27049,"P56_batch1","PC",0
27050,"P56_batch1","PT",0.0333333333333333
27051,"P56_batch1","LOH",0.266666666666667
27052,"P56_batch1","PT",0.0666666666666667
27053,"P56_batch1","stroma2",0.4
27054,"P56_batch1","Endo",0.333333333333333
27055,"P56_batch1","PT2",0.566666666666667
27056,"P56_batch1","IC",0.133333333333333
27057,"P56_batch1","LOH",0.1
27058,"P56_batch1","stroma2",0.166666666666667
27059,"P56_batch1","stroma2",0.1
27060,"P56_batch1","stroma2",0.1
27061,"P56_batch1","LOH",0.133333333333333
27062,"P56_batch1","Endo",0.233333333333333
27063,"P56_batch1","PT",0.0333333333333333
27064,"P56_batch1","PT",0.0666666666666667
27065,"P56_batch1","Endo",0.0666666666666667
27066,"P56_batch1","PT",0.166666666666667
27067,"P56_batch1","PT",0.0333333333333333
27068,"P56_batch1","Endo",0.266666666666667
27069,"P56_batch1","PT",0.133333333333333
27070,"P56_batch1","PT",0.0666666666666667
27071,"P56_batch1","PT2",0.133333333333333
27072,"P56_batch1","LOH",0.0333333333333333
27073,"P56_batch1","PT",0.3
27074,"P56_batch1","PT",0.0333333333333333
27075,"P56_batch1","PT",0.1
27076,"P56_batch1","stroma2",0.266666666666667
27077,"P56_batch1","Endo",0.433333333333333
27078,"P56_batch1","DCT",0
27079,"P56_batch1","stroma2",0.0666666666666667
27080,"P56_batch1","Endo",0.266666666666667
27081,"P56_batch1","PT",0.1
27082,"P56_batch1","Endo",0.633333333333333
27083,"P56_batch1","PT2",0.233333333333333
27084,"P56_batch1","IC",0.1
27085,"P56_batch1","PT2",0.0666666666666667
27086,"P56_batch1","PT",0.1
27087,"P56_batch1","PT",0
27088,"P56_batch1","PT",0.133333333333333
27089,"P56_batch1","PT",0.0666666666666667
27090,"P56_batch1","PT2",0.1
27091,"P56_batch1","PT",0.1
27092,"P56_batch1","Endo",0
27093,"P56_batch1","IC",0.1
27094,"P56_batch1","PT2",0.1
27095,"P56_batch1","Endo",0
27096,"P56_batch1","PT",0.333333333333333
27097,"P56_batch1","Endo",0.466666666666667
27098,"P56_batch1","CNT",0
27099,"P56_batch1","PT",0.333333333333333
27100,"P56_batch1","Podo",0.1
27101,"P56_batch1","PT",0.0333333333333333
27102,"P56_batch1","Endo",0.1
27103,"P56_batch1","PT",0
27104,"P56_batch1","PT",0.1
27105,"P56_batch1","PT",0.0666666666666667
27106,"P56_batch1","LOH",0.0666666666666667
27107,"P56_batch1","PT",0.4
27108,"P56_batch1","PC",0.133333333333333
27109,"P56_batch1","DCT",0.0666666666666667
27110,"P56_batch1","LOH",0.0333333333333333
27111,"P56_batch1","PT2",0.3
27112,"P56_batch1","PT",0.133333333333333
27113,"P56_batch1","immune",0.1
27114,"P56_batch1","PT",0.0666666666666667
27115,"P56_batch1","PT",0.266666666666667
27116,"P56_batch1","PT",0
27117,"P56_batch1","LOH",0
27118,"P56_batch1","LOH",0.1
27119,"P56_batch1","Endo",0.233333333333333
27120,"P56_batch1","CNT",0.1
27121,"P56_batch1","PT",0.0666666666666667
27122,"P56_batch1","stroma2",0.166666666666667
27123,"P56_batch1","stroma1",0.166666666666667
27124,"P56_batch1","NP",0.0666666666666667
27125,"P56_batch1","PT",0.266666666666667
27126,"P56_batch1","PT",0
27127,"P56_batch1","NP_LOH",0.3
27128,"P56_batch1","Endo",0.0666666666666667
27129,"P56_batch1","PT",0.6
27130,"P56_batch1","stroma2",0.166666666666667
27131,"P56_batch1","DCT",0.0333333333333333
27132,"P56_batch1","DCT",0.0333333333333333
27133,"P56_batch1","LOH",0.0333333333333333
27134,"P56_batch1","PT",0.133333333333333
27135,"P56_batch1","CNT",0
27136,"P56_batch1","PT",0.0333333333333333
27137,"P56_batch1","PT",0.166666666666667
27138,"P56_batch1","LOH",0.0666666666666667
27139,"P56_batch1","Endo",0.266666666666667
27140,"P56_batch1","PT2",0.366666666666667
27141,"P56_batch1","PT",0
27142,"P56_batch1","stroma2",0.133333333333333
27143,"P56_batch1","stroma2",0.2
27144,"P56_batch1","LOH",0.1
27145,"P56_batch1","PT",0
27146,"P56_batch1","CNT",0
27147,"P56_batch1","PT",0
27148,"P56_batch1","stroma2",0.0666666666666667
27149,"P56_batch1","PT",0
27150,"P56_batch1","stroma2",0.0333333333333333
27151,"P56_batch1","PT",0
27152,"P56_batch1","Endo",0.0333333333333333
27153,"P56_batch1","CNT",0.166666666666667
27154,"P56_batch1","PT",0.466666666666667
27155,"P56_batch1","stroma2",0.3
27156,"P56_batch1","PT",0
27157,"P56_batch1","PT",0.0333333333333333
27158,"P56_batch1","PT",0.0333333333333333
27159,"P56_batch1","Endo",0.266666666666667
27160,"P56_batch1","PT",0.1
27161,"P56_batch1","stroma1",0.133333333333333
27162,"P56_batch1","immune",0.2
27163,"P56_batch1","CNT",0.133333333333333
27164,"P56_batch1","Endo",0.1
27165,"P56_batch1","PT",0
27166,"P56_batch1","PT",0.0666666666666667
27167,"P56_batch1","LOH",0.0333333333333333
27168,"P56_batch1","CNT",0
27169,"P56_batch1","PT",0.1
27170,"P56_batch1","PT",0.133333333333333
27171,"P56_batch1","Endo",0.333333333333333
27172,"P56_batch1","PT",0.0666666666666667
27173,"P56_batch1","Podo",0.1
27174,"P56_batch1","PT",0
27175,"P56_batch1","PT",0.133333333333333
27176,"P56_batch1","PT",0
27177,"P56_batch1","PC",0.1
27178,"P56_batch1","immune",0.0666666666666667
27179,"P56_batch1","PT2",0.1
27180,"P56_batch1","PT2",0.133333333333333
27181,"P56_batch1","LOH",0.0666666666666667
27182,"P56_batch1","LOH",0
27183,"P56_batch1","PT",0.366666666666667
27184,"P56_batch1","PT",0
27185,"P56_batch1","PT2",0.166666666666667
27186,"P56_batch1","PT",0.1
27187,"P56_batch1","Endo",0.0666666666666667
27188,"P56_batch1","NP",0.233333333333333
27189,"P56_batch1","DCT",0.166666666666667
27190,"P56_batch1","stroma2",0.333333333333333
27191,"P56_batch1","CNT",0.366666666666667
27192,"P56_batch1","stroma2",0.233333333333333
27193,"P56_batch1","DCT",0.0666666666666667
27194,"P56_batch1","stroma2",0.2
27195,"P56_batch1","LOH",0.166666666666667
27196,"P56_batch1","PT",0.266666666666667
27197,"P56_batch1","Endo",0.166666666666667
27198,"P56_batch1","PT",0
27199,"P56_batch1","stroma2",0.133333333333333
27200,"P56_batch1","NP_LOH",0.0666666666666667
27201,"P56_batch1","PT",0.0666666666666667
27202,"P56_batch1","PT",0
27203,"P56_batch1","LOH",0.133333333333333
27204,"P56_batch1","PT",0.0333333333333333
27205,"P56_batch1","PT",0.1
27206,"P56_batch1","PT",0.133333333333333
27207,"P56_batch1","PT",0.0666666666666667
27208,"P56_batch1","LOH",0.0333333333333333
27209,"P56_batch1","stroma2",0.3
27210,"P56_batch1","stroma2",0.266666666666667
27211,"P56_batch1","LOH",0.1
27212,"P56_batch1","PT",0.0666666666666667
27213,"P56_batch1","LOH",0.0666666666666667
27214,"P56_batch1","Endo",0.233333333333333
27215,"P56_batch1","NP",0.0666666666666667
27216,"P56_batch1","PT",0.1
27217,"P56_batch1","PT",0.233333333333333
27218,"P56_batch1","LOH",0.133333333333333
27219,"P56_batch1","PT_out",0.0666666666666667
27220,"P56_batch1","PC",0.0666666666666667
27221,"P56_batch1","PT",0
27222,"P56_batch1","PT",0.0666666666666667
27223,"P56_batch1","LOH",0.0333333333333333
27224,"P56_batch1","stroma1",0.0666666666666667
27225,"P56_batch1","CNT",0.0666666666666667
27226,"P56_batch1","PC",0.1
27227,"P56_batch1","PT",0.0666666666666667
27228,"P56_batch1","PT",0.3
27229,"P56_batch1","PT",0.233333333333333
27230,"P56_batch1","LOH",0.0333333333333333
27231,"P56_batch1","NP",0
27232,"P56_batch1","PT2",0.266666666666667
27233,"P56_batch1","PT",0.0666666666666667
27234,"P56_batch1","PT",0.0333333333333333
27235,"P56_batch1","PT",0.0666666666666667
27236,"P56_batch1","PT",0.1
27237,"P56_batch1","PT",0
27238,"P56_batch1","Endo",0.266666666666667
27239,"P56_batch1","PT",0.333333333333333
27240,"P56_batch1","PT",0.233333333333333
27241,"P56_batch1","stroma1",0.0666666666666667
27242,"P56_batch1","PT",0.1
27243,"P56_batch1","LOH",0
27244,"P56_batch1","Endo",0.133333333333333
27245,"P56_batch1","PT",0.0666666666666667
27246,"P56_batch1","LOH",0
27247,"P56_batch1","stroma2",0.2
27248,"P56_batch1","stroma2",0.4
27249,"P56_batch1","LOH",0.4
27250,"P56_batch1","LOH",0
27251,"P56_batch1","PT",0.666666666666667
27252,"P56_batch1","stroma1",0.4
27253,"P56_batch1","LOH",0.0333333333333333
27254,"P56_batch1","CNT",0.133333333333333
27255,"P56_batch1","Podo",0.0666666666666667
27256,"P56_batch1","PT",0.233333333333333
27257,"P56_batch1","PT2",0.133333333333333
27258,"P56_batch1","PT",0.0333333333333333
27259,"P56_batch1","PT2",0.1
27260,"P56_batch1","LOH",0
27261,"P56_batch1","PT2",0.0333333333333333
27262,"P56_batch1","PT",0.0333333333333333
27263,"P56_batch1","PT2",0.4
27264,"P56_batch1","LOH",0.0666666666666667
27265,"P56_batch1","PC",0.133333333333333
27266,"P56_batch1","stroma2",0.233333333333333
27267,"P56_batch1","LOH",0.0666666666666667
27268,"P56_batch1","PT_out",0.1
27269,"P56_batch1","PT",0.1
27270,"P56_batch1","PT2",0.0333333333333333
27271,"P56_batch1","LOH",0.0333333333333333
27272,"P56_batch1","PT",0.166666666666667
27273,"P56_batch1","Endo",0.333333333333333
27274,"P56_batch1","PT2",0.0666666666666667
27275,"P56_batch1","Endo",0.166666666666667
27276,"P56_batch1","PT",0.2
27277,"P56_batch1","PT",0
27278,"P56_batch1","IC",0.0333333333333333
27279,"P56_batch1","PT",0.0666666666666667
27280,"P56_batch1","PT",0.0666666666666667
27281,"P56_batch1","PT",0.1
27282,"P56_batch1","PT",0
27283,"P56_batch1","PT",0
27284,"P56_batch1","PT",0.0333333333333333
27285,"P56_batch1","DCT",0.1
27286,"P56_batch1","PT2",0.233333333333333
27287,"P56_batch1","immune",0.0666666666666667
27288,"P56_batch1","PT",0.3
27289,"P56_batch1","PT2",0.0666666666666667
27290,"P56_batch1","PT",0
27291,"P56_batch1","PT",0.0333333333333333
27292,"P56_batch1","PT",0.2
27293,"P56_batch1","Endo",0.233333333333333
27294,"P56_batch1","DCT",0.0333333333333333
27295,"P56_batch1","DCT",0.1
27296,"P56_batch1","immune",0.166666666666667
27297,"P56_batch1","DCT",0
27298,"P56_batch1","LOH",0.133333333333333
27299,"P56_batch1","Endo",0.133333333333333
27300,"P56_batch1","DCT",0.0666666666666667
27301,"P56_batch1","LOH",0.0333333333333333
27302,"P56_batch1","PT2",0.166666666666667
27303,"P56_batch1","PT",0
27304,"P56_batch1","stroma1",0.4
27305,"P56_batch1","PT",0
27306,"P56_batch1","PT",0
27307,"P56_batch1","immune",0.6
27308,"P56_batch1","PT",0.0333333333333333
27309,"P56_batch1","PT",0.533333333333333
27310,"P56_batch1","LOH",0
27311,"P56_batch1","stroma2",0.1
27312,"P56_batch1","CNT",0.1
27313,"P56_batch1","PT",0.133333333333333
27314,"P56_batch1","LOH",0.0666666666666667
27315,"P56_batch1","PT",0.166666666666667
27316,"P56_batch1","CNT",0
27317,"P56_batch1","PT",0.0333333333333333
27318,"P56_batch1","PT",0.233333333333333
27319,"P56_batch1","CNT",0.4
27320,"P56_batch1","PT",0.0333333333333333
27321,"P56_batch1","LOH",0.0666666666666667
27322,"P56_batch1","PT2",0.966666666666667
27323,"P56_batch1","NP",0.0333333333333333
27324,"P56_batch1","PT",0.0666666666666667
27325,"P56_batch1","DCT",0.0666666666666667
27326,"P56_batch1","PT",0.0666666666666667
27327,"P56_batch1","PT2",0.0333333333333333
27328,"P56_batch1","PT2",0.0666666666666667
27329,"P56_batch1","Podo",0.166666666666667
27330,"P56_batch1","IC",0.0666666666666667
27331,"P56_batch1","PT",0.0333333333333333
27332,"P56_batch1","PT2",0.266666666666667
27333,"P56_batch1","PT",0.0333333333333333
27334,"P56_batch1","PT",0
27335,"P56_batch1","PT",0.0333333333333333
27336,"P56_batch1","PT",0.0333333333333333
27337,"P56_batch1","Endo",0.133333333333333
27338,"P56_batch1","PT",0.0333333333333333
27339,"P56_batch1","LOH",0.0666666666666667
27340,"P56_batch1","LOH",0
27341,"P56_batch1","PT2",0.0666666666666667
27342,"P56_batch1","stroma2",0.0666666666666667
27343,"P56_batch1","stroma2",0.133333333333333
27344,"P56_batch1","Endo",0.3
27345,"P56_batch1","PT",0.0333333333333333
27346,"P56_batch1","PT",0.133333333333333
27347,"P56_batch1","PT",0
27348,"P56_batch1","PT",0.0666666666666667
27349,"P56_batch1","stroma2",0.166666666666667
27350,"P56_batch1","PT",0.0666666666666667
27351,"P56_batch1","Podo",0.0333333333333333
27352,"P56_batch1","PT2",0.1
27353,"P56_batch1","IC",0
27354,"P56_batch1","PT",0.0333333333333333
27355,"P56_batch1","LOH",0.233333333333333
27356,"P56_batch1","stroma2",0.366666666666667
27357,"P56_batch1","LOH",0.0333333333333333
27358,"P56_batch1","LOH",0.0666666666666667
27359,"P56_batch1","PT2",0.0666666666666667
27360,"P56_batch1","PT",0
27361,"P56_batch1","LOH",0.133333333333333
27362,"P56_batch1","LOH",0.0333333333333333
27363,"P56_batch1","LOH",0
27364,"P56_batch1","Podo",0.0666666666666667
27365,"P56_batch1","CNT",0
27366,"P56_batch1","PT",0.0333333333333333
27367,"P56_batch1","Podo",0.0333333333333333
27368,"P56_batch1","PT",0.4
27369,"P56_batch1","IC",0.2
27370,"P56_batch1","Endo",0.2
27371,"P56_batch1","IC",0.1
27372,"P56_batch1","IC",0.0666666666666667
27373,"P56_batch1","Endo",0
27374,"P56_batch1","PT",0.366666666666667
27375,"P56_batch1","Podo",0.0333333333333333
27376,"P56_batch1","PT",0.133333333333333
27377,"P56_batch1","IC",0.133333333333333
27378,"P56_batch1","PT",0
27379,"P56_batch1","PT2",0.666666666666667
27380,"P56_batch1","DCT",0.633333333333333
27381,"P56_batch1","LOH",0.5
27382,"P56_batch1","stroma2",0.1
27383,"P56_batch1","PT",0.133333333333333
27384,"P56_batch1","PT2",0.133333333333333
27385,"P56_batch1","PT",0.0333333333333333
27386,"P56_batch1","LOH",0
27387,"P56_batch1","DCT",0.433333333333333
27388,"P56_batch1","Endo",0.0333333333333333
27389,"P56_batch1","PT",0.166666666666667
27390,"P56_batch1","PT",0.1
27391,"P56_batch1","CNT",0
27392,"P56_batch1","PT",0.2
27393,"P56_batch1","Endo",0.4
27394,"P56_batch1","LOH",0
27395,"P56_batch1","stroma2",0.1
27396,"P56_batch1","PT_out",0.0666666666666667
27397,"P56_batch1","stroma2",0.133333333333333
27398,"P56_batch1","PT",0
27399,"P56_batch1","PT",0.0333333333333333
27400,"P56_batch1","LOH",0.0333333333333333
27401,"P56_batch1","immune",0.166666666666667
27402,"P56_batch1","LOH",0.0666666666666667
27403,"P56_batch1","stroma2",0.233333333333333
27404,"P56_batch1","LOH",0
27405,"P56_batch1","PT2",0.133333333333333
27406,"P56_batch1","PT",0
27407,"P56_batch1","CNT",0
27408,"P56_batch1","stroma1",0.1
27409,"P56_batch1","DCT",0.0333333333333333
27410,"P56_batch1","CNT",0
27411,"P56_batch1","PT",0.4
27412,"P56_batch1","stroma2",0.166666666666667
27413,"P56_batch1","NP",0.4
27414,"P56_batch1","DCT",0.0666666666666667
27415,"P56_batch1","Endo",0.266666666666667
27416,"P56_batch1","PT",0.0333333333333333
27417,"P56_batch1","Endo",0.0666666666666667
27418,"P56_batch1","NP",0.133333333333333
27419,"P56_batch1","PT2",0.0333333333333333
27420,"P56_batch1","Endo",0.4
27421,"P56_batch1","LOH",0.0333333333333333
27422,"P56_batch1","PT",0.0666666666666667
27423,"P56_batch1","PT",0.0666666666666667
27424,"P56_batch1","PT",0.133333333333333
27425,"P56_batch1","PT",0.1
27426,"P56_batch1","PT_out",0.133333333333333
27427,"P56_batch1","LOH",0
27428,"P56_batch1","Endo",0
27429,"P56_batch1","LOH",0.0333333333333333
27430,"P56_batch1","PT",0.1
27431,"P56_batch1","PT",0.1
27432,"P56_batch1","immune",0.133333333333333
27433,"P56_batch1","PT2",0.2
27434,"P56_batch1","LOH",0.1
27435,"P56_batch1","IC",0
27436,"P56_batch1","PT",0.0333333333333333
27437,"P56_batch1","PT",0.0333333333333333
27438,"P56_batch1","PC",0.133333333333333
27439,"P56_batch1","stroma2",0.0333333333333333
27440,"P56_batch1","PT_out",0.0333333333333333
27441,"P56_batch1","LOH",0.2
27442,"P56_batch1","PT_out",0.0333333333333333
27443,"P56_batch1","PT2",0.0333333333333333
27444,"P56_batch1","LOH",0.2
27445,"P56_batch1","PT",0.0666666666666667
27446,"P56_batch1","LOH",0.0666666666666667
27447,"P56_batch1","PT",0.1
27448,"P56_batch1","PT",0.2
27449,"P56_batch1","PT",0.133333333333333
27450,"P56_batch1","LOH",0.0333333333333333
27451,"P56_batch1","PT",0.1
27452,"P56_batch1","PT2",0.0333333333333333
27453,"P56_batch1","Endo",0.0333333333333333
27454,"P56_batch1","LOH",0.133333333333333
27455,"P56_batch1","PT",0.1
27456,"P56_batch1","PT",0.166666666666667
27457,"P56_batch1","PT",0
27458,"P56_batch1","stroma2",0.0333333333333333
27459,"P56_batch1","LOH",0.0333333333333333
27460,"P56_batch1","IC",0.366666666666667
27461,"P56_batch1","IC",0.0666666666666667
27462,"P56_batch1","PT2",0.0666666666666667
27463,"P56_batch1","PT",0.0333333333333333
27464,"P56_batch1","PT",0.2
27465,"P56_batch1","LOH",0.0666666666666667
27466,"P56_batch1","PT2",0.233333333333333
27467,"P56_batch1","PT2",0.2
27468,"P56_batch1","PT",0.1
27469,"P56_batch1","DCT",0.0333333333333333
27470,"P56_batch1","PT",0.933333333333333
27471,"P56_batch1","PT",0.166666666666667
27472,"P56_batch1","PT",0
27473,"P56_batch1","stroma2",0.1
27474,"P56_batch1","LOH",0.166666666666667
27475,"P56_batch1","LOH",0.0333333333333333
27476,"P56_batch1","PT",0.0333333333333333
27477,"P56_batch1","Endo",0.2
27478,"P56_batch1","immune",0.1
27479,"P56_batch1","Endo",0.133333333333333
27480,"P56_batch1","PT2",0.1
27481,"P56_batch1","PT2",0.0666666666666667
27482,"P56_batch1","LOH",0.0333333333333333
27483,"P56_batch1","PT",0.2
27484,"P56_batch1","DCT",0.1
27485,"P56_batch1","LOH",0.166666666666667
27486,"P56_batch1","NP_LOH",0.266666666666667
27487,"P56_batch1","PT2",0.133333333333333
27488,"P56_batch1","CNT",0.0333333333333333
27489,"P56_batch1","Endo",0.0666666666666667
27490,"P56_batch1","stroma2",0.366666666666667
27491,"P56_batch1","NP_LOH",0.0333333333333333
27492,"P56_batch1","stroma2",0.233333333333333
27493,"P56_batch1","PT",0
27494,"P56_batch1","DCT",0
27495,"P56_batch1","NP_LOH",0.166666666666667
27496,"P56_batch1","PC",0.0333333333333333
27497,"P56_batch1","PT",0
27498,"P56_batch1","PT",0
27499,"P56_batch1","PT2",0.0333333333333333
27500,"P56_batch1","Endo",0.6
27501,"P56_batch1","PT",0.7
27502,"P56_batch1","PC",0.0666666666666667
27503,"P56_batch1","PT",0.133333333333333
27504,"P56_batch1","PT2",0.233333333333333
27505,"P56_batch1","PT",0.133333333333333
27506,"P56_batch1","IC",0.0666666666666667
27507,"P56_batch1","LOH",0.166666666666667
27508,"P56_batch1","PT",0.166666666666667
27509,"P56_batch1","PC",0.333333333333333
27510,"P56_batch1","PT",0.133333333333333
27511,"P56_batch1","NP_LOH",0.2
27512,"P56_batch1","PT",0.166666666666667
27513,"P56_batch1","PT",0.0333333333333333
27514,"P56_batch1","Podo",0.333333333333333
27515,"P56_batch1","LOH",0.0666666666666667
27516,"P56_batch1","PT2",0
27517,"P56_batch1","PT",0.2
27518,"P56_batch1","PT",0.166666666666667
27519,"P56_batch1","LOH",0
27520,"P56_batch1","PT",0.0333333333333333
27521,"P56_batch1","PT",0.3
27522,"P56_batch1","LOH",0
27523,"P56_batch1","NP",0.0666666666666667
27524,"P56_batch1","PT",0.0333333333333333
27525,"P56_batch1","PT",0
27526,"P56_batch1","Endo",0.233333333333333
27527,"P56_batch1","PT",0.0333333333333333
27528,"P56_batch1","PT",0
27529,"P56_batch1","PC",0.0666666666666667
27530,"P56_batch1","PT",0.0666666666666667
27531,"P56_batch1","Endo",0.366666666666667
27532,"P56_batch1","PT",0.0333333333333333
27533,"P56_batch1","PT",0.0666666666666667
27534,"P56_batch1","PC",0.166666666666667
27535,"P56_batch1","PT",0.0666666666666667
27536,"P56_batch1","PT",0.266666666666667
27537,"P56_batch1","LOH",0.366666666666667
27538,"P56_batch1","stroma2",0.1
27539,"P56_batch1","PT",0.133333333333333
27540,"P56_batch1","immune",0.2
27541,"P56_batch1","PT",0.3
27542,"P56_batch1","DCT",0.0666666666666667
27543,"P56_batch1","Endo",0.133333333333333
27544,"P56_batch1","PC",0.0333333333333333
27545,"P56_batch1","PT",0.0333333333333333
27546,"P56_batch1","PC",0.133333333333333
27547,"P56_batch1","LOH",0.1
27548,"P56_batch1","PT",0
27549,"P56_batch1","PT",0.0333333333333333
27550,"P56_batch1","PT",0
27551,"P56_batch1","stroma2",0.0333333333333333
27552,"P56_batch1","PT2",0.133333333333333
27553,"P56_batch1","PT",0.0666666666666667
27554,"P56_batch1","stroma2",0.0333333333333333
27555,"P56_batch1","CNT",0.0333333333333333
27556,"P56_batch1","IC",0.4
27557,"P56_batch1","PT",0.666666666666667
27558,"P56_batch1","PT",0
27559,"P56_batch1","stroma1",0.1
27560,"P56_batch1","NP_LOH",0.0666666666666667
27561,"P56_batch1","PT",0.0333333333333333
27562,"P56_batch1","LOH",0.0666666666666667
27563,"P56_batch1","stroma2",0
27564,"P56_batch1","LOH",0.0333333333333333
27565,"P56_batch1","stroma2",0.466666666666667
27566,"P56_batch1","PT",0.1
27567,"P56_batch1","PT",0.0666666666666667
27568,"P56_batch1","stroma2",0.166666666666667
27569,"P56_batch1","PT",0.0333333333333333
27570,"P56_batch1","Endo",0.133333333333333
27571,"P56_batch1","PT",0.0333333333333333
27572,"P56_batch1","PC",0.1
27573,"P56_batch1","PT",0
27574,"P56_batch1","PT2",0.0666666666666667
27575,"P56_batch1","LOH",0.0333333333333333
27576,"P56_batch1","PT",0.166666666666667
27577,"P56_batch1","PT",0.0333333333333333
27578,"P56_batch1","LOH",0.0666666666666667
27579,"P56_batch1","Endo",0.133333333333333
27580,"P56_batch1","PT",0
27581,"P56_batch1","PT",0.0666666666666667
27582,"P56_batch1","NP",0.133333333333333
27583,"P56_batch1","PT",0.366666666666667
27584,"P56_batch1","IC",0.0666666666666667
27585,"P56_batch1","Endo",0.166666666666667
27586,"P56_batch1","stroma1",0.533333333333333
27587,"P56_batch1","PT",0.0333333333333333
27588,"P56_batch1","PT",0.133333333333333
27589,"P56_batch1","LOH",0
27590,"P56_batch1","PT",0.0666666666666667
27591,"P56_batch1","LOH",0.566666666666667
27592,"P56_batch1","PT",0.3
27593,"P56_batch1","LOH",0
27594,"P56_batch1","PT",0.0666666666666667
27595,"P56_batch1","PT",0.633333333333333
27596,"P56_batch1","PT",0.166666666666667
27597,"P56_batch1","stroma2",0.0666666666666667
27598,"P56_batch1","LOH",0.0333333333333333
27599,"P56_batch1","PT",0.1
27600,"P56_batch1","PT2",0.366666666666667
27601,"P56_batch1","PC",0
27602,"P56_batch1","PT",0.0333333333333333
27603,"P56_batch1","PT",0.133333333333333
27604,"P56_batch1","Endo",0.166666666666667
27605,"P56_batch1","PT_out",0.1
27606,"P56_batch1","DCT",0.2
27607,"P56_batch1","PT",0.533333333333333
27608,"P56_batch1","Endo",0.333333333333333
27609,"P56_batch1","PT",0.1
27610,"P56_batch1","LOH",0
27611,"P56_batch1","PT",0.166666666666667
27612,"P56_batch1","Endo",0.1
27613,"P56_batch1","Endo",0.2
27614,"P56_batch1","Endo",0.0333333333333333
27615,"P56_batch1","LOH",0.0666666666666667
27616,"P56_batch1","CNT",0.533333333333333
27617,"P56_batch1","PT",0.0333333333333333
27618,"P56_batch1","LOH",0.133333333333333
27619,"P56_batch1","CNT",0.0666666666666667
27620,"P56_batch1","IC",0
27621,"P56_batch1","DCT",0.0333333333333333
27622,"P56_batch1","PT2",0.0666666666666667
27623,"P56_batch1","NP_LOH",0
27624,"P56_batch1","Endo",0.166666666666667
27625,"P56_batch1","LOH",0.1
27626,"P56_batch1","PT",0.133333333333333
27627,"P56_batch1","PT",0.0333333333333333
27628,"P56_batch1","LOH",0.1
27629,"P56_batch1","PT",0
27630,"P56_batch1","stroma2",0.0666666666666667
27631,"P56_batch1","Endo",0.0333333333333333
27632,"P56_batch1","PT",0.0333333333333333
27633,"P56_batch1","Endo",0.1
27634,"P56_batch1","DCT",0.0333333333333333
27635,"P56_batch1","PT2",0.2
27636,"P56_batch1","Endo",0.0333333333333333
27637,"P56_batch1","Endo",0.166666666666667
27638,"P56_batch1","LOH",0.0666666666666667
27639,"P56_batch1","LOH",0.0666666666666667
27640,"P56_batch1","LOH",0
27641,"P56_batch1","PT",0
27642,"P56_batch1","Endo",0.133333333333333
27643,"P56_batch1","IC",0
27644,"P56_batch1","IC",0.1
27645,"P56_batch1","PT",0.1
27646,"P56_batch1","stroma2",0.0666666666666667
27647,"P56_batch1","PT",0.166666666666667
27648,"P56_batch1","LOH",0.233333333333333
27649,"P56_batch1","LOH",0.133333333333333
27650,"P56_batch1","PT",0.0666666666666667
27651,"P56_batch1","PT",0.266666666666667
27652,"P56_batch1","PT2",0.0666666666666667
27653,"P56_batch1","PT",0.266666666666667
27654,"P56_batch1","PT",0.5
27655,"P56_batch1","PT2",0.1
27656,"P56_batch1","PT",0
27657,"P56_batch1","PT",0
27658,"P56_batch1","PT",0.1
27659,"P56_batch1","PT2",0
27660,"P56_batch1","Endo",0.333333333333333
27661,"P56_batch1","PT",0.166666666666667
27662,"P56_batch1","Endo",0.0666666666666667
27663,"P56_batch1","PT2",0.0333333333333333
27664,"P56_batch1","CNT",0.0666666666666667
27665,"P56_batch1","PT",0.0666666666666667
27666,"P56_batch1","LOH",0
27667,"P56_batch1","PC",0
27668,"P56_batch1","PT2",0
27669,"P56_batch1","LOH",0.0333333333333333
27670,"P56_batch1","PT2",0.166666666666667
27671,"P56_batch1","PT",0.1
27672,"P56_batch1","PT",0.1
27673,"P56_batch1","PT",0.0333333333333333
27674,"P56_batch1","PT2",0.833333333333333
27675,"P56_batch1","PT",0.333333333333333
27676,"P56_batch1","PT",0.166666666666667
27677,"P56_batch1","Endo",0.3
27678,"P56_batch1","PT",0.266666666666667
27679,"P56_batch1","PC",0
27680,"P56_batch1","CNT",0.0333333333333333
27681,"P56_batch1","PT2",0.0666666666666667
27682,"P56_batch1","Podo",0.0333333333333333
27683,"P56_batch1","PT",0.0666666666666667
27684,"P56_batch1","Endo",0.1
27685,"P56_batch1","LOH",0.0333333333333333
27686,"P56_batch1","LOH",0.1
27687,"P56_batch1","Endo",0.0666666666666667
27688,"P56_batch1","PT",0
27689,"P56_batch1","LOH",0.1
27690,"P56_batch1","CNT",0.166666666666667
27691,"P56_batch1","PT",0.0333333333333333
27692,"P56_batch1","PT",0.0333333333333333
27693,"P56_batch1","Endo",0.0666666666666667
27694,"P56_batch1","PT",0
27695,"P56_batch1","PT",0.0333333333333333
27696,"P56_batch1","Endo",0.133333333333333
27697,"P56_batch1","Endo",0.633333333333333
27698,"P56_batch1","PT",0.233333333333333
27699,"P56_batch1","stroma2",0.366666666666667
27700,"P56_batch1","Endo",0.0333333333333333
27701,"P56_batch1","PT",0.0333333333333333
27702,"P56_batch1","LOH",0
27703,"P56_batch1","Podo",0.0666666666666667
27704,"P56_batch1","PT",0.166666666666667
27705,"P56_batch1","PT",0.333333333333333
27706,"P56_batch1","PT",0.0666666666666667
27707,"P56_batch1","Endo",0.133333333333333
27708,"P56_batch1","PC",0
27709,"P56_batch1","stroma2",0.133333333333333
27710,"P56_batch1","LOH",0
27711,"P56_batch1","PT2",0.0666666666666667
27712,"P56_batch1","stroma2",0.133333333333333
27713,"P56_batch1","PT",0.133333333333333
27714,"P56_batch1","PC",0
27715,"P56_batch1","Endo",0.1
27716,"P56_batch1","PC",0.133333333333333
27717,"P56_batch1","LOH",0.0666666666666667
27718,"P56_batch1","stroma2",0.0333333333333333
27719,"P56_batch1","PT",0.4
27720,"P56_batch1","PT",0.133333333333333
27721,"P56_batch1","PT2",0.166666666666667
27722,"P56_batch1","CNT",0.0333333333333333
27723,"P56_batch1","CNT",0
27724,"P56_batch1","LOH",0.1
27725,"P56_batch1","PT",0.666666666666667
27726,"P56_batch1","PT",0.133333333333333
27727,"P56_batch1","LOH",0
27728,"P56_batch1","CNT",0.1
27729,"P56_batch1","LOH",0.0333333333333333
27730,"P56_batch1","PT_out",0
27731,"P56_batch1","PT",0
27732,"P56_batch1","IC",0.2
27733,"P56_batch1","PT2",0
27734,"P56_batch1","PT_out",0
27735,"P56_batch1","PT",0
27736,"P56_batch1","PT2",0.0666666666666667
27737,"P56_batch1","IC",0.166666666666667
27738,"P56_batch1","PT",0.0666666666666667
27739,"P56_batch1","PT",0.0666666666666667
27740,"P56_batch1","LOH",0.133333333333333
27741,"P56_batch1","stroma1",0.0666666666666667
27742,"P56_batch1","PT",0.2
27743,"P56_batch1","PT",0
27744,"P56_batch1","PT",0.0666666666666667
27745,"P56_batch1","LOH",0.0333333333333333
27746,"P56_batch1","Endo",0.133333333333333
27747,"P56_batch1","CNT",0.2
27748,"P56_batch1","IC",0.0666666666666667
27749,"P56_batch1","immune",0.166666666666667
27750,"P56_batch1","DCT",0.0333333333333333
27751,"P56_batch1","immune",0.266666666666667
27752,"P56_batch1","CNT",0.0666666666666667
27753,"P56_batch1","PT",0
27754,"P56_batch1","stroma2",0
27755,"P56_batch1","Endo",0.133333333333333
27756,"P56_batch1","PT2",0.3
27757,"P56_batch1","PT_out",0.2
27758,"P56_batch1","NP_LOH",0.1
27759,"P56_batch1","IC",0.133333333333333
27760,"P56_batch1","PT",0
27761,"P56_batch1","LOH",0.1
27762,"P56_batch1","LOH",0
27763,"P56_batch1","LOH",0
27764,"P56_batch1","Podo",0.133333333333333
27765,"P56_batch1","Endo",0.0666666666666667
27766,"P56_batch1","PT_out",0.5
27767,"P56_batch1","DCT",0.0333333333333333
27768,"P56_batch1","Endo",0.133333333333333
27769,"P56_batch1","PT",0.133333333333333
27770,"P56_batch1","PT",0.2
27771,"P56_batch1","PT",0.233333333333333
27772,"P56_batch1","PT",0.133333333333333
27773,"P56_batch1","PT",0
27774,"P56_batch1","LOH",0
27775,"P56_batch1","PT",0.1
27776,"P56_batch1","PT2",0.0333333333333333
27777,"P56_batch1","LOH",0.0666666666666667
27778,"P56_batch1","PC",1
27779,"P56_batch1","PT",0.333333333333333
27780,"P56_batch1","PT",0.0666666666666667
27781,"P56_batch1","PT",0.1
27782,"P56_batch1","LOH",0.0333333333333333
27783,"P56_batch1","PT",0.0666666666666667
27784,"P56_batch1","LOH",0
27785,"P56_batch1","PT",0.2
27786,"P56_batch1","LOH",0.0666666666666667
27787,"P56_batch1","stroma2",0.266666666666667
27788,"P56_batch1","PT",0.1
27789,"P56_batch1","LOH",0.466666666666667
27790,"P56_batch1","PC",0.3
27791,"P56_batch1","NP",0.233333333333333
27792,"P56_batch1","LOH",0.466666666666667
27793,"P56_batch1","Endo",0.333333333333333
27794,"P56_batch1","LOH",0
27795,"P56_batch1","IC",0
27796,"P56_batch1","PT",0.0333333333333333
27797,"P56_batch1","IC",0.266666666666667
27798,"P56_batch1","PT",0.3
27799,"P56_batch1","PT",0.0333333333333333
27800,"P56_batch1","Podo",0.0333333333333333
27801,"P56_batch1","stroma2",0.133333333333333
27802,"P56_batch1","LOH",0
27803,"P56_batch1","PT2",0.366666666666667
27804,"P56_batch1","PT2",0.1
27805,"P56_batch1","DCT",0.166666666666667
27806,"P56_batch1","PC",0.0666666666666667
27807,"P56_batch1","PT",0.2
27808,"P56_batch1","LOH",0.0333333333333333
27809,"P56_batch1","PT",0.0333333333333333
27810,"P56_batch1","PT",0.166666666666667
27811,"P56_batch1","LOH",0.0666666666666667
27812,"P56_batch1","LOH",0.0333333333333333
27813,"P56_batch1","PT",0.233333333333333
27814,"P56_batch1","NP",0.0333333333333333
27815,"P56_batch1","PT",0
27816,"P56_batch1","stroma2",0.166666666666667
27817,"P56_batch1","DCT",0.1
27818,"P56_batch1","PT2",0.1
27819,"P56_batch1","PT2",0.0666666666666667
27820,"P56_batch1","LOH",0.0333333333333333
27821,"P56_batch1","LOH",0.0333333333333333
27822,"P56_batch1","LOH",0
27823,"P56_batch1","IC",0.0333333333333333
27824,"P56_batch1","DCT",0.133333333333333
27825,"P56_batch1","IC",0.0666666666666667
27826,"P56_batch1","DCT",0.233333333333333
27827,"P56_batch1","Endo",0.133333333333333
27828,"P56_batch1","PT",0.0666666666666667
27829,"P56_batch1","IC",0.566666666666667
27830,"P56_batch1","Endo",0.0666666666666667
27831,"P56_batch1","stroma2",0.133333333333333
27832,"P56_batch1","IC",0.0333333333333333
27833,"P56_batch1","PT",0.1
27834,"P56_batch1","Endo",0.0333333333333333
27835,"P56_batch1","stroma2",0.166666666666667
27836,"P56_batch1","PT",0.133333333333333
27837,"P56_batch1","stroma2",0.0666666666666667
27838,"P56_batch1","PT2",0.1
27839,"P56_batch1","PT2",0.3
27840,"P56_batch1","Endo",0.0666666666666667
27841,"P56_batch1","Podo",0.0333333333333333
27842,"P56_batch1","Endo",0.233333333333333
27843,"P56_batch1","PT",0.1
27844,"P56_batch1","PT",0.0333333333333333
27845,"P56_batch1","PT",0.3
27846,"P56_batch1","stroma2",0.133333333333333
27847,"P56_batch1","LOH",0.0333333333333333
27848,"P56_batch1","PT",0.133333333333333
27849,"P56_batch1","LOH",0.1
27850,"P56_batch1","Podo",0.133333333333333
27851,"P56_batch1","LOH",0.0666666666666667
27852,"P56_batch1","PT",0.166666666666667
27853,"P56_batch1","Endo",0.6
27854,"P56_batch1","stroma2",0.0666666666666667
27855,"P56_batch1","Endo",0.333333333333333
27856,"P56_batch1","PC",0.0666666666666667
27857,"P56_batch1","PC",0
27858,"P56_batch1","PT",0
27859,"P56_batch1","immune",0.4
27860,"P56_batch1","Endo",0.233333333333333
27861,"P56_batch1","NP_LOH",0.0333333333333333
27862,"P56_batch1","PT",0.1
27863,"P56_batch1","LOH",0.0333333333333333
27864,"P56_batch1","Endo",0.133333333333333
27865,"P56_batch1","PT",0
27866,"P56_batch1","PT",0.0333333333333333
27867,"P56_batch1","LOH",0.0666666666666667
27868,"P56_batch1","DCT",0.266666666666667
27869,"P56_batch1","Endo",0.1
27870,"P56_batch1","PT",0.0333333333333333
27871,"P56_batch1","PT",0.0333333333333333
27872,"P56_batch1","stroma2",0.333333333333333
27873,"P56_batch1","PT",0.1
27874,"P56_batch1","stroma2",0.266666666666667
27875,"P56_batch1","stroma2",0.0666666666666667
27876,"P56_batch1","immune",0.266666666666667
27877,"P56_batch1","PT_out",0
27878,"P56_batch1","PT2",0.0333333333333333
27879,"P56_batch1","LOH",0.1
27880,"P56_batch1","DCT",0.0333333333333333
27881,"P56_batch1","PT2",0.0333333333333333
27882,"P56_batch1","PC",0.0333333333333333
27883,"P56_batch1","PT_out",0
27884,"P56_batch1","PT",0.166666666666667
27885,"P56_batch1","CNT",0.166666666666667
27886,"P56_batch1","PT",0.2
27887,"P56_batch1","PT",0.0333333333333333
27888,"P56_batch1","IC",0.0666666666666667
27889,"P56_batch1","PT",0.0666666666666667
27890,"P56_batch1","PT",0.333333333333333
27891,"P56_batch1","PT",0.0666666666666667
27892,"P56_batch1","PT",0.233333333333333
27893,"P56_batch1","PT",0.1
27894,"P56_batch1","PT",0.0666666666666667
27895,"P56_batch1","Endo",0.166666666666667
27896,"P56_batch1","PT",0.3
27897,"P56_batch1","PT",0.0666666666666667
27898,"P56_batch1","LOH",0.166666666666667
27899,"P56_batch1","PT",0.0666666666666667
27900,"P56_batch1","PT",0.0333333333333333
27901,"P56_batch1","stroma2",0.3
27902,"P56_batch1","PT",0.1
27903,"P56_batch1","PT",0
27904,"P56_batch1","PT",0.266666666666667
27905,"P56_batch1","LOH",0
27906,"P56_batch1","PT",0
27907,"P56_batch1","PT",0
27908,"P56_batch1","LOH",0
27909,"P56_batch1","PT2",0.266666666666667
27910,"P56_batch1","PT",0.1
27911,"P56_batch1","stroma1",0
27912,"P56_batch1","PT",0.0666666666666667
27913,"P56_batch1","LOH",0
27914,"P56_batch1","PT",0.1
27915,"P56_batch1","PT",0
27916,"P56_batch1","LOH",0.0333333333333333
27917,"P56_batch1","PT",0.3
27918,"P56_batch1","PT",0.0333333333333333
27919,"P56_batch1","PT",0.266666666666667
27920,"P56_batch1","PT",0.433333333333333
27921,"P56_batch1","Endo",0.4
27922,"P56_batch1","PT2",0.166666666666667
27923,"P56_batch1","PC",0.233333333333333
27924,"P56_batch1","PT",0.0333333333333333
27925,"P56_batch1","PC",0.0333333333333333
27926,"P56_batch1","stroma2",0
27927,"P56_batch1","Podo",0.133333333333333
27928,"P56_batch1","PT",0.0333333333333333
27929,"P56_batch1","stroma2",0
27930,"P56_batch1","LOH",0.1
27931,"P56_batch1","Endo",0.4
27932,"P56_batch1","PT",0.533333333333333
27933,"P56_batch1","stroma2",0.166666666666667
27934,"P56_batch1","LOH",0.0333333333333333
27935,"P56_batch1","LOH",0
27936,"P56_batch1","DCT",0.266666666666667
27937,"P56_batch1","PT",0.0666666666666667
27938,"P56_batch1","Endo",0.1
27939,"P56_batch1","PT2",0.0333333333333333
27940,"P56_batch1","PT",0.766666666666667
27941,"P56_batch1","LOH",0.666666666666667
27942,"P56_batch1","PT",0.0666666666666667
27943,"P56_batch1","stroma2",0.1
27944,"P56_batch1","Endo",0.2
27945,"P56_batch1","CNT",0.0333333333333333
27946,"P56_batch1","PT",0.133333333333333
27947,"P56_batch1","IC",0.1
27948,"P56_batch1","PT",0
27949,"P56_batch1","DCT",0.2
27950,"P56_batch1","stroma2",0.2
27951,"P56_batch1","CNT",0
27952,"P56_batch1","PT",0.366666666666667
27953,"P56_batch1","PT",0.166666666666667
27954,"P56_batch1","PT",0.1
27955,"P56_batch1","PT2",0
27956,"P56_batch1","PT",0.1
27957,"P56_batch1","LOH",0
27958,"P56_batch1","PT_out",0.0333333333333333
27959,"P56_batch1","PT",0.433333333333333
27960,"P56_batch1","PT",0
27961,"P56_batch1","PT",0.0333333333333333
27962,"P56_batch1","stroma1",0.3
27963,"P56_batch1","PT2",0.0333333333333333
27964,"P56_batch1","PT",0
27965,"P56_batch1","LOH",0.1
27966,"P56_batch1","PC",0
27967,"P56_batch1","Endo",0.166666666666667
27968,"P56_batch1","stroma2",0.1
27969,"P56_batch1","DCT",0.2
27970,"P56_batch1","PT",0
27971,"P56_batch1","Endo",0.1
27972,"P56_batch1","PT",0.133333333333333
27973,"P56_batch1","PT",0.0666666666666667
27974,"P56_batch1","PT2",0.0333333333333333
27975,"P56_batch1","LOH",0.0666666666666667
27976,"P56_batch1","PT",0
27977,"P56_batch1","PT2",0.2
27978,"P56_batch1","PT",0.1
27979,"P56_batch1","stroma2",0.166666666666667
27980,"P56_batch1","PT",0.266666666666667
27981,"P56_batch1","PT_out",0
27982,"P56_batch1","stroma2",0.0666666666666667
27983,"P56_batch1","PT2",0
27984,"P56_batch1","PT",0.233333333333333
27985,"P56_batch1","immune",0.366666666666667
27986,"P56_batch1","CNT",0.0333333333333333
27987,"P56_batch1","stroma2",0.4
27988,"P56_batch1","PT",0.0666666666666667
27989,"P56_batch1","LOH",0
27990,"P56_batch1","Endo",0.2
27991,"P56_batch1","PC",0.466666666666667
27992,"P56_batch1","PT",0.566666666666667
27993,"P56_batch1","PT",0
27994,"P56_batch1","PT",0.0333333333333333
27995,"P56_batch1","PT",0.0333333333333333
27996,"P56_batch1","LOH",0.3
27997,"P56_batch1","stroma2",0.333333333333333
27998,"P56_batch1","stroma1",0.166666666666667
27999,"P56_batch1","LOH",0.4
28000,"P56_batch1","PT",0.0333333333333333
28001,"P56_batch1","PT",0.0333333333333333
28002,"P56_batch1","PT",0.666666666666667
28003,"P56_batch1","Podo",0.0666666666666667
28004,"P56_batch1","LOH",0.0333333333333333
28005,"P56_batch1","PT",0.133333333333333
28006,"P56_batch1","LOH",0.0666666666666667
28007,"P56_batch1","PT",0.133333333333333
28008,"P56_batch1","CNT",0.0666666666666667
28009,"P56_batch1","LOH",0
28010,"P56_batch1","PT",0.166666666666667
28011,"P56_batch1","LOH",0.233333333333333
28012,"P56_batch1","PT",0
28013,"P56_batch1","PT",0.266666666666667
28014,"P56_batch1","immune",0.0666666666666667
28015,"P56_batch1","stroma2",0.0666666666666667
28016,"P56_batch1","PT",0.166666666666667
28017,"P56_batch1","DCT",0.0666666666666667
28018,"P56_batch1","stroma2",0.233333333333333
28019,"P56_batch1","Podo",0.133333333333333
28020,"P56_batch1","PT2",0.0666666666666667
28021,"P56_batch1","PT",0.0666666666666667
28022,"P56_batch1","PT",0.1
28023,"P56_batch1","Podo",0.0333333333333333
28024,"P56_batch1","Endo",0.0333333333333333
28025,"P56_batch1","PC",0.0666666666666667
28026,"P56_batch1","PT",0
28027,"P56_batch1","PT2",0.0666666666666667
28028,"P56_batch1","stroma2",0.1
28029,"P56_batch1","PT",0.0333333333333333
28030,"P56_batch1","stroma2",0.0666666666666667
28031,"P56_batch1","LOH",0.0333333333333333
28032,"P56_batch1","stroma2",0.0666666666666667
28033,"P56_batch1","PT",0.0333333333333333
28034,"P56_batch1","DCT",0.0333333333333333
28035,"P56_batch1","PC",0.2
28036,"P56_batch1","Endo",0.266666666666667
28037,"P56_batch1","NP_LOH",0.0333333333333333
28038,"P56_batch1","Endo",0.1
28039,"P56_batch1","PT",0.0333333333333333
28040,"P56_batch1","LOH",0.0666666666666667
28041,"P56_batch1","immune",0.333333333333333
28042,"P56_batch1","PT",0.0333333333333333
28043,"P56_batch1","NP",0.366666666666667
28044,"P56_batch1","PT",0.0666666666666667
28045,"P56_batch1","PT",0.0333333333333333
28046,"P56_batch1","stroma2",0
28047,"P56_batch1","PT",0.1
28048,"P56_batch1","LOH",0.0666666666666667
28049,"P56_batch1","Endo",0.0333333333333333
28050,"P56_batch1","PT2",0.0666666666666667
28051,"P56_batch1","IC",0.333333333333333
28052,"P56_batch1","Endo",0.0666666666666667
28053,"P56_batch1","LOH",0.0333333333333333
28054,"P56_batch1","PT",0.433333333333333
28055,"P56_batch1","PT",0.166666666666667
28056,"P56_batch1","PT",0.0666666666666667
28057,"P56_batch1","Podo",0
28058,"P56_batch1","Endo",0.2
28059,"P56_batch1","LOH",0
28060,"P56_batch1","Endo",0.0666666666666667
28061,"P56_batch1","PT",0.0333333333333333
28062,"P56_batch1","LOH",0.1
28063,"P56_batch1","PC",0.233333333333333
28064,"P56_batch1","PT",0.1
28065,"P56_batch1","LOH",0.133333333333333
28066,"P56_batch1","PT",0.0333333333333333
28067,"P56_batch1","NP_LOH",0.1
28068,"P56_batch1","CNT",0
28069,"P56_batch1","LOH",0.0333333333333333
28070,"P56_batch1","PT",0.533333333333333
28071,"P56_batch1","PT",0.5
28072,"P56_batch1","NP",0.133333333333333
28073,"P56_batch1","IC",0.0666666666666667
28074,"P56_batch1","stroma2",0.0333333333333333
28075,"P56_batch1","PT",0.2
28076,"P56_batch1","PT",0.0333333333333333
28077,"P56_batch1","PT",0
28078,"P56_batch1","PT",0.0666666666666667
28079,"P56_batch1","PT2",0
28080,"P56_batch1","LOH",0.0333333333333333
28081,"P56_batch1","PT",0.3
28082,"P56_batch1","Endo",0.166666666666667
28083,"P56_batch1","PT",0
28084,"P56_batch1","PT",0.166666666666667
28085,"P56_batch1","LOH",0
28086,"P56_batch1","PT2",0.0666666666666667
28087,"P56_batch1","NP",0.1
28088,"P56_batch1","PT",0.0666666666666667
28089,"P56_batch1","PT",0.333333333333333
28090,"P56_batch1","NP",0
28091,"P56_batch1","DCT",0.0333333333333333
28092,"P56_batch1","Endo",0.333333333333333
28093,"P56_batch1","PT",0.133333333333333
28094,"P56_batch1","PT",0.0666666666666667
28095,"P56_batch1","Endo",0.4
28096,"P56_batch1","LOH",0.6
28097,"P56_batch1","PT2",0.0333333333333333
28098,"P56_batch1","PT",0.2
28099,"P56_batch1","Podo",0.1
28100,"P56_batch1","PT",0.133333333333333
28101,"P56_batch1","PT",0.9
28102,"P56_batch1","LOH",0.0333333333333333
28103,"P56_batch1","PT",0.433333333333333
28104,"P56_batch1","PT2",0.0666666666666667
28105,"P56_batch1","Endo",0.0666666666666667
28106,"P56_batch1","PT",0.2
28107,"P56_batch1","PC",0.0666666666666667
28108,"P56_batch1","stroma2",0
28109,"P56_batch1","stroma2",0.166666666666667
28110,"P56_batch1","LOH",0.0333333333333333
28111,"P56_batch1","PT",0.1
28112,"P56_batch1","PT_out",0
28113,"P56_batch1","PT2",0.0333333333333333
28114,"P56_batch1","Endo",0.0666666666666667
28115,"P56_batch1","Endo",0.0333333333333333
28116,"P56_batch1","PT",0.1
28117,"P56_batch1","NP_LOH",0.166666666666667
28118,"P56_batch1","CNT",0
28119,"P56_batch1","Endo",0.1
28120,"P56_batch1","LOH",0.1
28121,"P56_batch1","stroma2",0.2
28122,"P56_batch1","Endo",0.266666666666667
28123,"P56_batch1","PT2",0
28124,"P56_batch1","PT",0
28125,"P56_batch1","PT",0
28126,"P56_batch1","Endo",0
28127,"P56_batch1","LOH",0
28128,"P56_batch1","PC",0.0666666666666667
28129,"P56_batch1","Endo",0.233333333333333
28130,"P56_batch1","CNT",0
28131,"P56_batch1","PT",0.133333333333333
28132,"P56_batch1","PT",0.1
28133,"P56_batch1","Podo",0.2
28134,"P56_batch1","PT",0.0333333333333333
28135,"P56_batch1","PT",0.6
28136,"P56_batch1","CNT",0.4
28137,"P56_batch1","Podo",0.0333333333333333
28138,"P56_batch1","Endo",0
28139,"P56_batch1","CNT",0
28140,"P56_batch1","LOH",0.0333333333333333
28141,"P56_batch1","LOH",0.0666666666666667
28142,"P56_batch1","DCT",0
28143,"P56_batch1","PT",0.1
28144,"P56_batch1","PT",0.0666666666666667
28145,"P56_batch1","IC",0.0333333333333333
28146,"P56_batch1","LOH",0.0666666666666667
28147,"P56_batch1","PT2",0.1
28148,"P56_batch1","DCT",0.3
28149,"P56_batch1","PT",0.133333333333333
28150,"P56_batch1","PT",0.0666666666666667
28151,"P56_batch1","Endo",0.1
28152,"P56_batch1","PT",0.133333333333333
28153,"P56_batch1","PT",0
28154,"P56_batch1","Endo",0.3
28155,"P56_batch1","PT",0.0666666666666667
28156,"P56_batch1","PT",0.0666666666666667
28157,"P56_batch1","NP_LOH",0.2
28158,"P56_batch1","stroma2",0.133333333333333
28159,"P56_batch1","LOH",0.0666666666666667
28160,"P56_batch1","PT",0
28161,"P56_batch1","PT",0.1
28162,"P56_batch1","PT",0.0666666666666667
28163,"P56_batch1","Endo",0.0333333333333333
28164,"P56_batch1","NP_LOH",0.133333333333333
28165,"P56_batch1","stroma2",0.1
28166,"P56_batch1","Podo",0.0333333333333333
28167,"P56_batch1","PT",0.266666666666667
28168,"P56_batch1","PT",0.133333333333333
28169,"P56_batch1","PT",0.0333333333333333
28170,"P56_batch1","PT",0.0666666666666667
28171,"P56_batch1","PT",0
28172,"P56_batch1","PT",0
28173,"P56_batch1","LOH",0
28174,"P56_batch1","Endo",0.366666666666667
28175,"P56_batch1","PT",0
28176,"P56_batch1","PT2",0.0666666666666667
28177,"P56_batch1","PT2",0.0333333333333333
28178,"P56_batch1","LOH",0
28179,"P56_batch1","LOH",0.0333333333333333
28180,"P56_batch1","LOH",0
28181,"P56_batch1","DCT",0.0333333333333333
28182,"P56_batch1","DCT",0
28183,"P56_batch1","PT",0.433333333333333
28184,"P56_batch1","stroma2",0.133333333333333
28185,"P56_batch1","PT",0.0333333333333333
28186,"P56_batch1","PT",0.0333333333333333
28187,"P56_batch1","PT",0.1
28188,"P56_batch1","stroma1",0.5
28189,"P56_batch1","PT",0.133333333333333
28190,"P56_batch1","PT",0.1
28191,"P56_batch1","stroma2",0.133333333333333
28192,"P56_batch1","LOH",0
28193,"P56_batch1","stroma2",0.1
28194,"P56_batch1","PT2",0.133333333333333
28195,"P56_batch1","DCT",0.0333333333333333
28196,"P56_batch1","DCT",0.0333333333333333
28197,"P56_batch1","PT2",0.2
28198,"P56_batch1","Podo",0.1
28199,"P56_batch1","PT2",0.4
28200,"P56_batch1","Endo",0.0666666666666667
28201,"P56_batch1","Endo",0.133333333333333
28202,"P56_batch1","stroma2",0.233333333333333
28203,"P56_batch1","stroma2",0.133333333333333
28204,"P56_batch1","PT",0.166666666666667
28205,"P56_batch1","DCT",0.0666666666666667
28206,"P56_batch1","Podo",0.1
28207,"P56_batch1","LOH",0
28208,"P56_batch1","CNT",0
28209,"P56_batch1","PT2",0
28210,"P56_batch1","LOH",0.0333333333333333
28211,"P56_batch1","PT",0.0666666666666667
28212,"P56_batch1","PC",0.133333333333333
28213,"P56_batch1","CNT",0.0666666666666667
28214,"P56_batch1","stroma1",0.133333333333333
28215,"P56_batch1","PT",0.266666666666667
28216,"P56_batch1","PT",0.166666666666667
28217,"P56_batch1","PT",0.2
28218,"P56_batch1","PT",0.0666666666666667
28219,"P56_batch1","LOH",0.666666666666667
28220,"P56_batch1","PT",0
28221,"P56_batch1","PC",0.0666666666666667
28222,"P56_batch1","PT",0.533333333333333
28223,"P56_batch1","DCT",0.0333333333333333
28224,"P56_batch1","PT",0.533333333333333
28225,"P56_batch1","stroma2",0.0333333333333333
28226,"P56_batch1","PT",0.4
28227,"P56_batch1","PT",0.3
28228,"P56_batch1","PT",0.2
28229,"P56_batch1","PT2",0
28230,"P56_batch1","PT",0
28231,"P56_batch1","PT2",0.266666666666667
28232,"P56_batch1","stroma2",0.266666666666667
28233,"P56_batch1","Endo",0.233333333333333
28234,"P56_batch1","PT_out",0.133333333333333
28235,"P56_batch1","Endo",0.2
28236,"P56_batch1","LOH",0
28237,"P56_batch1","PT",0.166666666666667
28238,"P56_batch1","stroma1",0.1
28239,"P56_batch1","PT_out",0
28240,"P56_batch1","PC",0.0333333333333333
28241,"P56_batch1","DCT",0.0666666666666667
28242,"P56_batch1","PT_out",0
28243,"P56_batch1","PT",0.0333333333333333
28244,"P56_batch1","PT",0.2
28245,"P56_batch1","CNT",0.0666666666666667
28246,"P56_batch1","IC",0.0666666666666667
28247,"P56_batch1","PT",0
28248,"P56_batch1","LOH",0
28249,"P56_batch1","PT2",0.166666666666667
28250,"P56_batch1","CNT",0.0333333333333333
28251,"P56_batch1","Endo",0.5
28252,"P56_batch1","Endo",0.1
28253,"P56_batch1","stroma2",0.133333333333333
28254,"P56_batch1","LOH",0.166666666666667
28255,"P56_batch1","PT",0.0666666666666667
28256,"P56_batch1","PT",0
28257,"P56_batch1","PT",0.633333333333333
28258,"P56_batch1","PT",0.166666666666667
28259,"P56_batch1","LOH",0
28260,"P56_batch1","LOH",0
28261,"P56_batch1","PT",0.133333333333333
28262,"P56_batch1","Endo",0
28263,"P56_batch1","PT2",0.433333333333333
28264,"P56_batch1","stroma2",0.0666666666666667
28265,"P56_batch1","LOH",0.133333333333333
28266,"P56_batch1","PT",0.3
28267,"P56_batch1","PT",0.0333333333333333
28268,"P56_batch1","LOH",0.2
28269,"P56_batch1","PT",0.133333333333333
28270,"P56_batch1","Endo",0.0666666666666667
28271,"P56_batch1","PT2",0.0333333333333333
28272,"P56_batch1","PT",0.0666666666666667
28273,"P56_batch1","LOH",0.0333333333333333
28274,"P56_batch1","PT_out",0.0666666666666667
28275,"P56_batch1","PT",0
28276,"P56_batch1","PT",0.0333333333333333
28277,"P56_batch1","Podo",0.133333333333333
28278,"P56_batch1","PT",0.1
28279,"P56_batch1","PT2",0
28280,"P56_batch1","PT",0.3
28281,"P56_batch1","LOH",0.0333333333333333
28282,"P56_batch1","PT",0.0333333333333333
28283,"P56_batch1","DCT",0
28284,"P56_batch1","NP",0
28285,"P56_batch1","PT2",0.166666666666667
28286,"P56_batch1","LOH",0.1
28287,"P56_batch1","LOH",0.0333333333333333
28288,"P56_batch1","LOH",0
28289,"P56_batch1","IC",0.333333333333333
28290,"P56_batch1","IC",0.0333333333333333
28291,"P56_batch1","PT",0.266666666666667
28292,"P56_batch1","IC",0.0666666666666667
28293,"P56_batch1","PT",0
28294,"P56_batch1","CNT",0
28295,"P56_batch1","stroma2",0.166666666666667
28296,"P56_batch1","stroma2",0.1
28297,"P56_batch1","PT",0
28298,"P56_batch1","LOH",0.1
28299,"P56_batch1","LOH",0.166666666666667
28300,"P56_batch1","PT",0
28301,"P56_batch1","PT",0.0333333333333333
28302,"P56_batch1","PT",0.1
28303,"P56_batch1","PT",0.166666666666667
28304,"P56_batch1","LOH",0
28305,"P56_batch1","PC",0
28306,"P56_batch1","DCT",0.0333333333333333
28307,"P56_batch1","NP_LOH",0.133333333333333
28308,"P56_batch1","PT",0
28309,"P56_batch1","PT2",0.0666666666666667
28310,"P56_batch1","PT",0.1
28311,"P56_batch1","stroma2",0.366666666666667
28312,"P56_batch1","PT",0.0333333333333333
28313,"P56_batch1","LOH",0.1
28314,"P56_batch1","PT",0.166666666666667
28315,"P56_batch1","PC",0.0333333333333333
28316,"P56_batch1","LOH",0
